First Name,Last Name,Matriculation
James,Ferguson,75790718
Charlotte,Angus,30732940
Harry,ohairy,51602016
Charlotte,ohairy,87540818
Beatrix,Barry,37294503
Charlotte,Ferguson,23287017
Harry,Barry,66026466
Marc,Smith,15747005
Harry,Smith,47392451
Harry,Smith,43700639
James,Ferguson,75840848
Marc,ohairy,30529856
Marc,Smith,68624835
James,Angus,52415054
Marc,Ferguson,76703026
Harry,Smith,83873397
Marc,Barry,87346549
Beatrix,Mcintosh,36979141
Charlotte,Ferguson,47405264
Charlotte,Angus,20432635
Lea,Mcintosh,60209269
Marc,Barry,77206940
Harry,Mcintosh,51186528
Beatrix,Barry,32510452
Beatrix,Mcintosh,67618327
Beatrix,Angus,40408418
Charlotte,Mcintosh,49839654
Lea,Barry,56547248
Marc,Mcintosh,50877511
Marc,ohairy,66485044
Lea,Barry,47331710
Beatrix,Ferguson,18615342
James,ohairy,89284293
Marc,Angus,88926449
James,Angus,17484897
Marc,Barry,54041210
Beatrix,ohairy,30799923
Marc,Mcintosh,40358303
Harry,Mcintosh,80958439
Charlotte,Smith,88230041
Harry,ohairy,55719727
Lea,ohairy,73296338
Charlotte,Ferguson,46594706
Beatrix,Ferguson,71333536
Charlotte,Smith,62358097
Lea,Ferguson,84324797
Lea,ohairy,39960558
Marc,ohairy,76852936
Lea,Ferguson,69589724
James,Mcintosh,82278399
Beatrix,Mcintosh,30209483
James,Smith,72349900
Lea,Mcintosh,30499417
Beatrix,Smith,45289996
Harry,ohairy,87001556
Harry,Barry,51041413
Marc,Ferguson,66973936
Lea,ohairy,31800741
Harry,Mcintosh,64330748
Marc,Angus,63621540
Beatrix,Ferguson,75585281
Harry,ohairy,65070558
Harry,Barry,70566146
James,Mcintosh,41618773
James,Angus,32214631
James,Barry,81543913
Harry,Mcintosh,55845279
Beatrix,Ferguson,30630458
Charlotte,ohairy,23116309
Lea,ohairy,24549655
Lea,Angus,25025096
Lea,Angus,57858104
James,Smith,48471889
Charlotte,Ferguson,35884073
Harry,Mcintosh,31555871
Marc,Smith,68006177
James,Barry,23202513
Beatrix,ohairy,35414286
Marc,Mcintosh,47686718
Marc,Ferguson,23628184
Beatrix,Mcintosh,33095095
Charlotte,Barry,22810975
Lea,Angus,48556332
Beatrix,Ferguson,84831898
James,Smith,10160614
Beatrix,Smith,14667174
James,Mcintosh,73307009
Harry,Barry,57935022
Lea,Smith,67454780
Charlotte,Mcintosh,41288308
Marc,Mcintosh,87758909
James,ohairy,86455386
Marc,Angus,79416698
Beatrix,Barry,72237634
James,Ferguson,22695871
Harry,Ferguson,15545703
Charlotte,ohairy,76608483
Harry,Mcintosh,72523182
Harry,ohairy,37646136
Beatrix,Mcintosh,66083128
