First Name,Last Name,Matriculation
James,Ferguson,77431626
Marc,Mcintosh,57127735
Harry,Mcintosh,19774708
Beatrix,ohairy,54681164
Harry,Ferguson,31921092
Charlotte,ohairy,17881954
Harry,Smith,25050201
Lea,Smith,68023254
Charlotte,Mcintosh,53175292
Harry,Smith,59586428
Harry,Smith,22852139
Lea,Angus,54062671
Marc,Smith,13629568
Beatrix,Angus,49819226
Beatrix,Barry,54759553
Harry,Barry,18938675
Harry,Mcintosh,20199762
James,Smith,27100274
Lea,Barry,30565845
Marc,ohairy,61313544
Beatrix,Mcintosh,26723379
Lea,Smith,82550689
Harry,Barry,58103446
Lea,ohairy,60811059
Harry,Angus,77088211
Beatrix,Ferguson,72070541
Marc,Angus,33147399
Harry,Ferguson,43079751
Harry,Ferguson,19996490
Lea,Barry,67009115
Harry,Barry,42227305
James,Mcintosh,48353732
Marc,Ferguson,78849531
Marc,Barry,75219459
Charlotte,Ferguson,76992985
Harry,Barry,23072999
Harry,ohairy,21254745
Marc,Mcintosh,52781275
Beatrix,Smith,22365247
Beatrix,Mcintosh,53084213
Marc,Barry,45849709
James,Ferguson,69600403
Marc,ohairy,29552573
Marc,Angus,32897920
Lea,ohairy,89798993
Charlotte,ohairy,41683624
Charlotte,ohairy,59732901
Marc,Barry,40968289
Lea,ohairy,76567010
Charlotte,Angus,62464840
Beatrix,Angus,49541334
James,Smith,34794117
Beatrix,Angus,50564425
Harry,Smith,14689478
Beatrix,ohairy,80595514
James,Barry,35949140
Beatrix,Smith,85960359
Lea,Smith,89013121
Charlotte,Ferguson,18108784
Harry,Mcintosh,82309836
James,Smith,48005176
Marc,Barry,78138430
Beatrix,Smith,44632658
Harry,Barry,83960189
Lea,Smith,18601404
Marc,ohairy,86197783
Beatrix,Smith,78201498
Beatrix,Barry,44118096
Lea,Smith,17602803
Lea,Ferguson,12528878
Beatrix,Mcintosh,10392441
James,Mcintosh,62148951
Harry,Mcintosh,44615761
Harry,Smith,32328768
Beatrix,ohairy,53376824
Charlotte,Ferguson,37509156
Lea,ohairy,47392874
James,Angus,70481909
Marc,Mcintosh,87123322
James,Smith,52937688
Marc,Mcintosh,41279646
Charlotte,Angus,63178995
Charlotte,Mcintosh,87666683
Marc,ohairy,79804616
Lea,Barry,51898620
Marc,Mcintosh,24855483
Lea,Ferguson,67128544
Beatrix,Mcintosh,46903012
Marc,Mcintosh,60604250
Beatrix,Barry,24079304
Marc,Barry,62961970
Marc,Smith,87462982
Marc,Ferguson,19777066
Beatrix,Barry,13807016
Lea,Barry,18968118
James,Barry,36028663
Lea,ohairy,12397985
James,Smith,84963704
Lea,Barry,80735030
Charlotte,Smith,62053426
