First Name,Last Name,Matriculation
Charlotte,Smith,78154652
James,Barry,62404869
Marc,Barry,66845003
James,Barry,77906688
Lea,Smith,17759418
James,Smith,66409839
Marc,Smith,53073649
Marc,ohairy,49191469
James,Barry,88620178
Beatrix,Angus,35023213
Harry,Smith,44870003
Harry,Barry,50604362
Lea,Mcintosh,29040381
Lea,Ferguson,78309757
Marc,ohairy,86234252
Charlotte,Angus,53509258
Lea,Barry,49750795
Lea,ohairy,52370261
James,Mcintosh,73219619
Marc,Angus,62307304
Lea,Barry,14174042
James,Ferguson,75125500
Lea,Mcintosh,29140467
Harry,Barry,79597769
Lea,Mcintosh,88825751
Harry,Mcintosh,12638297
James,Barry,68573182
Marc,Angus,19008527
Charlotte,Barry,71241434
Charlotte,ohairy,39236301
Beatrix,Smith,18779662
Beatrix,ohairy,27689872
Beatrix,Smith,53237577
James,Mcintosh,70571498
Harry,ohairy,49780381
Charlotte,Ferguson,79798199
Beatrix,ohairy,65475993
Marc,Smith,26314779
Marc,Smith,57503898
Charlotte,ohairy,32587613
Charlotte,Barry,89249930
Marc,Smith,30410324
Lea,ohairy,31709893
Harry,Angus,46896523
Charlotte,Mcintosh,55485577
James,Mcintosh,22076562
Beatrix,ohairy,13845499
James,ohairy,38267749
Charlotte,Mcintosh,22219724
Charlotte,Angus,79378011
James,Smith,16624937
Beatrix,Ferguson,33044773
James,Ferguson,72132846
Lea,Ferguson,19359665
Lea,Ferguson,30930983
Lea,Mcintosh,69416275
Charlotte,Angus,66456440
James,ohairy,40868434
Beatrix,Ferguson,57081982
Marc,Mcintosh,28663361
Beatrix,ohairy,47085968
Harry,Mcintosh,25365569
Lea,Ferguson,73065271
James,Smith,62366492
Marc,ohairy,12195214
James,Ferguson,45200957
Beatrix,Smith,50611776
Lea,Ferguson,18906922
Lea,Barry,76273445
Lea,ohairy,36008896
Marc,Angus,12877071
Harry,ohairy,59934120
James,ohairy,70560201
James,Mcintosh,18155201
James,Barry,39599671
James,Smith,13161078
Marc,Smith,10154953
James,Smith,44976438
James,Angus,21739614
Charlotte,Angus,62565626
Harry,Ferguson,21280547
Harry,Angus,78693876
Beatrix,Mcintosh,32674249
James,Barry,16617192
Lea,Ferguson,27746530
Beatrix,Barry,78770597
Lea,Barry,33745717
Harry,Barry,63621844
James,ohairy,37442327
Harry,ohairy,62057735
Beatrix,ohairy,32463324
Harry,Smith,47244114
Harry,Mcintosh,13244833
Harry,Barry,65709374
Harry,ohairy,35115281
Harry,Barry,86917931
Lea,Smith,83379488
James,Angus,29437832
Lea,Angus,76353746
Lea,Barry,26407702
