First Name,Last Name,Matriculation
Harry,Mcintosh,62574468
Lea,Smith,84545740
Marc,Barry,40352210
James,Ferguson,80704350
Lea,ohairy,55183093
James,Ferguson,52995958
Marc,ohairy,64073883
Beatrix,Angus,62278511
Marc,Angus,68683370
Beatrix,Angus,49637212
Harry,Mcintosh,29384361
Lea,Smith,62970983
Marc,Ferguson,29539437
Lea,Barry,70946144
Lea,Ferguson,63672134
Lea,ohairy,27668684
James,Ferguson,21135275
Beatrix,Barry,29048079
Harry,Ferguson,62463588
Harry,Barry,57481317
Lea,Barry,33237579
Lea,Mcintosh,55348304
James,Smith,35914255
Beatrix,Barry,60598307
James,Angus,13275648
Charlotte,Barry,50710819
James,ohairy,43286420
Beatrix,Smith,20834635
Charlotte,Smith,26685794
Lea,ohairy,21594743
Marc,ohairy,21872131
Charlotte,Ferguson,77282082
James,Smith,23162799
Marc,Ferguson,79938640
Lea,Mcintosh,14752395
James,Barry,34800094
Harry,Smith,22256004
James,Barry,26830342
Charlotte,ohairy,68416404
Marc,Angus,23793749
Harry,Ferguson,52829556
Charlotte,Angus,75055046
Charlotte,Smith,30370648
Charlotte,Ferguson,41019982
Lea,Barry,67799348
Marc,Mcintosh,56301426
Harry,Ferguson,76164815
Beatrix,Smith,61996413
Harry,Mcintosh,37939190
Marc,Smith,56863468
Marc,Smith,35122870
Marc,Mcintosh,54676936
Harry,Smith,30553637
Beatrix,Ferguson,31846970
James,ohairy,12965849
Harry,ohairy,50117308
Marc,Angus,53855418
Marc,Barry,72828804
Lea,Barry,41548193
Charlotte,Barry,24379625
Beatrix,Smith,44464972
Harry,ohairy,14762397
Harry,Smith,25014028
James,Ferguson,75120428
Charlotte,Smith,81826922
Lea,Smith,78032174
Beatrix,Angus,35991145
James,Angus,74722403
Charlotte,Ferguson,26777087
Marc,Mcintosh,43691640
Charlotte,Angus,39454318
Marc,Barry,16635169
James,Ferguson,80106341
Marc,Mcintosh,89474690
Harry,Smith,21647308
Lea,Barry,25685772
James,Ferguson,17983761
James,Ferguson,45606347
Harry,ohairy,83605583
Marc,Smith,63726529
Beatrix,Mcintosh,84762767
Beatrix,Barry,82795445
Beatrix,Mcintosh,19782313
Charlotte,Barry,74448552
Marc,Ferguson,78011722
James,Ferguson,76590024
James,Mcintosh,32758511
Marc,Barry,71251174
Marc,Barry,32620652
Lea,ohairy,77888858
Marc,ohairy,73962735
Beatrix,Mcintosh,28766588
Harry,Mcintosh,56221767
Harry,ohairy,71015577
Harry,Barry,53134861
Marc,Smith,41664359
Charlotte,Mcintosh,84876178
Harry,Angus,20451472
James,ohairy,47229222
Charlotte,Ferguson,31280677
