First Name,Last Name,Matriculation
Harry,Smith,17521153
James,Barry,76081366
Marc,Angus,19548578
James,Smith,31329128
Beatrix,Smith,10591308
Marc,ohairy,27751163
Beatrix,Barry,71154227
Marc,Mcintosh,19287149
James,Mcintosh,44013361
Marc,Barry,45931134
James,Mcintosh,87820138
Charlotte,Mcintosh,75189574
Beatrix,Barry,20964479
Charlotte,Angus,33926214
Charlotte,ohairy,17120702
Harry,ohairy,53563932
Marc,Angus,56063789
Beatrix,Smith,60466003
Lea,Angus,86708455
Marc,Mcintosh,26400580
Beatrix,Mcintosh,59340873
James,ohairy,24632772
Charlotte,Mcintosh,42093800
Marc,ohairy,71066843
Lea,Angus,63012266
James,Smith,69490691
Marc,Angus,71371054
Beatrix,Angus,79474696
Beatrix,Ferguson,11609697
Lea,Angus,31576378
Harry,Barry,64461663
Harry,ohairy,54527172
Charlotte,Mcintosh,37409053
Harry,Mcintosh,26256461
Beatrix,Smith,25517632
James,ohairy,59999457
Harry,Barry,29457549
Harry,Ferguson,28492611
Marc,Smith,26126352
Lea,Angus,11522447
James,Barry,79541648
Marc,Barry,18780042
Charlotte,Mcintosh,44020340
Marc,Mcintosh,21434121
Marc,Smith,38845235
Marc,Mcintosh,50209600
Beatrix,Smith,32983203
Harry,Ferguson,22170309
Charlotte,Angus,21241438
Lea,Mcintosh,14999241
Charlotte,Angus,77466779
James,Mcintosh,76673521
Marc,ohairy,74327069
Lea,Barry,75553735
Harry,Ferguson,79157229
Marc,Angus,67363622
Charlotte,Angus,32671195
Harry,Angus,47416575
Lea,Angus,82416747
James,Smith,76999499
Lea,Barry,36864938
Marc,Angus,88468371
Beatrix,ohairy,25859284
Marc,Ferguson,66324050
Lea,Barry,64908386
Marc,Ferguson,26732346
Beatrix,Mcintosh,37071196
Marc,Ferguson,44764865
Charlotte,ohairy,75318044
Beatrix,Ferguson,70690696
Charlotte,Mcintosh,48623233
Lea,Smith,31382814
Lea,Ferguson,15115302
Harry,Ferguson,58469359
James,Angus,11531673
Beatrix,ohairy,16385123
Harry,Mcintosh,41415249
James,Smith,46237015
Harry,Smith,17252428
Beatrix,Mcintosh,35745072
Marc,Smith,20389584
Charlotte,Mcintosh,21920669
Marc,Smith,49761982
Harry,Barry,49752627
Charlotte,Barry,22613723
James,Mcintosh,50731217
Charlotte,Mcintosh,15305066
Marc,Mcintosh,78370232
James,Mcintosh,66461663
Beatrix,Ferguson,30990839
Lea,Mcintosh,44172738
Lea,ohairy,62335164
Harry,Smith,61022095
Marc,Mcintosh,62246947
Charlotte,Ferguson,60302404
Harry,Ferguson,62402471
Beatrix,Mcintosh,57014826
Charlotte,ohairy,69106733
James,ohairy,40240953
Marc,Smith,68009449
