First Name,Last Name,Matriculation
Marc,Angus,46283642
Marc,Smith,52272166
Beatrix,ohairy,44085790
Lea,ohairy,18880465
Marc,Angus,78067480
Lea,Mcintosh,72256979
Charlotte,Mcintosh,22175016
James,Ferguson,75047356
Beatrix,Ferguson,14633225
Beatrix,Ferguson,30675757
Beatrix,Ferguson,16679086
Lea,Ferguson,10920122
Harry,Mcintosh,89200573
Lea,Angus,61397229
Charlotte,Angus,78110912
Harry,Barry,72904701
Beatrix,Smith,29089167
James,Smith,65199512
Beatrix,Angus,15211104
Lea,Ferguson,83589731
Harry,ohairy,72934888
Harry,Barry,33480972
Charlotte,Smith,35120535
Beatrix,Ferguson,49110080
Beatrix,Mcintosh,85078007
Charlotte,Mcintosh,18993177
Marc,ohairy,44344187
Charlotte,Barry,11220604
Charlotte,Mcintosh,80959459
Beatrix,ohairy,13310125
James,Mcintosh,18007072
Marc,Angus,72437842
Beatrix,Angus,57479231
Beatrix,Ferguson,44462403
Harry,Angus,40942389
James,Mcintosh,61231508
Lea,ohairy,27873995
Beatrix,Mcintosh,69942437
Harry,Mcintosh,81785350
Lea,Mcintosh,62172191
Marc,Ferguson,62724177
James,Ferguson,82715503
Charlotte,Angus,40510491
Beatrix,ohairy,60722628
Harry,Barry,12536147
Harry,Mcintosh,39177060
Charlotte,Barry,48299333
Lea,Angus,52520344
Beatrix,ohairy,27640356
James,Smith,76134128
James,Ferguson,38492471
Charlotte,Barry,80297573
Beatrix,ohairy,79833098
Lea,Angus,16235596
Harry,Barry,30237512
Harry,Smith,70891230
James,Mcintosh,61936783
Marc,Ferguson,54355997
James,Barry,54587883
Lea,Angus,74447632
James,ohairy,35594041
Harry,ohairy,45701564
Harry,ohairy,63861872
Charlotte,Ferguson,27375871
James,Smith,41678840
Harry,Smith,71338841
Lea,Mcintosh,86834753
Charlotte,Angus,81038347
Harry,Smith,85786892
Harry,Ferguson,58324203
Marc,Smith,47513702
Harry,Ferguson,27997187
Charlotte,Mcintosh,22760252
Charlotte,Smith,49999639
Lea,Ferguson,35655454
Charlotte,Barry,71206472
Charlotte,Angus,83600429
James,Smith,46032681
Beatrix,ohairy,48815610
Lea,Mcintosh,64823158
Beatrix,Smith,67523827
Harry,Ferguson,10838752
Harry,Barry,29917356
James,Angus,14663816
Beatrix,Angus,72639408
James,Mcintosh,17573058
Lea,Mcintosh,78211940
Lea,Barry,27159615
James,ohairy,40516126
Harry,Smith,86505405
James,ohairy,82869152
Lea,Barry,29873555
Marc,Mcintosh,67512077
Beatrix,Angus,60817076
James,Angus,68847931
Charlotte,Smith,61760951
Marc,Mcintosh,49775186
Harry,Smith,19065723
Lea,Barry,17946958
James,Barry,22388422
