First Name,Last Name,Matriculation
Lea,Mcintosh,47773361
Harry,Smith,60787656
Lea,Smith,78723385
Lea,Mcintosh,28114531
Charlotte,Smith,55329998
Beatrix,Barry,28294820
Marc,Smith,31533053
Charlotte,Angus,45402677
Marc,Angus,67168887
Beatrix,Ferguson,86800678
James,Angus,80175270
Harry,Mcintosh,86470651
Marc,Angus,70187778
Marc,Barry,30258375
Lea,ohairy,42392934
James,Smith,33008547
Charlotte,Ferguson,69948836
Charlotte,Angus,11274328
Marc,Ferguson,58309830
James,Angus,55683019
Harry,Mcintosh,88295410
Harry,ohairy,73212383
Marc,ohairy,67396796
James,Ferguson,47827832
Charlotte,Barry,71826148
James,ohairy,47646234
Marc,Barry,15768318
James,Mcintosh,38034191
Charlotte,ohairy,59810308
Charlotte,Ferguson,83421619
Harry,Angus,58389699
Lea,ohairy,85620027
James,Mcintosh,38061206
Harry,Mcintosh,66729717
Charlotte,Smith,26117109
James,Barry,13840417
James,Barry,81185574
Harry,Mcintosh,85026513
Lea,Angus,75020142
James,Mcintosh,12487947
Harry,Barry,57248225
Beatrix,Barry,46371998
James,Angus,30125526
James,Angus,85711373
Beatrix,Ferguson,16228663
Beatrix,Smith,34593245
Marc,Angus,39882188
Lea,ohairy,76677781
Lea,Ferguson,49423632
Marc,ohairy,89828731
Lea,Ferguson,35209887
Beatrix,Mcintosh,70617834
Lea,ohairy,56580127
James,Ferguson,85666877
Lea,ohairy,85669580
Marc,Angus,27692552
Beatrix,Smith,42629174
Harry,Smith,47009955
Lea,ohairy,16711245
Beatrix,Angus,84592181
Beatrix,Mcintosh,45149470
Lea,Barry,47189699
James,Barry,66676086
Marc,Angus,74512636
Marc,Barry,28522566
Marc,Mcintosh,80030648
Marc,Ferguson,27093582
Lea,Mcintosh,52753567
Beatrix,ohairy,41229277
Marc,ohairy,74853959
Beatrix,Mcintosh,83407769
Lea,Angus,81822886
Beatrix,Mcintosh,80346569
James,Mcintosh,13711264
Marc,Barry,85925647
Marc,Angus,24178841
Beatrix,Smith,26189755
James,Mcintosh,17388030
Lea,Ferguson,22479617
Beatrix,ohairy,21816189
Lea,Mcintosh,15015825
Marc,ohairy,70698990
James,Barry,43900484
Charlotte,Smith,13673821
Marc,ohairy,83490498
James,Ferguson,59377188
Lea,Smith,69795814
James,Smith,30121910
Marc,Smith,61317961
Beatrix,Barry,84944004
Harry,Mcintosh,54504758
Beatrix,Smith,82256464
Harry,Barry,25976538
James,Smith,20970387
Lea,Barry,36988723
Harry,ohairy,61763902
Marc,ohairy,19463619
Lea,Smith,53810338
Charlotte,Smith,49841106
Beatrix,Mcintosh,22901229
