First Name,Last Name,Matriculation
Marc,Smith,73877968
Beatrix,Ferguson,87686198
Charlotte,Mcintosh,40180243
James,ohairy,22163366
James,Mcintosh,53717910
James,Angus,50989830
Charlotte,Barry,36716064
Lea,ohairy,13574548
Beatrix,Mcintosh,68725517
James,Ferguson,79614396
Charlotte,Smith,24937800
Beatrix,Smith,19834931
Beatrix,Angus,79077245
Harry,Mcintosh,76701635
Marc,Barry,67730217
Beatrix,Mcintosh,78140037
Harry,ohairy,54296920
Charlotte,Barry,33849397
Lea,Smith,64516179
Marc,Ferguson,49496266
Charlotte,Smith,43966040
Marc,Barry,73592948
Marc,ohairy,64176050
Marc,Mcintosh,78051865
James,Ferguson,56017335
James,Barry,69253794
Charlotte,Barry,39865112
Marc,Ferguson,88565607
James,ohairy,40577503
Harry,Mcintosh,69935674
James,Barry,71771061
Beatrix,Barry,25437625
Lea,Mcintosh,27002662
Marc,Smith,74772467
Charlotte,Barry,44338733
Charlotte,Smith,72016252
Charlotte,Smith,39483658
Charlotte,Angus,10499437
Lea,Smith,10294314
Charlotte,Angus,16794078
Marc,Mcintosh,89425926
Harry,Mcintosh,19782826
Charlotte,Ferguson,12031870
Marc,Angus,75177184
Charlotte,Smith,10406388
Lea,Angus,88549718
Marc,ohairy,17729250
Beatrix,Smith,43320611
Beatrix,ohairy,76593788
Charlotte,Angus,13609546
James,Ferguson,70639486
James,Angus,39672770
Marc,Angus,57346407
Beatrix,Angus,42995851
James,Angus,39290388
Lea,Barry,24173065
Harry,ohairy,49902240
Charlotte,Ferguson,34844375
Charlotte,ohairy,57030888
Harry,ohairy,32945407
James,Mcintosh,62772883
Harry,ohairy,33296875
Charlotte,Ferguson,33836550
Charlotte,Ferguson,10929876
Charlotte,Angus,59860709
Beatrix,Angus,64268867
Marc,Angus,23204163
Harry,Ferguson,21317645
Harry,Angus,81686383
Lea,Angus,32206033
James,Smith,44893438
Lea,Smith,15879063
Marc,Mcintosh,82815253
James,Ferguson,29463189
Marc,Barry,65121719
Charlotte,Barry,32219373
James,Barry,77968493
Beatrix,Mcintosh,70775948
Lea,Barry,52366301
Marc,ohairy,27514552
Marc,Ferguson,64083335
Marc,Smith,61833291
James,Barry,36566640
Marc,ohairy,22199899
Charlotte,ohairy,17306363
Lea,Mcintosh,23225548
Harry,Angus,39662784
Lea,Smith,36952763
Beatrix,Smith,25845972
Charlotte,Ferguson,18734153
Harry,Ferguson,37900111
Marc,Smith,38693094
Beatrix,Barry,46616525
Lea,Barry,64403000
Charlotte,Barry,56118889
James,Mcintosh,31144744
Beatrix,ohairy,23445562
Lea,Ferguson,29558586
Beatrix,Ferguson,13082540
Charlotte,Mcintosh,42700028
