First Name,Last Name,Matriculation
Beatrix,Smith,70328714
James,Ferguson,87683037
Lea,ohairy,46743305
Marc,Angus,65483154
Beatrix,Ferguson,43387898
Harry,ohairy,71150569
Harry,ohairy,62345189
Charlotte,Mcintosh,75397268
Beatrix,Smith,30810302
Lea,Ferguson,63730150
James,ohairy,27541927
Marc,Ferguson,68097597
Harry,ohairy,57138226
James,Barry,59227594
Marc,Ferguson,20873905
Lea,Barry,53933517
Harry,ohairy,14774638
Harry,Ferguson,77299355
Marc,Barry,19031245
Charlotte,Smith,30665490
Marc,Mcintosh,25789105
James,Smith,39489815
Beatrix,Barry,37826542
Lea,ohairy,33306094
Beatrix,Mcintosh,45055366
Harry,Barry,11322330
Charlotte,Smith,89494915
Harry,Angus,76979956
Charlotte,Smith,37099126
Harry,Angus,62476476
Lea,Mcintosh,24715046
Marc,Barry,73021414
James,Ferguson,78874147
Lea,Ferguson,52469636
James,Barry,36532199
Beatrix,Angus,76143067
Charlotte,Smith,67939497
Harry,Mcintosh,51896583
Lea,Mcintosh,21763909
Harry,Barry,70469581
Marc,Smith,27757824
James,Barry,22224629
Charlotte,Ferguson,39061733
Harry,Smith,83325440
Harry,Ferguson,62085877
Lea,ohairy,18957891
Harry,Ferguson,75460398
Charlotte,Ferguson,86957103
Marc,Angus,73550757
James,Ferguson,21219624
Lea,Ferguson,42383351
James,Ferguson,55882112
Lea,Barry,47492793
Harry,Ferguson,40385626
Charlotte,Ferguson,31655126
Marc,Smith,48592358
James,Mcintosh,22307175
Harry,Ferguson,80126969
James,Mcintosh,78756752
Harry,Barry,35110511
James,Angus,57229483
Beatrix,Smith,18705984
Harry,Mcintosh,16867356
Beatrix,Barry,43007428
Charlotte,Mcintosh,44617922
Beatrix,Barry,77463182
Lea,Angus,54797516
James,Smith,76365484
Lea,Smith,60651610
James,Barry,74912086
Marc,Barry,60006835
Lea,Mcintosh,39962866
Beatrix,Barry,15182263
Charlotte,Smith,17749216
James,Smith,24798631
Harry,Smith,68080825
Harry,Angus,78990932
Beatrix,Smith,42624078
Charlotte,Angus,50792812
Lea,Smith,14721585
Lea,Mcintosh,63298149
Marc,Smith,17660004
Marc,Ferguson,26328132
Charlotte,Mcintosh,48658058
Charlotte,Smith,42604950
Harry,Mcintosh,12980624
Harry,Angus,84321506
Beatrix,ohairy,51188759
Beatrix,Smith,73399449
James,Mcintosh,30343846
Lea,Ferguson,57236547
Marc,ohairy,15807326
Marc,Barry,80586954
James,Angus,88586457
Lea,Barry,44718242
Marc,Barry,65542976
Lea,Angus,82714464
Marc,Angus,81071354
Lea,Ferguson,70538536
Harry,Mcintosh,22104252
