First Name,Last Name,Matriculation
Harry,Smith,81704380
James,Mcintosh,23401245
Harry,Ferguson,30159660
James,Angus,63737016
Harry,ohairy,30309711
Lea,Smith,41088126
Harry,Smith,85914915
Lea,Angus,43819062
Beatrix,ohairy,61889842
Beatrix,Smith,32681004
Beatrix,Mcintosh,36601947
Harry,Ferguson,15843538
Lea,ohairy,22388080
Lea,Smith,70577220
Harry,ohairy,71618088
Marc,Mcintosh,13348197
Beatrix,Mcintosh,32542285
Marc,Mcintosh,77021240
Marc,Ferguson,31593335
Beatrix,Mcintosh,65449908
Lea,Ferguson,63502386
James,Angus,32908410
Marc,Angus,42257422
Beatrix,Angus,26612942
Lea,ohairy,59158975
Marc,ohairy,63312356
Harry,ohairy,62565893
Lea,Angus,46161165
Charlotte,Barry,43573490
James,Ferguson,80536110
Beatrix,Ferguson,21460238
James,Mcintosh,86960002
Harry,Mcintosh,11403878
Marc,ohairy,70096315
James,ohairy,48402989
Marc,Smith,84598198
Charlotte,Ferguson,52215868
Lea,Mcintosh,59602199
Marc,Mcintosh,37596632
Beatrix,Ferguson,49118815
Marc,Mcintosh,12889446
James,Ferguson,87200671
Harry,Angus,62656070
Charlotte,Barry,61133855
Beatrix,ohairy,11387262
Charlotte,ohairy,68028443
James,Mcintosh,43154623
Beatrix,Angus,21273309
Marc,Mcintosh,18280570
Charlotte,ohairy,27872736
Lea,ohairy,51326627
Harry,Angus,85284594
James,Smith,52582100
Harry,Barry,52272054
Beatrix,Mcintosh,28419220
Beatrix,Ferguson,14780386
Harry,Smith,78600392
Beatrix,Mcintosh,40794070
Beatrix,Ferguson,59710463
James,Smith,64970236
Lea,Mcintosh,31364673
Charlotte,Ferguson,63155732
Charlotte,Barry,34816326
James,Barry,62125461
Beatrix,ohairy,55764322
Marc,Ferguson,28390408
Charlotte,Barry,13779486
Lea,Smith,11919165
James,Mcintosh,21318791
James,Smith,44044152
Charlotte,Smith,44962205
Charlotte,Mcintosh,71099417
Lea,Ferguson,14690353
Harry,Barry,38912372
Lea,Mcintosh,88255847
Harry,ohairy,74377265
Beatrix,ohairy,13995843
Marc,Barry,75934113
James,Angus,43374487
Harry,Mcintosh,42405270
James,Mcintosh,11269233
Marc,Angus,33348005
Lea,ohairy,68226777
Beatrix,Angus,20816738
James,Smith,33582966
Charlotte,ohairy,68550689
Harry,ohairy,85016418
Beatrix,Ferguson,78006712
Marc,Angus,22653656
Charlotte,Ferguson,60274550
James,Angus,89696342
Harry,Mcintosh,13219247
Harry,Angus,86078011
Charlotte,Barry,29301427
Harry,Ferguson,34883175
Beatrix,Barry,44927819
Harry,Ferguson,86166806
Lea,Smith,34261763
Beatrix,Barry,57552375
James,Mcintosh,37713638
