First Name,Last Name,Matriculation
Lea,Barry,65255817
Marc,Angus,76092464
Charlotte,Ferguson,89497661
Charlotte,Ferguson,84979994
Beatrix,Mcintosh,27449413
Harry,Ferguson,24468476
Charlotte,ohairy,43920019
Beatrix,ohairy,18233483
James,ohairy,32626370
Charlotte,ohairy,33723064
Charlotte,ohairy,12781982
James,Ferguson,54064516
James,Angus,66770731
Marc,Barry,68443483
James,ohairy,45789578
Beatrix,Barry,17402422
Charlotte,Ferguson,17351966
Marc,ohairy,75195346
Harry,Angus,31589418
Lea,ohairy,56125731
James,Barry,43732048
James,Barry,82808306
Beatrix,ohairy,29774801
Lea,Mcintosh,28883034
Charlotte,Barry,81785145
Charlotte,Smith,81086028
James,ohairy,33667197
Charlotte,Smith,41201814
Marc,Angus,73641625
Beatrix,Barry,15904135
Charlotte,ohairy,19900364
Marc,ohairy,36340664
Lea,Smith,36532324
Charlotte,Smith,87766966
Beatrix,Ferguson,75827261
Charlotte,Mcintosh,39116398
Harry,Mcintosh,58149970
Marc,Angus,82458471
Lea,Smith,65687096
Lea,Ferguson,81164437
Lea,Ferguson,51301059
Lea,Barry,20853155
James,Barry,69833563
James,Smith,14440913
Charlotte,Angus,82979933
James,Ferguson,53133800
Lea,Barry,24679928
James,Barry,78095261
Lea,Barry,65717425
Beatrix,Smith,37594305
James,Mcintosh,12524012
Lea,ohairy,30711562
Charlotte,Ferguson,32100519
Marc,Angus,21412233
Lea,Ferguson,84649393
Marc,ohairy,13040371
Charlotte,ohairy,34918870
Harry,Smith,40804945
Beatrix,Mcintosh,46160099
Harry,ohairy,65839032
Lea,Ferguson,20169692
Marc,Angus,79430502
James,Smith,42000885
Charlotte,Angus,61674150
James,Angus,77928746
Marc,Mcintosh,86093773
Charlotte,Ferguson,33677388
Beatrix,ohairy,27046051
Marc,Ferguson,45900298
James,ohairy,76355397
Beatrix,ohairy,60780315
Beatrix,Angus,14312000
Charlotte,Ferguson,18603132
Harry,Barry,32876744
Harry,ohairy,14599085
Marc,Smith,33997459
James,Smith,38321417
Charlotte,Smith,60242007
James,ohairy,52279067
Harry,Barry,10252837
Charlotte,Smith,46480285
Charlotte,Mcintosh,74315642
Charlotte,Barry,15367725
Harry,Barry,88011234
Marc,Mcintosh,49592227
Charlotte,Barry,88136439
Lea,ohairy,77452439
Harry,Mcintosh,74367363
James,Angus,55793345
Lea,Ferguson,70557109
Harry,Angus,79377642
Charlotte,ohairy,74238740
James,Ferguson,44530228
Beatrix,Smith,78464188
Harry,Smith,34906491
Marc,Ferguson,23325894
James,Barry,69772525
Charlotte,ohairy,27691986
Marc,Barry,53313296
Harry,Mcintosh,87011051
