First Name,Last Name,Matriculation
Charlotte,Smith,71930230
Lea,Smith,67741691
Beatrix,ohairy,13719110
Marc,Mcintosh,80086902
Charlotte,Angus,32166725
Marc,ohairy,61953138
Marc,Smith,84643279
Beatrix,ohairy,66801195
Beatrix,Ferguson,89791376
Charlotte,ohairy,17019937
Charlotte,Barry,60538571
Marc,Mcintosh,17245026
Marc,ohairy,43932944
Lea,Barry,47765650
Lea,Mcintosh,49604650
James,Angus,18235950
James,Barry,79749743
Harry,Barry,12818636
Marc,Ferguson,71774276
James,Mcintosh,15905954
Charlotte,ohairy,43050543
Beatrix,Ferguson,10874650
Charlotte,Ferguson,88797597
Beatrix,Angus,70565572
Beatrix,Ferguson,69179796
Charlotte,Barry,42984487
Beatrix,Mcintosh,73709808
Lea,Ferguson,57070733
James,Mcintosh,70531677
Charlotte,ohairy,11808150
Harry,ohairy,47773845
Lea,Smith,43798175
James,Smith,40250664
Lea,Barry,33309487
Beatrix,Angus,83636999
Harry,Mcintosh,82709879
Marc,Smith,84841607
Beatrix,Ferguson,36907806
Lea,Barry,14873040
Charlotte,Barry,16950577
Beatrix,Angus,77279711
James,Mcintosh,10122577
Charlotte,Angus,29954021
Harry,ohairy,21312938
Beatrix,Smith,80620692
Beatrix,Angus,58491676
Charlotte,Ferguson,86183378
Charlotte,Barry,87122991
Charlotte,Barry,46025895
Lea,Angus,32483320
Beatrix,Barry,57600487
James,ohairy,44969672
Harry,ohairy,77817492
James,Mcintosh,71941650
James,Smith,39265251
Charlotte,Barry,46000820
James,Angus,20311177
Charlotte,Ferguson,56913976
Charlotte,ohairy,29300520
Lea,ohairy,14909868
Lea,Smith,67269485
Harry,Mcintosh,87594483
Charlotte,Smith,29601783
Lea,Ferguson,60193038
Lea,Barry,11500176
Lea,Barry,34601157
Charlotte,ohairy,33749564
Charlotte,ohairy,26845133
James,ohairy,82774369
Lea,ohairy,37045308
Harry,Barry,62229168
Beatrix,Mcintosh,30229945
Beatrix,Smith,59195610
Charlotte,Angus,26052574
Beatrix,ohairy,88816245
James,ohairy,17902841
Lea,Smith,36554013
Charlotte,Mcintosh,82313211
James,Mcintosh,14405133
Harry,Mcintosh,70369862
Harry,Ferguson,34006777
Lea,Barry,26659394
Marc,ohairy,13439474
Charlotte,Angus,44034877
Charlotte,Angus,11544343
Marc,ohairy,58650218
Harry,Smith,33280245
James,Smith,47241707
Harry,Barry,24856589
Charlotte,Ferguson,49902156
Lea,Smith,71171249
James,Barry,28461298
Charlotte,Ferguson,27706622
Harry,Ferguson,74689198
Marc,Angus,61903553
Lea,Mcintosh,87067626
Lea,ohairy,45939439
Marc,Mcintosh,80515383
Marc,Angus,66477688
Harry,Angus,76809906
