First Name,Last Name,Matriculation
Harry,Ferguson,57558580
Beatrix,ohairy,83376768
Marc,Smith,19424671
Lea,Barry,69632676
Harry,Barry,39512344
Marc,Mcintosh,48885693
Marc,Smith,86440124
Harry,Mcintosh,32238146
James,Smith,88947422
Charlotte,Barry,55363277
James,ohairy,37574271
James,Ferguson,78202725
James,Mcintosh,16729970
Lea,ohairy,51566868
Marc,Smith,53328901
Beatrix,Angus,27799321
Charlotte,Ferguson,55714697
Lea,Angus,12171299
Charlotte,ohairy,19220789
Harry,ohairy,41071462
Beatrix,Smith,81593570
Charlotte,Ferguson,55260174
Marc,Barry,53815098
Lea,Ferguson,52781295
Harry,Angus,63541493
Lea,Barry,33531926
James,Smith,66081195
Marc,Smith,42533769
Lea,Angus,53078119
Charlotte,ohairy,25233931
Charlotte,Barry,87778325
Marc,Ferguson,28980869
Lea,Angus,40536814
Harry,Smith,14853258
Harry,Angus,77990658
Marc,Mcintosh,83596457
Charlotte,Ferguson,62051690
Beatrix,ohairy,11495731
Marc,Ferguson,39198412
Marc,Angus,53357324
Charlotte,Ferguson,68686479
James,Barry,28602599
Marc,Barry,11266404
Harry,Barry,51693854
Lea,Ferguson,78516139
Harry,ohairy,80729973
Harry,Angus,89023545
Harry,Angus,48888758
Charlotte,ohairy,89493092
James,Mcintosh,46076408
Harry,Mcintosh,88019321
Marc,Smith,27970354
James,Angus,88562203
Charlotte,Mcintosh,57499257
Charlotte,Angus,87799861
Harry,Angus,72831081
James,Ferguson,79597841
James,Mcintosh,80486619
James,Smith,89249746
Charlotte,Barry,17590906
James,Angus,46422821
Charlotte,ohairy,64174415
Beatrix,Barry,68805896
James,Smith,20444789
Beatrix,Ferguson,22209994
Beatrix,Barry,47016102
Beatrix,ohairy,61322587
Lea,Angus,31271833
Lea,Angus,29524775
Beatrix,Angus,14879953
Charlotte,Mcintosh,70379698
James,Angus,75131393
James,Barry,64576241
Beatrix,Barry,87076961
Charlotte,Angus,46724360
Beatrix,Angus,61238067
Marc,Mcintosh,61613422
Marc,Barry,15025218
Marc,Ferguson,45547278
Charlotte,ohairy,71663235
James,Ferguson,80686994
Beatrix,Smith,65040253
Marc,Ferguson,85360768
Harry,Smith,52567297
Charlotte,ohairy,13394403
Marc,Ferguson,43673262
Beatrix,Mcintosh,58929674
Marc,Angus,51055742
Harry,Angus,37713488
Charlotte,ohairy,23465655
Charlotte,Angus,31265937
Charlotte,Barry,13615140
Beatrix,ohairy,52303061
Lea,Mcintosh,76335300
James,Smith,47833215
James,Ferguson,36245102
Lea,ohairy,50614134
James,Barry,44282157
Lea,Barry,70593299
James,ohairy,13778637
