First Name,Last Name,Matriculation
Charlotte,Smith,84997107
Lea,Mcintosh,24925850
Lea,Smith,55031319
Lea,Smith,12334755
Marc,Angus,76479276
Harry,ohairy,53998155
Harry,Angus,86977624
Harry,Ferguson,31176397
Beatrix,Smith,37991134
James,Angus,51482832
Harry,Smith,33159140
Harry,Barry,85282702
Marc,Barry,25652319
Beatrix,Angus,53161428
Beatrix,ohairy,39700034
Lea,ohairy,83713763
Charlotte,Smith,23012499
Charlotte,Smith,85145478
Charlotte,Barry,26916987
Charlotte,Ferguson,71156448
Harry,Smith,67744559
Beatrix,Angus,83808446
Lea,Barry,50877703
Marc,Ferguson,88018380
Harry,Smith,13523672
Lea,Mcintosh,14936062
Beatrix,ohairy,59571262
Harry,Barry,29229760
Charlotte,ohairy,63269279
James,Mcintosh,79402852
Lea,Ferguson,59028321
Marc,ohairy,55695059
Harry,Smith,38713474
Harry,Ferguson,64157926
Lea,Angus,76466307
Marc,Barry,23893667
Harry,Barry,71653125
Lea,Angus,37041820
James,ohairy,72693925
Lea,ohairy,20630727
Charlotte,Ferguson,72242506
Lea,ohairy,38717516
Lea,ohairy,78360400
Harry,Angus,65825502
James,Barry,34971200
Harry,Smith,14742232
James,Mcintosh,33834523
Charlotte,Smith,60817946
Harry,ohairy,83446512
Harry,Smith,30443705
James,Smith,16265873
Beatrix,ohairy,80355769
Marc,Smith,69817356
Harry,Mcintosh,60107189
Beatrix,Mcintosh,18550447
Beatrix,Ferguson,52592190
Lea,Barry,52480976
Harry,Smith,84403137
Beatrix,Mcintosh,83495759
James,Ferguson,65641299
Harry,Angus,25821504
Harry,Angus,42995085
Charlotte,Angus,87559241
Harry,Barry,11618845
Beatrix,Barry,33353367
Charlotte,Mcintosh,18227655
Marc,Ferguson,83985767
Beatrix,Mcintosh,39700275
Harry,Angus,80505511
Marc,ohairy,58425141
Beatrix,Ferguson,16020391
Lea,Smith,74155980
Charlotte,Ferguson,45896951
Harry,Angus,27817134
Charlotte,Angus,40293999
Charlotte,ohairy,60804140
Harry,Angus,44882126
Beatrix,Mcintosh,63220475
James,Angus,62893021
Marc,Barry,29893612
James,Smith,88728478
James,ohairy,11287317
Harry,Barry,48958231
Marc,Smith,11716406
Marc,Ferguson,32031100
Beatrix,Ferguson,34334030
Harry,Barry,51782195
James,Barry,26026168
James,Angus,80862459
Charlotte,Smith,27213222
Marc,Ferguson,57741319
Beatrix,Smith,79243700
Marc,Mcintosh,43270088
Marc,Mcintosh,70091636
Beatrix,Angus,19072532
Beatrix,ohairy,54668811
Harry,ohairy,11250269
Lea,Mcintosh,45466620
Charlotte,Angus,19853691
Lea,Mcintosh,28999036
