First Name,Last Name,Matriculation
Charlotte,Ferguson,32145090
Marc,Angus,39301786
Lea,ohairy,37596372
Beatrix,Barry,59926123
James,Barry,35873169
Marc,Ferguson,33836036
Charlotte,Angus,62791490
Marc,ohairy,47482423
Harry,ohairy,27632050
Beatrix,Angus,16666147
Lea,ohairy,51817741
Marc,Ferguson,18983601
Charlotte,Angus,57848248
Charlotte,ohairy,20543111
Lea,Angus,54436557
Charlotte,Angus,25709405
James,Barry,69676947
Beatrix,Barry,59398127
Charlotte,Barry,70328698
Charlotte,Angus,52434593
Marc,ohairy,89201241
Beatrix,Angus,66751902
Beatrix,ohairy,63257915
Lea,Mcintosh,37432796
James,Smith,61018961
James,Ferguson,89718784
Harry,Mcintosh,52829503
James,Smith,25855293
Harry,Barry,62959792
Lea,Mcintosh,53124982
Charlotte,ohairy,88224097
James,Angus,18990024
Harry,Barry,51291419
Harry,Smith,12432383
Harry,Mcintosh,22104780
Beatrix,Barry,52801209
James,Barry,88500268
Marc,Ferguson,60172280
Lea,Mcintosh,28401191
Charlotte,Ferguson,64878293
Beatrix,Angus,54213395
James,Ferguson,75052702
Charlotte,Smith,33651093
Marc,Ferguson,27955330
Marc,Smith,41306560
Beatrix,Angus,21525684
Marc,Smith,75469062
Beatrix,Mcintosh,41532195
Marc,ohairy,14831138
Beatrix,Barry,62916252
Charlotte,Ferguson,76196074
Lea,Barry,10382931
Marc,Ferguson,16569441
Charlotte,Barry,50995397
Beatrix,Angus,36854825
Lea,Barry,85524213
James,Barry,45466954
Marc,Smith,37987085
Harry,Ferguson,47262122
Marc,Smith,21357859
Harry,ohairy,35489465
Marc,Angus,27918718
James,Barry,83253483
Lea,Angus,80722115
Beatrix,Ferguson,30827692
James,Smith,89464086
Charlotte,Ferguson,57975030
Beatrix,Mcintosh,19044510
Harry,ohairy,57600389
Beatrix,Ferguson,27712107
Marc,Angus,30836653
Charlotte,Barry,19118847
James,Angus,80665112
Beatrix,Smith,19079464
James,Angus,57149767
Charlotte,Smith,54738496
Marc,Barry,30041146
Charlotte,Barry,68403147
Harry,Ferguson,40710960
Harry,ohairy,14040902
James,ohairy,56165861
Charlotte,Ferguson,75329997
Marc,Smith,21271364
Charlotte,Mcintosh,41597701
Harry,Barry,84134089
Harry,Mcintosh,42471444
Lea,Smith,56720185
Charlotte,Barry,49945158
Beatrix,Barry,12344913
Harry,Angus,15929313
Lea,Smith,25917007
James,Ferguson,53645429
Harry,ohairy,81658765
Charlotte,Ferguson,67741379
Harry,Smith,76897100
James,Ferguson,48009899
Charlotte,ohairy,22459511
Harry,Angus,22593379
James,Ferguson,83921958
James,Ferguson,53583910
