First Name,Last Name,Matriculation
Lea,Angus,86659827
Marc,Ferguson,17065818
Lea,Smith,68263295
Charlotte,Smith,13795460
James,ohairy,63909711
Beatrix,Ferguson,33461830
Harry,Barry,62046762
Harry,Ferguson,72971538
Charlotte,Barry,70599274
Lea,ohairy,62104943
Harry,Angus,74560957
Charlotte,ohairy,12952184
Beatrix,Mcintosh,65997751
Harry,Smith,66656446
Charlotte,Barry,67621630
Harry,Angus,88370210
Harry,Mcintosh,13449606
Charlotte,Mcintosh,36750160
Marc,Smith,59524558
Beatrix,Barry,47940308
Beatrix,Ferguson,68499579
Beatrix,ohairy,15775990
Charlotte,Angus,29024921
Charlotte,ohairy,41460503
Harry,Barry,71082138
Lea,Angus,27543334
Charlotte,Ferguson,87093272
James,Ferguson,63595356
Lea,Mcintosh,89121965
Beatrix,Ferguson,86723253
Beatrix,Ferguson,63106492
Beatrix,ohairy,62802038
Lea,Mcintosh,33091541
Harry,Smith,20666761
Lea,Ferguson,22957771
Marc,Ferguson,60889465
Lea,Smith,38873869
James,Mcintosh,14327156
Harry,Mcintosh,12404404
Marc,Smith,39824154
Charlotte,Barry,41867076
James,Smith,51809353
Harry,ohairy,73649780
Lea,ohairy,13306418
Charlotte,Ferguson,33282736
Charlotte,Barry,58310239
Charlotte,Smith,14530951
Beatrix,Mcintosh,36031337
James,Ferguson,73401180
Charlotte,Smith,23173471
Beatrix,Ferguson,53691585
Harry,Mcintosh,24784124
Lea,Barry,35829574
Marc,Smith,58172973
Charlotte,ohairy,89393560
Beatrix,Angus,41662602
Lea,Smith,80280941
Harry,Ferguson,68790431
James,Mcintosh,59167731
Harry,Smith,81965097
James,Barry,75944528
Beatrix,Ferguson,48313643
Harry,Angus,15226026
Charlotte,Angus,36924974
Lea,Barry,53606195
Charlotte,Ferguson,46875879
James,ohairy,75226488
Lea,Barry,16237975
Beatrix,Mcintosh,61946771
Marc,Smith,42357091
Harry,Angus,89836898
Marc,ohairy,84902008
Lea,Barry,57549623
Beatrix,Smith,66055844
Marc,ohairy,33321145
Lea,Angus,81336883
Charlotte,Mcintosh,79575802
James,Mcintosh,26945692
Marc,Ferguson,23865108
Charlotte,Ferguson,80983901
James,Smith,57090670
James,Ferguson,29446472
Harry,Smith,40618680
Lea,Barry,40977563
Marc,Smith,31405038
Marc,Ferguson,36739771
Marc,Barry,39593271
Harry,Angus,79068505
Marc,Smith,41878107
Lea,Angus,30022296
Charlotte,Barry,69607151
Marc,Angus,68753823
Beatrix,Ferguson,27401928
Harry,ohairy,59832868
James,Mcintosh,66403016
James,Angus,28071560
Beatrix,Ferguson,59701158
Beatrix,Barry,68035171
Charlotte,Smith,11103765
Harry,Smith,47244414
