First Name,Last Name,Matriculation
Beatrix,Mcintosh,10809224
Charlotte,Angus,52708226
Harry,Barry,84354331
Marc,Ferguson,39678892
Charlotte,ohairy,58018618
James,ohairy,17439105
Beatrix,ohairy,47056984
Lea,ohairy,31876681
Lea,ohairy,48491652
Harry,Mcintosh,37902593
Harry,Ferguson,49146177
Charlotte,Ferguson,75718244
James,ohairy,48572434
Harry,Ferguson,26326349
James,Barry,59952154
Marc,Smith,11519795
Lea,Mcintosh,79322515
James,Angus,30529067
Charlotte,Barry,71119507
Charlotte,Ferguson,71750104
Charlotte,Angus,45534876
Beatrix,Angus,45346743
Charlotte,Angus,37059611
Harry,Barry,30274349
Charlotte,Barry,86697368
Marc,Smith,76003203
James,Smith,60132583
Beatrix,Mcintosh,32684396
Beatrix,Ferguson,23900405
James,Mcintosh,55028291
Marc,Angus,40062449
Harry,Mcintosh,82502248
Harry,ohairy,45047510
Harry,Ferguson,57427746
Beatrix,Ferguson,10574685
Lea,Ferguson,41985694
Beatrix,Smith,22978255
James,Ferguson,45449553
Lea,ohairy,12096904
James,ohairy,76365265
Harry,Mcintosh,87300083
Marc,Mcintosh,88974445
Beatrix,Angus,55026865
James,Smith,59774109
Beatrix,Mcintosh,64560033
Charlotte,Barry,25894706
Beatrix,Angus,56247291
Harry,Smith,52865265
Beatrix,Smith,17679501
James,Mcintosh,49295918
Marc,Smith,11135144
Lea,Barry,65553113
Beatrix,Mcintosh,80241652
Charlotte,Angus,77803776
Charlotte,Ferguson,12107069
Lea,Mcintosh,50760521
Beatrix,Angus,24028648
Lea,ohairy,86926538
Harry,ohairy,80778503
Charlotte,Barry,27199040
Beatrix,Ferguson,82018319
James,Angus,17062040
Beatrix,ohairy,65449436
Lea,Angus,24575521
Charlotte,Barry,18488281
James,Mcintosh,41979660
Lea,ohairy,87742606
Harry,Mcintosh,69952881
Charlotte,Mcintosh,54849304
Marc,Ferguson,40845617
Lea,ohairy,81335567
Beatrix,Smith,26212160
Harry,Barry,54735633
Charlotte,Angus,13392399
Lea,Smith,73436533
James,Angus,39098963
Harry,ohairy,49942958
Charlotte,Smith,29558326
Harry,Barry,39786478
Marc,Ferguson,44159110
Marc,Mcintosh,18204572
Marc,Ferguson,80520584
Marc,Smith,31572738
James,ohairy,76216647
Beatrix,Ferguson,78634482
Harry,Mcintosh,31817099
James,Barry,31544861
Charlotte,Barry,35630131
James,Angus,50213995
Marc,Angus,85642373
Harry,ohairy,43406116
Beatrix,Ferguson,80128791
Harry,ohairy,42090368
Beatrix,Smith,30711080
Marc,ohairy,23764094
Harry,Mcintosh,86887859
Beatrix,Ferguson,44837081
Marc,Mcintosh,26958890
James,ohairy,78782751
Charlotte,Mcintosh,22455383
