First Name,Last Name,Matriculation
James,Angus,54957317
Marc,Angus,49446762
Marc,Mcintosh,84508982
Marc,Mcintosh,20049784
Beatrix,Barry,69153119
Charlotte,Barry,29921445
Harry,Ferguson,62683349
Charlotte,ohairy,85558306
Lea,Mcintosh,20028346
Charlotte,Ferguson,20931586
Harry,Angus,28140851
Lea,Ferguson,56637920
Beatrix,Angus,57873757
James,Ferguson,63137174
Marc,Barry,23050444
Marc,Ferguson,72262940
James,Smith,18159619
Lea,Smith,16635756
Marc,Smith,85510662
James,Smith,27915032
Beatrix,Barry,55932613
Lea,Angus,11014210
James,Ferguson,80836083
Marc,ohairy,61114136
Beatrix,Barry,28973463
Marc,Barry,16989281
Harry,ohairy,49579934
Lea,Barry,69514445
Lea,Smith,72105151
Harry,Angus,54433099
Harry,ohairy,72598255
Marc,Mcintosh,48503599
James,ohairy,65256852
Beatrix,ohairy,17038651
James,Angus,39696261
Lea,Barry,55307268
James,Barry,36379601
Beatrix,Smith,48189023
Lea,Angus,45935879
Marc,Barry,44382362
Harry,ohairy,73801140
Marc,Smith,10149062
Lea,ohairy,25628035
Marc,ohairy,81946007
Lea,ohairy,42556986
Beatrix,Ferguson,83189417
Beatrix,ohairy,65616852
Charlotte,Smith,10320607
Marc,ohairy,30407004
Charlotte,Mcintosh,78928142
Lea,Mcintosh,89077951
Harry,ohairy,88733431
Harry,Mcintosh,50576586
Harry,Angus,24057596
Harry,Mcintosh,60398963
Charlotte,Ferguson,42514466
Lea,Angus,14969506
James,ohairy,14553237
Charlotte,Smith,20725169
Marc,Barry,25705934
Marc,Mcintosh,82958711
Harry,Mcintosh,59641628
Harry,ohairy,27950463
Harry,ohairy,16045100
Charlotte,ohairy,62793591
Marc,Ferguson,75155440
Harry,Mcintosh,50226701
James,Ferguson,50597007
Beatrix,ohairy,87876072
Marc,Smith,37480771
Charlotte,Mcintosh,78330475
Marc,ohairy,59431414
Charlotte,Smith,81220084
Charlotte,Ferguson,10655892
Harry,Barry,62999446
James,Angus,63100929
Charlotte,Angus,79132198
Marc,Ferguson,36729867
Beatrix,Smith,45610552
Charlotte,Mcintosh,30948704
Charlotte,Mcintosh,18686776
Beatrix,Ferguson,65964669
Harry,Ferguson,11345884
James,Ferguson,42301372
James,Ferguson,33858038
Lea,ohairy,13246545
James,Ferguson,28712854
Beatrix,Smith,73105861
Charlotte,Mcintosh,84515236
Lea,Smith,33543382
James,Angus,89073219
Lea,Ferguson,11602847
Marc,Ferguson,61119727
Beatrix,ohairy,45078223
James,Ferguson,29058129
Lea,Barry,86187475
Charlotte,Barry,63081166
Beatrix,Smith,32931481
Beatrix,Ferguson,20797776
James,Smith,70024084
