First Name,Last Name,Matriculation
Beatrix,ohairy,75778279
James,ohairy,34618382
James,Smith,67077172
Marc,Mcintosh,14714902
Beatrix,Mcintosh,49985891
Beatrix,Barry,50779124
Beatrix,Smith,53361640
Charlotte,Angus,60223012
Marc,ohairy,12527488
Lea,Mcintosh,32903342
Beatrix,Smith,53083219
Charlotte,Angus,62719299
James,Angus,36477190
Beatrix,Smith,38333059
Charlotte,Smith,39009151
Marc,Ferguson,58413740
Beatrix,Angus,32871527
Beatrix,Barry,64622159
Lea,Mcintosh,16660111
James,Angus,82171429
Charlotte,Angus,15924427
Lea,Barry,51839703
Charlotte,Angus,68504927
Charlotte,Mcintosh,47026866
James,Barry,82105851
Lea,Mcintosh,60232981
Charlotte,Smith,55538641
Lea,Smith,62031072
Beatrix,Ferguson,79463914
James,Ferguson,82334192
Lea,Ferguson,27098130
Charlotte,Barry,41477535
Lea,Ferguson,45170893
James,Smith,34109756
Marc,Mcintosh,40741955
James,Angus,58242363
Lea,Barry,79548294
Beatrix,Ferguson,49435909
Lea,Mcintosh,42042258
James,Barry,74179167
Beatrix,Barry,27073095
Charlotte,ohairy,52405073
Charlotte,Mcintosh,37066127
Marc,Smith,45376406
Marc,Mcintosh,42594194
Lea,Angus,33224844
Marc,Mcintosh,50025748
Marc,Angus,48663323
Harry,ohairy,62914948
Lea,Angus,33859210
Marc,Angus,32449581
Marc,Ferguson,42856421
Marc,Barry,17108320
Marc,Mcintosh,74029144
Harry,Mcintosh,67099454
Harry,Barry,52582583
Marc,Ferguson,45818919
Harry,Smith,18245269
Harry,Ferguson,56903671
Lea,ohairy,79279557
Marc,Ferguson,68054313
Beatrix,Smith,86502839
Charlotte,Angus,76432490
Lea,Smith,26291777
Marc,Ferguson,82581891
Marc,Barry,51134998
Harry,Angus,76738385
James,Barry,25712321
Beatrix,ohairy,41957745
Harry,Mcintosh,60931168
James,Angus,23933051
Beatrix,Ferguson,26172322
Beatrix,Angus,12012337
James,Smith,25393084
Harry,Barry,88871608
Harry,Mcintosh,82989077
Lea,Barry,71488917
Charlotte,Smith,74805090
Beatrix,Smith,54693307
Marc,ohairy,81936337
James,Ferguson,22218202
James,Ferguson,71659922
James,Smith,67410597
Beatrix,Mcintosh,52934608
Harry,Ferguson,43600795
Beatrix,Mcintosh,23926058
Marc,Angus,46556367
Charlotte,Smith,67814556
Beatrix,ohairy,35408716
Marc,Ferguson,71448163
James,Angus,62826921
Marc,Mcintosh,58561848
James,Angus,53943816
James,Smith,64240287
James,Angus,86862030
Marc,Mcintosh,71088367
Lea,ohairy,72928745
Charlotte,Ferguson,18232019
Lea,Ferguson,76053482
Marc,Barry,15972695
