First Name,Last Name,Matriculation
Charlotte,ohairy,73109295
Beatrix,Ferguson,77568226
Beatrix,Angus,65102472
Marc,Ferguson,32835168
Harry,Mcintosh,46764585
Lea,Mcintosh,64305680
Beatrix,Smith,66924793
James,Barry,88297803
Lea,Mcintosh,36508080
Beatrix,Mcintosh,33607399
Charlotte,Ferguson,39175750
James,Barry,25884453
James,ohairy,10950805
Lea,Angus,87117145
Lea,Barry,44903396
Harry,Mcintosh,62118175
James,Ferguson,77193765
Beatrix,Ferguson,61691821
Marc,Ferguson,67326400
Harry,Ferguson,87163732
Harry,Ferguson,59052550
Beatrix,ohairy,15552459
Lea,ohairy,18314993
Beatrix,ohairy,20528732
Marc,Smith,79962646
Beatrix,Smith,88218068
Marc,Barry,47900396
Harry,Mcintosh,70991972
Beatrix,Mcintosh,54109459
Marc,ohairy,55293909
Beatrix,Mcintosh,20331400
Harry,Barry,73048224
Charlotte,Ferguson,32920113
Harry,Mcintosh,69552711
Harry,Mcintosh,67197189
Harry,Smith,89259264
Beatrix,Barry,52486970
Marc,Smith,54860455
Harry,Ferguson,53315464
Marc,Smith,78537276
Marc,Barry,77254494
Marc,Smith,50846573
Beatrix,Ferguson,50542436
Lea,ohairy,29269731
Lea,Barry,60601116
Lea,Smith,17438858
James,Smith,61241872
Lea,Angus,33503270
Beatrix,Smith,64729073
Lea,Ferguson,45196072
Charlotte,Barry,14735527
Beatrix,ohairy,21782652
Beatrix,Mcintosh,60121327
Beatrix,ohairy,41224254
Beatrix,Smith,47482398
Beatrix,Smith,19729017
Beatrix,Barry,44486701
Harry,ohairy,28456929
Beatrix,Barry,21272544
Beatrix,ohairy,72129069
Beatrix,Smith,19885680
Charlotte,ohairy,31765524
Lea,Mcintosh,72104827
Marc,Angus,61992307
Charlotte,Mcintosh,54521049
Lea,Ferguson,73882891
James,Barry,76588777
James,Ferguson,71137867
Harry,Mcintosh,42556367
Harry,Mcintosh,84061653
Lea,ohairy,45984686
Lea,Barry,52939700
Beatrix,Barry,88139836
Marc,Mcintosh,47954593
Beatrix,ohairy,66708506
Beatrix,Smith,11761444
Marc,Barry,11136359
Charlotte,ohairy,80911465
Beatrix,ohairy,71536054
Beatrix,Mcintosh,70015087
Lea,Barry,47651882
James,Angus,58065034
Beatrix,Mcintosh,71742579
Harry,ohairy,81741410
Lea,ohairy,48544572
Lea,Barry,40594166
Lea,Angus,80262251
Charlotte,Mcintosh,89307618
Charlotte,ohairy,15721665
Marc,Mcintosh,68370527
Lea,Ferguson,65769839
Charlotte,Mcintosh,69560895
Marc,Ferguson,62561628
Beatrix,Smith,54900941
Beatrix,Mcintosh,57721450
Harry,Mcintosh,19145980
James,Ferguson,62426222
Lea,ohairy,62013561
Beatrix,Barry,50791435
Beatrix,Barry,62031169
