First Name,Last Name,Matriculation
James,Ferguson,81791533
James,Mcintosh,39388746
Harry,Ferguson,34310684
Lea,Smith,79162897
James,Barry,18429158
James,Smith,46117697
James,Barry,56347802
Lea,Angus,69195482
Harry,Angus,31031092
Charlotte,ohairy,28551604
Harry,Barry,72618629
James,Mcintosh,23521941
James,Mcintosh,47673239
Charlotte,Barry,66746027
James,Smith,23117342
Lea,ohairy,54107583
Lea,Smith,82703565
James,Ferguson,87118727
Beatrix,Barry,72955772
Marc,Smith,85710133
Marc,Barry,41853199
Lea,Mcintosh,31902485
Lea,Ferguson,75638709
Beatrix,Mcintosh,17033662
Charlotte,ohairy,19145109
Beatrix,Angus,70077429
Charlotte,ohairy,24258768
Marc,Angus,72041981
Harry,Mcintosh,26326653
Marc,Ferguson,32268818
James,Angus,34523361
Harry,Angus,32211266
Marc,Barry,20206334
Charlotte,Ferguson,54795203
Charlotte,Barry,49003981
Harry,Barry,15204545
Beatrix,Angus,50921163
James,Barry,64241111
Marc,Mcintosh,82480263
James,Ferguson,46305171
James,ohairy,66484497
James,Ferguson,66402775
Lea,Smith,51222785
Lea,Barry,51742968
Harry,Mcintosh,65110588
Marc,Angus,26730632
Charlotte,ohairy,24959574
Harry,Barry,55906187
James,Angus,18722097
Charlotte,Ferguson,70447240
James,Mcintosh,55462401
Harry,Mcintosh,35155983
Charlotte,Ferguson,60340054
Harry,Barry,20983517
Charlotte,Angus,41367877
James,Angus,56372486
Harry,ohairy,33095711
James,Angus,43486967
Charlotte,Smith,62852230
Beatrix,Ferguson,19511683
Charlotte,ohairy,87831641
James,Angus,58260561
James,Mcintosh,26429222
Beatrix,Smith,89837753
Harry,ohairy,67718122
Lea,Ferguson,75099130
Harry,Angus,53263984
James,Ferguson,38188661
Charlotte,Barry,48212797
Marc,Mcintosh,59317806
James,ohairy,17284590
Harry,Angus,10114846
Harry,Ferguson,43769158
Lea,Angus,35811432
Lea,Smith,13553559
James,Mcintosh,31188150
Beatrix,Mcintosh,72606513
James,Smith,55079478
Beatrix,ohairy,59227721
Charlotte,ohairy,55682556
James,ohairy,20077828
Beatrix,Angus,15456799
Marc,Ferguson,13292810
Charlotte,Smith,54432292
James,Smith,37798775
Lea,Ferguson,49354919
Marc,Smith,44691393
Lea,Barry,16139306
Charlotte,Barry,60594392
Beatrix,Ferguson,18967524
Beatrix,Smith,14983823
Charlotte,Smith,76406537
Marc,Ferguson,41200327
Charlotte,Smith,43559696
Marc,Angus,16973265
Marc,Mcintosh,10889249
Lea,Ferguson,77020733
Harry,Smith,38432898
Charlotte,Mcintosh,19746080
Charlotte,Angus,35900368
