First Name,Last Name,Matriculation
Charlotte,Mcintosh,11266885
Marc,Smith,74358414
Marc,Barry,33423280
Marc,Barry,25627127
James,Smith,61899991
Lea,Ferguson,68164914
Lea,Angus,69322472
Charlotte,Smith,71116514
James,Barry,61427034
Charlotte,Ferguson,10637431
Marc,ohairy,85480284
Beatrix,ohairy,20253313
Marc,Barry,20942079
Lea,Barry,76277473
Marc,Angus,14330106
James,Angus,67684404
James,Mcintosh,66092872
Marc,ohairy,17385127
James,Mcintosh,10699899
Charlotte,ohairy,35450810
Harry,Smith,57244331
Harry,Angus,39089477
Harry,Angus,83120955
Lea,Mcintosh,44438214
Lea,ohairy,26122934
Harry,Ferguson,56449660
Marc,ohairy,39085408
Harry,Barry,20296581
Lea,Ferguson,28042647
James,Barry,56635131
Marc,Barry,71420045
Beatrix,Barry,73697451
Harry,Smith,20215221
Beatrix,ohairy,70535608
Harry,Angus,45942010
James,Ferguson,13935096
Marc,Smith,31320024
Beatrix,ohairy,60614523
Lea,Angus,72885964
Beatrix,Ferguson,81982541
Lea,Barry,69749867
Harry,ohairy,18033982
Harry,Angus,37072933
James,Barry,52561854
Beatrix,Barry,84598823
Charlotte,Ferguson,78285691
Beatrix,Barry,31730560
Harry,Angus,25746776
Charlotte,Ferguson,18484450
Charlotte,Barry,80887120
Marc,Ferguson,60367133
Charlotte,Ferguson,12964356
Lea,ohairy,11830388
Marc,Mcintosh,76811063
Marc,Barry,87420014
Beatrix,Mcintosh,64023931
James,Barry,52017906
Charlotte,Ferguson,34524931
Harry,Angus,68007235
Marc,Ferguson,47065661
Lea,Mcintosh,74273641
James,Smith,14882294
Harry,Barry,42237882
Marc,Smith,83105649
Harry,Angus,69358435
Lea,Barry,61772286
Marc,Ferguson,41397902
Lea,ohairy,49160755
Beatrix,Smith,13553804
Charlotte,Mcintosh,72152340
Lea,ohairy,14205357
Harry,Mcintosh,23687404
Marc,Mcintosh,84741046
Harry,Mcintosh,49853158
Harry,Mcintosh,55929391
Harry,Angus,52448670
Beatrix,Mcintosh,87916604
Lea,Barry,67322462
Marc,Angus,34649398
Harry,Angus,20328544
Lea,Angus,10576238
Marc,Mcintosh,27478622
Marc,ohairy,69312836
Lea,Mcintosh,35250514
Lea,ohairy,67727190
James,Mcintosh,27392373
Lea,Smith,36798295
Charlotte,Barry,86287816
Charlotte,ohairy,69336293
Beatrix,ohairy,60018482
James,Angus,47021101
Marc,Angus,33725375
Charlotte,Angus,29368737
Beatrix,Angus,13706804
Marc,Mcintosh,74689237
Harry,ohairy,19671343
Charlotte,Mcintosh,59782843
Harry,Ferguson,70983946
Beatrix,Ferguson,47689992
Beatrix,Barry,53431608
