First Name,Last Name,Matriculation
Beatrix,ohairy,86970534
Charlotte,Barry,69208217
Harry,Barry,56490271
Charlotte,Smith,21952859
Lea,Barry,64629022
James,Ferguson,73134019
Marc,ohairy,80146700
Lea,Ferguson,56089059
Beatrix,Smith,15688820
Harry,Angus,22972323
Marc,Angus,25969815
Charlotte,Barry,84910992
Harry,Barry,14548785
Charlotte,Smith,28474851
James,Mcintosh,79247650
Beatrix,ohairy,16912471
Marc,Mcintosh,84384411
Lea,Mcintosh,37609101
Lea,Ferguson,62455636
James,Ferguson,32890440
Beatrix,Barry,70259812
James,Ferguson,44829067
Charlotte,Barry,24273804
James,Mcintosh,71380853
Marc,Smith,54902430
Charlotte,Barry,61463104
Beatrix,Angus,44905002
Lea,Smith,81508883
Lea,Ferguson,41383607
Charlotte,Ferguson,84368806
Lea,Ferguson,28710693
Beatrix,Ferguson,42197569
Marc,ohairy,70082488
Charlotte,Mcintosh,88315256
Lea,ohairy,13127326
Lea,Mcintosh,80991427
Charlotte,Mcintosh,35282522
Marc,Mcintosh,74206493
Charlotte,Ferguson,67625464
Lea,ohairy,12826362
Charlotte,Mcintosh,28290246
Lea,Smith,57467319
Marc,Smith,81923136
Charlotte,Ferguson,59759971
James,Barry,29277012
Beatrix,Barry,45562254
Harry,Angus,58332388
Harry,Mcintosh,60039552
Lea,ohairy,50260997
Marc,Angus,67995996
Charlotte,Angus,35684994
Marc,Barry,49228666
Lea,Barry,18908447
Beatrix,Mcintosh,47275845
Lea,Smith,46651376
Harry,Angus,18502450
Beatrix,Angus,49724748
Beatrix,Angus,20591117
Marc,Angus,83563061
Beatrix,Smith,74256991
Charlotte,ohairy,70731761
Harry,Barry,17290202
Charlotte,ohairy,24319737
Lea,Barry,52806533
James,Smith,83064959
James,Ferguson,28135825
James,Angus,24208692
Marc,Angus,82764347
Charlotte,Mcintosh,39326516
Harry,Angus,29551831
Charlotte,Mcintosh,17220495
James,Barry,65692357
Beatrix,Mcintosh,31897821
Marc,Ferguson,58314574
Beatrix,Barry,13490708
Harry,Angus,45786469
Harry,Mcintosh,35393012
Marc,Angus,29458532
Charlotte,ohairy,59373486
Beatrix,Smith,36844644
Lea,ohairy,75670113
Beatrix,Angus,26664323
Charlotte,ohairy,26682403
Marc,ohairy,24996047
James,Mcintosh,38253369
Harry,ohairy,63610246
James,Ferguson,50857827
Marc,Barry,46201793
Marc,Smith,29610542
Lea,Mcintosh,77408905
Charlotte,Barry,48162521
James,Angus,49209450
Charlotte,Barry,53439755
Lea,Angus,14637833
Lea,Smith,69899106
Lea,Angus,84930671
Charlotte,Angus,85722038
Lea,Mcintosh,12030096
Charlotte,Barry,32148990
James,ohairy,30991512
