First Name,Last Name,Matriculation
Charlotte,Angus,51810958
James,ohairy,28999956
Charlotte,Smith,63393374
Lea,ohairy,38218248
Lea,ohairy,40290222
Lea,Smith,14794610
Charlotte,ohairy,37185324
James,Ferguson,18892692
Lea,ohairy,24109417
Lea,Angus,28166677
Marc,Ferguson,30440242
Charlotte,Mcintosh,73068805
Beatrix,ohairy,62081586
James,ohairy,55226325
Harry,Ferguson,87297302
James,Mcintosh,80165635
James,Mcintosh,40812059
Lea,ohairy,12927347
Beatrix,ohairy,16000736
Beatrix,Mcintosh,50235695
Lea,Smith,38085835
James,Barry,81807387
James,Barry,77615063
Beatrix,Smith,15320688
Harry,Mcintosh,24816674
Beatrix,Smith,53376429
Lea,Smith,83362811
Charlotte,Barry,77558294
Marc,Angus,20564990
Charlotte,Angus,52251930
Harry,Angus,12418887
Beatrix,Barry,78852514
Lea,ohairy,87969739
Charlotte,Smith,22865640
Charlotte,Ferguson,71608030
Marc,Smith,43584534
Beatrix,Smith,11273236
Lea,ohairy,37203878
James,Barry,80849059
Marc,Barry,62333701
Beatrix,Smith,21596560
James,Mcintosh,86723210
Lea,Angus,54965278
Beatrix,ohairy,49526897
Lea,ohairy,89322793
Marc,Ferguson,40749103
Lea,Ferguson,25903722
James,Angus,65695000
Lea,Ferguson,39989202
Charlotte,Barry,81166532
Lea,Mcintosh,36291406
Charlotte,ohairy,19377446
Harry,Angus,76578076
Beatrix,ohairy,15738908
James,ohairy,76736560
Harry,Smith,86573229
Charlotte,Ferguson,14970940
Charlotte,Ferguson,25893966
Marc,Mcintosh,16852549
Marc,Mcintosh,33619890
Charlotte,Angus,55448161
James,Angus,66428176
Marc,Smith,83062153
Beatrix,ohairy,81846143
Marc,ohairy,28799511
Harry,Barry,39801237
James,Angus,87137650
Harry,Mcintosh,48994604
James,Smith,27649014
Harry,Smith,84901531
Harry,Barry,41177070
Lea,ohairy,68057708
Charlotte,Ferguson,83495626
James,Mcintosh,32956810
Marc,Mcintosh,81459526
Harry,Ferguson,19643260
Lea,ohairy,80203259
Harry,Barry,62135775
Beatrix,Angus,21651207
Charlotte,Mcintosh,84546604
Marc,Ferguson,42501668
Charlotte,Mcintosh,74462491
Lea,Ferguson,42753613
Beatrix,Mcintosh,47419580
Beatrix,Mcintosh,24776625
Beatrix,Mcintosh,39825353
Harry,Barry,35903888
Lea,Ferguson,55537815
Beatrix,Barry,88940722
Lea,Barry,66836555
Harry,Smith,81295785
James,Angus,21064515
Harry,Mcintosh,71457027
Beatrix,ohairy,43680748
Lea,Mcintosh,29682760
Beatrix,Mcintosh,27337345
Lea,Mcintosh,28661317
Harry,Ferguson,19914360
Lea,ohairy,47620731
Harry,ohairy,55480998
