First Name,Last Name,Matriculation
James,Mcintosh,47450861
Harry,Mcintosh,55960450
Lea,ohairy,15784437
James,Barry,48962925
Lea,ohairy,21280893
Lea,Ferguson,52426610
Harry,Angus,66252587
Marc,Barry,10065340
Beatrix,ohairy,13775173
Beatrix,ohairy,38081986
Beatrix,Ferguson,51857865
Lea,ohairy,61677514
Harry,Angus,43382751
Beatrix,Smith,61273820
Harry,ohairy,48698082
Charlotte,ohairy,70077394
James,Angus,14962028
Lea,Angus,79886469
Beatrix,Ferguson,70817981
Beatrix,Barry,45584077
Harry,Smith,66435065
Marc,Ferguson,19257304
Charlotte,Barry,18115388
Marc,ohairy,71864396
Marc,Barry,26830753
Harry,ohairy,35181711
Lea,ohairy,51733181
Marc,Ferguson,34693929
Lea,Ferguson,76124406
Beatrix,ohairy,13801073
Harry,Barry,60167946
Harry,Angus,69938428
Beatrix,ohairy,47422012
Charlotte,Smith,37944277
Harry,Barry,34083907
James,Smith,74043259
James,ohairy,63924530
James,Ferguson,80050547
Lea,Smith,20192484
Beatrix,ohairy,27120149
Harry,ohairy,84727556
Harry,Smith,28713534
Charlotte,Barry,88392425
James,Mcintosh,27455961
Marc,Smith,21745410
Marc,ohairy,83609909
Beatrix,ohairy,64670072
Harry,Mcintosh,83644060
Lea,Ferguson,83641573
Lea,Smith,88606328
Lea,Mcintosh,42599149
Charlotte,Barry,61522677
Charlotte,Smith,84295594
Lea,Barry,44502812
Marc,Barry,77525767
Lea,Barry,56786651
Marc,Barry,32314910
Beatrix,ohairy,15700907
James,ohairy,17519205
Charlotte,Smith,40315283
Lea,Ferguson,30885140
Marc,Mcintosh,58330895
Marc,Barry,15040978
Lea,Smith,61810039
Beatrix,Smith,22307721
James,Mcintosh,21223395
Beatrix,Ferguson,20853049
Lea,ohairy,20399052
Marc,Ferguson,26572506
Marc,Barry,20382936
Charlotte,Mcintosh,61320641
Marc,Ferguson,71920014
Beatrix,Smith,32872651
Beatrix,Angus,83882705
Beatrix,Angus,48329549
Charlotte,ohairy,52679036
Charlotte,Barry,26996635
Harry,Barry,60993629
Charlotte,Barry,59079480
Beatrix,ohairy,24343676
Harry,Barry,66035544
Lea,Ferguson,84917884
Beatrix,Mcintosh,57900200
Harry,ohairy,54892325
James,ohairy,19399856
Harry,ohairy,35706412
Marc,Ferguson,64189690
Lea,Angus,15811372
Beatrix,Smith,85216776
Harry,Ferguson,63208845
Lea,Angus,86524476
Harry,Mcintosh,28626992
Charlotte,Ferguson,22460959
James,ohairy,20988705
Harry,Ferguson,82478356
Beatrix,Smith,18168669
Lea,Barry,60360466
Beatrix,ohairy,17735436
Marc,Ferguson,56585733
Beatrix,Mcintosh,81776274
