First Name,Last Name,Matriculation
Lea,Mcintosh,26476317
Harry,Barry,69049716
Lea,Ferguson,18533425
Lea,Barry,11155530
Charlotte,Ferguson,22173243
Beatrix,Angus,55523815
James,Mcintosh,16430213
James,Ferguson,74822213
Beatrix,ohairy,34952516
Lea,Barry,83143329
Harry,ohairy,80337424
Harry,ohairy,47792530
James,Barry,49388027
Harry,Angus,33867639
Beatrix,Angus,20758994
Beatrix,Angus,78827966
Harry,Angus,54470995
Charlotte,Ferguson,21109832
Lea,Barry,70917243
Lea,Smith,28178477
Marc,Angus,22858295
Marc,ohairy,48032090
Charlotte,Barry,71965412
Harry,Smith,27462177
Beatrix,Ferguson,47290489
Charlotte,Ferguson,38536222
Lea,Barry,63785005
Marc,Angus,45889536
Harry,Angus,35842100
Charlotte,Ferguson,86510671
Marc,ohairy,23447918
Lea,Mcintosh,32477257
Harry,Barry,29635596
Harry,Smith,63544673
Marc,ohairy,51099472
James,Ferguson,84850452
James,Smith,30670058
Charlotte,Smith,71348606
Lea,ohairy,25421645
Lea,Barry,44854579
Beatrix,Smith,65865519
Charlotte,Angus,18187681
James,Angus,82881756
Marc,Barry,65986624
James,ohairy,42220260
Harry,ohairy,26908684
Lea,Mcintosh,30311357
Harry,Barry,73736894
James,Smith,39846688
Beatrix,ohairy,45699013
Harry,Ferguson,78969852
James,Barry,59955765
Charlotte,Ferguson,78414477
James,Angus,63859798
Lea,Ferguson,50510633
Charlotte,Barry,22852560
Harry,Smith,10198389
Beatrix,Smith,85608665
Marc,Mcintosh,46779692
Harry,Angus,80914141
Harry,ohairy,51856439
James,Smith,72854214
Marc,Mcintosh,67540265
James,Smith,19747266
Charlotte,Ferguson,77248432
Charlotte,ohairy,67011898
James,Mcintosh,60316694
Marc,Angus,16277483
Charlotte,Barry,64959876
Beatrix,Mcintosh,56351634
Lea,Mcintosh,52179637
Marc,Angus,44179181
Lea,Angus,36641631
Beatrix,Mcintosh,38025884
Lea,Ferguson,34153164
Charlotte,Mcintosh,35785704
Harry,Mcintosh,55509167
James,Smith,55669564
James,Angus,70761979
Marc,ohairy,29930071
Charlotte,Mcintosh,64597843
Charlotte,Barry,24935509
Lea,Angus,44252048
Marc,Mcintosh,79688605
Beatrix,Ferguson,17304470
Lea,Ferguson,67337965
Charlotte,Angus,67366835
Marc,ohairy,59328721
Lea,ohairy,89630794
Harry,ohairy,61454338
Harry,Barry,10208278
Charlotte,Barry,50483910
Harry,Barry,59666217
Marc,Ferguson,17588280
Charlotte,Smith,58335560
Charlotte,Mcintosh,63843805
Marc,Angus,58810829
Charlotte,Angus,21777938
Harry,Smith,54412688
Harry,ohairy,50015101
