First Name,Last Name,Matriculation
Lea,ohairy,15824668
Charlotte,Ferguson,89434417
Beatrix,Smith,88868137
James,Ferguson,19438818
Lea,Smith,77992670
Beatrix,Ferguson,23949114
Charlotte,Barry,83487423
Charlotte,Ferguson,65115508
Lea,Ferguson,32390185
James,Ferguson,11755080
Beatrix,Mcintosh,25243517
Marc,Barry,85057395
James,Ferguson,73187629
Charlotte,ohairy,26489385
Marc,Angus,13366620
Harry,Mcintosh,14751358
Harry,ohairy,23791105
Harry,Mcintosh,57794847
Charlotte,Barry,19711099
Lea,Angus,41362173
Lea,Barry,59659815
Lea,Smith,58291956
Marc,Barry,73029511
Marc,Barry,29398373
James,Mcintosh,42084232
Harry,ohairy,39661798
James,Ferguson,40271908
Lea,Ferguson,15959593
Marc,Smith,49884360
Charlotte,Barry,12900751
Marc,Angus,50966888
Lea,Mcintosh,31789892
James,ohairy,60765748
Harry,Mcintosh,41884255
Harry,Smith,48883963
Lea,Barry,72195778
Marc,Angus,58061140
Marc,Barry,66000677
Beatrix,Smith,44667842
Harry,Barry,70743732
James,Smith,12989967
Harry,Mcintosh,11801329
Marc,Smith,46386306
Beatrix,Smith,42794473
Marc,Angus,42885294
James,Barry,41518506
Harry,Mcintosh,65374814
Harry,Barry,11799780
Charlotte,Ferguson,59847784
Harry,Ferguson,46248752
James,Angus,49591143
Charlotte,Mcintosh,42426739
Marc,Smith,51216288
Marc,Barry,14632631
Lea,ohairy,87245970
Beatrix,Angus,78561420
Beatrix,Angus,68501330
Charlotte,Ferguson,78801262
James,Angus,23955232
Marc,Angus,69174456
Harry,Angus,27160626
Charlotte,ohairy,17634568
James,Angus,49327681
James,Mcintosh,18628344
Harry,ohairy,67417683
Harry,Smith,20920192
Charlotte,Smith,46575276
Marc,Angus,41761529
Lea,Smith,49807268
James,Mcintosh,45909705
Charlotte,Angus,41101118
Lea,Barry,81613572
Harry,Barry,14624078
Lea,Mcintosh,30388781
Beatrix,ohairy,14818940
Beatrix,Barry,62890102
Charlotte,Barry,12999148
Harry,Ferguson,20640938
Beatrix,Ferguson,35633269
Charlotte,Ferguson,23928767
Marc,Angus,53628907
Marc,Barry,63721107
Marc,Angus,79315662
James,ohairy,43573213
Lea,Angus,88090417
Harry,Ferguson,86410584
Charlotte,Mcintosh,43426119
Charlotte,Barry,38571451
James,ohairy,47717273
Marc,Mcintosh,80323440
Lea,Mcintosh,83740952
Charlotte,Mcintosh,59381508
Lea,Barry,47181129
Charlotte,Angus,77815663
Lea,Mcintosh,84063568
Lea,Barry,41532287
James,Mcintosh,73770856
Charlotte,Ferguson,23576830
James,Barry,48554650
Marc,ohairy,72740271
