First Name,Last Name,Matriculation
Beatrix,Ferguson,17754268
Harry,Barry,80393045
Marc,Barry,65053042
Lea,Mcintosh,71844809
Marc,Mcintosh,59847392
Lea,Angus,62579841
James,Angus,28351961
Lea,Angus,44380638
Charlotte,Angus,34606219
Lea,Mcintosh,64624978
Beatrix,Mcintosh,81391444
Charlotte,Smith,28378123
Charlotte,Smith,75378766
Harry,Mcintosh,31154738
Marc,Mcintosh,65036461
Charlotte,Smith,33680972
Marc,Mcintosh,43261995
James,Smith,68889047
Lea,Barry,35244434
Charlotte,Barry,18516356
Charlotte,ohairy,23833888
James,ohairy,84536938
Harry,Smith,62754721
James,Ferguson,71543569
Charlotte,Mcintosh,85409917
James,Ferguson,55142070
Beatrix,Barry,57123324
Lea,Barry,15446380
Lea,Ferguson,41532296
Harry,Mcintosh,55460883
Harry,Smith,12854925
James,Barry,51176212
Harry,Angus,36841904
James,Mcintosh,78324130
Marc,ohairy,55720378
James,Mcintosh,84493130
Beatrix,Ferguson,73714204
Beatrix,ohairy,17305789
Lea,Angus,70206168
Beatrix,Smith,30173381
Marc,Mcintosh,58364133
Charlotte,Barry,26468147
Marc,Angus,56899966
Lea,ohairy,44969767
Beatrix,Ferguson,88798304
James,Mcintosh,69411879
James,Angus,40603654
James,Ferguson,66864500
Charlotte,Angus,66575907
Beatrix,ohairy,15677014
Harry,Ferguson,24943462
Beatrix,Smith,27233959
Charlotte,ohairy,38034818
Marc,ohairy,84961289
Charlotte,Angus,81619235
Charlotte,Mcintosh,12740663
Lea,Ferguson,27275240
James,ohairy,84697561
Charlotte,Barry,29648167
Beatrix,Angus,40620306
Marc,ohairy,39054396
Charlotte,Angus,13447519
Beatrix,Smith,72219512
Marc,Mcintosh,37935224
Beatrix,Angus,15010519
Lea,Angus,22450567
Lea,Barry,20092322
Harry,Mcintosh,64523603
Charlotte,Ferguson,59808392
Lea,Smith,81813633
Lea,ohairy,62453020
Beatrix,Smith,34327039
Beatrix,Barry,57371159
Harry,Smith,33353075
Lea,Ferguson,48221976
Marc,Barry,56398314
James,ohairy,44413273
James,Angus,65153482
James,Barry,76603723
Charlotte,Smith,89542508
Harry,Mcintosh,20707122
Charlotte,ohairy,60369524
James,ohairy,89611136
James,Smith,52457513
Lea,ohairy,83335883
Charlotte,Barry,80090778
Harry,Smith,15086464
Harry,Mcintosh,27032258
Harry,Mcintosh,36006275
Harry,Angus,70938887
Harry,Barry,54477738
Harry,Angus,38634573
Charlotte,ohairy,82993311
Marc,ohairy,16460061
Charlotte,ohairy,55546019
James,Smith,72631469
Beatrix,Barry,25563956
Harry,ohairy,87854167
Marc,Angus,74033452
Beatrix,Angus,16105909
