First Name,Last Name,Matriculation
Beatrix,Angus,25230911
Charlotte,ohairy,14034812
Beatrix,Smith,81242200
Charlotte,Barry,44596417
Harry,Barry,26774692
Beatrix,Mcintosh,62662109
Lea,ohairy,48720452
Charlotte,ohairy,85665475
Lea,Barry,81477126
Lea,Smith,15588735
James,ohairy,87767055
Beatrix,ohairy,71256807
James,Mcintosh,85044884
Harry,ohairy,67436886
Lea,Ferguson,39375144
Marc,Smith,55549766
James,ohairy,77265662
Charlotte,ohairy,37214988
Harry,Mcintosh,13427382
Charlotte,Smith,68217292
Lea,Smith,16657255
James,Barry,79601718
Charlotte,Ferguson,60918334
Marc,Mcintosh,47237878
Beatrix,Ferguson,17606832
Harry,Angus,74610279
Charlotte,Ferguson,54808808
Lea,Angus,29482821
Harry,Barry,88364609
Charlotte,ohairy,83583378
Beatrix,Angus,71479054
Lea,Barry,12029684
Harry,Barry,67902338
Beatrix,Angus,63560963
Beatrix,Ferguson,40884913
Beatrix,Barry,55202250
Marc,Barry,84161047
Charlotte,Angus,13704094
James,Barry,50728049
Marc,ohairy,48762360
Charlotte,Barry,86728563
Charlotte,Ferguson,43385735
Harry,Barry,42973240
Harry,Smith,75619928
Charlotte,ohairy,86075840
Beatrix,Ferguson,70413544
Charlotte,Barry,82000870
Harry,ohairy,78942766
James,Angus,19976168
Lea,Smith,86088956
Beatrix,ohairy,16596184
Beatrix,Barry,24804632
Harry,ohairy,84555556
Lea,Barry,39174185
Marc,Ferguson,18046721
Beatrix,ohairy,23150728
James,Ferguson,64155916
Charlotte,Mcintosh,75893018
Marc,Smith,76660252
Lea,Barry,50172237
James,Angus,49125536
Harry,ohairy,62023651
Beatrix,ohairy,31090936
Beatrix,ohairy,86588984
Charlotte,Mcintosh,64165330
Charlotte,Ferguson,16321398
James,Angus,67663026
Beatrix,Mcintosh,32531250
Marc,Angus,26322033
Beatrix,Smith,58358286
Marc,Mcintosh,39978210
Beatrix,ohairy,51913182
Lea,ohairy,15559100
Charlotte,Smith,28570182
Beatrix,Ferguson,42674608
Harry,Smith,75484698
Harry,Mcintosh,48442977
Charlotte,Angus,50925799
Harry,ohairy,34669167
Beatrix,Barry,71121393
Lea,Smith,86746559
Lea,Barry,24100570
Harry,Ferguson,73194090
James,Barry,77977528
Lea,Angus,42069454
Beatrix,Angus,74077990
Marc,ohairy,38999374
James,Angus,85987247
Beatrix,Barry,39271640
Beatrix,Ferguson,67018857
Beatrix,Smith,36829557
Charlotte,Angus,52668682
Lea,Angus,79900859
Lea,Smith,46497073
Lea,ohairy,88529404
Charlotte,Angus,59709613
James,ohairy,69204930
James,ohairy,39092655
Harry,Mcintosh,40643081
Beatrix,Smith,12253992
