First Name,Last Name,Matriculation
Lea,Ferguson,18114411
Charlotte,Mcintosh,37360971
James,Mcintosh,26017822
Marc,ohairy,54863678
James,Smith,35567730
Marc,Barry,32667541
James,Smith,21543685
Beatrix,Angus,41746577
Beatrix,Smith,67982433
Harry,Barry,54103553
Beatrix,Angus,43284267
Beatrix,ohairy,71546762
Lea,Ferguson,45575236
Marc,Barry,66517279
Harry,ohairy,56396990
James,Mcintosh,89678633
James,ohairy,29468441
Beatrix,Mcintosh,69419605
Lea,Angus,59165118
Marc,Mcintosh,16944695
Marc,Ferguson,28510356
Marc,Angus,21332827
Beatrix,Barry,85512043
Harry,Ferguson,57553867
Charlotte,Smith,62970717
Marc,Smith,76135037
Beatrix,Smith,76071491
Beatrix,Angus,44758515
Beatrix,ohairy,31328016
Lea,Ferguson,50132975
Beatrix,Barry,89701769
Harry,Smith,20593131
Charlotte,Angus,75337461
Marc,Ferguson,12269459
Beatrix,Ferguson,62184936
Harry,Smith,52062473
Harry,Mcintosh,76599807
Harry,Mcintosh,17197854
Beatrix,Barry,37760597
James,Angus,49544478
Lea,Mcintosh,19630728
Lea,ohairy,51418324
Marc,Barry,23180665
Marc,Ferguson,77745734
Marc,Barry,58140590
James,Angus,63222681
Lea,Angus,23817996
Lea,ohairy,37571172
Beatrix,ohairy,58240376
Marc,Ferguson,48721919
Charlotte,Barry,61639709
Lea,ohairy,19250956
Charlotte,ohairy,21136222
Lea,Angus,18532391
Beatrix,Angus,22913261
Beatrix,Barry,43258901
Charlotte,ohairy,64592149
James,Smith,51311404
James,Mcintosh,52747376
Beatrix,ohairy,13009179
Marc,Mcintosh,62554983
Beatrix,Ferguson,10129107
Harry,ohairy,81257868
Lea,Ferguson,43820923
Marc,Smith,62381891
Charlotte,ohairy,49062862
Marc,Smith,81131192
Lea,Barry,40653731
Marc,Barry,47752457
Lea,Mcintosh,44408812
James,ohairy,28076248
Harry,Ferguson,42431249
Charlotte,ohairy,13279564
Harry,Barry,52339299
Marc,ohairy,68373212
Beatrix,Smith,50697754
Lea,Ferguson,51072845
Charlotte,Mcintosh,77173871
James,Barry,13064328
Charlotte,ohairy,89969568
Harry,Angus,10405917
Beatrix,Mcintosh,67069692
Harry,Ferguson,19786202
Harry,Angus,78057813
Beatrix,Mcintosh,18990239
Lea,Barry,54627300
Beatrix,Angus,49187169
James,Barry,63911944
Lea,Mcintosh,62451910
Charlotte,Angus,79267266
Lea,Ferguson,68807085
Harry,Smith,79149560
Lea,ohairy,50117259
James,Smith,72823323
James,Mcintosh,18261077
James,Barry,48025699
James,Mcintosh,65296383
Beatrix,Angus,39511825
Harry,ohairy,14219274
Beatrix,Mcintosh,70066940
