First Name,Last Name,Matriculation
Charlotte,Mcintosh,16693470
Beatrix,ohairy,55080814
James,Barry,81761063
Lea,Smith,40891068
Charlotte,Smith,14053739
Beatrix,Smith,83887350
Lea,ohairy,42246776
Harry,Smith,45170072
Harry,ohairy,24494476
Marc,Ferguson,59376641
James,Barry,52131573
Charlotte,Mcintosh,78525876
Harry,Ferguson,82926614
Charlotte,Angus,17140938
Harry,Smith,18117544
James,Angus,58572761
Marc,Mcintosh,87015788
Harry,Ferguson,70753950
Harry,Barry,50842394
James,Angus,88846382
Marc,Smith,61791319
Beatrix,ohairy,40394434
Lea,Ferguson,74663491
Beatrix,Angus,42944055
Lea,Mcintosh,49186913
Marc,Mcintosh,18880298
Lea,Angus,60279825
Lea,Ferguson,68015128
Charlotte,Angus,71221971
Charlotte,Angus,29288413
Harry,Mcintosh,42277652
Marc,ohairy,32996965
Marc,Angus,19822430
Charlotte,Mcintosh,14008373
Lea,Smith,81148791
Harry,Smith,85338152
Harry,ohairy,22129437
Marc,Smith,28606700
Harry,ohairy,31502601
Lea,Ferguson,59463025
Harry,Ferguson,89483280
Charlotte,Smith,53698762
Harry,Angus,82177888
Lea,Barry,70721010
James,Smith,74487325
Charlotte,Ferguson,36989533
Harry,ohairy,81636898
Beatrix,Smith,27878713
Lea,Barry,86836858
Charlotte,Mcintosh,86443295
Marc,Mcintosh,16699652
Charlotte,Smith,27478513
Beatrix,Ferguson,32564900
Harry,Barry,19320146
Marc,ohairy,53925826
Beatrix,Angus,56300153
Beatrix,Angus,32299189
Charlotte,Angus,15614006
Marc,Smith,71351590
Lea,Ferguson,65269488
Beatrix,ohairy,19883470
Charlotte,Smith,76090114
Charlotte,Smith,21400673
Harry,Mcintosh,19154759
Marc,Smith,56782859
Marc,Smith,65897112
Marc,Smith,47588670
Marc,Ferguson,51953137
Lea,Mcintosh,19929995
Beatrix,Angus,55760640
Harry,Barry,20441611
Lea,Angus,19059695
Beatrix,Barry,65006201
Lea,Mcintosh,54319686
Marc,Barry,56683361
Charlotte,Barry,21768694
James,Barry,42868965
James,Angus,65582029
Charlotte,Barry,76586200
Beatrix,Smith,38333640
Harry,Barry,39798776
Charlotte,Mcintosh,57419897
Harry,Angus,45809441
Marc,Mcintosh,53266950
James,Ferguson,89229686
James,Mcintosh,37668457
James,Smith,80228665
Marc,ohairy,78674682
Beatrix,Smith,31774201
Beatrix,Barry,52278237
Harry,Smith,82047210
Lea,Angus,60895538
Beatrix,ohairy,86894682
Harry,Mcintosh,79970960
Harry,Smith,51965042
Charlotte,Angus,69201217
James,Barry,24990072
Charlotte,Barry,79003593
Charlotte,Ferguson,16426392
Harry,Ferguson,73152586
