First Name,Last Name,Matriculation
Lea,Ferguson,62532301
James,Smith,77915360
Marc,Smith,82964767
Marc,Ferguson,21039234
Charlotte,Barry,20750089
Harry,ohairy,18506025
Charlotte,Ferguson,63998674
Marc,Smith,58414701
Marc,Barry,39257611
Marc,Barry,47782186
Beatrix,Barry,50666431
Charlotte,Barry,35685301
James,Ferguson,54554056
Harry,Angus,67798565
Lea,ohairy,46868107
Lea,Smith,78225730
Lea,Mcintosh,79587080
Harry,Ferguson,64467260
James,Barry,42792179
Beatrix,Angus,39933667
James,Smith,71041397
Harry,Barry,10217477
Beatrix,Mcintosh,16337731
Harry,Smith,10169427
Beatrix,Smith,29860173
Beatrix,Mcintosh,60722527
Beatrix,ohairy,51461781
Beatrix,Ferguson,84530342
Harry,ohairy,16393963
Marc,Ferguson,41634700
Harry,ohairy,49334854
James,Ferguson,67243778
Marc,ohairy,19602493
Marc,Barry,13019479
Harry,Angus,12135334
Beatrix,Smith,19919591
Harry,ohairy,60712946
Harry,Mcintosh,73482856
James,Barry,20119404
James,Angus,18413676
Harry,Smith,71721554
Beatrix,Mcintosh,58949426
James,Smith,83348381
Beatrix,Mcintosh,86911504
Harry,Ferguson,50479147
Marc,Smith,76797508
Beatrix,Smith,86560199
Lea,ohairy,33132185
Charlotte,ohairy,75516558
Charlotte,ohairy,22932766
Marc,Barry,20076823
Harry,ohairy,57321360
Lea,Smith,40124576
Marc,ohairy,56294532
Beatrix,Ferguson,86088129
Lea,Angus,19210441
James,Barry,54097271
James,Smith,19117691
Beatrix,ohairy,44866155
Lea,Angus,84227638
Harry,Smith,74877890
Charlotte,Mcintosh,17732230
Beatrix,Mcintosh,38307099
Marc,Mcintosh,42612438
Beatrix,Angus,87819815
Marc,Barry,13884295
Charlotte,Smith,65945372
Harry,Ferguson,49421269
Beatrix,Mcintosh,39462931
Charlotte,ohairy,58934576
Beatrix,Barry,24513356
Beatrix,ohairy,43314848
Marc,ohairy,48369047
James,Ferguson,22758845
Harry,Ferguson,55757444
Charlotte,Angus,88163791
Harry,Smith,78642771
James,Ferguson,44054546
Marc,ohairy,25218452
Harry,Mcintosh,83576011
Lea,Ferguson,50036511
Marc,Mcintosh,48453543
Harry,Barry,14583522
James,Mcintosh,70022858
James,Mcintosh,21685675
Harry,Smith,77378249
Lea,Barry,23001087
Harry,Mcintosh,63542762
Harry,Ferguson,34443283
James,Smith,46624612
Marc,Mcintosh,87165532
James,Barry,48170890
Marc,Barry,55787581
Charlotte,Barry,84052434
James,ohairy,30587305
Beatrix,Barry,42020227
Lea,ohairy,40645969
Charlotte,Mcintosh,30964182
Marc,Angus,72866527
Harry,Angus,89134164
