First Name,Last Name,Matriculation
Charlotte,Ferguson,88147942
James,Mcintosh,48846936
Marc,Barry,27133257
James,Barry,88259683
Harry,Mcintosh,45125720
James,Angus,21096230
James,Smith,31710547
Charlotte,Ferguson,76621760
James,Barry,18173836
Charlotte,Ferguson,22500346
Charlotte,Ferguson,48619866
Marc,Smith,10204469
James,Angus,81243562
Charlotte,Mcintosh,23867219
Charlotte,ohairy,68266625
Marc,Smith,62277274
Marc,Angus,72683761
Beatrix,Ferguson,33259895
James,ohairy,58901557
Harry,Ferguson,16804582
Marc,Angus,46855823
Charlotte,Mcintosh,72787393
Marc,Mcintosh,59851966
Lea,Mcintosh,89103894
James,Smith,69172829
Beatrix,Smith,64542863
Lea,Smith,49725938
Marc,Barry,80812487
James,Smith,77785796
Lea,Mcintosh,55586205
Harry,Angus,22020406
Beatrix,Smith,78370746
Lea,Smith,80431528
Charlotte,Ferguson,33029504
Beatrix,Mcintosh,33388255
Charlotte,Angus,61001649
James,Ferguson,53779237
Charlotte,Barry,78258371
Beatrix,Barry,15198418
Marc,Angus,87070661
Beatrix,Mcintosh,21737123
Marc,Ferguson,78677580
Beatrix,ohairy,82994794
Harry,Angus,25327913
Harry,ohairy,67588294
Harry,Angus,83476914
Harry,Smith,85835899
Harry,Mcintosh,13038501
James,Smith,58869875
Charlotte,Ferguson,54456855
Beatrix,Smith,32891473
Charlotte,Mcintosh,48420191
Beatrix,Angus,36397014
Charlotte,Angus,19377121
Harry,Barry,21719522
Harry,Ferguson,16747350
James,ohairy,31766817
Beatrix,Smith,45957854
Harry,Angus,81046900
Lea,Mcintosh,75337499
Harry,Barry,46280537
James,Ferguson,22414656
James,ohairy,46865061
Lea,Angus,74219876
Harry,ohairy,18178129
Charlotte,ohairy,59538836
Beatrix,Ferguson,36129644
Lea,Smith,64756591
Marc,Ferguson,10315615
Charlotte,Barry,30493334
Lea,Ferguson,70391920
Marc,ohairy,32106575
Harry,ohairy,56989743
Beatrix,Barry,33964876
Charlotte,Smith,62965130
Harry,Ferguson,75695583
Harry,ohairy,18450632
Lea,Barry,29735624
Marc,Angus,49833890
Beatrix,Angus,22137674
Charlotte,Mcintosh,63771452
James,Angus,11890109
Harry,Angus,71318366
Charlotte,Barry,78749304
Beatrix,Ferguson,17118540
Lea,Barry,38721639
Lea,Angus,77117831
Beatrix,Mcintosh,81563273
Lea,Ferguson,29371750
Beatrix,Ferguson,71351926
Harry,Barry,62234126
James,ohairy,73314121
Harry,Ferguson,19569608
Marc,Smith,30519014
James,ohairy,49584604
Marc,Smith,31857789
Lea,Smith,73344505
Beatrix,Angus,82671196
Charlotte,Barry,59147268
Lea,Smith,21971227
