First Name,Last Name,Matriculation
James,Mcintosh,24832212
Lea,Ferguson,61711205
Beatrix,Angus,22017605
Marc,Mcintosh,39763010
Lea,Smith,26996527
James,ohairy,27482513
Lea,Barry,61087271
James,Angus,55603185
Marc,Barry,31854988
Marc,Ferguson,16938515
Marc,Barry,66614611
Lea,Ferguson,37893004
Beatrix,Smith,28677063
Charlotte,Ferguson,74530678
Harry,ohairy,29795040
Marc,ohairy,49755901
Beatrix,Ferguson,76564670
Harry,Smith,59109929
James,Barry,72940488
Beatrix,Ferguson,33493725
Beatrix,Barry,74915991
Charlotte,Smith,11652028
James,Mcintosh,87468502
Harry,Ferguson,24590539
Marc,Angus,25718470
Marc,Barry,23056120
Beatrix,Smith,21959100
Harry,ohairy,63778064
Beatrix,ohairy,21792097
Marc,Smith,34934463
Harry,Smith,37683637
Marc,Smith,64288868
Harry,Barry,20637942
Marc,Ferguson,56045639
Lea,Smith,86857747
Charlotte,Angus,18071598
Lea,Angus,30927717
James,ohairy,36632402
Lea,Mcintosh,23909237
Beatrix,ohairy,55677774
Marc,Angus,56973413
James,Barry,82219406
Beatrix,Mcintosh,17071665
Lea,Ferguson,32617128
Charlotte,Mcintosh,65629522
James,Ferguson,11061739
James,Mcintosh,23899219
Marc,Barry,34916133
Beatrix,ohairy,40572779
James,Ferguson,21403037
Charlotte,Smith,13774583
Lea,Angus,77078763
Marc,Angus,20796559
James,Smith,35020553
James,Smith,52082581
James,ohairy,89877666
James,Ferguson,30564310
Harry,Barry,34913172
Harry,Smith,85559298
Harry,Mcintosh,44519100
Charlotte,Mcintosh,78893555
Harry,Smith,52521043
Charlotte,ohairy,10734846
Harry,Angus,27057490
Charlotte,Mcintosh,23060918
Beatrix,ohairy,70770882
James,Mcintosh,74800460
Marc,Ferguson,40152660
Marc,ohairy,40006583
Lea,Smith,74308678
Harry,Barry,14723495
Marc,Angus,20786347
Charlotte,Mcintosh,41292470
Beatrix,Mcintosh,48181133
Lea,ohairy,89312747
Beatrix,Ferguson,46439901
Beatrix,Ferguson,56851671
Marc,Mcintosh,52228321
James,Angus,22264634
James,Mcintosh,72660688
Beatrix,Mcintosh,68605917
Marc,Barry,12734777
Beatrix,Smith,50159944
Beatrix,Ferguson,41935091
Lea,Barry,12224780
Lea,Barry,54115581
James,Mcintosh,12720581
Marc,Ferguson,35025745
Harry,Angus,77262948
Marc,Angus,21257942
Charlotte,Smith,69908547
Lea,ohairy,67757071
Lea,Angus,46106037
Lea,Angus,52208048
Harry,Ferguson,59337527
James,Ferguson,24701958
Marc,ohairy,12359018
Charlotte,Ferguson,74610379
Beatrix,ohairy,32143577
Charlotte,ohairy,37690108
