First Name,Last Name,Matriculation
Beatrix,Barry,39769534
James,Ferguson,18230951
Harry,Ferguson,23424740
Harry,Smith,49373884
Charlotte,Smith,14119203
Harry,Mcintosh,87397253
Charlotte,Smith,87981675
Harry,Smith,19949289
Charlotte,Barry,31214353
Harry,ohairy,28739068
Marc,Ferguson,87102009
Beatrix,Mcintosh,64508619
Harry,Angus,40684631
James,Angus,82908409
Lea,Angus,67942657
Lea,Barry,71737044
Marc,Mcintosh,88436193
Charlotte,Smith,51411984
Beatrix,Angus,43299683
Harry,Ferguson,53442347
Lea,Angus,42173730
Harry,Smith,69556340
Marc,Mcintosh,76447484
Harry,Angus,76857829
Harry,ohairy,45206002
James,Angus,45450041
Lea,Smith,44800211
Charlotte,Ferguson,84822059
Marc,ohairy,87374003
Charlotte,ohairy,59810589
Beatrix,Angus,46249975
James,Ferguson,87640327
James,ohairy,48424864
Charlotte,ohairy,75571210
Marc,Mcintosh,44888324
James,Ferguson,71903808
Harry,Barry,53585722
James,Smith,49692295
Lea,Ferguson,36307304
Lea,ohairy,23533178
Lea,Ferguson,87758476
James,Mcintosh,34863663
James,Barry,50342578
James,Mcintosh,73300969
Charlotte,Ferguson,38816955
James,Ferguson,72831242
Harry,Smith,84148289
Marc,ohairy,64460831
Lea,Angus,84603234
Beatrix,ohairy,79089701
James,Ferguson,28567452
Marc,Barry,17277963
Charlotte,Ferguson,70100221
Marc,Barry,53230894
Marc,Angus,22874518
Lea,Mcintosh,55755687
Lea,Angus,80072439
Beatrix,Barry,49644828
Lea,ohairy,16344534
Beatrix,ohairy,51941535
Marc,Ferguson,75548903
Marc,ohairy,88817846
Marc,Barry,26666671
Charlotte,Angus,69320171
Charlotte,Smith,23881611
Beatrix,Angus,27668749
Beatrix,ohairy,78077803
Beatrix,Angus,37889569
Harry,Barry,31566331
James,Smith,23176529
Harry,ohairy,76682235
James,Barry,39337145
Charlotte,Barry,57378221
Marc,Barry,76742647
Marc,Angus,85104577
Harry,Barry,41118749
Marc,Ferguson,38587949
Marc,Mcintosh,17857865
Harry,Mcintosh,87892304
James,Barry,82551493
Marc,ohairy,25169603
Charlotte,ohairy,32321354
Beatrix,Barry,82178864
Marc,Barry,39712031
Marc,Barry,38052505
Lea,Barry,36173638
Marc,ohairy,77935768
James,Angus,44972401
Harry,Mcintosh,33915889
James,Mcintosh,62827626
Marc,Ferguson,11031226
James,Barry,86913119
James,ohairy,46770663
James,Mcintosh,80475420
James,Angus,40366831
Lea,Angus,85450430
Beatrix,Barry,22775729
Marc,ohairy,58048934
James,Barry,17203662
Marc,Ferguson,48292745
