First Name,Last Name,Matriculation
Harry,Mcintosh,58433049
Harry,Smith,56523234
James,Angus,10230921
Harry,Barry,13188179
James,Angus,46529085
Harry,Smith,30009864
James,Mcintosh,70915295
James,Smith,23181980
Harry,ohairy,52362317
Harry,Angus,42101790
James,Smith,32160284
Lea,ohairy,30631802
Beatrix,Ferguson,65324860
Marc,Angus,80739019
James,Barry,27383786
Beatrix,Angus,76945175
Harry,Ferguson,58157006
Marc,Ferguson,57879172
Harry,Mcintosh,15983533
Marc,ohairy,89059682
Charlotte,Ferguson,29877187
Lea,Angus,43687414
Harry,Mcintosh,22529459
Harry,ohairy,70933498
Marc,Angus,40545844
Beatrix,ohairy,72081089
Beatrix,ohairy,86169193
Harry,ohairy,21347239
Marc,Ferguson,42336365
Charlotte,Smith,82753450
Beatrix,Barry,21613696
Lea,Barry,36106058
Lea,Mcintosh,58460048
Charlotte,Smith,23554975
Lea,Angus,36055827
James,Mcintosh,36745013
Harry,Angus,71478222
Lea,Mcintosh,28494520
Charlotte,Smith,16740786
Lea,Mcintosh,49217553
Harry,ohairy,33944475
Harry,Mcintosh,55982141
Harry,Barry,65979578
Harry,ohairy,33502567
Beatrix,Mcintosh,82126326
Lea,Mcintosh,33006698
James,Mcintosh,66358677
Charlotte,Ferguson,20257414
Beatrix,Mcintosh,34862143
Harry,Ferguson,68313219
Charlotte,Mcintosh,60960622
James,Mcintosh,54476845
Beatrix,Ferguson,83734923
Lea,Mcintosh,89278429
Harry,Mcintosh,16098059
Marc,Ferguson,22070171
Harry,Ferguson,73046417
Charlotte,Smith,88853048
Beatrix,Mcintosh,15536244
Harry,Mcintosh,36865275
Harry,ohairy,67567179
Beatrix,Barry,69564450
Lea,ohairy,56166572
Marc,Smith,41460283
James,Ferguson,80733936
Lea,ohairy,18147930
Beatrix,ohairy,70936213
Marc,Angus,72380735
Lea,Barry,87149256
James,Barry,25261940
James,Barry,77148280
Harry,ohairy,15620958
Charlotte,Ferguson,46911583
Marc,Ferguson,30777435
Lea,Mcintosh,18867593
Beatrix,Mcintosh,69469546
Beatrix,Barry,27950115
Beatrix,Barry,50929044
Beatrix,ohairy,40955022
Charlotte,Mcintosh,86615243
Harry,ohairy,43178927
Harry,Smith,28867181
Harry,Smith,13124738
Charlotte,Smith,17776118
Lea,Angus,47961552
Marc,ohairy,89834194
Lea,Smith,66937642
Marc,ohairy,19438705
Lea,Mcintosh,78814219
James,Angus,53250664
Lea,Barry,38084008
James,Barry,33175605
Beatrix,Smith,74242827
James,ohairy,43146848
Harry,Barry,32570177
Lea,Barry,58839177
Marc,Angus,52988292
James,ohairy,31407713
Charlotte,Barry,20244896
Beatrix,Barry,31975554
