First Name,Last Name,Matriculation
Charlotte,Barry,16616353
Lea,Barry,84723875
Beatrix,Barry,20869100
Charlotte,Ferguson,53581637
Harry,Mcintosh,46228243
Lea,Smith,75159798
Charlotte,ohairy,41561336
James,ohairy,67663412
Marc,Mcintosh,74990079
Marc,Ferguson,45101412
James,Angus,67084451
Marc,ohairy,59322248
Beatrix,Mcintosh,16623805
James,Barry,38500711
Lea,Smith,74709119
Harry,ohairy,75381097
James,Mcintosh,74379798
Marc,Smith,41974738
James,Smith,69625978
James,Smith,40439583
Lea,Barry,65206649
Beatrix,Angus,85314378
Beatrix,Mcintosh,26562541
Charlotte,ohairy,75522200
Beatrix,Mcintosh,45939631
James,Ferguson,77004118
James,ohairy,47053110
Harry,Smith,21415587
Lea,ohairy,51550602
Charlotte,Mcintosh,35930726
Charlotte,Smith,60324136
Beatrix,Smith,19087476
James,Mcintosh,31319111
Harry,Angus,10865850
James,Angus,29039608
Harry,Ferguson,21682990
Beatrix,Mcintosh,10308313
Harry,Barry,65697119
Lea,ohairy,55453918
Charlotte,Barry,57501482
Beatrix,Angus,25513688
James,Angus,47282379
Harry,Smith,73840095
Harry,Barry,56157167
Harry,Mcintosh,74205551
Beatrix,Barry,49587773
Harry,Ferguson,73492895
Charlotte,Smith,20250504
Charlotte,Mcintosh,85516362
Lea,Angus,76088999
Lea,ohairy,79106138
Lea,Ferguson,14543483
Beatrix,Barry,36475403
Marc,Mcintosh,25993627
Harry,Angus,56046261
Beatrix,Mcintosh,19989338
Beatrix,ohairy,22534637
Harry,ohairy,88090149
James,ohairy,55854221
Lea,ohairy,82046620
Marc,Mcintosh,14082624
Harry,Ferguson,74674426
Harry,Mcintosh,21824417
Beatrix,Ferguson,44660320
Lea,Ferguson,83771185
Beatrix,Barry,86495350
Charlotte,Barry,78767358
Beatrix,Mcintosh,64915090
Harry,Barry,76032854
Beatrix,Mcintosh,54878952
Marc,Angus,57972234
Marc,Smith,22016495
Marc,Angus,12656075
Charlotte,Smith,74745006
Lea,Mcintosh,25590501
Marc,ohairy,17642129
Charlotte,ohairy,75501880
Harry,Mcintosh,86789422
Lea,ohairy,67517255
Marc,Barry,21323167
Charlotte,Smith,87818791
Harry,Angus,75483798
Beatrix,ohairy,60754093
Beatrix,Ferguson,68334195
James,Ferguson,54091612
Lea,Angus,13528922
Lea,Barry,41652164
Lea,Barry,64852509
Charlotte,Mcintosh,80270527
Beatrix,Mcintosh,22447287
Harry,ohairy,65337780
Harry,Ferguson,84284255
Marc,Ferguson,38353100
Marc,Angus,29921638
Marc,Barry,74403406
Beatrix,Angus,78571186
Lea,Mcintosh,16955244
Charlotte,Smith,36726148
Marc,Mcintosh,31931068
Harry,Smith,71763778
