First Name,Last Name,Matriculation
Lea,Mcintosh,35328745
Lea,Mcintosh,61217178
Lea,ohairy,48642966
Beatrix,Barry,61692093
Lea,ohairy,66699001
James,ohairy,48295981
Harry,Ferguson,72867063
Beatrix,Mcintosh,23187412
James,Angus,88618979
James,Angus,25303039
Beatrix,Angus,62002647
Marc,ohairy,69512654
Marc,Mcintosh,88338958
James,Angus,83631020
James,Mcintosh,39225044
Harry,ohairy,45485651
James,Smith,57262890
James,Angus,61699186
Lea,Ferguson,52070304
Charlotte,Mcintosh,74013093
Marc,Ferguson,35276597
James,Ferguson,55985576
James,ohairy,45136731
James,Barry,20740953
Beatrix,Mcintosh,16606585
Lea,Barry,27148489
Beatrix,Barry,83111327
Harry,Ferguson,78226946
Marc,Ferguson,21961309
Harry,Angus,80815810
Marc,Smith,36148023
Lea,ohairy,22891990
Harry,Angus,85244933
Marc,ohairy,39579812
James,Smith,59550239
Marc,Smith,78412286
Marc,Mcintosh,23289530
Harry,ohairy,49556637
Marc,Smith,52847765
Lea,Ferguson,17709715
James,Mcintosh,47156705
Charlotte,Mcintosh,79677413
Marc,Angus,22674541
Lea,Barry,71668379
Beatrix,Barry,42463747
Harry,Ferguson,89183261
Beatrix,Ferguson,12253199
Marc,Smith,71650691
Lea,Barry,80241642
Lea,ohairy,44606344
Marc,Ferguson,68229543
Harry,Smith,51320669
Beatrix,Mcintosh,85037266
Marc,Smith,86962439
James,ohairy,60869573
Charlotte,Smith,55137821
Lea,Smith,61354663
Charlotte,Barry,60505930
Charlotte,Barry,87006093
Charlotte,Ferguson,22404084
James,Mcintosh,64789335
Marc,Ferguson,38885926
Harry,Smith,25744844
Beatrix,Angus,17140846
Charlotte,Angus,25880172
Lea,Ferguson,30547348
Charlotte,Mcintosh,76948584
James,Barry,40072667
Beatrix,Smith,89651592
Lea,ohairy,26520421
Marc,Smith,87893845
James,Mcintosh,85511038
Harry,ohairy,54854429
Marc,Smith,34504367
Lea,Ferguson,54746315
Marc,Ferguson,71371792
Lea,ohairy,41639022
Beatrix,Ferguson,71477054
Charlotte,ohairy,56849360
James,Barry,37572870
Charlotte,Barry,67584754
Lea,Ferguson,87993064
Harry,Barry,67402503
Charlotte,ohairy,20824249
James,Smith,62434430
Beatrix,Smith,71362161
Charlotte,Mcintosh,42280801
Beatrix,Ferguson,82408491
Marc,Smith,76000855
Lea,Barry,89038698
Harry,Angus,42555178
Lea,Angus,42098443
Charlotte,Mcintosh,32184641
Harry,Ferguson,57175541
Charlotte,Mcintosh,18175392
Charlotte,Angus,29372344
Beatrix,Mcintosh,34034458
Lea,Angus,61791249
Lea,Mcintosh,36663966
Charlotte,Smith,83511369
