First Name,Last Name,Matriculation
Marc,Angus,56229909
Beatrix,Ferguson,15767559
Lea,ohairy,60904628
James,Angus,23813897
Marc,ohairy,27646206
Lea,Smith,23733861
Beatrix,Ferguson,49083566
Beatrix,ohairy,30234287
James,Barry,81728423
James,ohairy,83161619
Beatrix,Angus,40535521
Harry,Mcintosh,86782636
Marc,Angus,77218302
Lea,Mcintosh,18511643
Beatrix,Ferguson,41549291
Beatrix,Ferguson,30891927
Marc,Mcintosh,40339296
Marc,Barry,71063143
Harry,Smith,42363536
Charlotte,Ferguson,27105312
James,Angus,32929933
Beatrix,Angus,51217727
James,Barry,63859912
Harry,Barry,61384893
Marc,ohairy,82547629
Lea,Angus,62741756
Lea,Mcintosh,55030967
Lea,Ferguson,45595643
Harry,Mcintosh,26556811
Charlotte,Mcintosh,44537623
James,Angus,45669317
Marc,Ferguson,56489776
James,Ferguson,43613573
Charlotte,Angus,13962332
Charlotte,Smith,63273502
Lea,Smith,38058059
James,Mcintosh,37549155
James,Smith,25396457
Beatrix,Smith,59553770
Marc,Barry,19718784
James,Smith,43651650
Lea,Smith,69063020
Lea,ohairy,63581065
Harry,Smith,49029728
Harry,ohairy,62535284
James,Mcintosh,71454425
Marc,ohairy,82158253
Lea,Ferguson,67865121
Lea,ohairy,84676370
Marc,Smith,83590884
Marc,ohairy,45283915
Marc,Mcintosh,75545868
Beatrix,Angus,61463690
Lea,ohairy,77300901
Lea,Mcintosh,50051525
Beatrix,Angus,16685011
Lea,Smith,69699290
Harry,Smith,29055838
Lea,Smith,46356228
Harry,Barry,13360433
James,Barry,51081877
Beatrix,Angus,22523619
Charlotte,Smith,57379226
Lea,Smith,18456815
Lea,Ferguson,22915435
Marc,Smith,28682925
Lea,Angus,10559414
Charlotte,Smith,44298451
Harry,Barry,19008878
Harry,Mcintosh,62128709
Marc,ohairy,81910944
Charlotte,Mcintosh,32008555
James,Angus,26887733
Marc,Mcintosh,20067514
Beatrix,Barry,43561672
Harry,Smith,54820715
Harry,ohairy,27046032
Beatrix,Smith,32783844
Lea,Barry,76235221
Lea,Angus,34117796
Lea,Angus,50086383
Lea,Barry,40911218
Charlotte,Smith,66597637
Harry,ohairy,11378521
Marc,Ferguson,18584807
Harry,Ferguson,68683001
Harry,ohairy,20447608
James,Mcintosh,56776548
Beatrix,ohairy,76277540
Lea,Smith,85269382
James,Ferguson,22321110
Beatrix,Angus,30487962
Marc,Barry,51227543
Marc,Ferguson,24408708
Marc,Ferguson,84040283
Beatrix,Ferguson,24876030
Charlotte,Mcintosh,74290271
Beatrix,Ferguson,81977744
Beatrix,Angus,64203514
Marc,Ferguson,70497217
