First Name,Last Name,Matriculation
Harry,Angus,27018338
Harry,Angus,54819394
Lea,Smith,70494608
James,ohairy,77932963
Charlotte,Ferguson,79507340
James,ohairy,69470057
Charlotte,Barry,64980441
Harry,Ferguson,29690886
Charlotte,Angus,44964446
Lea,Angus,24269150
Beatrix,Angus,21531019
Beatrix,Barry,85896821
Harry,Barry,89526569
James,Angus,39519589
Marc,ohairy,73899609
Harry,ohairy,25916896
Charlotte,ohairy,72540297
Lea,Mcintosh,31727148
Lea,Ferguson,88489606
James,Smith,11680332
Charlotte,Barry,42134065
Lea,ohairy,74014215
Lea,Angus,78179648
Harry,Angus,30207497
Marc,Ferguson,86905266
James,Mcintosh,81021948
Charlotte,Barry,64624265
Charlotte,Ferguson,20455902
Charlotte,Mcintosh,56182862
Charlotte,Smith,38912458
Harry,Ferguson,83041968
Beatrix,Barry,39983008
Harry,Barry,25250364
Marc,Ferguson,46043217
Charlotte,Smith,83619932
Charlotte,ohairy,65624363
Beatrix,Angus,31015540
Marc,Angus,86132474
Lea,Angus,20814770
Lea,Angus,54964520
Lea,Smith,41018277
James,Mcintosh,75557823
Lea,ohairy,17845254
Lea,Angus,70706846
James,Angus,55213062
Lea,Barry,87061450
Lea,Angus,44500416
Harry,Barry,38094530
Charlotte,Angus,15269654
Lea,Barry,44344340
Charlotte,Smith,47170087
James,Barry,39278660
James,ohairy,54358693
Marc,Barry,20289273
James,Mcintosh,20386924
Beatrix,Angus,20053531
Charlotte,Ferguson,84128025
Charlotte,ohairy,89671269
Charlotte,Barry,55350031
Harry,Smith,11571248
Beatrix,ohairy,44354882
Beatrix,Barry,44975149
Harry,Barry,81563597
James,Angus,86204095
Beatrix,Mcintosh,45966075
Charlotte,Angus,61583619
Charlotte,ohairy,42524274
Lea,Angus,52188934
Beatrix,Barry,88071075
Lea,Mcintosh,24752963
Lea,Mcintosh,85301094
Lea,ohairy,54617732
Beatrix,Angus,11867542
Beatrix,Ferguson,70533175
Beatrix,Mcintosh,31649984
Harry,Ferguson,83418650
Harry,Ferguson,39248044
Beatrix,Angus,39340911
Beatrix,Barry,43394891
Lea,Angus,18436940
James,Smith,13722752
James,ohairy,49828226
Harry,ohairy,31515393
Harry,Ferguson,56200560
Harry,Barry,70017963
James,ohairy,73982923
Lea,Mcintosh,72800245
Beatrix,Smith,26123017
Harry,Mcintosh,73545939
Charlotte,Smith,75565030
James,Mcintosh,30604312
James,Angus,89620717
Harry,ohairy,86977390
Charlotte,Barry,18448938
Beatrix,Angus,38825461
Lea,Barry,54799825
James,Barry,34853470
Charlotte,Mcintosh,66821024
Charlotte,ohairy,63330255
Beatrix,Barry,37890678
