First Name,Last Name,Matriculation
Harry,Barry,24654176
Harry,Mcintosh,87192466
Beatrix,Barry,33310047
Harry,Smith,84257858
Harry,Mcintosh,76791049
Harry,Angus,81246218
Marc,Angus,32960158
Beatrix,Mcintosh,17195614
Harry,Barry,81858184
Beatrix,Angus,86311913
Harry,Mcintosh,19117228
Marc,Barry,76463357
Marc,Ferguson,51107640
Marc,ohairy,61705211
Charlotte,Smith,42630208
Harry,ohairy,66106793
Beatrix,Barry,34200481
Harry,Smith,15829994
Lea,Angus,42471461
James,Mcintosh,36341137
Harry,Angus,13525471
Beatrix,Barry,84609529
Charlotte,Ferguson,61906759
Charlotte,Mcintosh,46006077
Lea,Mcintosh,36036741
Harry,ohairy,22334955
James,Ferguson,59118629
Charlotte,Mcintosh,17081815
Charlotte,ohairy,20317386
James,Smith,17066009
James,Mcintosh,78912877
Charlotte,Mcintosh,78967715
James,Mcintosh,62914415
Lea,Barry,20259935
Harry,Angus,49425255
James,Smith,72238295
Lea,Ferguson,19548164
Harry,Angus,20029802
Charlotte,Ferguson,62970071
Beatrix,Ferguson,83079002
Beatrix,Mcintosh,29482545
Harry,Mcintosh,62907746
Marc,Barry,44973001
Harry,Angus,28581230
Lea,ohairy,24526973
Beatrix,Smith,73346337
Marc,ohairy,54592540
Harry,Ferguson,40217967
Marc,Mcintosh,45501598
James,Smith,45174894
Charlotte,Barry,17790101
Charlotte,ohairy,28630579
Charlotte,Barry,71240397
Marc,Mcintosh,42450902
Lea,Mcintosh,44221896
Beatrix,Smith,69638617
Charlotte,Mcintosh,77435898
Harry,Barry,57976712
Harry,Ferguson,52814357
Charlotte,ohairy,34307684
Lea,Ferguson,82163716
Charlotte,Ferguson,42129526
Beatrix,Ferguson,19183417
Beatrix,ohairy,43137197
Marc,Barry,25786356
Charlotte,Barry,16372792
James,Angus,25417733
Marc,ohairy,78882632
Lea,Smith,55156228
Marc,Mcintosh,60664017
Marc,Ferguson,31085096
Marc,Smith,36913975
Lea,ohairy,47207710
Charlotte,Ferguson,62020846
Harry,Ferguson,22542797
Charlotte,Smith,58402108
Charlotte,Mcintosh,79632483
Marc,Smith,83766493
Lea,Mcintosh,20351733
Marc,Angus,64450178
Harry,Barry,45668728
Charlotte,Mcintosh,86898045
James,Mcintosh,59521347
Beatrix,Smith,36023671
Harry,Barry,50951188
Charlotte,Angus,83451089
Charlotte,ohairy,85911936
Harry,Ferguson,19651561
James,Mcintosh,14916307
James,Ferguson,17113276
Lea,Barry,65762554
Lea,Smith,41861839
Beatrix,ohairy,88642595
James,ohairy,71036504
Charlotte,Ferguson,60032156
James,Barry,59233979
Charlotte,Ferguson,30114508
Lea,Angus,82254280
Marc,Barry,40079547
Beatrix,Smith,28707988
