First Name,Last Name,Matriculation
Lea,Ferguson,20743265
Marc,Angus,82465991
Lea,ohairy,15667819
Lea,Barry,41986133
Marc,Smith,56216392
Lea,Mcintosh,16914081
James,Angus,74832074
Marc,Smith,34440594
Marc,Mcintosh,13025448
Beatrix,Barry,50943365
Charlotte,Ferguson,30699072
James,Ferguson,30979863
Charlotte,Barry,88742233
Lea,Angus,34765138
Lea,Mcintosh,30110646
Charlotte,Ferguson,57312025
James,ohairy,45887785
Marc,Angus,34885101
James,Mcintosh,12867421
Harry,Mcintosh,13119823
Marc,Ferguson,19690836
Lea,Smith,52132014
Marc,Angus,40418908
Harry,Barry,38428679
Marc,Mcintosh,46976554
Beatrix,ohairy,39789383
Harry,Smith,55657123
Marc,Barry,79670889
Lea,Angus,79671653
Charlotte,Angus,82933205
Lea,Ferguson,79228388
Marc,Smith,52222571
Marc,Angus,74511390
Harry,Smith,66045011
Charlotte,ohairy,67753899
Lea,Barry,27234925
Charlotte,ohairy,58347001
Charlotte,Angus,12285933
Lea,Smith,85963971
Beatrix,Mcintosh,23979652
James,Angus,34457630
Charlotte,ohairy,76920973
Beatrix,Angus,83940420
Harry,Mcintosh,81392262
James,Smith,64839861
Charlotte,ohairy,28330225
Harry,Mcintosh,81698165
Lea,Mcintosh,82123586
Marc,Mcintosh,78015967
Harry,Barry,74981139
Charlotte,Angus,63599565
Lea,Mcintosh,66307100
James,ohairy,80856344
Marc,Angus,14546841
James,Ferguson,27289709
Beatrix,ohairy,80685123
Beatrix,Barry,22133860
Charlotte,Ferguson,29292653
Lea,Barry,55123403
James,ohairy,53454079
James,Barry,28275307
Lea,Angus,10442552
James,Ferguson,51383248
Beatrix,Smith,80273398
Harry,Barry,40553598
Lea,Barry,62753024
Charlotte,Angus,47667109
James,Smith,40229223
Charlotte,Smith,50260336
James,Barry,83869641
Lea,Angus,42955738
Marc,Ferguson,58514227
James,ohairy,86638852
Harry,ohairy,48645572
Charlotte,Smith,68927694
James,Smith,22634775
Charlotte,Angus,60062647
Charlotte,Mcintosh,33600898
Marc,Angus,15131092
James,Barry,60660472
Lea,Angus,43088219
Harry,Angus,13181588
Marc,Mcintosh,62956496
James,Angus,33345432
Harry,ohairy,56686536
Lea,ohairy,26203108
James,Mcintosh,65793221
James,ohairy,15941682
Beatrix,Smith,33266130
Marc,ohairy,81757229
Marc,Barry,62379054
Marc,Smith,51020709
Harry,Ferguson,48002368
Harry,Angus,37348111
Charlotte,Barry,79927912
James,Mcintosh,44688202
Marc,Barry,36382377
Lea,Angus,88414785
Charlotte,Barry,52854765
Charlotte,Barry,62150033
