First Name,Last Name,Matriculation
Lea,Smith,62892210
Beatrix,Ferguson,36890498
Harry,Barry,38084810
James,Smith,41995987
Charlotte,Ferguson,33001147
James,Mcintosh,55069230
Lea,ohairy,65537737
Charlotte,Smith,26793163
Lea,Angus,30378644
Beatrix,Barry,83389395
James,Angus,37199696
James,Ferguson,48599717
Harry,Ferguson,33310853
Harry,Smith,67874202
Harry,Smith,57741306
Harry,Ferguson,63864854
Charlotte,Mcintosh,68421500
Harry,Smith,59775295
Beatrix,Barry,46278178
Lea,Smith,67349316
Charlotte,Barry,13361642
Beatrix,Smith,45428952
James,ohairy,37699069
Beatrix,Ferguson,24975995
Beatrix,Angus,18702446
Charlotte,ohairy,50064135
Harry,Barry,37113098
Charlotte,Ferguson,62203620
James,Mcintosh,37844399
James,Mcintosh,36364840
Harry,Mcintosh,15150087
Harry,ohairy,81302040
James,Mcintosh,34221602
Harry,Smith,50891025
Harry,Smith,30613156
Marc,Angus,34499079
Harry,Mcintosh,79335928
Charlotte,Barry,37067850
Harry,Barry,36656563
Lea,Ferguson,75727390
Harry,Smith,74876765
Beatrix,Angus,89522458
Harry,Mcintosh,14347232
James,Smith,64160056
James,ohairy,27907642
James,Barry,31925019
Charlotte,Barry,34213475
Lea,Smith,55041301
James,Smith,76651378
Lea,Barry,66747770
Charlotte,Smith,51755538
Marc,Barry,58254881
Marc,ohairy,81807599
Beatrix,Ferguson,35935720
James,Angus,54078484
Charlotte,Angus,70459064
Marc,Barry,13045072
Lea,Smith,66646756
Charlotte,Barry,15244111
Harry,Barry,77097570
Beatrix,Barry,38999098
Beatrix,Smith,76099001
Marc,Ferguson,18217325
Marc,Smith,54800493
Charlotte,ohairy,36197910
Charlotte,Smith,39318782
James,Angus,19496264
Lea,Smith,44545283
Harry,Mcintosh,49077737
Beatrix,Mcintosh,59829082
James,Angus,71647851
Charlotte,Ferguson,42054507
Beatrix,Angus,11662677
Lea,Smith,11853414
James,Angus,10811173
Harry,Smith,45141007
Harry,Angus,14041451
Marc,Smith,46609633
Lea,Mcintosh,36111983
James,Smith,20457048
James,Smith,65959871
Marc,Ferguson,80594032
Lea,Ferguson,79631936
Marc,Ferguson,55788557
Beatrix,Mcintosh,48686076
Charlotte,ohairy,88687590
Harry,Smith,43297501
Charlotte,Smith,34137417
James,Angus,15908051
Marc,Mcintosh,34673284
Charlotte,Smith,39559011
Beatrix,ohairy,80458520
Charlotte,Mcintosh,81563349
James,Barry,76331365
Lea,Angus,61936204
Lea,Barry,39365794
Lea,Ferguson,17443932
James,ohairy,28682378
James,Mcintosh,59755733
Charlotte,Angus,81440279
