First Name,Last Name,Matriculation
Beatrix,Mcintosh,74862961
Lea,Angus,71443081
Marc,Mcintosh,50235063
Lea,ohairy,62860625
James,Barry,13358353
Marc,ohairy,78097309
James,Angus,47315967
Charlotte,Smith,17580504
Charlotte,Mcintosh,69242295
Beatrix,Barry,36320306
James,Ferguson,85548472
James,Angus,49222142
Charlotte,ohairy,67934151
Lea,Angus,44981264
Marc,ohairy,76035560
Lea,Barry,43731867
Beatrix,ohairy,38332617
Beatrix,Barry,61372222
Lea,Mcintosh,27515610
Charlotte,Barry,31316250
Beatrix,Barry,74019893
Marc,Smith,81006009
Beatrix,Barry,49640259
Marc,Angus,32613139
Charlotte,Barry,54445649
Charlotte,Ferguson,40943162
Charlotte,ohairy,88157685
Harry,ohairy,21454237
Marc,Angus,62156666
Lea,Smith,33676899
Lea,ohairy,17906677
Marc,Ferguson,30557482
Lea,Ferguson,39825738
Harry,ohairy,73708611
Charlotte,Ferguson,71720876
Beatrix,Smith,28480066
Lea,ohairy,21318115
Marc,Smith,31956583
Harry,Smith,68057432
Marc,Barry,65843776
Lea,Mcintosh,44400743
Harry,Angus,10631210
James,ohairy,55350032
Harry,ohairy,59750129
James,Barry,61103925
James,Angus,40930184
Marc,ohairy,58534657
Harry,ohairy,40392767
Harry,ohairy,66006555
Harry,Smith,86924905
James,ohairy,18453505
Harry,Smith,38891786
Lea,Ferguson,68042336
Harry,Smith,36482354
Charlotte,Smith,50656893
Beatrix,Smith,43123401
James,ohairy,39417261
Charlotte,Barry,77386533
Charlotte,Angus,89096414
James,Angus,65204908
Lea,ohairy,69776863
Beatrix,Mcintosh,51920574
James,Mcintosh,10979807
James,ohairy,81990054
Beatrix,Ferguson,46859477
Marc,Mcintosh,64694882
Harry,ohairy,70232249
Harry,Barry,40935534
Charlotte,ohairy,73104612
Lea,Mcintosh,80582169
Harry,Mcintosh,50696161
Marc,Mcintosh,18805204
Harry,ohairy,52478520
Marc,Smith,88496046
James,Mcintosh,24148973
Marc,Smith,86833767
Charlotte,Angus,32160775
James,Mcintosh,44594364
Marc,Mcintosh,68646958
Harry,ohairy,42686415
Charlotte,Smith,52491907
Harry,Smith,84268823
James,Mcintosh,74714877
Harry,Smith,22885569
Harry,Mcintosh,20914171
Harry,Angus,80108036
Marc,Ferguson,83652547
Lea,Ferguson,47492121
Beatrix,Smith,48758762
Harry,ohairy,86980964
Harry,ohairy,69062165
James,Smith,34854011
Lea,Barry,59509535
James,Smith,46180507
Marc,Smith,68237881
Marc,Mcintosh,72882614
Beatrix,ohairy,32990758
Charlotte,Barry,72428144
Charlotte,Mcintosh,87303621
Beatrix,Smith,88651599
