First Name,Last Name,Matriculation
Marc,Smith,54528973
Lea,Ferguson,43187278
James,Ferguson,47098751
Marc,Angus,31771377
Charlotte,ohairy,14224677
Beatrix,Ferguson,63567074
Marc,Angus,33134867
James,ohairy,64208953
Beatrix,Barry,21193695
Marc,Ferguson,30152175
James,Smith,54509383
Marc,ohairy,53762631
Harry,Smith,24031437
Harry,Angus,65364281
Lea,Mcintosh,62682221
Harry,ohairy,18733869
Charlotte,Mcintosh,25125374
James,Angus,19904355
Charlotte,Smith,24922198
Marc,Angus,32028522
Beatrix,Angus,33908224
James,Mcintosh,77251727
Charlotte,Barry,89212009
Marc,Angus,68751405
Harry,Ferguson,26803929
Beatrix,Ferguson,83723239
Beatrix,Angus,31223812
Harry,Mcintosh,51783192
Charlotte,Ferguson,45874703
Marc,Angus,80321587
James,Ferguson,22666109
Harry,Barry,33844095
Marc,Barry,46553916
James,Angus,64161621
Marc,Angus,75324438
Beatrix,Ferguson,24532202
Beatrix,Ferguson,83588243
Beatrix,Mcintosh,48763587
Harry,Mcintosh,71057631
James,Smith,57828694
Beatrix,Mcintosh,58411665
Beatrix,Barry,14654491
Marc,Barry,57419945
Harry,Ferguson,55413982
Marc,Barry,41449276
Harry,Smith,70581551
James,Mcintosh,13649007
Charlotte,ohairy,53448444
Harry,Barry,20483186
Lea,Smith,33365825
Lea,Angus,82818710
Charlotte,Mcintosh,36489134
Lea,Barry,41523649
Harry,Angus,49005186
Beatrix,ohairy,59580499
Beatrix,Mcintosh,82888872
Beatrix,Angus,46663786
James,Ferguson,21237605
Marc,Smith,74498190
James,ohairy,38810109
Harry,Smith,46378237
Charlotte,Smith,89380790
Harry,ohairy,85359963
Beatrix,Barry,34641842
Marc,Mcintosh,80647343
James,Mcintosh,39816871
Charlotte,Mcintosh,71500893
Lea,Angus,27104021
Lea,Ferguson,63847972
Harry,Barry,21635864
Harry,Ferguson,70975937
Marc,Barry,66398296
Marc,Angus,71714039
Lea,Smith,81746756
Lea,ohairy,57577974
Harry,Angus,83812456
Marc,ohairy,75299052
Beatrix,Angus,69063289
Lea,Smith,12161465
Lea,ohairy,59850955
Harry,Ferguson,23225439
Beatrix,Angus,43322384
Beatrix,ohairy,45529351
Lea,Smith,64786268
Lea,Ferguson,62163877
Harry,Ferguson,14328003
Beatrix,ohairy,60776544
James,Angus,17953641
Beatrix,Ferguson,48661479
James,Mcintosh,89243163
Lea,Barry,42233303
Lea,Mcintosh,35622958
Harry,Angus,16007346
James,ohairy,75239977
Marc,Ferguson,58035817
Harry,Smith,80349792
Harry,Mcintosh,13006242
Harry,Smith,55015583
Beatrix,Smith,20564342
James,Ferguson,41767609
