First Name,Last Name,Matriculation
Charlotte,Angus,76483946
Harry,ohairy,48573410
James,Angus,15032826
Marc,Smith,29232417
Beatrix,Barry,72430312
Charlotte,Ferguson,15231318
Beatrix,Smith,57634516
Harry,Barry,22348938
Marc,Mcintosh,44574907
Charlotte,Angus,73157778
Harry,Angus,20892435
Lea,Smith,89579517
Beatrix,Barry,49996751
Marc,Smith,29644801
Harry,Angus,41310391
Beatrix,Smith,67135734
Marc,ohairy,21727143
James,Smith,59721215
Lea,Ferguson,23042400
Beatrix,Angus,23720823
Marc,Ferguson,79028424
Marc,Ferguson,31396025
Marc,ohairy,72386738
Charlotte,ohairy,77701352
Harry,Smith,69173733
Marc,Mcintosh,13858401
James,Smith,48150022
James,Angus,83733034
Lea,Ferguson,74521806
Beatrix,Smith,79957690
James,Mcintosh,22704182
Lea,Ferguson,76632085
Marc,ohairy,36296906
Marc,Angus,28417316
Harry,Smith,67435022
James,Ferguson,57691980
Beatrix,ohairy,42304964
Beatrix,Barry,51183478
Marc,Mcintosh,40397475
Beatrix,ohairy,35082107
Marc,Smith,10349902
Charlotte,Ferguson,13235290
Beatrix,Barry,69835881
James,Angus,39249131
James,Barry,29611237
James,Angus,17108467
Lea,Ferguson,47179641
Charlotte,ohairy,40450767
Lea,Barry,71931152
Beatrix,Mcintosh,73273340
Harry,Smith,37516026
Harry,Ferguson,63243871
Beatrix,Smith,44605140
James,Angus,70030051
Harry,Mcintosh,46123219
Lea,Angus,38634213
Lea,Mcintosh,24043189
Charlotte,Ferguson,62202887
Charlotte,Mcintosh,25101798
Harry,Barry,60377266
Beatrix,Angus,63302200
Charlotte,Angus,60066599
Harry,Barry,44328326
Harry,Ferguson,24567645
Harry,Angus,28849205
Lea,Smith,23793645
Harry,Barry,38784780
Charlotte,Ferguson,17469135
Lea,Ferguson,14368735
Harry,ohairy,83603274
James,Mcintosh,82767598
Charlotte,Smith,80383118
Marc,ohairy,37542784
Lea,Smith,10871145
Beatrix,Mcintosh,34863496
James,Ferguson,89739463
Lea,Ferguson,24325468
Lea,Barry,50781596
Charlotte,ohairy,85109990
Charlotte,Ferguson,88682113
Marc,Mcintosh,59617873
Lea,Ferguson,80456167
James,Ferguson,64420645
Harry,Mcintosh,21403522
Lea,Smith,51063632
Charlotte,Ferguson,88555572
Harry,Mcintosh,42278774
Beatrix,Mcintosh,52256969
Harry,Mcintosh,60533600
James,Angus,36434062
Beatrix,Angus,64204509
Marc,ohairy,85934537
James,Barry,15754704
Lea,Mcintosh,32919206
Harry,Smith,82394161
Marc,Angus,81808920
Marc,Mcintosh,62796867
Lea,ohairy,71858080
Harry,ohairy,86947782
Beatrix,Ferguson,64919990
