First Name,Last Name,Matriculation
Lea,Mcintosh,23812430
Harry,Ferguson,23861266
Marc,Ferguson,72900843
Beatrix,Ferguson,49359755
Charlotte,Barry,18366911
Lea,Smith,25073437
Harry,Mcintosh,75868496
Charlotte,Angus,54276150
Marc,Ferguson,66144787
Lea,Smith,22230030
Charlotte,Barry,43819497
Harry,Ferguson,71581644
Lea,Smith,37905852
Lea,Mcintosh,38482478
Lea,Mcintosh,83525531
James,Ferguson,47732750
Lea,Barry,55120490
James,Barry,18418790
Beatrix,ohairy,42557693
Lea,Ferguson,41044520
Harry,Barry,18408149
Charlotte,Ferguson,68076126
James,Angus,88046509
Charlotte,Barry,14866582
Marc,Mcintosh,26504566
Harry,Smith,65711224
Beatrix,Mcintosh,51401444
Beatrix,Smith,29140085
Lea,Angus,48596388
James,Mcintosh,34858906
Beatrix,Ferguson,15939087
Beatrix,Smith,41166840
Harry,Smith,25488351
James,Angus,42976661
Marc,Angus,76038120
Charlotte,Ferguson,15036249
Charlotte,Angus,81286286
Harry,Ferguson,77021657
Charlotte,Mcintosh,36197171
Charlotte,ohairy,79823743
Charlotte,Mcintosh,34432183
Charlotte,Mcintosh,54104021
Marc,Ferguson,77302020
Charlotte,Smith,79444409
James,Barry,71888420
James,ohairy,44197770
James,Angus,27789020
James,Smith,63145104
James,Ferguson,76096665
Charlotte,Ferguson,21953576
Harry,Barry,21879564
Beatrix,Mcintosh,25333971
Harry,ohairy,88757065
Lea,Ferguson,40893990
James,Barry,38572937
Charlotte,Barry,47277740
James,Mcintosh,45444571
Charlotte,Mcintosh,67097838
Harry,Mcintosh,30733995
Marc,Smith,51720522
James,Smith,54690284
Marc,Mcintosh,81671601
James,Mcintosh,59286698
Harry,Barry,66959462
Charlotte,Angus,29198721
Marc,Angus,72290361
Lea,ohairy,71638294
Marc,Barry,44720975
Beatrix,ohairy,85470665
Harry,Smith,85492489
James,Barry,43889748
Lea,Angus,72537228
Marc,Smith,52230890
Beatrix,Smith,47641846
Marc,Barry,54154213
Marc,Smith,66615946
Beatrix,Smith,75553181
James,Angus,83266461
Marc,Ferguson,73541758
James,Ferguson,25144937
Beatrix,Angus,88849181
Marc,Ferguson,23290375
Charlotte,Mcintosh,49849294
Marc,Barry,55646527
James,Ferguson,72000481
Lea,Barry,24154890
Marc,Barry,35717078
Harry,Angus,38886669
Beatrix,Barry,89102750
Lea,Barry,83563424
Lea,Barry,39650089
Lea,ohairy,28279421
Harry,Barry,46131656
Charlotte,Ferguson,35101406
Lea,ohairy,39506975
Marc,Angus,61602171
Beatrix,Ferguson,78972006
Lea,ohairy,53561739
Marc,Mcintosh,76807376
Beatrix,Barry,81585035
