First Name,Last Name,Matriculation
Harry,Barry,37906561
James,ohairy,66705129
Charlotte,Barry,76931220
Marc,ohairy,82998930
Marc,Smith,44589851
Beatrix,Angus,62396196
Lea,Smith,75302562
Charlotte,ohairy,13812911
James,Ferguson,14733919
Charlotte,ohairy,20044157
James,Barry,78463742
Lea,Smith,87362692
Charlotte,Smith,26376101
James,Angus,75477072
Lea,ohairy,20387744
Lea,ohairy,77711534
Harry,Barry,89170396
Lea,Barry,55993883
Lea,Ferguson,71323316
Lea,Angus,13673979
Marc,Mcintosh,40712774
Harry,Ferguson,12390175
Harry,Mcintosh,45122507
James,Angus,12429291
Lea,Angus,60360406
Charlotte,Angus,61994353
Charlotte,Angus,38207791
Beatrix,Angus,50289193
Harry,Smith,60501291
Charlotte,Barry,31187680
Beatrix,Mcintosh,83606691
Beatrix,Mcintosh,59047663
Charlotte,Ferguson,38997256
Charlotte,ohairy,57879110
James,Angus,86478950
James,Mcintosh,42456787
Beatrix,Mcintosh,26624071
Harry,ohairy,14313867
Harry,ohairy,78800715
James,Mcintosh,44396820
Marc,Smith,10595345
James,Mcintosh,25214024
James,Ferguson,67683972
Harry,Smith,54720196
Charlotte,ohairy,34633280
Harry,ohairy,57041491
Charlotte,Ferguson,68270190
Marc,Mcintosh,63146609
Marc,Smith,14629149
Charlotte,Angus,15461514
Beatrix,Smith,62652220
Beatrix,Barry,37517246
Lea,Barry,26204316
Lea,Angus,82389067
Harry,Mcintosh,68771241
Lea,Ferguson,86525567
Charlotte,Smith,35238155
Lea,Smith,28119803
Charlotte,Barry,81437121
Lea,Smith,49091652
Lea,ohairy,19868046
Beatrix,Angus,67593233
James,Mcintosh,15810237
James,Barry,23637054
Beatrix,Barry,63228282
Lea,Ferguson,27333321
James,Mcintosh,60609208
James,Mcintosh,87092256
Lea,Angus,49908223
Lea,Barry,62274119
Marc,Angus,66871756
James,Mcintosh,45435970
Marc,Barry,34698420
Lea,Ferguson,34126429
Marc,Ferguson,78266542
James,Mcintosh,30548977
Beatrix,Mcintosh,14690403
James,Mcintosh,63711978
Beatrix,Angus,83180152
Marc,ohairy,89990560
James,Barry,11285729
Lea,Barry,11521940
Lea,ohairy,13185324
Beatrix,Smith,27158773
Harry,Angus,88943240
Lea,Smith,21146004
Harry,Smith,84123799
James,ohairy,20642664
Marc,ohairy,72009244
Beatrix,ohairy,16656214
Charlotte,Barry,13279145
Marc,Barry,30450176
Marc,Smith,23221806
Charlotte,Mcintosh,35862131
Charlotte,Mcintosh,64181053
Beatrix,Mcintosh,41596387
Beatrix,ohairy,57108996
Beatrix,ohairy,37751117
Marc,Ferguson,31783787
Marc,Mcintosh,38924661
