First Name,Last Name,Matriculation
Beatrix,Mcintosh,11662711
James,Angus,74211633
Lea,Angus,78480116
James,ohairy,57889381
Beatrix,Smith,88884367
Marc,Barry,20603159
Beatrix,Angus,82632685
Charlotte,Barry,81969015
Harry,Mcintosh,16884623
Charlotte,ohairy,59740111
Marc,Ferguson,73593175
James,Barry,50568261
Marc,Angus,70782377
Beatrix,ohairy,64950881
Charlotte,Angus,47152503
Marc,Angus,77256665
Lea,Angus,44655640
Lea,Smith,33197730
Charlotte,Smith,56800300
Harry,Smith,29138256
Marc,Angus,83646684
James,ohairy,62468608
Harry,Barry,82383949
Charlotte,ohairy,59170171
Charlotte,ohairy,69244129
Marc,Mcintosh,49806633
Harry,ohairy,86276418
Marc,Angus,53091457
Charlotte,Mcintosh,76071908
Marc,Smith,53341901
Lea,Ferguson,69238294
Harry,Ferguson,57271909
Lea,Angus,52068295
Beatrix,Smith,39779207
Harry,Smith,67105606
Marc,ohairy,27939698
Beatrix,Ferguson,45203850
Lea,ohairy,57762318
Lea,Barry,35831003
Beatrix,Mcintosh,24095811
Beatrix,Angus,17240418
Marc,Ferguson,72712040
Charlotte,ohairy,66568254
Charlotte,Barry,22811598
Lea,Smith,18623395
Marc,Smith,80834527
Charlotte,Angus,34927833
Marc,Ferguson,33455359
James,Ferguson,52971155
Harry,Ferguson,51572840
James,Ferguson,24903834
Beatrix,Ferguson,51749371
James,Angus,17763810
Lea,Barry,66760774
Harry,Ferguson,53799032
James,ohairy,62397300
James,Ferguson,50149897
Lea,Angus,33398708
Charlotte,Angus,67628856
Lea,Barry,70255231
James,Ferguson,71796217
Marc,Angus,47678052
Charlotte,Barry,42389443
Lea,Ferguson,60853811
James,Mcintosh,67270315
Beatrix,Smith,20333021
James,ohairy,32681785
Harry,Angus,85088691
Marc,Angus,10885971
James,Smith,29239482
Beatrix,Barry,81418243
James,Ferguson,50288298
Charlotte,ohairy,51386816
Charlotte,Ferguson,52745424
Beatrix,Smith,30671734
Marc,Smith,22529296
James,Angus,63127491
Beatrix,Barry,40921389
Marc,Ferguson,71506567
Charlotte,Mcintosh,68012513
James,Barry,37960094
Charlotte,Barry,78017989
Beatrix,Smith,83068011
Lea,Smith,24028848
Charlotte,Smith,51149863
Beatrix,Barry,67650968
Beatrix,Ferguson,21425664
Beatrix,Smith,76602252
James,ohairy,86276193
Lea,Mcintosh,13597806
Marc,Barry,86275719
Charlotte,Smith,56937298
Harry,Mcintosh,47659031
Lea,Mcintosh,34290079
James,ohairy,40346680
Harry,Barry,56867629
Beatrix,Smith,18453286
James,Angus,16850366
James,Smith,65102043
Marc,Smith,22348601
