First Name,Last Name,Matriculation
Lea,Barry,89634649
James,Ferguson,82648649
Charlotte,Ferguson,77832312
Lea,Smith,30147931
Beatrix,ohairy,15988220
Marc,Smith,28306528
Harry,Ferguson,31016676
Beatrix,Ferguson,85633020
Harry,Mcintosh,78409188
James,Smith,81804139
Charlotte,Barry,29915512
Harry,Barry,73967921
Marc,Angus,40121307
Charlotte,ohairy,24347438
Lea,Ferguson,34572472
James,Ferguson,64543994
Marc,Smith,73808172
Beatrix,Ferguson,63418067
James,Smith,42821826
James,Mcintosh,25602125
Marc,Angus,54773586
James,Ferguson,45588773
Charlotte,Barry,30762429
James,Angus,80661837
Beatrix,Barry,82969056
Beatrix,Mcintosh,83537785
Harry,Smith,61355121
Harry,Mcintosh,24675367
Marc,Angus,28110437
James,Smith,16536330
Harry,Angus,52459309
Marc,Mcintosh,65469583
Lea,Barry,82534688
Beatrix,Mcintosh,18260487
Harry,Ferguson,74878665
Harry,Mcintosh,52402674
Harry,Smith,80812233
Marc,Angus,80262907
Harry,ohairy,52420823
Beatrix,ohairy,45922504
Charlotte,ohairy,12206729
Beatrix,Ferguson,46173275
Beatrix,Barry,45335465
Lea,Ferguson,45237868
Marc,Smith,47185579
Lea,ohairy,53974671
Marc,Ferguson,48916814
James,Angus,21677648
James,Ferguson,81329967
Harry,ohairy,71911726
Harry,Barry,83592342
Charlotte,Ferguson,54028381
Beatrix,Barry,71853036
Harry,Smith,11653707
Marc,Angus,26398652
Harry,ohairy,64923309
Beatrix,Angus,34904178
Charlotte,Mcintosh,20437622
Beatrix,Angus,53677185
Beatrix,Barry,87857901
Beatrix,ohairy,72098818
Marc,Ferguson,50904841
Harry,Mcintosh,41196446
James,Angus,50977195
Harry,Mcintosh,85534106
Charlotte,Barry,52429058
Charlotte,Angus,72350272
Harry,Ferguson,15141074
Charlotte,Ferguson,13173063
Marc,Ferguson,21041175
Harry,Ferguson,42521143
Beatrix,Mcintosh,73235796
Lea,Mcintosh,59383271
Charlotte,ohairy,60618306
Lea,Smith,36370220
Charlotte,Mcintosh,27574335
Charlotte,Ferguson,52375803
James,Ferguson,48773862
Beatrix,Mcintosh,67448544
James,Smith,36084322
James,ohairy,24215398
Harry,ohairy,84902632
Lea,ohairy,83799427
Lea,Barry,10917151
Lea,ohairy,25798883
Harry,Ferguson,49964988
James,Smith,67547550
James,Ferguson,82446569
James,Mcintosh,51621150
Harry,Barry,56305428
Marc,Angus,79417283
Beatrix,Smith,16662052
Harry,Angus,67747348
James,Smith,20627534
James,Ferguson,70449079
Marc,Smith,49692465
Harry,Barry,76932255
Charlotte,Barry,76519567
Beatrix,Smith,77339985
Lea,ohairy,74880515
