First Name,Last Name,Matriculation
Harry,Barry,35153655
Charlotte,Barry,77570301
Charlotte,Barry,79817921
Beatrix,Smith,69259317
Charlotte,Mcintosh,79067113
Lea,Mcintosh,62665344
Charlotte,Angus,50434913
James,Angus,53649551
James,ohairy,45927304
Marc,Ferguson,12960195
Harry,Smith,88165639
Marc,Angus,41468602
Charlotte,Angus,43714491
Marc,Angus,87238825
Beatrix,Mcintosh,74476013
Marc,Smith,79559054
Harry,Ferguson,16962979
Beatrix,ohairy,86171155
James,Angus,46214373
Marc,ohairy,77067684
Harry,Smith,21507581
Charlotte,Barry,77472914
Beatrix,Angus,55500493
Beatrix,ohairy,52316058
Charlotte,Angus,29027446
Harry,Ferguson,28995169
Harry,Smith,31095448
Harry,Smith,47168262
Marc,Angus,38302747
Lea,ohairy,13018341
Harry,Barry,66156286
Charlotte,Smith,63480765
James,Mcintosh,80308038
James,Angus,15866010
Marc,Smith,83995441
Charlotte,Angus,52343104
Charlotte,Ferguson,13972965
Charlotte,ohairy,72762954
Harry,Barry,36278532
Marc,Barry,51945510
James,Ferguson,30517582
Charlotte,Smith,53833617
Charlotte,Ferguson,83540063
Beatrix,Angus,68498040
Charlotte,Mcintosh,66381127
Lea,Smith,80986207
James,Ferguson,60325465
Lea,Ferguson,89811169
Harry,Angus,53393119
Lea,ohairy,28611521
James,Smith,38183443
Lea,Smith,46889564
Marc,Smith,54694703
Charlotte,Ferguson,44952119
James,Barry,30745005
Harry,Ferguson,62848527
Beatrix,Angus,34606226
James,ohairy,52679531
Lea,ohairy,61163551
Lea,Smith,57652419
Marc,Smith,42535773
Harry,Mcintosh,36070090
James,ohairy,32000605
Charlotte,Mcintosh,63599627
Marc,Mcintosh,48186444
James,Smith,81978157
Marc,Ferguson,16502574
Beatrix,Angus,75249161
Harry,Barry,34937679
Lea,ohairy,19904856
Beatrix,Ferguson,12944422
Lea,Angus,51562558
Lea,Ferguson,71959193
Charlotte,Barry,37698338
Marc,Ferguson,45577373
Charlotte,ohairy,82428886
Charlotte,Smith,10181479
Beatrix,Ferguson,80738433
Marc,Barry,12117481
Lea,Angus,36808236
Beatrix,Angus,71972523
Lea,Mcintosh,38020551
Marc,Angus,15936365
Charlotte,Angus,39333696
Lea,ohairy,66784263
Harry,Angus,37704301
Marc,Barry,80840149
Beatrix,Smith,19607472
Beatrix,ohairy,41833250
James,Barry,77376829
Charlotte,Ferguson,49176952
Charlotte,Barry,39498611
Beatrix,Barry,30634319
Beatrix,Smith,70542552
Charlotte,ohairy,76897002
Lea,Angus,48064080
Lea,Mcintosh,56123772
Marc,ohairy,72213210
Lea,Smith,40009705
Charlotte,Angus,31614646
