First Name,Last Name,Matriculation
Harry,ohairy,40079090
James,Ferguson,24758332
James,ohairy,18878655
Marc,Barry,53698535
Beatrix,ohairy,63294387
James,Barry,78885342
James,Barry,19698844
Lea,Smith,16312463
Charlotte,Angus,28905363
Harry,Angus,17415105
James,Ferguson,86361832
Harry,Mcintosh,85618078
Charlotte,Smith,68836594
Marc,Smith,87853789
Charlotte,Smith,72451507
James,Barry,80817847
Lea,Mcintosh,50614659
Marc,Barry,86877502
Marc,Barry,22314246
Marc,Mcintosh,23529570
James,Barry,28186210
Marc,Smith,20992230
Charlotte,Smith,25779485
Beatrix,Barry,41237152
Harry,Mcintosh,14499526
Beatrix,Barry,47196165
Marc,Barry,68880042
Lea,Barry,20541568
Marc,Barry,24615339
Lea,ohairy,71783081
Harry,Mcintosh,44390823
Beatrix,Barry,35440016
Marc,Angus,77601665
Beatrix,Ferguson,12206478
James,Mcintosh,15004845
Charlotte,Angus,25466186
Lea,ohairy,77013282
Charlotte,ohairy,65587421
Marc,ohairy,72271509
James,Barry,75898406
Beatrix,Smith,34260073
Beatrix,Barry,11276913
Beatrix,Mcintosh,86226439
Charlotte,Barry,82307892
Beatrix,Smith,46398361
James,Mcintosh,27093687
Charlotte,Ferguson,78321809
Charlotte,Smith,78554258
Beatrix,Mcintosh,45717639
Harry,Ferguson,69876882
Lea,ohairy,28082527
Lea,Ferguson,43819363
James,Ferguson,62647725
Harry,Smith,39718324
Charlotte,Ferguson,17027981
James,Mcintosh,77775108
Harry,Barry,57530302
Lea,Smith,57476770
Lea,Ferguson,29226835
Marc,Smith,11148408
Harry,Smith,88773806
Harry,Smith,17117936
Marc,Ferguson,23781282
Lea,Mcintosh,20350190
Marc,Mcintosh,84201042
Lea,Angus,27553648
James,ohairy,61720767
James,Ferguson,50176471
Harry,Mcintosh,68432591
Lea,Smith,52247622
Beatrix,ohairy,58352973
Beatrix,Ferguson,44006562
Beatrix,Angus,88322748
Lea,Barry,47445606
Lea,Smith,74826173
James,Ferguson,57769460
Beatrix,Mcintosh,24880042
Beatrix,Angus,73396227
Lea,Angus,33684610
Lea,Smith,20754830
Marc,Ferguson,23582868
Marc,Barry,57020116
Beatrix,Angus,74599784
Marc,Smith,87532493
Beatrix,Smith,55235764
Marc,Smith,51581565
Lea,Ferguson,37009200
Harry,Angus,46355715
Harry,Barry,40561586
Lea,ohairy,31758156
Lea,Angus,31652885
Marc,Mcintosh,26918806
Harry,Barry,75281297
Beatrix,Smith,35474018
Charlotte,Angus,42133457
Beatrix,Angus,32380904
James,Ferguson,10334053
James,Ferguson,57245930
Harry,Smith,68315513
Marc,ohairy,39476769
