First Name,Last Name,Matriculation
Harry,Mcintosh,53517711
James,Mcintosh,89184202
James,Barry,38063155
Lea,Smith,61742996
Charlotte,Mcintosh,73872849
Marc,Barry,46319696
Beatrix,Mcintosh,86568506
Marc,ohairy,20557339
Lea,Smith,29848761
Lea,Mcintosh,46427385
James,Angus,45686772
Charlotte,Ferguson,28241556
James,Smith,56222136
Harry,Mcintosh,86467817
James,Angus,30529622
Beatrix,Barry,37500041
Beatrix,Smith,37821809
Marc,Ferguson,14986378
Beatrix,Angus,73261817
Marc,Angus,77817899
Lea,Ferguson,35025423
Charlotte,Barry,24480539
Beatrix,Angus,64932779
Lea,ohairy,89572036
James,Mcintosh,24389015
James,Mcintosh,18764625
Beatrix,ohairy,80224614
James,Smith,82596269
Beatrix,Smith,55891052
Harry,Ferguson,69829428
Beatrix,ohairy,82111265
Lea,ohairy,36265783
Beatrix,Mcintosh,86655167
Harry,Barry,65885294
James,Ferguson,31037676
Charlotte,Smith,16320471
Marc,Mcintosh,49372048
Lea,Barry,47649733
Marc,Angus,83435229
Lea,Barry,21156201
Harry,ohairy,89772902
Beatrix,Smith,85297314
Marc,Smith,36135799
Harry,Smith,35785319
Beatrix,Barry,65340073
Marc,ohairy,46369135
Lea,Mcintosh,87299010
Charlotte,Mcintosh,15272245
Lea,Barry,34599489
Harry,Angus,52800763
Charlotte,Angus,23322036
Marc,Smith,66858418
Lea,Smith,46261500
James,Smith,24413933
James,Angus,34724439
Marc,ohairy,86498728
Beatrix,Barry,55259498
Harry,Barry,42210540
Lea,Angus,36037793
Harry,Barry,57912932
Marc,ohairy,86627905
Marc,Ferguson,25091937
Charlotte,ohairy,20127699
Beatrix,ohairy,36644680
Marc,Mcintosh,77365715
Harry,Angus,73096866
Marc,Angus,17599538
Lea,Smith,52346456
Harry,Angus,29560030
Lea,Mcintosh,79268406
Charlotte,Barry,49269801
Lea,Mcintosh,82403303
Lea,Mcintosh,20948929
Charlotte,ohairy,53398868
Harry,ohairy,47368327
Marc,ohairy,22573625
Marc,ohairy,45094367
Beatrix,ohairy,31573273
Lea,Smith,45802690
Beatrix,Barry,76118814
James,Mcintosh,44825089
Harry,Smith,65781728
Beatrix,Mcintosh,57271578
Beatrix,Ferguson,76941151
James,Ferguson,86812725
Beatrix,Barry,67067931
Beatrix,Ferguson,29143804
Marc,Ferguson,36315195
Lea,Angus,24528995
Marc,Angus,44797183
Charlotte,Mcintosh,84368797
Beatrix,Barry,27850708
Marc,Angus,41423430
Lea,Smith,55028656
Beatrix,Ferguson,65178687
Charlotte,Angus,33464589
James,Angus,54987559
Marc,Ferguson,54888998
Charlotte,Smith,21647263
Marc,Ferguson,25400757
