First Name,Last Name,Matriculation
Marc,Smith,20273314
James,Angus,69927779
Marc,ohairy,85236474
Lea,Smith,75863396
James,Smith,26572045
Lea,Angus,42908784
James,Smith,75005075
Lea,Smith,61641465
Lea,Smith,15769498
Marc,Mcintosh,65251651
Lea,Smith,55677112
Harry,Barry,54712135
Harry,Smith,44987690
Marc,ohairy,52625427
Charlotte,Ferguson,16875851
Lea,Mcintosh,26227825
Lea,Smith,61959879
James,Smith,52048850
James,Barry,58011479
Harry,Angus,30032384
Beatrix,Ferguson,83763024
Marc,Ferguson,27430514
Charlotte,Smith,23483949
Charlotte,ohairy,36323942
Lea,Angus,45301542
Beatrix,Mcintosh,22070601
Lea,Barry,45643768
James,Mcintosh,49813018
Marc,ohairy,19667092
Marc,Barry,88189623
Beatrix,Mcintosh,39049980
Marc,Barry,15297839
James,Mcintosh,21817415
Marc,Ferguson,40993434
James,Mcintosh,35707765
James,Ferguson,78645949
Marc,Mcintosh,76982764
James,ohairy,13070143
James,Ferguson,15669448
James,Barry,51457206
James,Mcintosh,45569071
Beatrix,Angus,52584292
Marc,Mcintosh,21059629
Lea,Mcintosh,34336440
James,Mcintosh,72135571
James,Mcintosh,75503664
Marc,Ferguson,66350227
Beatrix,Angus,44822207
Marc,Barry,67940311
James,Angus,27160271
Beatrix,Barry,78136760
James,Barry,47518147
Beatrix,Barry,50989056
Harry,Smith,78088032
Charlotte,Ferguson,71507129
Harry,Angus,30318514
Marc,Angus,13758730
Charlotte,Smith,37296147
Harry,Smith,12212682
Harry,Smith,88304711
Charlotte,Barry,83271363
Lea,ohairy,82876094
Beatrix,Ferguson,25788732
James,ohairy,55051088
Harry,Angus,13815266
Marc,Barry,10112477
Lea,ohairy,17230000
Harry,Barry,17820092
James,Mcintosh,62578705
Charlotte,Mcintosh,69759025
Marc,Mcintosh,32707374
Harry,Mcintosh,53312026
Charlotte,Angus,39601394
Charlotte,Mcintosh,13916600
Beatrix,Angus,15483696
Beatrix,Smith,41300983
Lea,Ferguson,75002993
Lea,Mcintosh,55616094
Harry,Smith,17555161
Charlotte,ohairy,21586392
Beatrix,ohairy,63568809
Charlotte,Ferguson,80026994
James,ohairy,37445188
Lea,Ferguson,73382592
Harry,Angus,89017047
James,ohairy,44386601
Harry,Smith,19588118
Harry,Barry,23476424
Harry,Angus,37067893
James,Mcintosh,61730745
Lea,Angus,18799608
James,Mcintosh,27675242
Lea,Barry,52884476
Beatrix,Smith,45898791
Charlotte,Angus,36402810
Harry,Angus,81025571
Beatrix,Barry,72797547
Lea,Ferguson,88855653
Charlotte,Smith,65571470
Charlotte,ohairy,75598142
