First Name,Last Name,Matriculation
Marc,Barry,76849732
Charlotte,Angus,53970080
Lea,Barry,17927755
Beatrix,Barry,39235259
Lea,ohairy,85675341
Charlotte,Mcintosh,27180005
James,ohairy,73356292
Charlotte,Mcintosh,17103722
Lea,ohairy,73487135
James,Smith,66444168
James,ohairy,24105010
Lea,Barry,58902880
Charlotte,ohairy,72239258
Lea,Barry,76441102
Marc,Mcintosh,11163943
Beatrix,Smith,16981912
Charlotte,Ferguson,12078545
Marc,ohairy,70651109
James,Smith,26020912
Beatrix,Smith,28241865
Marc,Angus,13050855
James,Smith,59581875
Marc,Angus,56028062
Beatrix,ohairy,75141230
Charlotte,Mcintosh,54374529
Lea,Mcintosh,17357062
James,Mcintosh,89488870
James,ohairy,19205671
Lea,Barry,79485145
Harry,ohairy,20822615
James,Angus,40754092
Harry,Mcintosh,80705605
James,Barry,73812967
Beatrix,Barry,19157457
James,ohairy,74192686
Beatrix,Angus,11881477
Marc,Smith,44101960
Marc,Angus,60028367
Marc,ohairy,28936242
Charlotte,Smith,17835737
James,Smith,42912485
Beatrix,Angus,42197578
Charlotte,ohairy,83866895
Harry,ohairy,14174221
Marc,Angus,18787082
Beatrix,Mcintosh,37020093
Beatrix,Barry,43540310
Marc,ohairy,69950688
Beatrix,ohairy,39712932
Marc,Smith,23225440
Beatrix,Smith,23023459
James,Smith,18297079
Lea,Angus,68203478
Harry,ohairy,89750078
Beatrix,Angus,34974856
Lea,Barry,27276152
Beatrix,ohairy,30298946
Harry,Ferguson,69563981
Harry,ohairy,18610368
Charlotte,Ferguson,74463684
Charlotte,ohairy,66400237
Marc,Barry,84164621
Harry,Ferguson,62893520
Beatrix,ohairy,65984962
Lea,ohairy,25558599
Charlotte,ohairy,69454103
Beatrix,Smith,29977493
Beatrix,Mcintosh,53046920
Lea,Barry,39420163
Harry,ohairy,44942162
James,Mcintosh,48960777
Charlotte,Mcintosh,85753096
Charlotte,Barry,48403393
James,Smith,70584343
Charlotte,Smith,31449956
Lea,Angus,35928877
Marc,Smith,35801590
Charlotte,Barry,62657441
Harry,Ferguson,63162574
Beatrix,Ferguson,58483061
Charlotte,Barry,46887913
Marc,ohairy,21800112
Beatrix,Mcintosh,56362948
Lea,Smith,12397016
James,Barry,61486969
Lea,ohairy,80456974
Charlotte,ohairy,47738135
Beatrix,Barry,62219157
Harry,ohairy,35568700
Lea,Angus,54676702
Charlotte,ohairy,85481521
Harry,Angus,61417638
Harry,Ferguson,86859709
Marc,ohairy,76339747
Lea,Angus,24123414
James,Barry,13829354
Harry,Angus,34530908
Marc,Barry,14707717
Harry,Angus,70877950
Marc,Angus,42297888
