First Name,Last Name,Matriculation
Beatrix,ohairy,39201288
Lea,Smith,64405696
James,Ferguson,66019717
Harry,Angus,79164660
Marc,Smith,80676822
Beatrix,Mcintosh,12909962
Marc,Smith,18299767
James,Angus,23043630
Harry,Mcintosh,15303556
Harry,ohairy,66736666
James,Barry,24185510
James,Mcintosh,21771739
Harry,Barry,17126567
Lea,ohairy,18045051
Marc,Angus,45173164
Lea,ohairy,24933875
Marc,Smith,44386609
Marc,Mcintosh,28567011
Harry,Barry,44026457
James,Barry,75699798
Beatrix,Barry,52606912
Marc,Barry,64230302
Beatrix,Ferguson,10647663
Lea,Ferguson,38892168
Harry,Barry,63540132
James,ohairy,11365136
Charlotte,Smith,37214001
Charlotte,Smith,57409816
Harry,ohairy,89064562
Harry,Mcintosh,89110198
Beatrix,Mcintosh,11589896
Charlotte,Barry,66949776
Marc,Ferguson,37353159
Beatrix,Barry,29636668
Beatrix,Smith,54016474
Lea,Mcintosh,45825814
Lea,Angus,83495465
Harry,Barry,64596449
Marc,Smith,29737335
Marc,Angus,10352334
Lea,Mcintosh,24336468
Charlotte,Mcintosh,15083198
Beatrix,Barry,86840582
Harry,ohairy,87904730
Beatrix,Ferguson,53519646
Harry,Ferguson,52544185
Marc,Smith,19970932
Beatrix,Mcintosh,43441490
Lea,ohairy,62086318
Beatrix,ohairy,27290211
Marc,Mcintosh,33085101
Beatrix,Barry,31005805
Charlotte,Ferguson,53807678
James,Ferguson,79570385
Lea,Angus,30664227
James,ohairy,21227831
Lea,Angus,88244938
Charlotte,Mcintosh,11863201
Lea,Smith,57978090
Charlotte,Ferguson,70689962
Lea,ohairy,76575028
Charlotte,Smith,42905490
Beatrix,ohairy,59406302
Marc,Angus,86171638
Lea,Angus,24355087
James,Angus,67676938
Lea,Smith,29856276
James,Ferguson,62173453
Charlotte,ohairy,74022945
Charlotte,Angus,80076516
Charlotte,Mcintosh,77586375
Lea,Barry,68312206
Harry,ohairy,76162361
Lea,Mcintosh,83691775
James,Smith,75945419
Lea,Barry,71866468
Lea,Angus,70586333
Charlotte,Smith,31003010
Harry,Barry,15107827
Marc,Mcintosh,45218302
Charlotte,Barry,37870095
James,Ferguson,44358814
Lea,Barry,27000004
Charlotte,Barry,55379772
Marc,Mcintosh,87512477
James,Angus,46111210
Harry,Angus,79348723
Charlotte,Barry,60055107
Charlotte,Smith,58517025
Charlotte,ohairy,80966658
Beatrix,ohairy,64538635
Charlotte,Smith,81104903
Harry,ohairy,16405947
Marc,Mcintosh,87187888
Marc,Mcintosh,23098849
Beatrix,Ferguson,62065783
Marc,Mcintosh,10948321
Charlotte,Ferguson,22091847
Lea,Angus,69844500
Beatrix,Barry,15915365
