First Name,Last Name,Matriculation
Beatrix,Smith,55077598
Charlotte,Smith,78122132
Lea,Smith,46683817
Lea,Smith,39803914
Lea,Barry,83205308
Charlotte,Smith,76942980
Charlotte,Angus,18978959
Beatrix,Barry,49083630
Harry,Smith,84115812
Lea,Barry,51135012
Marc,ohairy,66799495
Charlotte,Barry,25841411
Marc,Ferguson,71599024
Beatrix,Mcintosh,42444958
Lea,Mcintosh,30684630
Beatrix,ohairy,13121171
James,ohairy,76770041
James,Angus,77759259
Beatrix,Ferguson,26467552
Harry,Ferguson,52395570
Harry,Ferguson,82742894
Marc,Ferguson,80106769
James,Angus,88223198
Beatrix,Ferguson,85156226
Harry,Smith,55709395
Marc,Mcintosh,56574923
Harry,ohairy,18317587
Lea,Mcintosh,45643011
Beatrix,Angus,66106584
James,Ferguson,54127273
Beatrix,Smith,51986820
Marc,Angus,70593389
James,Smith,37426772
James,Smith,89997843
Marc,Ferguson,76370400
Beatrix,Ferguson,74975784
James,ohairy,43668680
Marc,Barry,89291681
Lea,Barry,54160540
Harry,Ferguson,39460174
Marc,Barry,68195009
Lea,Angus,26531282
Harry,Smith,10378742
Beatrix,ohairy,30567887
Lea,ohairy,10504230
Charlotte,Barry,75141526
Beatrix,ohairy,68045842
Marc,Angus,40961449
Marc,Smith,53943671
James,Angus,30557943
Lea,Ferguson,36630229
James,Barry,87209922
Charlotte,Barry,21904849
Charlotte,Ferguson,85813396
Charlotte,Smith,25237716
Harry,Angus,76075024
Lea,Ferguson,86679820
Charlotte,Angus,43557186
Charlotte,Barry,84602941
Marc,Angus,41631718
Marc,Ferguson,81534533
Lea,Smith,28625932
James,Smith,51498913
Marc,Smith,10952072
Charlotte,Barry,23699148
Marc,Barry,13314894
Marc,Barry,42747367
Lea,Smith,45806770
Harry,Ferguson,66577758
Lea,Smith,54135017
Charlotte,Angus,72354952
James,Barry,28715525
Lea,Angus,62397568
Marc,Smith,48001605
Charlotte,Mcintosh,83334148
Harry,Barry,71057251
Lea,Barry,21720924
Beatrix,Smith,63805036
James,Angus,84244508
Marc,Mcintosh,82564758
Beatrix,Mcintosh,46504260
Harry,Ferguson,23608725
Lea,Ferguson,75962999
Harry,Angus,66458204
James,ohairy,80199250
James,Mcintosh,23441657
Beatrix,Barry,62192895
James,ohairy,27887196
James,ohairy,33044014
Marc,ohairy,42802664
Marc,Angus,83695410
Harry,Ferguson,60895622
Beatrix,Barry,88802444
James,Ferguson,16950067
Charlotte,Smith,74219805
Harry,Ferguson,43147842
Beatrix,Ferguson,65821499
James,Mcintosh,31419664
Charlotte,Smith,59881658
Lea,Mcintosh,50298810
