First Name,Last Name,Matriculation
Marc,Smith,27821793
James,Ferguson,41995372
Lea,Mcintosh,22894303
Harry,Ferguson,76011007
Beatrix,ohairy,24542597
Marc,Ferguson,80363041
Lea,Angus,70847855
Harry,Barry,85452214
Harry,Ferguson,53503884
Harry,Angus,86384350
James,Smith,63944277
Beatrix,Ferguson,59383967
Marc,Mcintosh,85803844
Marc,ohairy,51280173
Beatrix,ohairy,60310954
Marc,Barry,87671370
James,Mcintosh,45422524
Harry,Barry,29525957
James,Ferguson,24377176
Marc,Smith,61158778
Marc,ohairy,49649599
James,Mcintosh,61566127
Harry,Angus,84898948
Charlotte,Barry,56522030
Lea,Barry,42118896
Harry,ohairy,40782985
Charlotte,Barry,49961437
Marc,Angus,79109477
Charlotte,Mcintosh,66877276
James,Smith,11289577
Harry,ohairy,73995097
Lea,Angus,10498013
Charlotte,ohairy,63092220
Charlotte,Mcintosh,86060233
Marc,Smith,59648180
Marc,Angus,44551453
James,Angus,70339124
Charlotte,Smith,88946184
Charlotte,Ferguson,31528841
Marc,Ferguson,73106136
Harry,ohairy,43279183
Charlotte,Mcintosh,58088571
Marc,ohairy,20298415
Beatrix,ohairy,89095381
Marc,ohairy,70749792
Marc,Smith,59583743
Lea,Smith,74763300
Lea,Smith,43719242
Marc,Smith,45590213
Beatrix,Ferguson,66536326
Harry,Barry,84246583
James,Ferguson,79190520
Charlotte,Mcintosh,44050458
Lea,Ferguson,41618244
Charlotte,Barry,85040560
Lea,Angus,74230700
Marc,Barry,88783829
Lea,ohairy,63703754
Harry,Ferguson,47531901
Marc,Smith,87679998
Harry,Barry,51255144
Lea,Ferguson,69649536
Lea,ohairy,29690783
Lea,Ferguson,41473997
Harry,Smith,11784646
Harry,Mcintosh,27812105
Marc,Smith,53766163
Lea,Smith,33645498
Marc,Smith,73848383
Marc,Barry,43028729
Marc,Mcintosh,37774011
James,Barry,16386885
Marc,Angus,31885338
James,ohairy,30759496
Beatrix,Ferguson,34937411
Charlotte,ohairy,73446594
Beatrix,Smith,43915081
Lea,ohairy,69376842
Marc,Barry,35913332
Harry,Barry,54004794
James,ohairy,45682954
James,ohairy,55366740
Harry,ohairy,81635734
Lea,Mcintosh,68867507
James,Angus,11730492
Charlotte,Barry,15855576
Marc,Barry,35377636
Charlotte,Mcintosh,25810350
Marc,Mcintosh,88661042
Marc,ohairy,55372630
Harry,Ferguson,49535065
Lea,Ferguson,85611072
Charlotte,Mcintosh,69080128
Charlotte,Ferguson,17218743
Lea,Angus,10311050
Beatrix,Mcintosh,60267101
Charlotte,Angus,66786881
Harry,ohairy,42982804
Charlotte,Angus,14629115
James,Angus,12862658
