First Name,Last Name,Matriculation
Beatrix,Mcintosh,46403282
Charlotte,Mcintosh,81119114
Marc,Ferguson,22156266
Harry,Mcintosh,30363036
James,Angus,58995850
James,ohairy,14111392
Harry,Angus,20007499
James,Smith,74321208
Harry,Angus,55657660
Harry,Mcintosh,49818250
Beatrix,Smith,54590617
Marc,Barry,45063237
James,Angus,71488674
Marc,Barry,54046079
Charlotte,Angus,27329684
James,Angus,28889036
Beatrix,Angus,29526642
James,ohairy,52295175
James,Angus,68799231
Harry,Angus,31869555
Beatrix,Mcintosh,43371837
James,Smith,85497846
Harry,Mcintosh,32200700
Harry,Ferguson,65233347
James,Barry,21161733
Beatrix,Mcintosh,54487132
James,Ferguson,32460571
Charlotte,Barry,50496670
Charlotte,Angus,75212380
Harry,Smith,45949153
Beatrix,Smith,19896141
Harry,Ferguson,47970576
Marc,Smith,74452709
James,Angus,17529806
Lea,Barry,16392575
Beatrix,Angus,43378051
Marc,Smith,32557759
Charlotte,ohairy,43563344
Marc,Smith,51366910
Marc,Ferguson,61654980
Charlotte,Mcintosh,89059922
Beatrix,Angus,79241237
Marc,Smith,21439612
Charlotte,ohairy,84761436
Harry,ohairy,84259079
Charlotte,Barry,89433904
Charlotte,Barry,15743606
Lea,Ferguson,39919598
James,Barry,84403878
Harry,Smith,57802532
Harry,Barry,67973140
Harry,Angus,65242782
Charlotte,ohairy,44658870
Charlotte,Smith,33068143
Lea,ohairy,80583232
Charlotte,Mcintosh,65857008
Beatrix,Barry,15962152
Harry,Mcintosh,33495287
Charlotte,Angus,63742518
Harry,Mcintosh,32094529
James,Ferguson,41244570
Beatrix,Smith,69431470
Beatrix,Angus,33944669
Harry,ohairy,66078349
James,Smith,26601046
Marc,Smith,57610536
Beatrix,Barry,25691329
Lea,Ferguson,61319829
Harry,Smith,81433272
Lea,Mcintosh,22290103
Marc,Ferguson,77282527
Marc,Angus,52460117
Harry,Barry,69548466
Marc,Barry,20046574
Marc,Barry,21762171
Harry,Barry,50021999
Lea,ohairy,41889933
James,Ferguson,76680039
James,Barry,62370910
Harry,Mcintosh,65279707
Marc,Barry,57218394
Beatrix,Angus,57524256
James,Barry,60679203
Marc,Smith,50666202
James,ohairy,58197636
Harry,Mcintosh,12896903
Charlotte,Mcintosh,23063138
Lea,Angus,50483532
James,Smith,11107757
Charlotte,Mcintosh,26448852
Charlotte,Mcintosh,32973060
Charlotte,ohairy,84525647
James,Barry,87061780
Lea,Ferguson,65167782
Marc,Angus,82691673
Harry,Smith,56327844
James,Mcintosh,25750698
Marc,Angus,26283354
Charlotte,Barry,65553772
Harry,Angus,65897689
