First Name,Last Name,Matriculation
Beatrix,ohairy,41138347
James,Ferguson,41283455
Charlotte,ohairy,44877438
Marc,Ferguson,69780070
Harry,Smith,11851185
James,Smith,42703239
James,Barry,27771491
Beatrix,Angus,47130078
Charlotte,Ferguson,70412552
Beatrix,Barry,49455122
Harry,Smith,53451477
Beatrix,Angus,54790188
Beatrix,Angus,42128361
Lea,Mcintosh,73402892
Marc,Angus,89098059
Charlotte,Barry,58201166
James,Angus,35528863
Marc,ohairy,28511893
Charlotte,ohairy,86082445
Marc,Barry,41204593
James,Smith,30521017
Marc,Mcintosh,77498919
Beatrix,Smith,76700427
Lea,Barry,33896453
Lea,Mcintosh,69360297
Charlotte,ohairy,28043011
James,ohairy,75113828
Marc,Mcintosh,21939540
Charlotte,ohairy,69146586
Lea,Barry,70898119
Marc,Ferguson,54329544
Charlotte,Smith,10389568
Lea,Smith,85114012
Beatrix,Ferguson,83791490
James,Smith,76788870
Beatrix,Angus,81586534
Charlotte,Mcintosh,33363972
Charlotte,Angus,77356752
Charlotte,Barry,37121813
Marc,ohairy,64183427
Marc,Smith,82035177
Lea,ohairy,70740790
Harry,Angus,64097108
Harry,ohairy,25866820
Charlotte,Mcintosh,49679928
Marc,Angus,14407891
Lea,Mcintosh,82611643
Marc,Ferguson,15625971
Marc,Mcintosh,82646732
Charlotte,ohairy,60760193
James,Mcintosh,25864808
Marc,Barry,83002504
James,Ferguson,19932118
Marc,ohairy,83816845
Lea,Ferguson,37915866
Beatrix,Angus,88133719
James,Mcintosh,20335647
Lea,ohairy,87509294
Charlotte,Barry,58558555
Charlotte,Angus,23542969
Beatrix,Mcintosh,43106944
Beatrix,Angus,75714986
Harry,Angus,47956247
Harry,ohairy,22242577
Harry,ohairy,40825971
James,ohairy,28679446
Charlotte,Smith,64916953
Beatrix,Ferguson,52809102
Marc,Angus,38425273
James,Ferguson,80641813
Harry,Barry,44380413
Charlotte,Angus,26617792
Marc,ohairy,43446904
Charlotte,Barry,47913910
Beatrix,Barry,57584702
Beatrix,Mcintosh,74595768
Lea,Smith,82140898
Harry,Angus,37539093
Lea,Angus,39537087
James,Ferguson,14101360
James,Ferguson,15096730
Marc,Barry,79753807
James,Ferguson,14997949
Harry,Smith,44572625
James,Ferguson,69468977
Beatrix,Mcintosh,74719825
Lea,ohairy,17145219
Marc,Smith,89158447
James,ohairy,84521751
Beatrix,Angus,77038862
James,Smith,63873017
Lea,ohairy,86287012
James,Mcintosh,84831777
Beatrix,Angus,76148674
Lea,Angus,16962698
Beatrix,Smith,48912367
James,Smith,38887924
James,Barry,59459522
Marc,Angus,33813417
Marc,Ferguson,79667628
