First Name,Last Name,Matriculation
Marc,Angus,51590003
Lea,Smith,67710464
Lea,Smith,72677192
James,Barry,14306268
Charlotte,ohairy,21329871
Charlotte,Barry,80179904
James,ohairy,65872255
Charlotte,Ferguson,81108932
Harry,Barry,46959768
Lea,Barry,17193970
Lea,ohairy,45971974
Harry,Mcintosh,28769474
Marc,ohairy,55865016
Charlotte,Angus,15066256
Lea,Barry,11410798
Harry,Ferguson,15374696
Marc,Ferguson,60000661
Beatrix,Barry,10938790
Harry,Smith,76561304
Marc,Mcintosh,57680939
James,ohairy,60739383
Beatrix,Barry,14265364
Beatrix,Mcintosh,56729839
James,Mcintosh,60766333
Beatrix,Ferguson,43013121
Beatrix,Ferguson,37008166
James,Ferguson,65467161
Charlotte,Angus,17024028
James,ohairy,13963704
Beatrix,Mcintosh,65761535
Beatrix,ohairy,63920119
Lea,ohairy,46248049
James,Mcintosh,12239966
Harry,Barry,41131856
James,Mcintosh,67532089
Lea,Ferguson,77805865
Charlotte,Smith,58804931
Marc,Barry,70226102
Harry,Angus,70409307
Marc,Ferguson,64435888
James,Barry,78964202
James,Ferguson,49237690
Charlotte,ohairy,72560265
Lea,Ferguson,86387191
Beatrix,Smith,40845788
Marc,Ferguson,73531452
Marc,Smith,72932938
Harry,ohairy,32506952
Lea,Barry,26097944
Beatrix,ohairy,21463295
Marc,Smith,23054652
Beatrix,Ferguson,20207889
Lea,ohairy,21661280
Harry,Angus,74890160
Charlotte,Angus,79682460
James,Ferguson,74545365
James,Angus,12728475
James,Angus,58159677
Lea,Smith,72617144
Charlotte,Angus,44781227
Marc,ohairy,57092134
Harry,Angus,66741126
Lea,Barry,19020015
Harry,Smith,40789828
Lea,Barry,65656440
James,ohairy,22989763
Marc,Smith,37666780
James,Smith,20009301
Harry,Angus,19688925
Charlotte,Barry,75558343
Beatrix,Mcintosh,82813950
Beatrix,Angus,54219436
James,Barry,75766500
Lea,ohairy,74814191
Marc,Ferguson,21173481
Marc,Angus,69041329
Beatrix,Smith,36389848
Marc,Barry,85778862
James,ohairy,32669435
Harry,Mcintosh,51927541
Charlotte,ohairy,53337207
Beatrix,Smith,42969592
James,ohairy,76379248
Beatrix,Mcintosh,82846883
Harry,Angus,61200598
James,Angus,17440638
Marc,Angus,18612061
Charlotte,Smith,20696769
James,Ferguson,86735144
Harry,Smith,39648801
Beatrix,ohairy,33300107
Marc,Barry,72930555
Lea,Smith,56368924
Marc,Mcintosh,79118954
Marc,ohairy,12304276
James,Angus,65478077
James,Angus,24758137
Lea,Angus,73187474
James,Ferguson,58780385
Charlotte,Angus,44088395
