First Name,Last Name,Matriculation
Marc,Smith,59833718
Charlotte,Smith,72891290
Lea,Mcintosh,23226067
Lea,Smith,75096795
Charlotte,Mcintosh,51580859
Charlotte,Mcintosh,87561384
James,Barry,77852616
James,ohairy,39851095
Marc,Angus,35077245
Harry,Smith,57879688
James,Ferguson,17344002
Beatrix,ohairy,67999433
Beatrix,Mcintosh,30482637
Marc,Barry,44192283
James,Ferguson,19489595
Beatrix,ohairy,16891554
James,Mcintosh,26991172
Beatrix,Smith,63867573
Harry,Mcintosh,75563521
James,Angus,76123027
Harry,Angus,76247104
Lea,Barry,47385658
Charlotte,Mcintosh,75578362
Beatrix,Mcintosh,57354673
Lea,Smith,13434220
Beatrix,Mcintosh,74999964
Lea,Ferguson,81026015
Charlotte,Angus,75957372
Lea,Ferguson,57682581
Beatrix,Smith,89941467
Beatrix,ohairy,80651831
Beatrix,ohairy,17661301
James,Smith,80513444
James,Angus,30718349
Marc,Ferguson,28160899
Harry,Angus,25137937
James,Barry,43532089
Beatrix,Ferguson,56906833
Marc,ohairy,85451452
Marc,Ferguson,61659917
Marc,ohairy,85928805
Harry,Ferguson,86370313
Beatrix,Angus,21287026
Lea,Angus,38514932
Marc,Angus,51689899
Marc,Angus,88730190
Beatrix,Smith,61540312
Harry,Mcintosh,28538439
James,ohairy,54977500
Marc,ohairy,18382380
James,Barry,28503124
Harry,Barry,74761564
Harry,ohairy,14961063
James,ohairy,34437527
Lea,Angus,79122346
Harry,ohairy,84208786
Marc,ohairy,71539016
Harry,Smith,79406748
James,Smith,37915676
Beatrix,ohairy,57932291
Harry,Angus,77054577
Beatrix,Barry,84120815
Lea,Angus,57105859
Harry,Angus,69625398
Marc,Angus,81105241
Lea,Smith,28212046
Harry,Mcintosh,31975022
James,Smith,38616422
Marc,Ferguson,44426326
Charlotte,Mcintosh,29840586
James,Angus,69730565
Charlotte,ohairy,35329524
Harry,Mcintosh,17311327
Beatrix,Ferguson,47659800
Charlotte,Barry,34864344
Marc,Smith,86384541
Charlotte,Ferguson,79364818
James,Mcintosh,23806844
James,ohairy,21368322
Lea,Angus,76723434
Marc,Angus,21824322
Charlotte,Angus,67071496
Lea,Ferguson,41450617
Beatrix,Mcintosh,77639953
Harry,Angus,81538643
Lea,Mcintosh,80160115
Beatrix,Angus,20332658
Marc,Ferguson,66388856
Charlotte,Barry,53873755
Marc,Smith,37456831
Beatrix,ohairy,45480555
Marc,Mcintosh,47408504
James,Smith,19734661
Beatrix,ohairy,51427038
Marc,Angus,27759008
Lea,Ferguson,75005713
Marc,Angus,47438888
James,ohairy,34175897
James,Angus,61693106
Marc,Smith,57367520
