First Name,Last Name,Matriculation
James,Barry,12776977
James,Barry,51802650
Lea,Barry,35641002
Charlotte,Angus,29428750
James,Ferguson,39099919
James,Angus,54944535
Charlotte,Smith,40320564
James,ohairy,59085293
Harry,ohairy,58982654
Beatrix,ohairy,42084377
Beatrix,Ferguson,19215727
Marc,Angus,63127242
Harry,Smith,10265056
Lea,Angus,39051749
Beatrix,Barry,58634206
Harry,Barry,37277440
James,Mcintosh,67680565
Charlotte,Barry,26270948
Lea,ohairy,51239333
Charlotte,Mcintosh,78145285
James,Angus,44137861
Charlotte,Barry,64066661
Charlotte,Angus,31740871
Beatrix,Angus,19586497
Marc,Smith,84299717
James,Angus,41713879
Beatrix,Barry,70955047
Beatrix,Mcintosh,80289665
Beatrix,ohairy,44503719
Harry,Barry,57963465
Lea,Ferguson,75536554
James,Angus,28650899
Charlotte,Barry,16374980
Harry,Barry,31578595
Beatrix,Ferguson,20717880
Beatrix,Mcintosh,79484589
Beatrix,Ferguson,22399999
Marc,Barry,68321123
Harry,ohairy,63368286
Marc,Angus,26733163
Marc,Ferguson,80080005
James,Mcintosh,23385537
Beatrix,Angus,13171910
Charlotte,Angus,59643911
Beatrix,Barry,74799529
Charlotte,Smith,65094164
Marc,Barry,24599787
Harry,ohairy,20128557
Harry,Smith,64763151
Beatrix,ohairy,76313270
James,Mcintosh,17396506
James,Smith,83369611
Charlotte,Smith,51589862
James,Angus,89878062
James,Mcintosh,21827450
Lea,Angus,17715657
Harry,Mcintosh,15628803
Harry,Barry,23337140
Lea,Barry,76136107
James,Smith,75976821
Marc,Mcintosh,35992667
Marc,Mcintosh,87337067
Harry,Mcintosh,67216012
Harry,Mcintosh,78039691
Marc,Barry,39461651
Harry,ohairy,47933654
Lea,Ferguson,15391959
James,Ferguson,19293412
Beatrix,Ferguson,45559570
Marc,ohairy,79534195
Beatrix,Mcintosh,16051297
Charlotte,Smith,61482285
Marc,Ferguson,72544018
Marc,Barry,72566798
Charlotte,Angus,81463298
James,Barry,72146792
James,Angus,78991251
Lea,Ferguson,89681841
James,Barry,23259386
Marc,Barry,29374468
Beatrix,Smith,61517239
Lea,Smith,57387989
Beatrix,Barry,81887369
James,Mcintosh,44946172
Lea,Smith,36615978
Harry,Mcintosh,16167217
Beatrix,Angus,86557557
Lea,Ferguson,23533226
James,Barry,46346736
Charlotte,Mcintosh,41963611
Marc,Angus,14391045
Charlotte,Mcintosh,83718158
Beatrix,Ferguson,69560371
Lea,Ferguson,49229401
Charlotte,Smith,64314607
Beatrix,Smith,58182352
Lea,Angus,83180449
Marc,Smith,28820870
Lea,Barry,19988863
Harry,Ferguson,57450247
