First Name,Last Name,Matriculation
James,Mcintosh,38612456
Marc,Angus,83418787
James,Barry,10410188
Harry,Smith,53502280
Harry,Mcintosh,85286169
Marc,Barry,28730239
James,ohairy,48173932
Beatrix,ohairy,62790381
James,Mcintosh,17360992
James,Ferguson,54256033
James,Smith,26009322
James,Angus,88501979
Beatrix,ohairy,47207665
Lea,ohairy,39061941
Beatrix,ohairy,78834327
Lea,Ferguson,37183616
Lea,Angus,14335617
Beatrix,Ferguson,83907846
Charlotte,Angus,11020614
James,Smith,27889425
Marc,Mcintosh,79168043
James,ohairy,79680577
Lea,Angus,58935387
Beatrix,ohairy,59257154
Charlotte,Ferguson,40830264
Beatrix,Mcintosh,21093049
Charlotte,Smith,43810127
Charlotte,ohairy,39258301
James,Barry,40278716
Beatrix,ohairy,12852407
Marc,Angus,26588655
James,Angus,11726928
Lea,Smith,57635302
Harry,Angus,41135610
Lea,ohairy,52246756
Marc,Angus,28530973
James,Ferguson,71266471
Beatrix,Smith,82134325
Lea,ohairy,37148060
Harry,Mcintosh,14304210
Beatrix,Angus,17439401
Lea,Angus,44768824
Beatrix,ohairy,21783208
James,Barry,64154579
Charlotte,ohairy,33674383
Charlotte,Angus,74806978
Marc,Barry,15393395
Lea,Angus,68331581
Lea,Barry,27199886
Lea,Ferguson,35469721
Charlotte,Barry,10725300
Charlotte,ohairy,45094138
Marc,ohairy,50771596
Harry,Ferguson,37120685
James,Mcintosh,20489886
Marc,Smith,13632006
Beatrix,Barry,34879761
Lea,Mcintosh,39019339
Beatrix,ohairy,72042315
Marc,Barry,71135657
Marc,Angus,73136191
Lea,Ferguson,22240951
Beatrix,Mcintosh,11742364
Charlotte,Mcintosh,48255125
Charlotte,Barry,69132941
Lea,Angus,87497372
Charlotte,ohairy,20617519
Marc,ohairy,34733007
Lea,ohairy,72894578
Marc,Ferguson,28149331
Charlotte,ohairy,19419978
Beatrix,Smith,70354725
Marc,Ferguson,78683313
Beatrix,ohairy,76670548
Marc,Smith,59573387
Beatrix,Barry,10786362
Harry,Mcintosh,89613736
Marc,Mcintosh,85975178
James,ohairy,38563509
Charlotte,Angus,89582445
Beatrix,Ferguson,63692934
Marc,Ferguson,25136039
Marc,Angus,28501540
Beatrix,Ferguson,71803723
James,ohairy,53768535
Lea,Mcintosh,37816978
James,ohairy,26632422
Marc,Barry,85452559
Charlotte,Ferguson,89886622
Harry,Barry,25696061
Beatrix,Barry,28927820
Charlotte,Smith,65463096
Harry,Ferguson,67519401
Lea,Ferguson,56689719
James,Mcintosh,39600348
Harry,Smith,52870271
Marc,ohairy,74874089
Beatrix,Mcintosh,53986825
Lea,Barry,12724799
Charlotte,Barry,72076990
