First Name,Last Name,Matriculation
James,Smith,84595125
Beatrix,Smith,68418776
Harry,Mcintosh,70785251
Lea,Smith,80245518
Beatrix,Ferguson,67454475
Lea,Angus,73641792
Lea,ohairy,27083281
Beatrix,Angus,60348574
Harry,Angus,64759059
Beatrix,Smith,19324023
Marc,Mcintosh,67648124
Lea,Barry,27610959
Harry,Smith,67354906
Lea,ohairy,89755485
Lea,ohairy,30740731
Beatrix,Barry,42030296
Beatrix,Mcintosh,11118727
Marc,Angus,42407094
Harry,Mcintosh,61786382
Charlotte,Mcintosh,63755098
Marc,ohairy,21012964
Charlotte,Barry,23177602
Lea,ohairy,67082228
Lea,Ferguson,71435435
Charlotte,Mcintosh,64294759
Beatrix,ohairy,87009253
Lea,Angus,15038845
Lea,Mcintosh,65828080
Marc,Ferguson,33752588
Beatrix,Ferguson,12026690
Lea,Smith,33630632
Beatrix,Smith,42172273
Marc,Barry,64208860
Marc,Barry,81375156
James,Mcintosh,78791011
Lea,Ferguson,64563207
Lea,Smith,30600090
James,Mcintosh,78255060
Marc,Angus,16189842
Charlotte,Ferguson,33222388
Marc,Barry,81077143
Charlotte,Ferguson,16652596
Beatrix,Smith,81046479
Lea,Angus,63329375
Charlotte,Smith,64331481
Marc,Ferguson,76988022
Lea,Ferguson,55745455
James,ohairy,21041431
Beatrix,ohairy,78512323
Harry,ohairy,76394786
Harry,Barry,42335369
Lea,Smith,76903150
Marc,Ferguson,53420083
Harry,Angus,71174281
Beatrix,Mcintosh,49999795
Lea,ohairy,67232089
Marc,Barry,55126891
Charlotte,Smith,79481663
Beatrix,Mcintosh,28230140
Beatrix,Ferguson,30134807
Marc,Angus,12694065
Charlotte,Smith,21016231
Marc,Mcintosh,59697060
James,Smith,55224101
Lea,Angus,48975066
Lea,ohairy,72247188
Lea,ohairy,38215874
Marc,ohairy,49193915
Harry,Angus,23870161
Charlotte,Barry,47062218
Marc,Angus,82040263
Beatrix,Mcintosh,86813509
Harry,Barry,38431234
Harry,Smith,13672345
James,Smith,71572850
Marc,Barry,89603175
Lea,Angus,44098746
Marc,Smith,43257119
Charlotte,Angus,37689752
Marc,ohairy,62309555
Charlotte,Angus,61374493
James,Angus,53357509
Harry,Angus,19722589
Lea,Smith,86063145
Beatrix,Ferguson,57454424
Marc,Smith,86566717
Beatrix,Angus,85121045
Beatrix,Smith,30796947
Charlotte,ohairy,21061536
Lea,Barry,30519201
Charlotte,Smith,24820352
Lea,Mcintosh,67377439
Marc,ohairy,14120173
Marc,Angus,53732986
Charlotte,ohairy,68663132
Charlotte,Barry,30226586
Charlotte,Angus,81017361
Charlotte,Smith,70409128
Beatrix,Mcintosh,38296417
Lea,ohairy,88003176
