First Name,Last Name,Matriculation
James,ohairy,15223844
Charlotte,Mcintosh,37986746
Harry,Smith,12802136
James,Angus,40712030
Beatrix,Ferguson,33903161
Beatrix,Mcintosh,47583237
Beatrix,ohairy,15897600
Charlotte,Ferguson,36762301
Marc,Barry,17523615
Marc,Barry,29943775
Charlotte,Smith,76006890
Harry,Ferguson,16257971
Lea,Barry,35789263
Charlotte,Smith,23899953
Beatrix,Ferguson,16534790
Charlotte,Mcintosh,75365520
Harry,ohairy,73011715
Marc,Barry,15664355
Charlotte,Ferguson,67964029
Marc,ohairy,28206791
Beatrix,Mcintosh,51951454
Harry,Angus,19419788
Lea,Ferguson,25834658
James,ohairy,66949166
Lea,Mcintosh,74263009
Harry,ohairy,82031437
James,Mcintosh,50783394
Beatrix,ohairy,47743952
Beatrix,Ferguson,39282328
James,Barry,82957962
Beatrix,Smith,18722047
Charlotte,Ferguson,68098112
Marc,ohairy,76967738
Harry,ohairy,31359433
Charlotte,ohairy,38488111
James,Angus,54782198
James,ohairy,19607652
Harry,Mcintosh,15015733
Beatrix,Barry,34944616
James,Barry,76814268
Lea,Ferguson,33176813
Marc,Angus,87974779
James,Mcintosh,38710006
James,Mcintosh,13712919
Beatrix,Smith,16713117
Beatrix,Barry,24197388
James,Ferguson,41444669
Harry,Barry,71922469
James,Smith,39556791
Charlotte,Mcintosh,65049978
Harry,Smith,17880159
James,Angus,46999835
James,Angus,25551656
Marc,Barry,89063006
Charlotte,Ferguson,40420440
Charlotte,Ferguson,27921899
Lea,Smith,50552548
Lea,ohairy,37009803
Lea,Smith,22000027
Harry,Mcintosh,73524173
Beatrix,Mcintosh,24064188
Harry,Mcintosh,53787848
Beatrix,Ferguson,25766391
Harry,Ferguson,63862460
Beatrix,Barry,49037619
Charlotte,ohairy,60988663
Marc,Ferguson,31442962
James,Ferguson,59484904
Marc,Mcintosh,86719706
Harry,Mcintosh,29025038
Charlotte,Angus,87369335
Harry,Ferguson,69109392
Charlotte,Barry,63622063
Harry,Mcintosh,67465566
Harry,Barry,23221156
Marc,Ferguson,15382118
Charlotte,Smith,38458442
Charlotte,Smith,63796316
Beatrix,Barry,15538300
Charlotte,Ferguson,34453177
Harry,Ferguson,66549031
Harry,Angus,63965952
Marc,Ferguson,24254716
Lea,Ferguson,26462783
James,Barry,56883563
Harry,Ferguson,74004387
Harry,Mcintosh,58587037
Charlotte,Barry,72181035
Charlotte,Ferguson,35561223
Lea,Ferguson,26981594
Lea,Mcintosh,50070832
James,Angus,75822006
Marc,Smith,82345385
Charlotte,Mcintosh,57226570
Charlotte,Angus,75469128
Charlotte,ohairy,18402695
Harry,Smith,54763580
Beatrix,Mcintosh,76436055
Beatrix,Barry,36424833
Lea,Barry,30338805
