First Name,Last Name,Matriculation
Lea,Mcintosh,47795670
Harry,Angus,12771915
Lea,ohairy,78387652
James,Mcintosh,12982109
Charlotte,Mcintosh,76028036
Beatrix,Angus,67855837
James,Smith,85363225
James,ohairy,79989544
Marc,Ferguson,79325733
Marc,Angus,34331278
Marc,Smith,48529821
Beatrix,Smith,12812768
James,Angus,58637258
Marc,Mcintosh,40078176
Lea,Barry,65688546
Lea,ohairy,25271484
Charlotte,ohairy,23374010
Marc,Mcintosh,68777991
Beatrix,Angus,61681983
Marc,ohairy,79415544
Lea,Barry,63071237
James,Smith,68628513
Charlotte,Mcintosh,17470322
Lea,Barry,25376840
James,Smith,20269405
Lea,ohairy,55063282
Charlotte,Smith,30520529
Beatrix,ohairy,14235069
James,Barry,47384793
Charlotte,Ferguson,49274961
Marc,Ferguson,76277507
Harry,Mcintosh,73308811
Harry,Angus,86183824
Charlotte,Smith,81197295
Charlotte,ohairy,34086258
Lea,Mcintosh,54915086
Harry,Barry,85541438
Marc,Smith,64276843
James,Barry,40912146
Beatrix,Smith,74997620
Harry,Ferguson,66798325
Lea,Mcintosh,42633170
James,Mcintosh,62798096
Harry,ohairy,33232269
Harry,ohairy,48370309
Harry,Barry,45852664
Lea,Mcintosh,41940615
Harry,ohairy,82419651
Lea,Smith,21002668
Beatrix,ohairy,68263701
Marc,Mcintosh,87930244
James,Barry,56225086
Beatrix,Smith,86432654
Harry,Barry,56804017
Charlotte,Barry,74573191
Charlotte,Angus,46066141
James,Barry,68736683
Beatrix,Mcintosh,34813698
James,Mcintosh,24037933
Harry,Angus,86267558
Harry,Smith,20561897
Charlotte,ohairy,33590905
Marc,Mcintosh,23589546
Charlotte,Ferguson,18088118
Lea,Barry,22321102
Lea,ohairy,76915043
James,Angus,24889212
Marc,Barry,58857409
Charlotte,Ferguson,41835226
Beatrix,Ferguson,70116883
Charlotte,Mcintosh,43822383
Marc,Barry,86101920
Harry,Ferguson,50860771
Charlotte,Angus,47323312
Charlotte,Barry,75720148
Charlotte,Mcintosh,43728852
James,Barry,68411419
Beatrix,Mcintosh,21212481
Charlotte,Mcintosh,86629743
Charlotte,Mcintosh,11135664
Lea,ohairy,28079090
Charlotte,ohairy,48346727
Marc,Angus,70730146
James,Barry,62094752
Marc,Mcintosh,52010120
Lea,Smith,76147707
Harry,Angus,40824015
Lea,Barry,23761035
Charlotte,Barry,16131832
Harry,Smith,11916960
Lea,ohairy,18681759
Lea,Smith,10409132
Marc,ohairy,22108482
Marc,ohairy,48406060
James,Smith,22524928
Beatrix,Smith,51305713
Marc,Barry,31708460
James,Angus,77591785
Harry,Mcintosh,21110849
Beatrix,Ferguson,75890921
