First Name,Last Name,Matriculation
Lea,Angus,31206472
Beatrix,Mcintosh,33053350
Charlotte,Barry,45051501
Harry,ohairy,59531736
Lea,Angus,85454655
Lea,Ferguson,73353703
Harry,Smith,32296011
James,Barry,24539635
Lea,Smith,63355626
James,Barry,41085378
Harry,Smith,44296153
Harry,ohairy,42055769
James,Ferguson,42946342
Marc,ohairy,41789353
Harry,Smith,62491531
Charlotte,Barry,35938516
Harry,Ferguson,30644859
James,Angus,62432817
Harry,Angus,47545005
Charlotte,Smith,71080714
Lea,Mcintosh,39670985
James,Smith,43062292
James,Angus,31737040
Lea,Ferguson,71117144
Charlotte,ohairy,63094898
Harry,ohairy,60970251
Marc,Angus,24076871
James,Ferguson,32924165
Marc,Barry,29937685
Marc,Ferguson,82575435
Marc,Barry,38876090
James,Angus,65637613
Beatrix,Mcintosh,33701634
Beatrix,Ferguson,76845151
Harry,Smith,65741496
James,Ferguson,15391501
Beatrix,ohairy,13558763
James,Ferguson,15476613
Harry,ohairy,39941996
Lea,ohairy,75841353
Harry,Angus,18529241
Marc,Angus,71094476
Beatrix,Mcintosh,80799806
James,ohairy,47967981
Charlotte,Mcintosh,87419701
Beatrix,Barry,84581274
Lea,Mcintosh,63424021
Beatrix,Angus,84778570
Lea,Barry,62349425
Lea,Mcintosh,89833436
Beatrix,Smith,83228464
Harry,Angus,64263398
Harry,Angus,20402289
Harry,Angus,61544036
Marc,Ferguson,45688059
James,Mcintosh,65515539
Harry,Ferguson,42853978
James,Mcintosh,32215374
Marc,Mcintosh,19217078
Marc,ohairy,21992727
Harry,Mcintosh,48965020
Harry,Barry,83765843
Charlotte,Barry,59882190
Beatrix,Mcintosh,30863345
James,ohairy,67018966
Beatrix,Ferguson,28985139
Marc,Ferguson,75139676
Beatrix,ohairy,48679571
Charlotte,Barry,84426060
James,Angus,51261732
James,ohairy,89919862
James,Ferguson,22103492
Marc,Mcintosh,86011799
Lea,ohairy,53582190
James,Ferguson,27206325
James,Smith,10281359
Marc,Smith,50576651
James,Smith,66030457
Charlotte,Barry,86484772
Charlotte,Barry,55738793
Marc,ohairy,47958597
Lea,Mcintosh,55647581
Marc,ohairy,66547749
Harry,Mcintosh,29608708
Lea,ohairy,77496857
Harry,Smith,36872300
Charlotte,Smith,18774044
Charlotte,Mcintosh,73924320
Lea,Barry,76497083
Beatrix,Smith,40966446
Lea,Mcintosh,71929204
Lea,Ferguson,71656816
Beatrix,Barry,61506947
Charlotte,Mcintosh,82333383
Charlotte,Ferguson,47154268
Beatrix,Angus,66823799
James,Smith,86325589
Harry,Barry,16846191
James,ohairy,15322121
Charlotte,Angus,84249031
