First Name,Last Name,Matriculation
Harry,Mcintosh,19990644
Beatrix,Ferguson,10189849
Harry,Mcintosh,11589400
Harry,ohairy,70890871
Harry,Ferguson,21455173
Lea,Mcintosh,68927020
Beatrix,Ferguson,45120770
Beatrix,Mcintosh,65239133
Lea,ohairy,43453000
Marc,Ferguson,12354239
Harry,Barry,36527104
Charlotte,ohairy,14091733
James,Mcintosh,14615825
Harry,Barry,44746951
Lea,ohairy,69900594
Charlotte,ohairy,23520757
James,Barry,24573499
Charlotte,Angus,49959040
James,ohairy,21277665
Marc,Ferguson,60078191
Beatrix,Angus,26349016
James,Mcintosh,65688696
Charlotte,Smith,70200698
Lea,ohairy,59691872
James,Barry,83483537
Charlotte,Angus,33834077
Lea,Ferguson,75681490
James,Angus,41764418
Harry,Smith,16923355
James,Mcintosh,17166445
James,Ferguson,34497963
Lea,Barry,61595975
Charlotte,Angus,29424553
Beatrix,Smith,65055709
Beatrix,Mcintosh,41632663
Lea,Barry,65240715
James,Angus,31310957
Marc,ohairy,78334045
Marc,Barry,29820125
Marc,Mcintosh,22271756
Marc,ohairy,85782083
Harry,Ferguson,27325809
Marc,Ferguson,46086862
Lea,Mcintosh,36376515
Lea,Barry,62682526
Harry,Smith,80208261
Beatrix,Angus,50388622
Harry,Angus,79891357
Charlotte,Angus,64588876
Beatrix,ohairy,48326300
Lea,Smith,78145463
James,Barry,51894835
James,Mcintosh,29702255
Beatrix,ohairy,66393829
Charlotte,Angus,45140182
Lea,Ferguson,65893767
Marc,Smith,73164860
Beatrix,Smith,89478958
James,Mcintosh,47728897
Harry,ohairy,75080570
Harry,Ferguson,20528880
Charlotte,Barry,38379144
Charlotte,Smith,10281821
Harry,Mcintosh,11767694
Lea,Barry,28446818
Charlotte,Mcintosh,44265773
James,Angus,74748226
Beatrix,ohairy,67763729
Charlotte,Mcintosh,42211863
Charlotte,Angus,78285176
Marc,Ferguson,81546554
Charlotte,Barry,20090568
Lea,Barry,42131294
Marc,Ferguson,36572486
Marc,ohairy,25791987
Marc,Angus,25422633
Harry,Ferguson,60943929
Beatrix,Barry,79396254
Marc,Ferguson,20195507
James,Ferguson,51682531
Charlotte,Barry,33827190
Harry,Mcintosh,37740372
Harry,ohairy,33576195
Beatrix,Smith,57680284
James,Smith,16348181
James,Mcintosh,18683819
James,Mcintosh,38986974
Lea,Angus,77945913
Lea,Barry,66554522
Lea,Barry,85460044
James,Mcintosh,31622299
Lea,Smith,35191703
Marc,ohairy,80794136
James,Ferguson,68664071
Beatrix,Barry,57455047
Lea,ohairy,53597413
James,Mcintosh,47267145
Beatrix,Smith,45565498
Beatrix,Mcintosh,72337322
Charlotte,Angus,33527455
