First Name,Last Name,Matriculation
Beatrix,Barry,15563787
Beatrix,Barry,50193279
Lea,Mcintosh,52464893
Harry,Smith,30521315
Beatrix,Mcintosh,45661039
Charlotte,Ferguson,17077038
Beatrix,ohairy,21143321
Charlotte,Barry,61901220
Beatrix,Angus,43315912
Beatrix,Smith,67355776
James,Smith,57977799
Marc,Barry,18508495
Lea,ohairy,16176891
Harry,Smith,47284522
Marc,Mcintosh,57542129
Beatrix,ohairy,52712883
Lea,Smith,12014888
Beatrix,Smith,86333747
Lea,Ferguson,27543346
Marc,Barry,79771779
Beatrix,Barry,74718045
Harry,Mcintosh,87864891
Lea,Mcintosh,86623810
Beatrix,Ferguson,33255990
Beatrix,Barry,68218658
Marc,Angus,77900577
Marc,Angus,82374910
Beatrix,Mcintosh,44469702
Lea,Barry,45865407
Lea,ohairy,63584374
Harry,ohairy,54800964
James,Ferguson,47386880
Harry,Barry,74640557
James,Mcintosh,16544153
Charlotte,Smith,13626172
James,Smith,44905089
Beatrix,ohairy,66688100
James,Barry,10427355
Charlotte,Mcintosh,58861768
Charlotte,Barry,60023862
Marc,Angus,82831140
Charlotte,Smith,15937453
Lea,Mcintosh,76689970
Marc,Mcintosh,22291272
Lea,Angus,88090761
Lea,Ferguson,40575047
Lea,Barry,65252382
Marc,Mcintosh,72918069
Charlotte,Angus,32135500
Lea,Smith,63490716
Lea,Angus,23549980
James,Ferguson,65899248
Beatrix,Mcintosh,26194453
Charlotte,Smith,62153169
Beatrix,Smith,66110130
Beatrix,Ferguson,27030587
Marc,Barry,64841562
James,Smith,24940439
Lea,Smith,50763334
Harry,Mcintosh,42111560
Charlotte,Mcintosh,45816864
Charlotte,Mcintosh,58081923
Charlotte,Angus,77160125
Harry,ohairy,44814373
Harry,Mcintosh,34808727
Harry,Smith,71011243
James,Smith,45143690
James,Angus,57480544
Charlotte,Angus,47855450
Lea,Smith,72470621
James,ohairy,23270767
Charlotte,Smith,20475115
James,Smith,17687076
Lea,Mcintosh,86876491
Lea,Mcintosh,23772862
James,Angus,42248305
Marc,Ferguson,11546394
Lea,Mcintosh,86874352
James,Angus,41433537
Harry,Angus,72991285
James,Ferguson,38610683
Lea,Mcintosh,83082219
Marc,ohairy,61844386
Lea,Barry,70946339
Beatrix,Mcintosh,66928833
Charlotte,Angus,51107110
James,Barry,88213985
Charlotte,Mcintosh,73287044
Harry,Angus,79375420
Beatrix,Barry,51241653
Marc,Angus,34355306
James,ohairy,12438347
Harry,Ferguson,12465491
Charlotte,Mcintosh,56607900
Beatrix,Ferguson,72808420
Marc,Barry,72646129
Harry,ohairy,75255092
Charlotte,Mcintosh,82035722
Beatrix,Ferguson,74724116
Marc,Mcintosh,10345403
