First Name,Last Name,Matriculation
Beatrix,Smith,75544281
Harry,ohairy,11622284
Beatrix,Ferguson,46499926
Harry,Mcintosh,44407634
Beatrix,Barry,30095227
Beatrix,Angus,77606990
Marc,Ferguson,25373285
James,ohairy,77550121
Charlotte,Mcintosh,78708128
Marc,Barry,70889129
Beatrix,Barry,40447898
Lea,Barry,33814095
Lea,Barry,36571296
Beatrix,Smith,45226480
Harry,ohairy,77519087
Harry,Mcintosh,16823462
Beatrix,Barry,51596879
Beatrix,Angus,58930105
Beatrix,ohairy,77231508
Harry,Ferguson,60032647
Lea,Mcintosh,17328905
Harry,Mcintosh,58953903
Marc,Angus,81808613
Beatrix,Ferguson,43044520
Beatrix,Smith,87244225
Lea,Angus,47115990
Beatrix,Mcintosh,25120778
Lea,ohairy,49005991
James,ohairy,85196205
Harry,Mcintosh,37826803
Harry,Angus,10748928
Harry,ohairy,32342790
Lea,Smith,19533347
James,Barry,43093839
James,Ferguson,28928110
Lea,Ferguson,51454533
James,Angus,65856547
Beatrix,Smith,45996325
Beatrix,Mcintosh,51896346
Lea,Angus,13122815
Beatrix,ohairy,21015024
Beatrix,Barry,40767464
Harry,Angus,75024360
Marc,Barry,10761142
James,Mcintosh,32547845
Beatrix,Ferguson,35465909
Beatrix,Barry,62777163
James,Mcintosh,30249466
Lea,Mcintosh,78118507
Lea,Smith,36576410
Beatrix,Ferguson,58193981
Lea,Mcintosh,80062598
Marc,Barry,26734423
Marc,Mcintosh,65107386
Beatrix,ohairy,34607560
Beatrix,Mcintosh,57231283
Charlotte,Angus,65121550
Lea,ohairy,52107783
Marc,Barry,60149919
Charlotte,Mcintosh,89765775
Harry,Angus,83210970
Lea,Barry,36869550
Harry,Smith,66036678
James,Mcintosh,58015144
Harry,Ferguson,43354300
Lea,Barry,36676962
Marc,Mcintosh,27588212
Beatrix,Angus,72182959
James,Ferguson,80720131
Charlotte,ohairy,50732104
Harry,ohairy,16854397
Beatrix,Angus,69527201
Beatrix,ohairy,21828725
Harry,Smith,50375422
Beatrix,ohairy,30656097
Charlotte,Smith,16091066
Marc,Mcintosh,73127724
James,Smith,53281525
Marc,ohairy,19780411
James,Barry,63641334
Charlotte,Smith,18515084
Lea,ohairy,86434406
Marc,Smith,70766760
Beatrix,Mcintosh,38677432
Harry,Barry,87191292
Beatrix,ohairy,12677467
James,ohairy,22636492
Harry,Smith,18464129
Beatrix,Barry,17726015
Lea,Angus,60937762
Charlotte,Mcintosh,76008191
Beatrix,Ferguson,56168465
Marc,Barry,19003223
Beatrix,ohairy,18376796
Beatrix,Ferguson,75024491
Charlotte,Barry,22418755
Harry,Barry,57917303
Charlotte,Barry,70213391
James,Angus,51263204
Marc,ohairy,33024720
