First Name,Last Name,Matriculation
James,Angus,69059993
Charlotte,Smith,22848275
Harry,ohairy,48078567
James,Mcintosh,20681363
Charlotte,Smith,82476208
Charlotte,Barry,18252596
Marc,Smith,82018226
James,Mcintosh,73801542
James,Mcintosh,88766308
James,Barry,48919358
Charlotte,ohairy,35994959
Charlotte,Barry,58854160
Lea,Barry,53289707
Marc,Mcintosh,48206211
Charlotte,Mcintosh,61416526
Harry,Angus,78026449
Marc,Smith,86367770
Beatrix,Mcintosh,65007450
Charlotte,ohairy,30189986
Charlotte,Smith,13544008
Harry,Smith,23863648
Marc,Smith,25742062
Harry,ohairy,38678731
Charlotte,Smith,37917716
James,Smith,68366284
Harry,Smith,50450796
Lea,Barry,80894974
Lea,Smith,81110185
Harry,Angus,20588690
James,Barry,28898532
Beatrix,Angus,38592908
Beatrix,Mcintosh,63736269
Lea,Ferguson,87000012
Charlotte,Smith,42601250
Charlotte,Smith,31185984
Harry,Smith,21685512
Charlotte,Smith,45282211
Lea,Ferguson,87495326
Charlotte,Ferguson,34162161
Marc,ohairy,56337273
Beatrix,ohairy,50327102
Charlotte,Smith,46058456
Charlotte,Ferguson,82774381
James,Angus,42332177
Marc,Barry,85388053
Charlotte,ohairy,45689757
Marc,Angus,17061743
Charlotte,Smith,58083360
Charlotte,Mcintosh,84071161
Harry,Angus,88063847
Charlotte,Smith,54102039
Beatrix,Barry,67273792
Harry,Mcintosh,51496175
James,Angus,30984761
Lea,Smith,40388130
Charlotte,ohairy,79039669
Beatrix,Barry,12334333
Charlotte,Smith,25320516
Marc,Angus,83467155
Marc,ohairy,82886469
Beatrix,Barry,69423442
Marc,Ferguson,23640141
Marc,ohairy,60995254
Beatrix,Ferguson,73791775
Marc,Barry,49228598
James,Ferguson,11985604
Harry,Mcintosh,77150665
Charlotte,Angus,63892807
Charlotte,Barry,75976178
James,Mcintosh,80287153
Marc,Barry,43199130
Beatrix,Smith,69941772
James,Ferguson,75606614
Harry,Mcintosh,37572963
Lea,Mcintosh,13638052
Lea,Barry,80917379
James,Smith,41750456
Marc,Barry,77506840
Beatrix,Mcintosh,83095144
Lea,ohairy,83563097
James,Smith,57551752
Beatrix,ohairy,64152915
Beatrix,Mcintosh,20807951
Charlotte,Ferguson,68259642
Marc,Mcintosh,40672373
Beatrix,Smith,69880393
James,Smith,20162523
Marc,Ferguson,26771831
Marc,Angus,36628051
Marc,Barry,37196279
Charlotte,Barry,15223264
James,Ferguson,35010618
James,Angus,39048889
Marc,Mcintosh,12406062
Harry,Smith,33785576
Charlotte,Mcintosh,46261020
Lea,ohairy,23274828
Marc,Ferguson,84377964
Harry,Angus,55815511
Beatrix,Ferguson,54072507
