First Name,Last Name,Matriculation
Lea,ohairy,54090956
Charlotte,ohairy,86488166
Charlotte,Ferguson,76439531
Lea,Ferguson,66029011
Marc,ohairy,48752281
Beatrix,Angus,71526728
Lea,Barry,67889569
Beatrix,Ferguson,82410211
Marc,Ferguson,79592687
Marc,Smith,66958144
Beatrix,Smith,34429783
Charlotte,Smith,55222144
Lea,Barry,35705855
Charlotte,Smith,50305051
Charlotte,Ferguson,69810204
James,Angus,61533498
Beatrix,ohairy,45758514
Marc,Ferguson,79158128
Marc,Smith,10668881
James,Ferguson,87566412
Beatrix,Angus,25512225
Harry,Ferguson,54435554
Beatrix,Smith,73024770
Lea,Ferguson,19692931
Lea,Ferguson,54454931
Beatrix,Mcintosh,84478451
James,Barry,54487185
Beatrix,Smith,85769345
Beatrix,Angus,62013077
Harry,Angus,37217376
Marc,Barry,58775789
Lea,Barry,46398740
Lea,ohairy,74872955
James,Mcintosh,22451220
James,ohairy,89965503
Charlotte,ohairy,71992509
Harry,Barry,56923183
Lea,Smith,77144402
Marc,Smith,23297415
Harry,ohairy,17048417
Lea,Ferguson,31586631
James,Angus,59013853
Charlotte,Mcintosh,18334912
Lea,Mcintosh,27931985
Marc,Barry,66635003
Harry,Ferguson,53026167
Lea,Barry,36232344
Harry,Mcintosh,44884984
James,Barry,22265797
James,Barry,48447414
Harry,Ferguson,34643481
Marc,Angus,30139484
Marc,ohairy,87943891
Harry,Smith,12512496
Beatrix,ohairy,32480370
Lea,Ferguson,87708748
James,Barry,88154551
Lea,Ferguson,10369575
Charlotte,Ferguson,59089647
Harry,ohairy,10398780
Beatrix,Ferguson,87377261
Beatrix,Smith,64648555
Charlotte,Ferguson,62408140
Marc,Angus,69928941
Harry,Smith,17996795
Charlotte,ohairy,50440137
Marc,Ferguson,23180696
Beatrix,Ferguson,69339670
Harry,Smith,67471693
James,Ferguson,87622962
Beatrix,Ferguson,64621799
James,Ferguson,53481960
Charlotte,Barry,22009930
Harry,Smith,78372468
Marc,Barry,70110712
James,Mcintosh,89815903
James,Ferguson,79676317
Charlotte,Ferguson,35030117
Harry,Barry,89810328
James,Mcintosh,24064552
Marc,Ferguson,51183780
Charlotte,Barry,45634044
Charlotte,Ferguson,75933612
Beatrix,Smith,11002745
James,Barry,44407525
Harry,Ferguson,56421488
James,ohairy,74627962
Charlotte,Smith,22843734
James,Mcintosh,65872736
Harry,Mcintosh,69778941
Beatrix,Smith,39938327
Marc,Ferguson,74121200
Beatrix,ohairy,40391874
James,ohairy,66005448
Beatrix,Mcintosh,27385340
James,ohairy,82414553
Beatrix,Angus,14835513
James,Mcintosh,57172064
Marc,Angus,65623639
James,Mcintosh,40831847
