First Name,Last Name,Matriculation
Charlotte,Barry,69145702
Charlotte,Smith,44580024
Beatrix,Barry,12819790
James,Mcintosh,32109286
Marc,Mcintosh,84948109
Charlotte,ohairy,34537529
Marc,ohairy,82577945
Beatrix,Ferguson,85248105
Charlotte,Angus,51308934
Lea,Ferguson,89189002
Harry,Barry,48969949
Beatrix,Angus,15001871
Harry,Ferguson,35898134
Beatrix,ohairy,18756933
Charlotte,Angus,65344910
Lea,Mcintosh,33057721
Beatrix,Angus,54141066
Marc,Mcintosh,69750234
Charlotte,Barry,58880955
Beatrix,Smith,35594786
Charlotte,ohairy,21374329
James,Mcintosh,51931065
Harry,Smith,10523462
Marc,Mcintosh,45176170
Marc,ohairy,49102492
Lea,Angus,87787087
Harry,ohairy,22720507
Lea,ohairy,31258903
Marc,Smith,75065396
Marc,Angus,58827658
Marc,Smith,73215800
Lea,Smith,53303164
Beatrix,Mcintosh,37366884
Charlotte,Ferguson,32174368
Charlotte,Barry,35302487
Charlotte,Barry,74303813
Beatrix,ohairy,87036795
Charlotte,Mcintosh,72792232
James,Smith,65841433
Harry,Mcintosh,38358411
James,ohairy,81067995
Charlotte,Ferguson,65237656
Harry,Smith,21864461
Lea,Angus,74250021
Lea,Ferguson,20262563
Harry,Smith,60889942
Beatrix,Mcintosh,38739178
Lea,Smith,38830456
James,Ferguson,79123855
Marc,ohairy,52687537
Marc,Smith,24397616
Lea,Smith,13265597
Lea,ohairy,29522064
Marc,Mcintosh,48265263
James,Angus,82798039
Charlotte,Angus,36573070
Lea,Smith,49112918
Lea,Mcintosh,15681868
Lea,ohairy,57826183
Lea,Smith,14975266
Marc,Mcintosh,77207901
Marc,Angus,83308393
Charlotte,Ferguson,47190803
James,ohairy,55965880
Charlotte,Barry,35349018
Harry,ohairy,14035305
Marc,Angus,33957923
Marc,Ferguson,54039858
Charlotte,Mcintosh,29970409
Beatrix,Smith,46751027
Charlotte,ohairy,21111149
Lea,Smith,11269109
Charlotte,Ferguson,29796497
James,Smith,69683242
Beatrix,Ferguson,78511544
Charlotte,Smith,51931870
Beatrix,ohairy,20910833
James,Barry,30365628
Beatrix,Mcintosh,56526319
Beatrix,Mcintosh,33121345
Lea,ohairy,44665935
Harry,Barry,82250753
Marc,Smith,37055553
Charlotte,Barry,58921023
James,Barry,45896347
Harry,Mcintosh,45191665
Harry,Angus,83837431
Marc,Mcintosh,29303067
Charlotte,Angus,11365782
Lea,Ferguson,53817611
Charlotte,Angus,86789026
Marc,ohairy,33208575
James,Ferguson,67417319
James,ohairy,52226952
Charlotte,Angus,39269251
James,ohairy,62666824
Marc,Mcintosh,86678069
Beatrix,Mcintosh,88772190
James,Smith,78555054
Marc,ohairy,87178172
