First Name,Last Name,Matriculation
Beatrix,Smith,81420214
Charlotte,Angus,77145215
Lea,Angus,86998895
Beatrix,Smith,76663336
Beatrix,Angus,24263784
Lea,Ferguson,25189703
Charlotte,Angus,22367646
Harry,Ferguson,11913535
Harry,Barry,15771710
Beatrix,ohairy,41300538
Lea,Barry,77102417
Lea,Mcintosh,88830715
Harry,Mcintosh,59430102
Lea,ohairy,29544755
Harry,Angus,34922474
Harry,Barry,69617903
Lea,Angus,74354492
Beatrix,Smith,39955274
James,ohairy,13034116
Beatrix,Barry,53105064
Harry,Smith,74877933
James,Smith,61634768
Lea,Ferguson,30126876
Harry,Mcintosh,46323264
Harry,ohairy,41970450
Beatrix,Smith,28390712
Harry,Barry,16591527
Charlotte,Barry,65615258
Beatrix,Barry,36358974
Lea,Angus,49391403
Marc,Mcintosh,33488570
Charlotte,Ferguson,68173224
Lea,Ferguson,37221347
Lea,Mcintosh,53636852
Lea,Smith,88185959
James,Angus,80489240
James,Mcintosh,19332529
James,ohairy,45184565
Marc,Smith,44198762
James,Barry,45357363
Harry,Angus,34242732
Marc,Ferguson,10734863
Marc,ohairy,87514185
Marc,Mcintosh,31842744
Lea,Barry,88623353
Harry,Mcintosh,85506184
Charlotte,Smith,77423175
Charlotte,Smith,61680038
Charlotte,Smith,37846505
James,Smith,47830164
Charlotte,Ferguson,33022867
Beatrix,ohairy,22830694
Beatrix,Mcintosh,27528054
Harry,Angus,82202853
James,Angus,66317311
Marc,Barry,46894881
James,ohairy,44506286
James,Ferguson,27652720
Beatrix,Ferguson,81240660
Harry,Mcintosh,36664677
Harry,Mcintosh,88539252
Lea,Barry,53352055
Beatrix,Barry,44492672
Harry,Smith,30444498
Marc,Mcintosh,52033485
Charlotte,Angus,77127986
Marc,Barry,82476553
Beatrix,Ferguson,88990510
Charlotte,Smith,50498561
Beatrix,Mcintosh,19821864
Charlotte,Ferguson,86225888
Charlotte,Angus,72658833
Beatrix,Angus,35851301
Charlotte,Ferguson,46595080
Charlotte,Ferguson,46396138
James,Mcintosh,31815885
Marc,Smith,25781002
Beatrix,ohairy,23569483
Harry,Mcintosh,55427960
Marc,Mcintosh,81456342
Beatrix,ohairy,54971720
Harry,Angus,70788866
James,Mcintosh,80164685
James,Ferguson,64954587
Beatrix,ohairy,87031145
Marc,Angus,23534425
Beatrix,Angus,12761041
Beatrix,Barry,75523072
Charlotte,Ferguson,54873924
Beatrix,Mcintosh,71126145
Marc,Mcintosh,11755832
James,Mcintosh,18816437
Lea,Angus,56423895
Beatrix,ohairy,72946138
James,Ferguson,61799916
Lea,Smith,73620469
Lea,Angus,70047967
Beatrix,Mcintosh,82373366
Charlotte,Barry,29108461
Marc,Barry,41540826
