First Name,Last Name,Matriculation
Harry,Smith,73519592
Harry,Angus,27027394
Lea,Smith,49607084
Beatrix,ohairy,33772919
Charlotte,Ferguson,40442434
Charlotte,Barry,45127246
Marc,Barry,43090996
James,Smith,52120629
Beatrix,ohairy,82113259
Charlotte,Smith,37270705
Marc,Ferguson,41573734
Charlotte,Smith,69502522
Marc,Barry,74860487
James,Angus,81127399
Lea,Angus,18969591
Charlotte,ohairy,32580986
Harry,Smith,88938288
Marc,Barry,89219589
Lea,ohairy,64562559
Harry,Ferguson,80258784
Beatrix,Barry,88549049
Charlotte,Smith,49618956
Harry,Ferguson,60442946
Beatrix,Ferguson,61098076
Marc,Ferguson,58701335
Harry,Mcintosh,86556936
Charlotte,Barry,16590423
Marc,Mcintosh,43188015
Marc,Smith,13271294
Harry,Mcintosh,54265029
Beatrix,ohairy,55098489
James,Mcintosh,72414540
James,ohairy,78416519
James,Ferguson,37556763
Harry,Smith,87270576
Charlotte,Ferguson,69639514
Beatrix,Angus,21802180
Lea,Ferguson,74990108
Harry,Ferguson,44495627
Harry,Angus,82663603
James,Angus,22092598
Charlotte,Ferguson,24026812
Harry,Barry,61890520
Lea,Smith,53066875
Harry,Ferguson,29217410
Charlotte,Mcintosh,36232778
Harry,Angus,54287116
Marc,Ferguson,83676754
Harry,Barry,46190315
Beatrix,Ferguson,25835344
Harry,Ferguson,36589053
Harry,Mcintosh,72191312
Beatrix,Ferguson,14222991
Harry,Smith,35638747
Marc,ohairy,82340133
Marc,Smith,55237596
Charlotte,Angus,22643916
Charlotte,Ferguson,17199441
James,Angus,71585929
Charlotte,Barry,10093454
Lea,ohairy,25623256
Beatrix,Smith,83704533
Beatrix,Smith,68026757
Beatrix,Ferguson,24547653
Charlotte,Barry,59353427
Lea,ohairy,29166986
James,Ferguson,15345585
James,Angus,39014892
Beatrix,Smith,69621502
Harry,Mcintosh,16512738
Beatrix,Barry,31971317
James,Barry,18957461
James,Barry,30976267
Charlotte,Smith,67868204
Charlotte,Mcintosh,61684722
Lea,ohairy,67291908
Harry,Ferguson,68446738
James,ohairy,38933831
Marc,Barry,20675966
Harry,Smith,59883663
Lea,Angus,77620940
Beatrix,Smith,40646784
James,Smith,31782484
Beatrix,Smith,74972593
Charlotte,Ferguson,21867658
Beatrix,Ferguson,57629068
Lea,Angus,35397415
Marc,Ferguson,15172906
Beatrix,Smith,60951316
Charlotte,Ferguson,36378764
Lea,ohairy,24574660
Charlotte,Barry,76308054
James,Barry,39939060
Beatrix,Ferguson,69462231
Harry,Barry,47216688
Lea,ohairy,89790765
Charlotte,Ferguson,19554585
Marc,ohairy,57095667
Marc,ohairy,20335459
Charlotte,ohairy,61085303
