First Name,Last Name,Matriculation
Marc,Angus,39008285
James,Mcintosh,70496058
Harry,Smith,76824501
Charlotte,Ferguson,53687225
Lea,Ferguson,23458695
James,ohairy,46425481
Harry,Ferguson,68106576
Harry,Mcintosh,84371446
Lea,ohairy,68199305
Beatrix,Angus,32425492
Lea,ohairy,41953940
Marc,Mcintosh,89750613
James,Mcintosh,85269674
Lea,Ferguson,69811712
Marc,ohairy,18926382
Lea,ohairy,44398142
Harry,Ferguson,33514236
Beatrix,Mcintosh,42357038
James,Angus,87078010
Marc,Smith,50846017
Lea,Barry,35899656
Harry,Ferguson,77312507
Charlotte,Angus,41795795
Harry,Smith,77169770
James,Angus,30986519
James,Mcintosh,81348375
Charlotte,Angus,54575332
Marc,Mcintosh,47729290
Harry,Mcintosh,64456928
Marc,Ferguson,41153705
Marc,Smith,78069354
Charlotte,Barry,30097618
Charlotte,Smith,31615757
James,Ferguson,71254012
Harry,Angus,17865462
Beatrix,Angus,45773458
Harry,Angus,86338221
Beatrix,Ferguson,43785517
Lea,Ferguson,42625322
Charlotte,Mcintosh,87653051
Lea,Mcintosh,28280755
Marc,Barry,75933895
James,Angus,58912150
Marc,Ferguson,39471427
Lea,Ferguson,46550905
Beatrix,Angus,25124194
Beatrix,Barry,53533233
Marc,Smith,25567281
Lea,Ferguson,11239940
James,Ferguson,66964202
James,Angus,56632619
Charlotte,ohairy,78102152
Charlotte,Mcintosh,21796282
Lea,Angus,40464175
James,Mcintosh,29882802
James,Smith,49893921
Harry,Barry,58620343
Beatrix,Mcintosh,48708499
Beatrix,Smith,40978831
Beatrix,Smith,78875784
Harry,Smith,59760989
Charlotte,Barry,86244311
Charlotte,Barry,85339806
Lea,Angus,12311215
Marc,ohairy,60761211
Beatrix,Smith,77997986
Lea,Ferguson,80130912
Marc,Mcintosh,59351539
James,ohairy,65677442
Harry,Ferguson,50837859
Lea,Barry,74485181
Lea,Mcintosh,48493110
James,Angus,51010070
Beatrix,ohairy,18270933
Beatrix,Barry,68496028
Lea,Angus,65886324
Charlotte,Mcintosh,69071879
Lea,Mcintosh,26992928
Charlotte,Ferguson,70158192
Lea,Angus,79491638
Lea,Ferguson,87603134
Marc,Angus,31160966
Charlotte,ohairy,54486153
Marc,ohairy,75707667
Marc,Ferguson,20956273
Marc,Smith,29334656
Marc,Ferguson,23754521
Beatrix,Ferguson,50796718
James,Ferguson,59702405
James,Mcintosh,73521297
Beatrix,Ferguson,11660725
Charlotte,Barry,79322492
Beatrix,Angus,14074607
Lea,Angus,50689139
Lea,Barry,35040251
James,Smith,78010866
Marc,Ferguson,68825531
Harry,Barry,10110991
Lea,Angus,28752892
Charlotte,ohairy,53700612
