First Name,Last Name,Matriculation
Lea,Ferguson,68086162
Harry,Barry,44932776
Charlotte,Angus,66720889
Charlotte,Mcintosh,62249649
Lea,Barry,50794921
Harry,ohairy,15388028
Charlotte,Barry,80988158
Lea,Barry,77813875
Marc,Ferguson,23716530
Lea,ohairy,78389144
Marc,Angus,50681309
Charlotte,Angus,79279310
Harry,Barry,53796459
Lea,ohairy,56486374
Beatrix,Angus,75806887
Lea,Angus,64273711
Lea,Mcintosh,62013154
James,Angus,31969266
Harry,Angus,19274343
Harry,Mcintosh,82211750
Beatrix,Mcintosh,84434647
Lea,Ferguson,19114101
James,Smith,21457883
Marc,Mcintosh,45470805
Charlotte,Angus,28737106
Harry,Ferguson,57779646
Beatrix,ohairy,61856430
Harry,Smith,87788798
Charlotte,ohairy,55475971
Lea,ohairy,21183543
Harry,Barry,15038417
Charlotte,Ferguson,86876314
Beatrix,Ferguson,59355053
Charlotte,Ferguson,25127754
Lea,Smith,11640144
Marc,Ferguson,66479723
Lea,Mcintosh,81802992
Harry,ohairy,50771051
Beatrix,Angus,88181102
Harry,ohairy,31403939
Harry,Mcintosh,64406520
Marc,Smith,78454983
James,Ferguson,38495172
Beatrix,Mcintosh,89442054
Marc,Smith,61660520
Charlotte,Smith,88055307
Marc,Ferguson,20780491
Harry,Smith,73492815
Charlotte,Barry,33295046
Lea,Barry,89434796
James,Mcintosh,41837923
Lea,Barry,18966739
Harry,ohairy,29689514
James,Angus,64287868
James,Barry,61055514
Harry,Angus,77776428
Lea,Mcintosh,13403652
James,Barry,81785485
Marc,Ferguson,66761167
Marc,Smith,55975384
Marc,Smith,40754822
Beatrix,ohairy,26598882
Marc,ohairy,34487508
James,Smith,73303211
Charlotte,Mcintosh,54411098
James,Angus,40683232
Charlotte,Smith,40730801
Beatrix,ohairy,76249905
Charlotte,Ferguson,44538614
Harry,Mcintosh,73805438
Charlotte,Smith,66473761
Charlotte,Smith,50445280
Charlotte,ohairy,39066408
James,Mcintosh,68403183
Charlotte,Mcintosh,51899574
Marc,Mcintosh,73751239
Charlotte,ohairy,52197997
Beatrix,Smith,77754089
Harry,Ferguson,63179174
Marc,Mcintosh,47149984
Beatrix,Mcintosh,13711383
Harry,Angus,88729099
James,ohairy,52832632
Beatrix,ohairy,69586985
Marc,Angus,25730300
James,Angus,83922316
Lea,Barry,86997475
James,Smith,38976320
Harry,Mcintosh,16208637
Marc,Barry,58225580
Harry,Smith,71409013
Beatrix,Barry,70431573
Beatrix,Barry,26943168
James,Barry,11116117
Harry,Barry,72724517
Charlotte,Ferguson,37593370
Lea,Angus,89998983
Marc,Smith,25027879
Lea,Smith,68962780
James,Angus,13307007
