First Name,Last Name,Matriculation
Beatrix,Mcintosh,20181983
Beatrix,ohairy,32084447
Beatrix,Mcintosh,70880866
Marc,Mcintosh,33792603
Lea,Ferguson,70442200
Charlotte,Barry,55881411
Marc,ohairy,37621777
Harry,ohairy,57659207
Lea,Angus,29260772
Marc,Angus,85629458
Lea,Ferguson,65383757
James,Mcintosh,48769376
Marc,Mcintosh,84166700
Charlotte,Smith,18360119
Harry,Angus,16103017
James,Smith,52860721
Marc,Barry,27515572
Marc,Angus,85951585
Lea,Smith,38115710
Marc,Smith,50185955
Charlotte,Barry,25428842
Beatrix,ohairy,43194890
Lea,Ferguson,54247781
James,Barry,67882953
Marc,Ferguson,17441664
Lea,Ferguson,10821277
James,Mcintosh,31148310
Harry,Smith,48871482
Charlotte,Smith,59485952
Lea,Angus,59484750
Charlotte,Smith,38512141
Beatrix,Ferguson,68906925
Beatrix,Smith,63805499
Beatrix,ohairy,18695679
Harry,Angus,46537389
Beatrix,Barry,78337802
Marc,Angus,55367795
Charlotte,Smith,53454736
Lea,Ferguson,69150252
Marc,Mcintosh,49949718
Beatrix,Smith,75867875
Lea,ohairy,57475140
Beatrix,Angus,57529187
Harry,ohairy,74834434
Marc,ohairy,53629953
Lea,Mcintosh,78678227
Beatrix,Angus,26881826
Lea,Angus,71295376
Marc,Ferguson,37188550
Beatrix,Ferguson,56556197
James,Angus,50432281
Beatrix,ohairy,81835616
Charlotte,Barry,57745547
Lea,Mcintosh,78810739
James,ohairy,14356449
Lea,ohairy,69184108
James,Ferguson,68515502
Harry,Smith,71439291
Harry,ohairy,54180684
James,Mcintosh,51595709
Beatrix,Angus,19234203
Beatrix,Smith,65715795
Beatrix,Ferguson,32203878
Beatrix,Ferguson,74145647
Marc,Ferguson,11567780
Charlotte,Smith,23449959
James,Smith,53267937
Lea,Mcintosh,86644856
Charlotte,Smith,25444292
Harry,Smith,36612476
Marc,Angus,57912860
Marc,Ferguson,46823360
James,Ferguson,21503590
Lea,ohairy,75051100
Lea,Barry,21499021
Charlotte,Barry,73598479
Marc,Ferguson,54040537
Harry,Barry,62684209
Harry,Ferguson,76918039
Lea,Smith,34299250
Charlotte,Ferguson,30978927
Lea,Angus,24944452
Lea,Barry,39153639
Charlotte,Barry,39526182
Beatrix,Mcintosh,48442672
Marc,Smith,28805352
Marc,Ferguson,13024828
Lea,Mcintosh,11529602
Marc,Mcintosh,42727487
James,Angus,67363375
Harry,Barry,57740956
Beatrix,Mcintosh,10676678
Charlotte,ohairy,78884516
Marc,Smith,63182815
James,Barry,16763275
Charlotte,Barry,14550253
James,Barry,17712051
Harry,ohairy,22447724
Marc,Barry,40349851
Marc,ohairy,22255670
