First Name,Last Name,Matriculation
Charlotte,Angus,37122665
Harry,Mcintosh,52821145
James,Ferguson,78171229
Marc,Angus,58148396
Harry,Angus,64021255
Charlotte,ohairy,39142456
Charlotte,Mcintosh,18832023
James,Mcintosh,25730330
Beatrix,Smith,45524108
Lea,Ferguson,49908951
Lea,Mcintosh,42982686
James,ohairy,11176039
Marc,Barry,25574186
Harry,ohairy,44739015
Marc,Smith,87047897
Beatrix,ohairy,29127344
Marc,Angus,72779138
Harry,Angus,32854123
Harry,Barry,31756067
Marc,Angus,45994369
Beatrix,Barry,29348982
Lea,Smith,37959149
Marc,Ferguson,35349524
Marc,Angus,86008539
Lea,Smith,22158326
Lea,ohairy,78669020
Beatrix,Mcintosh,48358926
James,Ferguson,75587547
Harry,Smith,62481866
Lea,Barry,45997143
Charlotte,Barry,68679496
Beatrix,ohairy,18608121
James,Angus,36933229
Charlotte,Barry,34348250
Lea,ohairy,82057166
Marc,Barry,37604048
Beatrix,Smith,83335970
Beatrix,Ferguson,77941531
Marc,Angus,63416622
Lea,Smith,72648245
Beatrix,Smith,75153666
James,Angus,55188509
Beatrix,Ferguson,19695899
James,Smith,18551956
James,ohairy,39264315
James,Mcintosh,62064718
Marc,ohairy,79013122
Beatrix,Mcintosh,85578737
Lea,Smith,38966581
Harry,Mcintosh,78479186
Beatrix,Angus,16040360
Marc,Smith,21830016
Beatrix,Mcintosh,20818382
Charlotte,Ferguson,75293081
Charlotte,Barry,50261880
Marc,Barry,81029607
Charlotte,Angus,76406303
James,Ferguson,54244797
Beatrix,Smith,82850925
Lea,Mcintosh,81072777
Beatrix,Mcintosh,24858530
Charlotte,Smith,83707087
Lea,ohairy,18933361
Marc,Angus,30809875
Marc,Barry,63597007
Lea,Barry,20237039
Lea,Smith,56778442
Lea,ohairy,52684106
Lea,Smith,65815008
Marc,Angus,29694999
Beatrix,Smith,70083890
Harry,Mcintosh,60610667
Charlotte,ohairy,84252287
Charlotte,Ferguson,32456673
Marc,ohairy,49144195
James,ohairy,50810519
Lea,Smith,40456119
Beatrix,Smith,46416764
Marc,ohairy,64966458
James,Angus,65518872
Harry,Ferguson,50358910
Marc,Ferguson,51919635
Charlotte,Smith,79143477
James,ohairy,33825385
Charlotte,Angus,19510408
Beatrix,Mcintosh,87661747
Charlotte,ohairy,77015739
Beatrix,Angus,87525905
Beatrix,Mcintosh,33333738
Marc,Ferguson,83379213
Lea,Angus,25346565
Harry,ohairy,15208509
Harry,Mcintosh,66423867
Charlotte,Barry,14322846
Charlotte,Barry,60353628
Marc,Angus,28689819
Marc,Smith,23346639
Beatrix,Angus,13703934
Harry,Smith,76963980
Charlotte,ohairy,41225855
