First Name,Last Name,Matriculation
Charlotte,Smith,73493060
Lea,Smith,83600383
Beatrix,Angus,78068426
Charlotte,Mcintosh,30227664
Charlotte,Barry,19051789
James,Angus,65323152
Lea,Smith,44305437
Beatrix,Ferguson,49650856
Charlotte,Mcintosh,23009900
Marc,Mcintosh,58500564
Marc,Ferguson,52269392
Harry,Angus,53870320
Harry,Ferguson,46839005
Lea,ohairy,77059415
James,ohairy,84958173
James,Mcintosh,43379584
Beatrix,Angus,32331944
James,Smith,60364827
James,Ferguson,37131515
Harry,Mcintosh,50211782
Beatrix,ohairy,63293820
Beatrix,Smith,68873797
Lea,Smith,47069467
James,Barry,78796601
Marc,Barry,54069921
Harry,ohairy,58657583
Charlotte,Mcintosh,69208879
Marc,Mcintosh,40401437
Beatrix,Barry,52868800
James,Ferguson,85834281
Beatrix,Angus,11726723
Marc,ohairy,65374404
Harry,Mcintosh,45503857
Lea,Mcintosh,41025183
Charlotte,Mcintosh,12637843
Charlotte,Angus,39720918
Charlotte,Mcintosh,52511014
James,Angus,62810915
James,ohairy,53562925
James,ohairy,26882505
Beatrix,Angus,55536588
Lea,Smith,31992164
Marc,ohairy,36711403
Lea,ohairy,82336830
Beatrix,ohairy,89117599
Lea,Mcintosh,59637770
James,Ferguson,85728629
Lea,Smith,58351512
Lea,Mcintosh,29557706
Lea,ohairy,11105931
James,Barry,40232288
Charlotte,Mcintosh,53532287
Charlotte,Barry,71739918
Beatrix,Angus,59317969
Harry,ohairy,22141850
Marc,Smith,43778049
Lea,Smith,54117449
James,Angus,83958716
Marc,ohairy,55047118
Harry,Barry,86766953
Lea,Ferguson,29215008
Marc,Mcintosh,16930213
Marc,ohairy,36040918
Marc,Barry,54214499
Harry,Angus,29661419
Lea,Angus,29441392
Beatrix,Smith,80345705
Beatrix,Smith,75174347
Beatrix,Ferguson,35909998
Marc,Smith,16122970
Harry,ohairy,38485164
Harry,ohairy,63970902
Harry,Angus,73076291
Beatrix,Barry,27096074
Beatrix,ohairy,44589622
Marc,ohairy,47199614
Marc,Ferguson,30724037
Marc,ohairy,68660447
Marc,Mcintosh,30154282
Beatrix,Barry,11146141
Harry,ohairy,17232259
Lea,Barry,24342604
Charlotte,Angus,66339680
Lea,Ferguson,27397750
James,ohairy,76038823
Beatrix,Angus,31613340
Beatrix,ohairy,80840295
Marc,Smith,12649967
Lea,Ferguson,44836756
Beatrix,ohairy,11585761
Lea,Mcintosh,70803964
Lea,Angus,59731247
Harry,Barry,30574313
Charlotte,Angus,88893319
Beatrix,ohairy,69699194
Harry,Angus,28272121
James,Mcintosh,17686686
Marc,ohairy,79108797
Charlotte,Smith,18146531
Charlotte,Barry,84572783
