First Name,Last Name,Matriculation
Charlotte,Mcintosh,83162791
James,Smith,55840329
Marc,Angus,37595823
James,Mcintosh,50132021
Harry,Mcintosh,79779324
Charlotte,Mcintosh,19144589
Marc,Smith,66199309
James,Ferguson,32540037
Charlotte,Mcintosh,80067100
Beatrix,Angus,38261181
Lea,Barry,38556664
Beatrix,Smith,11089186
Harry,Smith,87627208
Marc,ohairy,77550335
Marc,Smith,32916435
James,Smith,83665271
Beatrix,Smith,56634121
Lea,Angus,87321840
Marc,Mcintosh,49280029
Harry,Ferguson,88141206
Lea,ohairy,42419414
Harry,Ferguson,49258591
Harry,Angus,28246676
Beatrix,Angus,74968390
James,ohairy,41023919
James,Barry,56587069
Beatrix,Smith,46483794
Charlotte,Barry,24692471
James,Angus,47276307
Harry,ohairy,22761383
Charlotte,ohairy,30558460
Lea,Mcintosh,23116013
Marc,Angus,56117376
James,Smith,15204233
Marc,Mcintosh,81230443
Lea,ohairy,43172444
Charlotte,Ferguson,30718246
Lea,Smith,80418143
Beatrix,ohairy,37853943
Charlotte,Mcintosh,34956832
Lea,Ferguson,79913983
Beatrix,Mcintosh,48154466
Harry,Ferguson,14825965
James,Smith,62412578
James,Barry,49025123
Lea,Smith,84385082
Harry,Barry,62137933
Harry,Mcintosh,66349837
Charlotte,Mcintosh,53859803
Beatrix,Ferguson,34913175
Beatrix,Smith,54527342
Marc,Barry,42423434
Marc,Ferguson,56545659
Charlotte,ohairy,25468164
Beatrix,ohairy,71504054
Lea,Angus,70090307
Charlotte,Mcintosh,70497160
James,ohairy,34751244
James,Angus,43827865
Charlotte,ohairy,21793378
James,Smith,29342299
Beatrix,ohairy,87190727
Beatrix,Ferguson,47958815
Harry,ohairy,10490201
Charlotte,Angus,50433079
Marc,ohairy,68046037
Beatrix,Smith,12185136
Harry,Angus,13919915
James,Ferguson,55102989
Lea,ohairy,63691460
James,ohairy,76596392
Harry,Ferguson,40759619
Charlotte,Smith,89609686
Lea,Mcintosh,43287658
Beatrix,Barry,31340578
Harry,Mcintosh,75393767
Charlotte,Mcintosh,75888515
Charlotte,Mcintosh,38534538
James,Ferguson,38443900
James,Mcintosh,44160286
Beatrix,Ferguson,59500042
Beatrix,ohairy,88202861
Beatrix,Mcintosh,51384551
James,Smith,27494604
Beatrix,Mcintosh,24917513
Charlotte,ohairy,80887098
Lea,Barry,39847203
Harry,Angus,25465238
Charlotte,Mcintosh,63688779
Charlotte,Angus,57012894
Lea,Smith,80363597
Marc,ohairy,83202519
Lea,ohairy,14619656
Harry,Smith,70424843
Charlotte,Barry,60885945
Lea,ohairy,57551213
Marc,Smith,58651685
Marc,ohairy,31173886
Beatrix,Mcintosh,53198772
Harry,Smith,53701484
