First Name,Last Name,Matriculation
Charlotte,Angus,51049430
Beatrix,Angus,82258035
Lea,ohairy,37735810
Lea,Ferguson,84848217
James,ohairy,32467560
Charlotte,Mcintosh,43031758
Harry,Barry,23343873
Charlotte,Angus,71741680
James,Smith,51069408
Harry,Barry,65435157
Lea,Angus,48077361
Charlotte,Angus,35027192
Lea,ohairy,56197820
Marc,Smith,80094016
Harry,Angus,50094749
Marc,Smith,38332301
Charlotte,Angus,31026847
Charlotte,Smith,67067764
Marc,Angus,60344740
Harry,Ferguson,83909906
Harry,Angus,61862238
Harry,Mcintosh,82372180
Marc,Smith,35437930
Marc,Angus,49882621
Marc,Angus,77215411
Harry,Ferguson,25340768
James,Ferguson,57759629
Marc,Barry,21109785
James,Barry,41347408
Charlotte,Barry,55137095
Lea,Barry,51203041
James,Ferguson,49560307
James,Barry,13098865
Beatrix,Mcintosh,30784809
Marc,Barry,74361908
Marc,Barry,27004170
James,ohairy,74559995
James,Barry,13625407
Beatrix,ohairy,20265593
Charlotte,Angus,62270317
Lea,Ferguson,76103438
James,Ferguson,74968700
James,Ferguson,82191131
Beatrix,Barry,46664860
Lea,Barry,65221523
James,Smith,58136832
James,Smith,44736656
James,Angus,81626188
Charlotte,ohairy,87799999
James,Barry,40148440
Lea,Smith,79658697
Marc,Angus,76873888
Harry,Barry,19679947
James,Angus,78893408
Marc,Smith,68255313
Beatrix,ohairy,36993512
James,Smith,74143623
Harry,ohairy,47881949
Marc,Angus,75490655
Lea,Mcintosh,40873106
Charlotte,ohairy,85967189
James,Smith,45195536
Harry,Smith,56414595
Beatrix,Angus,47216955
James,ohairy,35554010
Charlotte,Ferguson,64587712
James,ohairy,57235922
Lea,Smith,27659567
Charlotte,Smith,52896522
Charlotte,Barry,68531491
Harry,Mcintosh,40741216
Charlotte,Barry,51818478
Marc,Angus,80129089
James,Angus,78395357
Marc,Angus,12722337
Beatrix,Ferguson,30707990
James,Angus,29503782
Harry,ohairy,44040532
James,Smith,81959794
Beatrix,Angus,65989812
James,Mcintosh,41996179
James,Ferguson,76838056
Lea,Barry,31140746
Harry,Barry,45870392
Beatrix,Mcintosh,20540709
James,Angus,84425101
Beatrix,Mcintosh,60431231
Harry,Angus,14386416
Lea,Angus,16060473
Harry,Smith,19650136
Harry,Mcintosh,38939081
Charlotte,Barry,20280886
Harry,ohairy,88150916
Marc,Mcintosh,79158217
James,Ferguson,80959049
Beatrix,Barry,61182470
Harry,Angus,66304725
Lea,Barry,59815823
Harry,Smith,70414659
Beatrix,Smith,72596910
