First Name,Last Name,Matriculation
Charlotte,Mcintosh,36476829
Lea,Ferguson,32717930
Charlotte,Ferguson,74328272
Lea,Barry,82122853
Harry,Angus,38106230
James,Mcintosh,63831743
James,Barry,69783410
Beatrix,Mcintosh,23597404
Charlotte,Ferguson,42163239
James,Ferguson,17896295
Lea,Angus,32262276
Charlotte,Mcintosh,54050389
Beatrix,Barry,21567136
Harry,Smith,42008656
Beatrix,ohairy,12192197
James,Ferguson,76250802
James,Smith,68861688
James,Angus,88410024
Charlotte,Barry,52872064
James,ohairy,42171919
James,Mcintosh,34413930
Marc,Barry,25955440
Marc,Ferguson,87941711
Charlotte,Angus,38789947
Charlotte,Angus,17042640
James,ohairy,66952105
Charlotte,Angus,88388950
Charlotte,ohairy,32028702
Lea,Mcintosh,77452287
Beatrix,Angus,59583868
Charlotte,ohairy,31499719
Marc,Barry,74482387
James,Mcintosh,70248608
Beatrix,Barry,19203250
James,Ferguson,71622549
Harry,Angus,63417868
Marc,Angus,49786670
James,Angus,24026319
James,Smith,20517337
Harry,Smith,14919181
Charlotte,Barry,65385258
Lea,Mcintosh,43082406
Harry,Barry,48201608
Marc,Smith,41836603
James,Smith,75891351
Harry,Angus,65997066
James,Smith,15647779
Marc,Mcintosh,29215876
Harry,ohairy,76202590
Charlotte,Smith,83489619
Harry,ohairy,41428184
Beatrix,Smith,60789885
Harry,Ferguson,23745833
James,Angus,17492601
James,ohairy,60641166
Beatrix,ohairy,12987009
Charlotte,Mcintosh,34028186
Marc,ohairy,37052631
Charlotte,Smith,19727485
Harry,Ferguson,67276837
Lea,Mcintosh,81702351
Charlotte,Mcintosh,55674164
Charlotte,Angus,12998304
Beatrix,Barry,10940266
Charlotte,Ferguson,38819964
Marc,Ferguson,86415384
James,Ferguson,45238749
Charlotte,Angus,86829012
Harry,Smith,47110456
Charlotte,Mcintosh,59096372
Charlotte,Angus,86003563
Marc,Ferguson,72365971
Marc,ohairy,11840015
Beatrix,ohairy,49098492
Beatrix,Smith,59964104
Charlotte,Smith,56342287
Beatrix,ohairy,18276366
Harry,Angus,87322341
Lea,ohairy,47145443
Lea,Angus,67170141
Charlotte,ohairy,26919876
Charlotte,Angus,58730888
James,Barry,61641680
Marc,Mcintosh,16485625
Marc,Smith,24774410
Lea,Ferguson,10697592
James,Ferguson,83294776
James,ohairy,72885373
Harry,Smith,78635226
Charlotte,Mcintosh,89317478
Harry,ohairy,84770471
Lea,Mcintosh,72002785
Beatrix,Ferguson,88075783
Lea,Ferguson,87554560
Harry,Ferguson,56159000
James,Barry,59318049
Marc,Mcintosh,44609615
Marc,Smith,68625730
Harry,Mcintosh,15031330
Harry,Mcintosh,71233507
