First Name,Last Name,Matriculation
Lea,Mcintosh,67252508
Marc,Mcintosh,51821330
Marc,ohairy,52706483
Lea,ohairy,80888074
Charlotte,Mcintosh,10354958
James,ohairy,14572015
Lea,Ferguson,32237267
Beatrix,Mcintosh,52274669
Charlotte,Angus,73480595
Charlotte,ohairy,88975394
Lea,Smith,80709819
Harry,Ferguson,86967461
Lea,Smith,76822190
James,Smith,49875841
Lea,ohairy,27705838
Charlotte,Ferguson,23413760
Beatrix,Barry,24182905
Charlotte,Barry,29536460
Charlotte,Barry,12656547
Lea,Angus,27494949
Marc,Barry,87126335
Charlotte,Smith,44353890
Beatrix,ohairy,21096408
James,Mcintosh,67904822
Harry,Smith,80439814
Lea,Barry,14749782
Marc,Barry,31186671
Lea,Ferguson,13346590
Charlotte,Ferguson,82984453
Charlotte,Ferguson,39787935
James,Mcintosh,52305630
Lea,Ferguson,71365588
James,ohairy,53633151
Marc,Mcintosh,27467641
James,Mcintosh,12056796
Charlotte,Mcintosh,12612644
Charlotte,Mcintosh,50626990
Lea,Smith,85952829
James,Mcintosh,43287983
Lea,Mcintosh,60056564
Beatrix,Ferguson,22291057
Marc,Smith,50984949
Marc,Mcintosh,58571657
Harry,Angus,81395844
Lea,Angus,70582826
Marc,Angus,37868816
James,Angus,49223982
Harry,Ferguson,24907906
James,ohairy,25941316
Beatrix,ohairy,40611649
Beatrix,Mcintosh,12468665
Beatrix,Barry,11784499
Beatrix,Mcintosh,56452977
Harry,Ferguson,67114004
Charlotte,Barry,49134542
Marc,Ferguson,47191173
Beatrix,Mcintosh,68933930
Charlotte,Ferguson,26498369
Beatrix,Barry,40296205
Marc,Barry,10845349
James,Angus,72123498
Harry,Ferguson,80181542
James,Ferguson,76587083
Marc,Mcintosh,20680131
Beatrix,Ferguson,56330785
Charlotte,Barry,26479941
Charlotte,Angus,58658469
James,ohairy,29153202
Harry,ohairy,87834610
Harry,Smith,65220369
Charlotte,Angus,76368238
Beatrix,Mcintosh,81183362
Harry,Smith,77142974
Beatrix,ohairy,56185466
Marc,Smith,77720183
Marc,Ferguson,18574699
Harry,Angus,75787119
Beatrix,Angus,64591645
Lea,ohairy,72021393
Lea,Mcintosh,77855295
Lea,Ferguson,24465045
Harry,Angus,23535741
Lea,Angus,47378683
Charlotte,Ferguson,83971469
Lea,ohairy,15295412
Lea,Barry,60294044
Marc,Barry,85597188
Harry,Angus,57290957
Lea,Ferguson,54562260
Beatrix,ohairy,11245366
Lea,Mcintosh,57443886
Lea,ohairy,65155213
Charlotte,Ferguson,41537833
Harry,Angus,78633920
Harry,Barry,25395974
Harry,Ferguson,40104413
Charlotte,Mcintosh,77721731
Charlotte,Ferguson,33960597
James,Angus,11204562
Lea,Angus,29855252
