First Name,Last Name,Matriculation
Marc,Smith,46567768
Harry,Ferguson,38984849
Lea,Ferguson,35664100
Lea,Smith,22454485
Marc,ohairy,24479418
Marc,Mcintosh,46077962
Harry,Ferguson,14319297
Lea,ohairy,65981902
Lea,ohairy,89483494
Beatrix,Barry,73753505
Lea,ohairy,84135242
Lea,Ferguson,88069729
Lea,Smith,61579101
Harry,Mcintosh,59458679
Charlotte,Smith,27669652
Harry,Angus,88842408
Beatrix,Ferguson,52793410
Marc,Mcintosh,54900094
James,Ferguson,86247073
Marc,Mcintosh,12528895
Harry,Mcintosh,85677425
Beatrix,Angus,17168166
Lea,ohairy,53770843
James,Angus,76881703
Beatrix,ohairy,56358343
James,Mcintosh,10450484
Harry,Angus,29516894
Beatrix,Smith,13333312
Beatrix,Mcintosh,21807025
Marc,Mcintosh,31429592
Beatrix,ohairy,34480907
Beatrix,Mcintosh,56534176
Harry,Barry,56712177
Marc,Mcintosh,13238536
Charlotte,Barry,63324815
Lea,Ferguson,37113886
Marc,ohairy,46641851
Harry,Mcintosh,59537180
Charlotte,Mcintosh,57979198
Beatrix,Smith,25489563
Harry,Smith,39507507
James,Barry,19477599
Harry,Mcintosh,65893354
Harry,Ferguson,72735535
Harry,ohairy,79968592
Harry,Barry,45570944
Beatrix,ohairy,26119193
Harry,Ferguson,47608593
James,Barry,65600451
James,ohairy,33809896
Charlotte,Smith,21502456
Lea,Ferguson,27129417
Charlotte,Angus,48856002
Lea,Angus,65592819
Charlotte,ohairy,16713771
James,Mcintosh,81725693
James,Angus,47306550
Harry,Angus,26356040
Marc,ohairy,28154612
Marc,Ferguson,70133184
Harry,Barry,72334972
Marc,Mcintosh,86253286
Lea,Angus,11174692
Harry,Angus,82594671
Charlotte,Smith,38319442
James,Smith,75383019
Charlotte,Ferguson,41555931
Charlotte,Barry,25257828
Beatrix,Barry,46904157
Harry,Ferguson,37863199
James,Ferguson,24651075
Beatrix,Ferguson,51697462
Harry,Angus,73799977
Charlotte,Angus,35016897
Lea,Smith,56862573
Charlotte,Barry,44352407
Harry,Mcintosh,85074033
Marc,Ferguson,79471853
Harry,Mcintosh,18953065
Lea,Ferguson,35542938
Harry,Smith,76322807
Lea,Mcintosh,45921804
Beatrix,ohairy,76881736
Marc,Barry,39585473
James,Ferguson,61508320
Lea,Angus,23650079
James,Angus,71119169
Marc,Angus,58809197
Lea,Angus,11957708
Beatrix,Ferguson,41144991
Harry,Barry,61778892
Harry,Angus,19477408
Lea,Barry,36498296
Marc,ohairy,55600115
Charlotte,ohairy,10512802
Beatrix,ohairy,72685702
Lea,Mcintosh,22778393
Lea,Smith,77022175
Marc,Barry,29067204
Harry,Barry,50747753
