First Name,Last Name,Matriculation
Lea,Smith,14410597
Lea,ohairy,81138916
Harry,Mcintosh,15620654
Charlotte,Barry,72047878
Marc,Ferguson,59868500
Lea,Mcintosh,40915718
James,Angus,56809371
Lea,ohairy,42409760
Charlotte,Angus,35395743
Harry,Ferguson,56036479
Marc,Ferguson,72835363
Beatrix,Barry,57567770
Harry,Smith,63000119
Lea,Smith,50941228
Harry,Angus,49929617
James,Barry,27455472
Lea,Barry,40221548
Lea,Angus,23008821
Harry,Angus,21457448
Lea,Mcintosh,56801465
Marc,Barry,57587615
Charlotte,Ferguson,48153473
Charlotte,Barry,37349864
Marc,Barry,18835999
Charlotte,Angus,66823121
Harry,Barry,19441914
Beatrix,Ferguson,59633378
Marc,Ferguson,41789123
Beatrix,ohairy,58871773
Marc,Angus,70814113
Marc,Angus,52412884
Harry,Smith,21832831
Charlotte,Mcintosh,70992729
Lea,Angus,57994099
James,Ferguson,46065259
Harry,Mcintosh,74071854
James,Barry,78725716
Beatrix,Mcintosh,42169448
Charlotte,Barry,35744171
Beatrix,ohairy,86276228
Marc,Barry,56405410
Harry,ohairy,39179693
Charlotte,Angus,86229544
Charlotte,Mcintosh,53390124
Lea,Barry,50566662
Lea,Angus,54733158
Charlotte,Ferguson,49167527
Lea,Angus,19793507
Beatrix,Barry,87446827
Charlotte,Mcintosh,53624230
James,Angus,42985497
Beatrix,Angus,21209266
Beatrix,Smith,67922382
Lea,Smith,43073657
Lea,Smith,81265822
Lea,Angus,68443914
Marc,ohairy,81395727
Harry,ohairy,41701848
Marc,Ferguson,13037108
Marc,Angus,19841535
Charlotte,Mcintosh,88816578
James,Angus,23737416
James,Angus,58630014
Beatrix,Barry,24419447
Beatrix,Mcintosh,76947247
James,Smith,13087857
Marc,Angus,60789449
Harry,Angus,74158554
Beatrix,Barry,36893541
Harry,Smith,65916878
Harry,Barry,16276682
Beatrix,ohairy,83912841
Charlotte,ohairy,79454618
James,Ferguson,61806207
James,Angus,57139810
Harry,ohairy,16497466
Beatrix,Angus,78848806
Beatrix,Ferguson,36240341
Beatrix,ohairy,20627819
Marc,Barry,37798144
Harry,Angus,11440705
Charlotte,Angus,67577510
Harry,Mcintosh,61245469
Marc,Angus,45985045
Charlotte,ohairy,26106682
Harry,ohairy,53941350
Lea,Ferguson,86269192
Beatrix,Smith,65062095
James,Smith,39515310
Harry,Angus,14482427
Harry,Mcintosh,79957681
James,Ferguson,77805715
Beatrix,Barry,24973619
Charlotte,Angus,73709555
Lea,Barry,19140207
Beatrix,Angus,12990308
Lea,Mcintosh,81194854
Lea,Smith,33237506
James,Smith,68631255
Lea,ohairy,30362966
