First Name,Last Name,Matriculation
James,Ferguson,86824163
Marc,Barry,12240084
Charlotte,Ferguson,65715067
Harry,Ferguson,22331751
Marc,Angus,38539751
Lea,Smith,43031575
James,Mcintosh,19854511
James,Barry,17766449
James,Smith,79243641
Beatrix,Ferguson,45180211
Harry,Angus,31187425
Harry,Angus,81185429
James,Barry,33663160
Lea,ohairy,78222890
Marc,Barry,89179463
Harry,Barry,49253170
Beatrix,Smith,77738636
Harry,Mcintosh,65239569
James,Angus,52911949
Marc,Barry,42349551
Marc,ohairy,68564141
Lea,Mcintosh,30291239
Lea,Mcintosh,37262968
James,Smith,65471163
Beatrix,ohairy,85292078
Lea,Mcintosh,30666277
Beatrix,ohairy,19102244
Charlotte,Smith,44962917
Harry,ohairy,20619598
Marc,Smith,62037825
Harry,Barry,33222772
Charlotte,Barry,38496320
Harry,Barry,23025240
Charlotte,Ferguson,52657218
Marc,ohairy,44493002
James,Mcintosh,39306152
Lea,Angus,21298084
James,ohairy,19322321
James,Mcintosh,74793670
Beatrix,Mcintosh,30154472
Lea,Mcintosh,65048706
Marc,Mcintosh,22312000
Marc,Angus,83782703
Charlotte,Angus,74003756
Marc,Barry,62877259
Charlotte,Smith,86023288
Marc,Ferguson,61749233
Lea,Angus,11739403
Charlotte,Angus,84494855
Charlotte,Smith,78930717
James,Ferguson,13981557
Beatrix,Barry,56833278
Marc,Mcintosh,61067246
James,ohairy,43063024
Marc,Smith,74716269
Harry,Barry,54939394
Marc,ohairy,47978018
Marc,Smith,57637603
Harry,ohairy,65984534
Beatrix,Angus,39840249
Beatrix,Mcintosh,62455777
Marc,Smith,65964137
Beatrix,Ferguson,57128367
Charlotte,Angus,50688177
Beatrix,ohairy,21482168
Harry,Barry,28795596
James,Ferguson,65440287
Harry,Ferguson,55537052
Marc,Mcintosh,64326573
James,ohairy,54055583
Charlotte,Smith,16700050
Beatrix,Barry,74044415
Lea,ohairy,20354054
Charlotte,Smith,42902396
Marc,Ferguson,54082136
Beatrix,Mcintosh,11621261
Lea,Mcintosh,79700871
Harry,Ferguson,84448891
Charlotte,ohairy,72795573
Charlotte,Ferguson,74194934
Charlotte,Ferguson,67867878
Charlotte,Mcintosh,75557034
Lea,Angus,56114973
Charlotte,Barry,68572440
James,Smith,15882531
Lea,Barry,34936554
Harry,ohairy,30777340
Harry,ohairy,86228393
James,Smith,71907652
Lea,Ferguson,39330487
Harry,Ferguson,32866575
Harry,Smith,14005386
Charlotte,Ferguson,60719593
Beatrix,ohairy,20708532
James,ohairy,26982580
Charlotte,ohairy,24347857
Marc,Ferguson,45516420
James,Angus,87389578
Beatrix,Barry,83999117
Lea,ohairy,42368871
