First Name,Last Name,Matriculation
Lea,Angus,25095342
James,Angus,45307323
Marc,Barry,71052863
James,Smith,51433345
Lea,ohairy,58659575
Lea,Smith,17085351
James,Smith,17670493
Beatrix,ohairy,50498724
Marc,Mcintosh,53720555
Charlotte,Mcintosh,74400765
Harry,Angus,54191232
Lea,Barry,43350613
Beatrix,Angus,20373617
Marc,ohairy,62612201
Harry,Ferguson,13187887
Marc,ohairy,42379300
Beatrix,Mcintosh,65580834
Marc,Angus,26284808
Marc,Mcintosh,73964501
James,Angus,54093183
James,Barry,87110598
Charlotte,Mcintosh,63905490
Charlotte,Angus,50455824
Harry,Barry,62634934
Beatrix,Angus,47956946
Marc,Smith,16708288
James,Smith,59485587
Marc,Mcintosh,13279483
Beatrix,Ferguson,39160179
Lea,Barry,77793066
James,Angus,50227966
James,Ferguson,80007009
Lea,Mcintosh,47889454
Harry,Angus,19452315
Lea,Barry,77923295
Charlotte,ohairy,31709683
James,Mcintosh,56664250
Charlotte,Ferguson,42475867
Charlotte,Angus,36652504
James,ohairy,24033948
James,Ferguson,26204941
Charlotte,Ferguson,74800814
Lea,Smith,63764767
Marc,Ferguson,43293514
Lea,ohairy,55276666
Harry,ohairy,14589157
Beatrix,ohairy,77392330
Charlotte,Mcintosh,72445687
Harry,Angus,88569431
Lea,ohairy,31772782
Harry,Angus,59237364
Charlotte,Mcintosh,44426073
James,Barry,55965098
James,Mcintosh,46019282
James,Smith,20805865
Charlotte,Mcintosh,86727017
Marc,Mcintosh,20014176
Lea,Smith,35014495
Lea,Barry,72123991
Marc,ohairy,29911519
Marc,Mcintosh,81023362
Harry,ohairy,86317306
Lea,Mcintosh,27448589
Charlotte,ohairy,80141775
Marc,Angus,28896839
Marc,Smith,23711697
Lea,Angus,35896647
Lea,Barry,56265115
Beatrix,Barry,26615528
Beatrix,ohairy,55287510
Charlotte,Barry,37170909
Lea,Angus,53873519
James,Mcintosh,34206865
Marc,ohairy,61401516
Charlotte,Smith,79165469
Harry,Smith,81918776
Harry,Ferguson,75534520
Charlotte,Barry,54854662
James,Smith,87961196
Beatrix,Smith,48018073
James,ohairy,69078149
Lea,Angus,88909236
Beatrix,ohairy,44196906
Charlotte,Mcintosh,15878255
Lea,Angus,53025639
Charlotte,Smith,81531040
Charlotte,Angus,87629511
Lea,Barry,89444016
Lea,Barry,10822738
Marc,Mcintosh,86279816
Beatrix,Angus,23723256
Harry,Ferguson,14688382
Lea,Mcintosh,35500778
Lea,Smith,81573040
Marc,Smith,29487925
Lea,Barry,50728509
Marc,Smith,56209202
Charlotte,Barry,25508316
Lea,Angus,71700521
James,ohairy,19107677
