First Name,Last Name,Matriculation
Harry,Mcintosh,61874802
Charlotte,Ferguson,44165061
Marc,Barry,64037717
Beatrix,Ferguson,73591366
Charlotte,Mcintosh,46075878
James,Angus,78720854
Beatrix,Ferguson,72108756
Marc,ohairy,49710052
Beatrix,Angus,71952378
James,ohairy,66209174
Beatrix,Angus,19627952
Lea,Mcintosh,25087156
James,ohairy,23560132
Lea,Mcintosh,41734092
Marc,Ferguson,48250872
Charlotte,Mcintosh,68779806
Charlotte,Smith,18244795
Harry,Ferguson,50360427
James,Mcintosh,18484354
Harry,Ferguson,71758800
Lea,Ferguson,72372453
Marc,Smith,14535628
Beatrix,Mcintosh,63617856
James,Angus,84986795
Lea,Angus,17385122
Marc,Barry,28679663
Marc,Mcintosh,12773203
Harry,Barry,32199488
Marc,Smith,68093424
James,Ferguson,76744612
Marc,Angus,30437948
Harry,Mcintosh,20352133
Beatrix,Smith,84391378
Marc,Barry,89247228
Lea,Ferguson,17713378
Marc,Barry,43619539
Charlotte,Ferguson,66319090
Charlotte,Barry,80807687
Charlotte,Barry,46291750
James,Mcintosh,65503008
James,ohairy,86869958
Charlotte,Mcintosh,18618054
Harry,Ferguson,15653915
Beatrix,Mcintosh,76148723
Beatrix,Ferguson,69073197
Lea,ohairy,79304982
James,Smith,85618170
Charlotte,ohairy,60652809
Beatrix,Mcintosh,64817806
Beatrix,Barry,49413461
James,ohairy,84463253
Marc,Smith,14412497
Charlotte,Smith,37462014
Lea,Barry,66253674
Harry,Angus,53655795
Harry,Ferguson,32879180
James,Smith,25849435
James,Angus,66534554
Marc,ohairy,48461580
Lea,ohairy,59928864
Marc,Smith,87738932
Marc,Barry,43933920
Lea,Smith,75108943
Harry,Barry,49151195
Charlotte,ohairy,24183698
Lea,ohairy,80071580
James,Mcintosh,68748398
James,Barry,80672920
James,ohairy,62055629
James,ohairy,42994869
Charlotte,Mcintosh,24514600
Lea,Smith,32061067
Marc,Smith,16681319
Beatrix,Smith,74620985
Marc,Mcintosh,19451186
James,Barry,25499073
James,Smith,35115777
James,Barry,88749750
Harry,Smith,78993533
Charlotte,Angus,23576315
Beatrix,ohairy,51206603
James,ohairy,62271348
Marc,Barry,64589732
Marc,Ferguson,47975857
Beatrix,Angus,80491695
Harry,Ferguson,20118946
Charlotte,ohairy,13735946
Lea,ohairy,43716843
Charlotte,Angus,20668707
Lea,ohairy,26907475
Marc,Angus,57633748
Harry,Angus,24590805
Lea,Ferguson,49730242
Marc,Angus,24928801
Lea,Barry,42466448
James,Angus,85555549
James,Barry,62534483
Charlotte,ohairy,81753513
Charlotte,Smith,65119941
James,Mcintosh,22682311
