First Name,Last Name,Matriculation
James,ohairy,22086829
Lea,ohairy,89601434
Lea,Ferguson,16592902
Beatrix,Angus,83190771
Harry,Smith,80047453
Harry,ohairy,86749512
James,ohairy,61794468
Marc,Barry,77923058
Beatrix,ohairy,16576657
Beatrix,Mcintosh,55145560
Marc,Barry,88354992
James,Ferguson,68773071
Marc,Ferguson,82962641
Marc,ohairy,26557306
Charlotte,Smith,69026816
Charlotte,Barry,51544250
Marc,ohairy,13553522
Beatrix,Barry,84548729
Lea,Barry,73707365
Beatrix,Ferguson,49264917
Charlotte,Mcintosh,38598103
James,ohairy,53141252
Beatrix,Smith,23560387
James,Barry,18175938
Marc,Smith,26940497
Charlotte,Angus,36312459
Harry,ohairy,29221052
Charlotte,ohairy,68812756
Marc,ohairy,57453651
Lea,Smith,56183101
Lea,Ferguson,16298323
Charlotte,Smith,16255004
Marc,Ferguson,87043670
Beatrix,Ferguson,21931923
Lea,Mcintosh,72868471
Marc,Barry,12878137
Marc,ohairy,55018147
Harry,Angus,87457576
Harry,Barry,81432614
Marc,Barry,69563603
Beatrix,Mcintosh,69688979
Marc,ohairy,66126166
Beatrix,Smith,76894541
Lea,Smith,51979670
Marc,Mcintosh,10596674
James,Smith,73756579
Marc,Barry,23512835
Beatrix,Ferguson,36887395
Beatrix,ohairy,42486766
Harry,Ferguson,66432190
Harry,Mcintosh,37287427
Beatrix,Ferguson,54160145
Harry,Barry,39906552
Marc,Barry,48320016
Beatrix,ohairy,76863308
Lea,Angus,45305510
Harry,Smith,33181144
Lea,Barry,77653152
Beatrix,Barry,81791865
Beatrix,ohairy,35260637
Harry,Angus,77976920
Harry,Ferguson,42218705
Harry,Ferguson,71550630
James,Angus,60834829
James,Angus,49536328
Marc,Ferguson,20375358
Harry,Barry,71285534
James,Angus,32850606
Lea,Mcintosh,78287476
Lea,Ferguson,58347874
Harry,Ferguson,48748017
Harry,Ferguson,38345348
Beatrix,ohairy,10202645
James,Mcintosh,20086995
James,ohairy,47920095
Beatrix,ohairy,60235565
James,Ferguson,36105599
James,Ferguson,11430374
James,Mcintosh,63975711
Charlotte,Angus,30003589
Lea,Mcintosh,30358277
Marc,Mcintosh,55256218
Harry,Ferguson,71184709
Beatrix,Barry,69018338
Lea,Ferguson,33094468
Charlotte,Smith,56343862
Lea,Barry,76455696
Lea,Ferguson,62891804
Charlotte,Angus,79057828
Lea,Mcintosh,61976690
James,Smith,31570943
Marc,Ferguson,44305481
Beatrix,Barry,86269119
Lea,Barry,30160307
Lea,ohairy,77854565
Lea,Barry,43671176
Charlotte,Ferguson,17511966
James,Smith,82825743
James,Mcintosh,66320262
Harry,ohairy,12753232
