First Name,Last Name,Matriculation
Beatrix,Smith,78593080
James,ohairy,25146402
Lea,Angus,22775754
Beatrix,Smith,68837427
Lea,Mcintosh,47157203
Lea,Ferguson,71645425
Charlotte,Ferguson,66088950
Marc,Smith,13132485
Beatrix,Barry,13790409
James,ohairy,43878503
Marc,Angus,43080346
Beatrix,ohairy,27286570
James,Smith,20542884
Beatrix,Angus,56747503
Charlotte,ohairy,70158095
James,Angus,71534986
Harry,Ferguson,82413975
James,Smith,50855721
Lea,Smith,48353685
Charlotte,Mcintosh,11310088
Charlotte,Ferguson,11869343
Lea,Angus,39773458
Marc,Angus,20075372
Lea,ohairy,55590947
Charlotte,Barry,58160771
Lea,Smith,75715999
Harry,Smith,39455161
Beatrix,Ferguson,44307158
Charlotte,Angus,42188482
Harry,Ferguson,12819449
Charlotte,Barry,12637006
Marc,Mcintosh,40650888
Lea,Angus,39306277
Beatrix,Ferguson,38273635
Marc,Mcintosh,19352754
Charlotte,Ferguson,53742298
Beatrix,Smith,23435270
Charlotte,Mcintosh,77908753
Beatrix,Ferguson,40036910
Charlotte,ohairy,65918660
Marc,Ferguson,24656569
James,ohairy,49836824
Charlotte,ohairy,18663112
Charlotte,Smith,39057763
Marc,Barry,17961147
Harry,ohairy,76335021
Harry,Mcintosh,22045478
James,ohairy,45075308
Beatrix,ohairy,37583600
James,Angus,53624224
Beatrix,Barry,81933861
Lea,Barry,79356874
Marc,Barry,73786315
Charlotte,Smith,56372066
Harry,ohairy,45042890
Marc,Barry,87076830
Marc,Mcintosh,34095085
Charlotte,Mcintosh,80586716
Marc,Angus,67256999
Lea,Angus,24281711
Beatrix,Ferguson,72430545
Marc,ohairy,51012254
Charlotte,Ferguson,26576938
Lea,Ferguson,45056135
Charlotte,ohairy,42289479
Marc,Angus,35872361
Lea,Angus,35825650
Marc,Barry,61505804
Beatrix,Angus,12774565
Marc,Mcintosh,83493420
Lea,Mcintosh,40781756
Lea,Smith,86490224
Charlotte,Angus,46905725
Marc,Mcintosh,73706590
James,Smith,22041462
James,Mcintosh,29514558
Marc,Barry,79070046
Lea,Mcintosh,26298760
Beatrix,ohairy,24547585
Harry,Mcintosh,84633157
Marc,ohairy,70831670
Marc,ohairy,11249926
Marc,Ferguson,69873758
Charlotte,Ferguson,24741594
Beatrix,Mcintosh,41710648
Charlotte,Angus,44562140
Marc,ohairy,23693491
Harry,Mcintosh,32475682
Marc,Barry,64006072
Lea,Barry,73965497
James,Smith,33897895
Beatrix,ohairy,26491983
Marc,Mcintosh,14046430
Charlotte,Angus,68969422
Beatrix,Ferguson,49742377
Marc,Angus,86477924
Harry,Mcintosh,68335212
James,Barry,71014160
Charlotte,ohairy,17351518
Marc,Barry,60479488
