First Name,Last Name,Matriculation
Lea,Angus,45001034
Harry,Ferguson,62878958
Beatrix,Mcintosh,58887389
James,Angus,22861445
James,Ferguson,68510796
Beatrix,ohairy,54642147
Beatrix,Smith,27199799
Marc,Smith,38414452
Marc,Mcintosh,14895090
Lea,Barry,42502690
Charlotte,Barry,35978681
James,Barry,59692199
Marc,Ferguson,18632440
Harry,Mcintosh,25622336
Charlotte,Angus,72919982
James,Ferguson,56341461
Beatrix,Mcintosh,68630800
Harry,Barry,52461344
Marc,Angus,20085160
Beatrix,Ferguson,21951264
Harry,ohairy,82709607
Marc,Ferguson,70997012
Lea,Ferguson,28474222
Marc,Angus,72456582
Harry,Mcintosh,52801936
James,Smith,40418558
James,ohairy,34154415
Harry,Mcintosh,83148737
Beatrix,Angus,73892597
Marc,Angus,58222045
James,Smith,67970788
Beatrix,ohairy,87214522
Beatrix,Angus,44173464
Harry,Ferguson,57537066
Beatrix,ohairy,66989450
Beatrix,Smith,67503270
James,ohairy,88752645
Charlotte,Barry,73915570
Harry,Barry,88305903
Harry,Barry,36343946
Beatrix,Mcintosh,85801069
Lea,Smith,87916588
Beatrix,Mcintosh,31005084
Charlotte,Ferguson,27282675
Charlotte,ohairy,80879227
James,Ferguson,13411275
Marc,Barry,70402825
Charlotte,Angus,38442038
Beatrix,Barry,34470203
Marc,ohairy,84347956
Beatrix,Angus,60001097
Beatrix,Barry,10027420
Lea,ohairy,30253175
James,Angus,73148864
James,Smith,79481426
Beatrix,Smith,45025191
Harry,Angus,80272543
James,Smith,38993513
Charlotte,Barry,23617899
Marc,Angus,56316429
James,Smith,47953520
Marc,Barry,84990140
Beatrix,Ferguson,50298731
James,ohairy,89595217
Beatrix,Smith,57156338
Harry,Smith,46496681
Lea,Smith,39353443
Marc,Mcintosh,57980556
Lea,ohairy,85422566
James,Ferguson,75478718
Beatrix,Ferguson,61040911
Lea,ohairy,75714535
Marc,ohairy,27699892
Beatrix,Barry,21859054
Marc,Barry,53412751
Charlotte,Barry,81215469
Lea,Smith,88879692
Beatrix,Mcintosh,74419005
Marc,Angus,11842824
Beatrix,Smith,19872000
James,Ferguson,63877871
Harry,Barry,38611526
Beatrix,ohairy,84450935
Charlotte,ohairy,48437085
Beatrix,Smith,72106957
Beatrix,Barry,79352359
Charlotte,Ferguson,76065205
Beatrix,Smith,56037048
Lea,ohairy,76704127
Beatrix,Mcintosh,73172497
Beatrix,Ferguson,29827630
Charlotte,ohairy,37746076
Charlotte,ohairy,57925729
Lea,Barry,72376960
Charlotte,Barry,41286113
Harry,Angus,46358599
Harry,Angus,41167850
Charlotte,Mcintosh,63578862
Charlotte,ohairy,12123963
James,Ferguson,81483870
