First Name,Last Name,Matriculation
Beatrix,Angus,47174844
Beatrix,Ferguson,11546743
Marc,Ferguson,60601520
Charlotte,Ferguson,20756112
Beatrix,Ferguson,89363770
Harry,Mcintosh,38320586
James,ohairy,11425178
Lea,ohairy,66173276
Lea,Mcintosh,65558292
Lea,Angus,79284106
James,Barry,71208516
Charlotte,Ferguson,59544145
Marc,Smith,21832725
Beatrix,Smith,17678624
Charlotte,Mcintosh,11742444
Lea,Ferguson,65245857
Harry,Angus,51114193
Lea,Mcintosh,43906987
Beatrix,Mcintosh,64552141
Beatrix,ohairy,31122826
Harry,Barry,38656541
Lea,ohairy,53393785
Harry,Ferguson,88122970
Charlotte,ohairy,10130581
Charlotte,Angus,84897708
Lea,ohairy,28836015
Lea,Smith,42653524
Marc,ohairy,70711629
Beatrix,Ferguson,21988462
Lea,Smith,64286439
Marc,Smith,71903034
Lea,Smith,34454996
Marc,Angus,53782709
Lea,Angus,74929355
Harry,Ferguson,42412862
Harry,Smith,86843639
Marc,Barry,89336813
Beatrix,ohairy,66512174
Marc,Ferguson,34831889
Lea,ohairy,51817495
Lea,Ferguson,30865148
Marc,Smith,32818722
Beatrix,ohairy,76518759
Harry,Ferguson,50193115
James,Barry,37252613
Lea,Barry,80701872
Harry,Smith,46449454
Harry,Angus,21896307
Beatrix,Mcintosh,28036291
Harry,Smith,82375195
James,ohairy,54397752
Lea,Mcintosh,48271935
Beatrix,Barry,35429432
Beatrix,Ferguson,50915577
Marc,ohairy,28444433
Harry,Angus,48040528
James,Mcintosh,85450090
James,Angus,79578351
James,Ferguson,28315236
James,ohairy,22021307
Harry,Angus,89382302
Lea,ohairy,31254174
Harry,Ferguson,76572026
Lea,Barry,61090742
Beatrix,Barry,89070028
Charlotte,Barry,32709141
James,Ferguson,58073794
Beatrix,Mcintosh,31563140
Beatrix,Mcintosh,52470488
Charlotte,Mcintosh,53393623
Beatrix,Barry,22853910
Marc,Angus,81987772
Harry,Mcintosh,55372394
Lea,Smith,57110401
Marc,Ferguson,31332238
Lea,ohairy,86199265
Lea,Ferguson,44659322
Harry,Barry,62069457
Marc,Ferguson,75214847
James,ohairy,23795343
Lea,Smith,77813971
Marc,Mcintosh,52834370
James,Angus,52899683
Beatrix,Ferguson,11574034
Marc,ohairy,72024541
Charlotte,Mcintosh,54748217
Harry,Ferguson,52169437
Charlotte,Barry,45327867
Marc,Ferguson,54210188
Harry,ohairy,39415865
Harry,Ferguson,13442716
Beatrix,Mcintosh,18988758
Lea,Mcintosh,39741836
Lea,Barry,48361241
James,Smith,69868291
Charlotte,Mcintosh,81583951
Beatrix,Barry,86492570
Charlotte,Mcintosh,49914768
Harry,ohairy,60580558
Lea,Mcintosh,18321516
