First Name,Last Name,Matriculation
Beatrix,ohairy,57413216
James,Mcintosh,32318153
Harry,Ferguson,38064572
Lea,Smith,77841846
Marc,Mcintosh,51012443
Lea,Barry,89308887
Harry,Smith,74044407
Charlotte,Barry,51890158
James,Angus,13861328
Lea,Barry,77120135
Charlotte,Barry,45989836
Marc,ohairy,40680631
Beatrix,Mcintosh,45108618
Harry,Ferguson,23691797
Harry,Smith,16652180
Charlotte,Barry,15479876
Marc,Smith,16479345
Lea,Mcintosh,17446981
Beatrix,Angus,18377067
Lea,Smith,17363339
Charlotte,Angus,23919045
Beatrix,Mcintosh,42595465
Beatrix,Angus,51325255
Marc,ohairy,49081952
Harry,Angus,89714368
Lea,Angus,21601902
Beatrix,Mcintosh,43323751
Charlotte,ohairy,12896135
Marc,Smith,15602127
Beatrix,Barry,87011036
Harry,Mcintosh,80671661
Harry,Angus,15673862
Marc,Angus,46446328
James,Mcintosh,55920780
Beatrix,Smith,67676421
Marc,ohairy,79842319
James,Barry,50406304
James,Smith,25666196
Beatrix,Angus,83274871
Marc,Angus,13574642
Lea,Angus,59857838
James,Angus,23347347
James,Smith,44670190
Charlotte,Barry,74424198
Harry,Mcintosh,70176457
James,Smith,76956442
Lea,Smith,48026136
Marc,Barry,86568433
Marc,Barry,34544880
James,ohairy,21312908
James,Mcintosh,83921351
Lea,Mcintosh,15378546
Charlotte,Ferguson,57450571
Charlotte,Angus,86007528
Lea,Smith,84895819
Marc,Barry,11476937
Marc,Smith,36411828
Beatrix,ohairy,52106238
Lea,Ferguson,10401119
James,Mcintosh,28429819
James,Angus,24376008
James,Mcintosh,34678873
Harry,Smith,19535594
Harry,Ferguson,54978250
Marc,Smith,59158097
Harry,Mcintosh,80552610
James,Barry,56822440
Beatrix,ohairy,60077915
Marc,Mcintosh,14102057
Lea,Barry,41116696
Marc,ohairy,63234704
Harry,Barry,74759855
Marc,Ferguson,63228747
Lea,Smith,30168993
Marc,Barry,56583646
James,Ferguson,73061196
James,Angus,44379477
Harry,ohairy,52970703
Beatrix,Smith,13597474
Harry,Smith,46376141
Harry,Angus,29619221
Charlotte,Smith,57069030
Beatrix,Ferguson,21209607
Lea,ohairy,66214912
Marc,Smith,88396389
James,Barry,74976937
Harry,Ferguson,48826872
Charlotte,Smith,77399764
Charlotte,Ferguson,70486718
James,Angus,37040411
Beatrix,ohairy,43278165
Beatrix,Smith,18995977
Harry,Smith,21369542
Marc,Smith,45806978
Marc,Ferguson,81493701
Marc,ohairy,87596344
James,Ferguson,68698403
Marc,ohairy,25224617
Harry,Angus,88329185
Charlotte,Ferguson,62808396
