First Name,Last Name,Matriculation
Beatrix,Mcintosh,78510669
James,Angus,46469711
Charlotte,Smith,54567884
Marc,Angus,15850934
Beatrix,Angus,22950719
Lea,Mcintosh,18070255
Harry,Barry,54517483
Charlotte,Mcintosh,45544897
Marc,Mcintosh,14494409
James,Smith,40900145
Charlotte,Mcintosh,67740217
Beatrix,Mcintosh,42564458
Harry,Smith,87636899
Lea,ohairy,14169993
Harry,ohairy,64776877
Marc,Mcintosh,33144530
Beatrix,Mcintosh,67837531
Charlotte,ohairy,78406802
Marc,Barry,79269435
Marc,ohairy,45469047
Marc,Barry,29305929
James,Mcintosh,59211627
Marc,Mcintosh,24729468
Harry,ohairy,74179947
Harry,ohairy,48345507
Marc,Smith,31138134
Harry,Barry,38111587
Beatrix,Angus,70538610
Charlotte,Angus,50650984
James,Ferguson,53928916
Harry,ohairy,81292860
Lea,Smith,13516984
James,Ferguson,10498428
Harry,Barry,14078166
Beatrix,Ferguson,62200992
Lea,Angus,70083928
Charlotte,ohairy,47922024
Charlotte,ohairy,25933663
Marc,ohairy,65382640
Marc,Ferguson,59991175
James,Mcintosh,55765052
Beatrix,ohairy,26806161
Charlotte,Mcintosh,37090307
Beatrix,Barry,56370418
Beatrix,Angus,24193166
Charlotte,Smith,47527967
James,ohairy,73027703
Lea,Barry,76241081
Charlotte,Angus,30213905
Beatrix,ohairy,37527913
Beatrix,Barry,83829026
Harry,Barry,70113532
Charlotte,ohairy,77695190
Lea,Barry,11237637
Marc,ohairy,77047402
Charlotte,Mcintosh,48672535
Marc,ohairy,34345653
Lea,Barry,52849417
Beatrix,ohairy,15523724
Harry,Smith,80180599
Marc,Angus,82094126
Beatrix,Ferguson,35306590
Charlotte,ohairy,60680243
Lea,Mcintosh,79559372
Marc,Barry,88822617
Lea,Smith,21122006
Lea,ohairy,22985012
Lea,ohairy,59930235
Harry,Mcintosh,29489189
Beatrix,Barry,75306687
Beatrix,Barry,28099035
Lea,ohairy,29217908
Charlotte,Ferguson,66486730
Charlotte,Mcintosh,71880923
Harry,ohairy,62553540
James,Angus,19836193
Beatrix,ohairy,39739820
Beatrix,Smith,15806264
James,Mcintosh,70115254
James,Ferguson,78476555
Marc,Smith,81851999
Beatrix,Mcintosh,15222332
Beatrix,ohairy,64111082
Marc,Barry,46469352
Beatrix,Mcintosh,72646878
Lea,Barry,28417114
Harry,Ferguson,16931048
Harry,ohairy,56131865
James,Barry,68433616
James,Angus,54130084
Harry,ohairy,66253286
Harry,Barry,50208184
James,Smith,83861536
Harry,Mcintosh,62422114
James,ohairy,22167651
Charlotte,Smith,58106681
Harry,Angus,20609580
Beatrix,Smith,70390964
Harry,Angus,52072591
James,Angus,39491752
