First Name,Last Name,Matriculation
Harry,Barry,44175751
Marc,ohairy,24958793
Charlotte,Mcintosh,24111866
James,Barry,88681839
James,ohairy,58637592
Harry,ohairy,60796655
Marc,Smith,58686252
Beatrix,Smith,38210112
James,Angus,69881971
Beatrix,Smith,37154588
Beatrix,Barry,76120928
Charlotte,Ferguson,34228887
James,Mcintosh,81981482
Charlotte,Ferguson,84256151
Marc,Angus,52152196
Marc,Ferguson,77285317
Beatrix,Ferguson,40782962
James,Mcintosh,30475092
Marc,Smith,72868368
Marc,Smith,81429008
Lea,Barry,68166301
Lea,ohairy,87981991
Lea,ohairy,51024326
Marc,Angus,74952442
Lea,Smith,80448985
Charlotte,ohairy,58150449
Beatrix,ohairy,48240559
Marc,ohairy,47595482
Marc,Angus,37546054
Lea,Barry,44809554
Marc,Ferguson,25478027
Harry,Ferguson,34821870
Marc,Angus,11680358
Marc,Ferguson,46187733
James,Smith,69593013
Beatrix,ohairy,17743846
Harry,ohairy,26548518
Charlotte,Mcintosh,23959379
Beatrix,ohairy,60829763
James,Ferguson,71360658
Harry,Barry,54798123
Lea,Ferguson,10754234
Charlotte,Angus,17828128
Beatrix,Angus,68239632
Charlotte,ohairy,63874220
Harry,ohairy,54005488
Marc,Ferguson,52134873
Harry,Smith,89400259
Marc,Ferguson,40997753
James,Smith,14094029
Charlotte,ohairy,43362688
Beatrix,Ferguson,71792738
Marc,Barry,13937072
Harry,ohairy,40327110
Charlotte,Barry,22084542
Beatrix,Barry,83022912
Beatrix,Angus,86932505
Lea,Ferguson,84947422
Beatrix,Smith,60145471
Harry,Barry,88717167
Beatrix,Smith,73274116
Marc,Barry,42690036
Marc,Angus,71112835
Beatrix,Barry,35365135
Marc,Barry,42779615
Harry,Ferguson,88275412
Lea,ohairy,14248871
Harry,Angus,29134201
James,Smith,34568348
Beatrix,Smith,67210192
James,Mcintosh,86325610
James,Ferguson,22620777
Harry,ohairy,68933903
Marc,Smith,63908785
Charlotte,Mcintosh,82985647
Charlotte,Smith,47824767
James,Angus,79601474
Harry,ohairy,18139543
Charlotte,Angus,59099761
Harry,Barry,46139101
Lea,ohairy,23192776
Harry,Ferguson,58433541
James,ohairy,11427952
Marc,Barry,57801400
Lea,ohairy,31163728
Marc,Mcintosh,46513678
Lea,ohairy,59015360
Marc,Barry,80424206
Lea,Angus,24793414
Harry,Barry,43386749
Beatrix,Barry,78947848
James,Barry,23535344
Harry,Angus,12483210
James,Barry,29907006
Charlotte,ohairy,23497492
James,ohairy,85466538
Marc,Angus,19702190
Marc,Ferguson,50984998
Marc,Barry,57686505
Harry,Ferguson,35309598
