First Name,Last Name,Matriculation
Beatrix,Barry,70172789
James,Barry,20694658
Harry,Barry,30429239
Harry,Angus,80092707
Beatrix,Smith,83070190
Beatrix,Barry,16167338
Lea,ohairy,83011219
James,Smith,57350467
Harry,Barry,40992740
James,Barry,60029816
Charlotte,Mcintosh,71663031
Marc,Smith,59418378
Harry,Barry,77969302
Harry,Angus,47282402
Charlotte,ohairy,74987803
Charlotte,Smith,11970460
Lea,Smith,35146834
Harry,Barry,21520718
Charlotte,Ferguson,27766965
Marc,ohairy,26679722
Lea,Barry,56712387
Beatrix,ohairy,79624060
Lea,Ferguson,24691844
Beatrix,Mcintosh,83162497
Beatrix,ohairy,84422734
Beatrix,Mcintosh,48908335
Marc,Smith,45682599
Beatrix,Mcintosh,66122361
Beatrix,Barry,26261968
Charlotte,ohairy,32827613
James,Ferguson,64994240
Charlotte,Mcintosh,23814869
James,Smith,87116565
Beatrix,Barry,18416684
Marc,Ferguson,18691589
James,Angus,61854601
James,Mcintosh,49062200
Charlotte,Barry,77294807
Beatrix,Mcintosh,89556012
Marc,Angus,71422059
Marc,Ferguson,72446780
Beatrix,Smith,32068227
James,Mcintosh,61308345
Lea,Angus,82387330
Beatrix,Mcintosh,41958748
Lea,Angus,87002097
Charlotte,Barry,43786381
James,Barry,26996682
Harry,Smith,81426263
Marc,Barry,72677821
James,Barry,43304320
James,ohairy,56753819
Beatrix,Barry,83610663
James,Ferguson,14828065
Lea,ohairy,71005261
James,Mcintosh,81633017
Harry,Ferguson,32838470
Lea,ohairy,31957630
Marc,ohairy,64926095
James,Mcintosh,28707059
Beatrix,Mcintosh,65866575
James,Ferguson,49957446
Harry,Mcintosh,44171765
Lea,Ferguson,41862179
Marc,Barry,43935424
Charlotte,Ferguson,52259541
Marc,Angus,58761436
James,Angus,18069060
James,Ferguson,58703375
Lea,ohairy,64424585
James,Mcintosh,23122201
Charlotte,ohairy,89040685
Beatrix,Angus,66555736
Charlotte,Ferguson,58331574
Harry,ohairy,68132455
Charlotte,ohairy,18657850
Beatrix,Ferguson,72651862
Lea,Smith,32878418
Marc,Angus,51108714
Lea,Barry,45403283
Lea,Smith,18214565
Harry,ohairy,24667781
Beatrix,ohairy,44624160
Lea,Smith,21672583
James,Smith,46299728
Lea,Mcintosh,49570547
Marc,Barry,84930621
Lea,ohairy,79486738
Charlotte,Angus,29254770
Charlotte,Smith,26885309
Marc,ohairy,15939250
Charlotte,Barry,76452995
Lea,Ferguson,51870690
Beatrix,Ferguson,78619407
Beatrix,Smith,41124919
Harry,ohairy,12905844
Harry,Smith,58103560
Harry,Angus,15548536
Lea,Barry,34908832
Marc,Mcintosh,53298822
