First Name,Last Name,Matriculation
Lea,Smith,84783075
Beatrix,Ferguson,24849913
James,ohairy,78405360
Marc,Angus,73318213
Lea,Mcintosh,60358346
Charlotte,Smith,44792757
Marc,ohairy,19184535
Lea,Mcintosh,20225432
Lea,Ferguson,89636407
James,Mcintosh,68315548
Lea,ohairy,84923329
Charlotte,Mcintosh,85197165
Marc,Angus,88547257
Marc,Angus,65245418
James,Barry,21716291
Beatrix,Barry,18375050
Lea,ohairy,85287096
Lea,Ferguson,24550410
Lea,Mcintosh,30008084
Charlotte,Ferguson,83637604
Harry,Ferguson,70761016
Lea,Ferguson,55269437
Harry,Smith,66356996
Lea,Ferguson,32984383
Beatrix,Smith,42077606
Lea,Ferguson,82092806
Charlotte,Mcintosh,74805931
Lea,ohairy,59868289
Marc,Barry,10372053
Harry,Mcintosh,69684890
Charlotte,Mcintosh,36056616
Beatrix,Mcintosh,66814620
James,Smith,60336882
Lea,Smith,79258826
Charlotte,Ferguson,88487068
Charlotte,Ferguson,84183200
Harry,Mcintosh,17580879
Harry,Barry,62176231
Beatrix,ohairy,55768709
Beatrix,Angus,89563652
Harry,Ferguson,88848389
Charlotte,Barry,37947353
James,Smith,44738438
Beatrix,Barry,84671731
Harry,ohairy,57539321
Marc,Smith,77719130
Marc,Mcintosh,21951179
Harry,Barry,22833994
Harry,Angus,87125313
Lea,ohairy,85824334
Harry,Barry,41263436
Charlotte,ohairy,69759131
Charlotte,Smith,14896716
Lea,Ferguson,16964498
Lea,Ferguson,22481267
Marc,Angus,27309057
James,Ferguson,43412070
Lea,Smith,29889417
Harry,Angus,18739788
Lea,ohairy,23436991
Beatrix,Smith,58218158
Harry,Smith,48905260
Marc,Mcintosh,86580469
Lea,Smith,12359820
Beatrix,Barry,75965588
Charlotte,Angus,58227789
Harry,Angus,80380958
Lea,ohairy,65502348
Harry,Mcintosh,52487114
Harry,Ferguson,64761410
Beatrix,ohairy,13184495
Marc,Barry,51833069
James,Mcintosh,23269927
Lea,Angus,41852759
Lea,Barry,38879508
James,Ferguson,88622934
Harry,ohairy,27471963
Harry,Angus,56927166
Marc,Barry,63687937
Beatrix,Mcintosh,87662965
Beatrix,Mcintosh,28546480
Harry,Ferguson,62613330
Lea,Ferguson,24586192
Charlotte,Mcintosh,80500457
Charlotte,ohairy,15170330
Marc,Angus,46187696
Charlotte,Barry,47860614
James,Angus,54208254
Beatrix,Mcintosh,35249542
Marc,Smith,51594592
Charlotte,Angus,81194313
Marc,Barry,47600369
Beatrix,Barry,78564688
Charlotte,Ferguson,30684150
Marc,Mcintosh,46063655
James,Mcintosh,72024242
Lea,Ferguson,40524785
Lea,Barry,49330327
Marc,Barry,85696889
Beatrix,Mcintosh,30133531
