First Name,Last Name,Matriculation
Beatrix,Angus,55082820
Harry,Barry,69176616
Lea,ohairy,31272148
Harry,ohairy,49886782
Lea,Mcintosh,44183351
Charlotte,Mcintosh,77332021
Lea,ohairy,86584162
James,Barry,42132944
James,Barry,28360800
Charlotte,Ferguson,38801795
James,Ferguson,76410101
Marc,Mcintosh,11244439
Beatrix,ohairy,68680062
James,Smith,25420532
Marc,Angus,86548494
Harry,Smith,76620738
Marc,Mcintosh,87791391
Charlotte,ohairy,19653233
Harry,Angus,45970110
Beatrix,ohairy,50664224
Harry,Ferguson,79640332
Harry,Angus,64691243
Harry,Angus,57398577
Marc,Mcintosh,10987755
Charlotte,Barry,58039385
James,Angus,70390186
Lea,Angus,16011096
James,Ferguson,62559287
Harry,Barry,15792349
Beatrix,ohairy,64491404
Harry,Smith,85133136
Harry,Barry,84189925
Beatrix,Mcintosh,40548193
James,Mcintosh,56193612
Lea,Mcintosh,38432486
Marc,Barry,83052584
Lea,Barry,32462602
Harry,Barry,30671106
Lea,Ferguson,46937247
James,Ferguson,77619930
Beatrix,ohairy,63391440
Marc,Barry,71857706
Harry,ohairy,82131901
Beatrix,Smith,67878470
Lea,Angus,33069234
James,Angus,10368574
James,Ferguson,28103912
Marc,Angus,81702703
Lea,Ferguson,64132202
Charlotte,Smith,47527204
Charlotte,ohairy,88555030
Marc,Angus,88038737
Marc,Mcintosh,54466602
Charlotte,Smith,44144471
Beatrix,ohairy,62715206
Charlotte,Ferguson,70898705
Beatrix,Angus,29516916
James,Mcintosh,83417010
Marc,Mcintosh,75259371
Beatrix,Ferguson,34568621
Beatrix,Barry,31218350
Beatrix,Ferguson,64130665
James,Smith,58201857
Charlotte,Barry,65546651
Marc,Mcintosh,66313089
Beatrix,Ferguson,30343457
Beatrix,ohairy,16308836
James,Mcintosh,47368763
Beatrix,ohairy,54155927
Lea,ohairy,31567935
Marc,ohairy,56621596
James,Smith,40508138
James,Smith,25251331
Lea,Smith,53369313
James,Barry,86577198
Beatrix,ohairy,45106936
Lea,Ferguson,41154250
James,Smith,31659391
Beatrix,Angus,33106344
James,Smith,75160193
Marc,Barry,26455729
Charlotte,ohairy,51861833
Harry,Smith,77337411
Lea,Ferguson,70172465
Charlotte,ohairy,85339972
James,Barry,28870985
Marc,Mcintosh,35107461
Beatrix,ohairy,44706436
James,Barry,14227921
Beatrix,ohairy,58776703
James,ohairy,44119708
Beatrix,Ferguson,20400676
Marc,Barry,35546193
Lea,Mcintosh,11395134
Lea,ohairy,55314195
James,Angus,70685378
Beatrix,Smith,89974771
Harry,ohairy,81870186
Beatrix,Barry,72166120
Beatrix,Mcintosh,39422663
