First Name,Last Name,Matriculation
Marc,Ferguson,11519106
Marc,Barry,85663724
Harry,Barry,84214582
Marc,Barry,53984857
James,Angus,87568199
Harry,ohairy,66699758
Marc,Smith,60859312
Beatrix,Barry,69610593
Charlotte,ohairy,81491166
James,Angus,46697463
James,Ferguson,80210990
Harry,Ferguson,34201047
Beatrix,Ferguson,56203413
Harry,ohairy,46605670
Beatrix,Smith,46038082
Charlotte,ohairy,23501973
Marc,Angus,33488420
Beatrix,Smith,84196896
Harry,Barry,39614838
Marc,ohairy,50070690
James,Angus,55995810
Beatrix,ohairy,29505947
Beatrix,Mcintosh,19428715
James,Barry,37669216
Harry,ohairy,32016683
James,Ferguson,74851682
Beatrix,Ferguson,61766730
James,ohairy,78040668
James,Barry,31728149
Harry,Smith,70177160
Charlotte,ohairy,60092274
Charlotte,Barry,14091298
Beatrix,Smith,47337762
James,Ferguson,45922108
Harry,Ferguson,27388496
Marc,Mcintosh,68068744
Beatrix,Angus,38437084
Lea,ohairy,74280122
Beatrix,Angus,49803709
James,ohairy,83834528
Beatrix,Smith,77437377
Harry,Barry,53920632
Marc,Ferguson,17785190
Marc,Barry,39540106
Harry,Barry,86848372
Charlotte,Barry,83267425
Harry,Ferguson,30721937
Harry,Smith,28762596
Lea,Smith,62856334
Marc,Smith,62457093
Lea,Smith,40312408
Harry,ohairy,86274363
Lea,Smith,39435209
Marc,Smith,64800692
Harry,Ferguson,16577394
James,Smith,41024509
Beatrix,Ferguson,13517545
James,Mcintosh,60531112
Lea,Ferguson,14071882
James,Angus,46902011
James,Mcintosh,17432699
Beatrix,Barry,87275282
Harry,Ferguson,85715636
Beatrix,Barry,18923605
Beatrix,ohairy,44935928
Lea,Barry,54745601
Harry,Ferguson,86441311
Charlotte,ohairy,56790466
Beatrix,Smith,49166232
James,Mcintosh,35067098
Marc,ohairy,34996045
James,Smith,10701677
James,ohairy,28222013
Charlotte,Mcintosh,76818277
Marc,Angus,17489561
Harry,ohairy,67779870
Charlotte,Ferguson,19140558
Beatrix,Angus,10923176
Marc,Ferguson,10235127
Marc,Mcintosh,54561120
Beatrix,Smith,40186472
Harry,Mcintosh,31478234
Marc,ohairy,42519579
Harry,Angus,63177779
James,Smith,18669830
Charlotte,Barry,69687054
Beatrix,Ferguson,32654012
Beatrix,Smith,66798386
Charlotte,Ferguson,79909876
Charlotte,ohairy,28736334
Harry,Angus,27866117
Harry,Barry,51379324
James,Ferguson,85714320
Charlotte,Ferguson,73048209
Charlotte,Angus,74204870
Charlotte,Mcintosh,33708144
Charlotte,Angus,63584610
Beatrix,Smith,58202764
James,Ferguson,57294080
Marc,Barry,37336248
