First Name,Last Name,Matriculation
Charlotte,Mcintosh,25906463
Marc,Angus,87160073
Lea,Ferguson,36780076
Lea,Smith,15521530
Beatrix,Angus,84204369
Marc,Angus,17537485
Beatrix,Ferguson,28723608
James,Barry,60421426
Harry,Smith,78618672
James,Barry,10537743
Harry,Smith,42879358
Harry,Ferguson,22232616
Marc,Angus,16285246
James,Ferguson,82116601
Harry,Mcintosh,49986627
Lea,Smith,20507981
Charlotte,Mcintosh,40216871
Marc,Mcintosh,63678705
James,ohairy,31298915
Beatrix,Barry,50394261
Lea,Smith,37607302
Charlotte,Barry,74912544
Charlotte,Ferguson,54169606
James,Barry,35057537
Marc,Mcintosh,52218206
Lea,Angus,83510887
Marc,Smith,22861948
James,Angus,50276676
Lea,ohairy,59414750
Beatrix,Mcintosh,31303835
Marc,Barry,15990533
Charlotte,Smith,26348452
Beatrix,Barry,29978329
James,Smith,89822491
Harry,Angus,16360372
Charlotte,Angus,30568560
James,Mcintosh,66134917
James,Mcintosh,25783135
Marc,ohairy,69268434
Beatrix,Barry,13658142
Beatrix,Smith,73315202
Marc,Ferguson,54107355
James,Barry,42000573
Charlotte,Barry,22549149
Lea,Smith,51588293
Charlotte,Barry,42562393
Charlotte,Ferguson,80479419
Charlotte,Ferguson,83125630
Beatrix,Angus,31764948
James,Angus,20534945
James,Barry,66003194
Lea,Barry,68684573
Charlotte,Angus,78221839
Marc,Barry,39333876
James,Barry,79621104
Beatrix,Ferguson,80894266
Beatrix,Smith,20879518
Harry,Angus,70588750
Marc,Mcintosh,27866201
Charlotte,Ferguson,69029396
James,Barry,27015688
Harry,Smith,19695019
Beatrix,ohairy,73957093
Lea,Smith,89436104
James,Ferguson,25937112
Marc,Smith,43039972
Beatrix,Ferguson,66521749
Beatrix,Smith,59829115
Charlotte,Ferguson,55787801
James,Angus,16016185
Marc,Mcintosh,67076102
Harry,Ferguson,27610662
Lea,Smith,83515340
Harry,ohairy,70394191
Harry,Ferguson,73963743
James,Ferguson,48742805
Marc,Angus,11949159
James,Barry,52567579
Beatrix,Ferguson,18470493
Marc,Angus,24839213
Marc,Angus,13706236
Marc,Barry,56627061
James,Ferguson,34079411
Marc,Angus,53062799
James,Ferguson,76544437
James,Angus,36263087
Marc,Ferguson,41115273
Harry,Ferguson,76157804
Harry,ohairy,85263610
Marc,Barry,53385913
Harry,ohairy,41628703
Marc,Mcintosh,20251464
Beatrix,ohairy,47840228
James,Angus,77581570
Beatrix,ohairy,89676067
Marc,Barry,55169316
Marc,Barry,82832171
Lea,Mcintosh,20697346
Charlotte,Ferguson,24605438
James,Smith,12985528
