First Name,Last Name,Matriculation
Harry,Smith,55169544
Marc,Mcintosh,24025755
Beatrix,Smith,67710980
Charlotte,Smith,29623846
Beatrix,Angus,77110761
James,ohairy,16801462
Lea,Ferguson,51158401
Marc,Barry,69307883
James,Mcintosh,85115647
Harry,Barry,76255128
Charlotte,Angus,49445306
Harry,Angus,82683698
Harry,Mcintosh,41617891
Charlotte,Ferguson,23621379
James,Smith,78217494
Lea,ohairy,83436569
Charlotte,Mcintosh,34946495
Harry,Barry,56041337
Marc,Barry,42602277
Marc,Angus,58126449
Marc,Angus,52436899
Charlotte,ohairy,79245806
Lea,Smith,32764623
Marc,Smith,43938286
Lea,ohairy,19524948
James,Ferguson,18265714
Charlotte,Ferguson,18504174
Marc,Mcintosh,28872876
Harry,Mcintosh,65884029
Lea,Angus,26756702
James,ohairy,20335984
Charlotte,Ferguson,75002233
James,Smith,31011197
Marc,Barry,38473429
Lea,Angus,31400937
Charlotte,Mcintosh,52298081
Marc,Ferguson,37827698
James,Mcintosh,37204137
Charlotte,ohairy,35383547
Marc,Ferguson,13343674
Beatrix,Ferguson,61292812
Lea,Angus,81305512
Charlotte,Mcintosh,58659416
Charlotte,ohairy,48569839
Lea,Barry,56061973
Lea,Angus,19309801
Marc,ohairy,62699276
Harry,ohairy,84177340
Lea,Mcintosh,84499197
Lea,Smith,22231428
Charlotte,Barry,13618396
Lea,ohairy,67511512
Charlotte,Barry,28612409
Marc,Mcintosh,51523685
Lea,Angus,86999514
Harry,Angus,70194807
Lea,Angus,20344905
Beatrix,Smith,70979469
James,ohairy,89208806
Marc,Mcintosh,88130712
Marc,Ferguson,46268095
James,Ferguson,80334623
Charlotte,Mcintosh,48365204
Harry,ohairy,53950618
Beatrix,Barry,33939404
James,ohairy,51466368
Harry,Smith,76273292
Beatrix,Mcintosh,46999721
Lea,Mcintosh,19913767
Lea,Smith,62174293
Charlotte,Ferguson,65233807
Harry,ohairy,29964229
Beatrix,Angus,47052624
Marc,Mcintosh,59753625
Beatrix,Smith,22877617
Charlotte,Angus,37153080
James,Ferguson,32410262
James,Ferguson,65259330
James,Barry,42518841
Marc,Angus,33523003
Lea,Mcintosh,30596113
Lea,Angus,62778039
Beatrix,Mcintosh,66593751
Charlotte,Mcintosh,53107841
James,Barry,13374159
Charlotte,Smith,17111389
James,Barry,76070201
Marc,Mcintosh,38239081
Beatrix,Smith,24971079
James,Ferguson,71673455
Charlotte,Ferguson,86979515
Marc,Ferguson,25519344
Marc,Mcintosh,17925033
Lea,Angus,26385693
Lea,Angus,24388891
Charlotte,Ferguson,40341902
James,Angus,12093447
Harry,Angus,16721182
Marc,Mcintosh,32706212
Lea,Ferguson,74710729
