First Name,Last Name,Matriculation
James,Mcintosh,89140260
Marc,ohairy,13726422
Harry,Barry,35463006
Lea,Smith,71480270
James,Mcintosh,30500044
Beatrix,ohairy,26725508
James,ohairy,86921272
James,ohairy,36077499
Beatrix,ohairy,39791696
Marc,Angus,11106268
Harry,Angus,28484617
James,Angus,21101236
Beatrix,Smith,32270642
Lea,Angus,28605987
Charlotte,Smith,77307181
James,ohairy,21021620
Harry,Smith,27181814
Beatrix,ohairy,78682625
Harry,Mcintosh,79804354
Harry,Angus,47589110
Beatrix,Barry,60170243
Lea,Angus,31375630
James,ohairy,47405450
Charlotte,Smith,57549133
Lea,Smith,78276083
Beatrix,ohairy,32224405
James,Mcintosh,31517059
Harry,Angus,70889023
Charlotte,ohairy,57078609
Lea,ohairy,32787736
Harry,Angus,50494991
Harry,ohairy,47766350
Beatrix,Mcintosh,34412296
Beatrix,Angus,80793737
Marc,Ferguson,62608226
Charlotte,Barry,25127348
Harry,ohairy,37493184
Charlotte,Mcintosh,15802164
Beatrix,Barry,16614377
Charlotte,Mcintosh,82798218
Beatrix,Mcintosh,17583130
Lea,Mcintosh,70363077
Lea,Mcintosh,48745262
James,Smith,66946893
Lea,Ferguson,31247120
Harry,Ferguson,76254109
Beatrix,Barry,33101640
Beatrix,Smith,52798481
Beatrix,Angus,29228522
Charlotte,ohairy,11975773
Marc,Ferguson,49018828
Marc,Smith,47981364
Marc,Smith,28807820
Marc,Angus,55542783
Harry,Smith,24134803
Marc,ohairy,49879807
Beatrix,Angus,11378924
Charlotte,Ferguson,36120399
Lea,Barry,50502512
Marc,Ferguson,42295664
Lea,Mcintosh,46877064
Marc,Ferguson,13711333
Marc,Smith,85198894
Harry,ohairy,34435231
Marc,Barry,78731475
Harry,ohairy,37278594
Beatrix,Angus,43030314
Charlotte,ohairy,61212421
Charlotte,Smith,26843768
Lea,Angus,49200241
Charlotte,Mcintosh,42902060
Lea,Angus,78786876
James,Mcintosh,87414878
Marc,Mcintosh,84919274
Charlotte,Ferguson,27990152
James,Smith,19774677
Marc,Mcintosh,52994188
Beatrix,Ferguson,10147635
Beatrix,Smith,46570496
Lea,Angus,85176782
Lea,Smith,69776283
Lea,Angus,44609901
Charlotte,ohairy,10389246
Beatrix,ohairy,60098496
Harry,Mcintosh,71235780
Beatrix,ohairy,60090457
James,ohairy,71633375
Lea,Barry,57972976
Lea,Barry,46082545
Lea,Ferguson,17724409
Harry,Smith,67005878
Beatrix,Mcintosh,43444124
Beatrix,Angus,54570719
Lea,Barry,40972049
Harry,ohairy,18826308
Harry,Angus,31199244
Marc,Ferguson,33670755
Lea,Ferguson,67044768
Harry,Angus,41426574
Lea,Mcintosh,53974269
