First Name,Last Name,Matriculation
Harry,ohairy,84190270
Charlotte,Mcintosh,76241767
Lea,Ferguson,35619230
Harry,Barry,50308433
Harry,Barry,76832588
Marc,Smith,41954574
Harry,Ferguson,32547803
Lea,Ferguson,60629802
Harry,Ferguson,87200022
Harry,Barry,18717655
Beatrix,Barry,21976411
Beatrix,ohairy,27601633
Marc,ohairy,31538309
Harry,Ferguson,73428427
Beatrix,ohairy,71143639
James,Barry,74042633
Marc,ohairy,47912947
Marc,Mcintosh,14312124
James,Smith,53119151
Marc,Angus,29728249
James,Mcintosh,83263584
James,Barry,67711063
Harry,Smith,56058064
Charlotte,Smith,40649584
Lea,Ferguson,26158667
Charlotte,Smith,52056836
Lea,Smith,41595500
James,Barry,89774225
Harry,Smith,78330034
Charlotte,ohairy,11708130
James,ohairy,38686320
Harry,Mcintosh,66765335
Lea,Ferguson,66035924
Charlotte,Barry,80399632
James,ohairy,55569876
James,Barry,71884191
Marc,Angus,64605478
Lea,ohairy,22165273
Lea,Ferguson,46766786
Marc,Barry,21705855
Beatrix,Angus,46272445
Harry,ohairy,33129667
Lea,Smith,72275961
James,Ferguson,58103988
Lea,Mcintosh,72887665
Charlotte,ohairy,15607259
Beatrix,ohairy,53025606
James,ohairy,14025916
Lea,Ferguson,56503926
Marc,Angus,60749241
Marc,Ferguson,28864845
Beatrix,ohairy,85231889
James,Ferguson,65151078
Lea,Angus,12559591
Beatrix,Smith,46052781
Lea,Smith,39497300
James,Smith,44733528
Marc,Smith,89753463
Harry,Smith,59698180
Marc,Barry,74303703
Lea,Barry,76481168
Beatrix,Angus,61451618
Harry,ohairy,66064291
Lea,Ferguson,58079717
Beatrix,Barry,23209126
James,Ferguson,75973762
Lea,Angus,38015644
Charlotte,ohairy,68985021
Lea,Ferguson,60291151
Harry,Smith,19549847
Harry,Barry,34866999
Marc,ohairy,22274422
Marc,Ferguson,61032120
Charlotte,Ferguson,63378194
Marc,Barry,44931183
Beatrix,Ferguson,80151065
Beatrix,Smith,24522066
Harry,Ferguson,52890620
Marc,Ferguson,18792465
Lea,Ferguson,80900092
Harry,Ferguson,59695151
James,Ferguson,51973206
Lea,ohairy,26617234
Harry,Barry,59939143
Beatrix,Ferguson,77677527
Lea,Ferguson,62714129
Marc,ohairy,77778242
Marc,Smith,13877963
Lea,ohairy,35038015
Marc,Ferguson,11854338
Beatrix,Mcintosh,40085697
Lea,Angus,54432258
Lea,Angus,76341734
Lea,Mcintosh,13498626
James,Ferguson,50173181
Marc,Smith,48405111
James,Angus,16981182
Charlotte,Ferguson,11923023
Marc,ohairy,39582378
Harry,ohairy,89457799
