First Name,Last Name,Matriculation
James,Smith,63688378
Charlotte,Angus,87382025
Lea,Mcintosh,29794972
Marc,Ferguson,61211050
Lea,Angus,29576996
Charlotte,Barry,76942970
Harry,ohairy,19818145
Beatrix,Ferguson,45131397
Charlotte,Barry,71314591
Beatrix,ohairy,86667885
Charlotte,ohairy,52419000
Charlotte,Mcintosh,30870496
Harry,Smith,68746623
Harry,ohairy,58635975
Marc,Barry,73992655
Charlotte,Mcintosh,70101826
Charlotte,Smith,44082816
Harry,Mcintosh,84412293
Marc,Barry,40608047
Lea,Angus,33482930
Marc,Smith,31347750
Marc,Barry,85407302
Beatrix,Ferguson,56202305
Marc,Smith,30384847
Beatrix,Mcintosh,40389874
Harry,Smith,40735158
Beatrix,Mcintosh,88671991
Marc,Smith,15248228
Harry,Angus,18183390
Beatrix,ohairy,26787976
James,Smith,51888773
Charlotte,Smith,14244913
Marc,Barry,63820422
Beatrix,Ferguson,69844417
Harry,Ferguson,33434380
Marc,Barry,14439289
Harry,ohairy,60826426
James,Barry,62194309
Marc,Angus,87650024
Harry,Ferguson,45692227
Harry,ohairy,70287002
Charlotte,Smith,65294988
Harry,Angus,12805601
Harry,Barry,45244579
James,ohairy,78101312
Lea,Angus,45378377
Charlotte,ohairy,83802823
Lea,Smith,87805860
James,Angus,22546774
Harry,Angus,34320353
Lea,Ferguson,34875642
Lea,Ferguson,20783400
Beatrix,Barry,46721707
James,ohairy,46032963
Lea,ohairy,66200308
James,Mcintosh,78956566
Lea,Mcintosh,45858932
Marc,Smith,37592520
James,Ferguson,81338684
James,Angus,77342117
Lea,Barry,47466434
Marc,Angus,76376150
Marc,Angus,39245413
Lea,ohairy,86644041
James,Smith,51799285
Charlotte,Mcintosh,34450280
Lea,Smith,29813125
Marc,Ferguson,27876442
James,Barry,70735254
Charlotte,Angus,78168676
Harry,Barry,38338040
Beatrix,Ferguson,60123639
Marc,Ferguson,25196667
Beatrix,Mcintosh,87602881
Charlotte,Angus,54383561
Charlotte,Ferguson,76661759
Charlotte,Angus,71385325
Harry,Ferguson,84249581
Marc,Barry,28681185
Beatrix,Barry,71118120
Marc,Ferguson,33374526
Marc,Ferguson,32399924
James,Barry,37389239
Charlotte,Mcintosh,87728250
Marc,Smith,39009194
James,Barry,53728796
Beatrix,ohairy,79759139
Harry,Smith,52023504
Harry,Angus,25211482
Harry,Ferguson,30894765
Lea,Ferguson,44456870
Marc,Ferguson,60785483
James,Barry,76515644
Harry,Barry,75803461
Charlotte,Angus,48336204
Lea,Angus,83264614
Charlotte,ohairy,85136639
Harry,Mcintosh,62127602
Beatrix,Barry,45236511
Beatrix,ohairy,64443796
