First Name,Last Name,Matriculation
Marc,Smith,69674349
Beatrix,Smith,45511771
Marc,Mcintosh,48248211
James,Angus,15632515
Marc,Barry,17841305
Harry,Angus,13312539
Harry,Mcintosh,64139551
Harry,Angus,22037119
Beatrix,Ferguson,17526490
Beatrix,Smith,27772649
Beatrix,Angus,56873392
Harry,Angus,17388756
Lea,Mcintosh,21212256
Charlotte,Ferguson,56066496
James,Smith,26483537
Harry,Mcintosh,44176675
Marc,Smith,61165139
Lea,ohairy,61640510
Beatrix,Smith,79986011
Harry,Angus,55528461
Charlotte,Angus,80817297
Harry,Barry,64066162
Beatrix,Barry,38413070
Charlotte,ohairy,29218166
Lea,Barry,69740394
Lea,Barry,35699152
James,Angus,15137207
Lea,Mcintosh,33566952
Lea,Mcintosh,68730868
Charlotte,Ferguson,21793595
Beatrix,Angus,25648055
Marc,Barry,29369493
James,Angus,67228218
James,Barry,48129044
Harry,ohairy,70941333
Harry,Angus,25079515
Harry,Angus,78832755
Charlotte,Barry,53341512
Marc,Smith,54673547
Charlotte,Mcintosh,66661233
James,Barry,75505106
Beatrix,Barry,21710366
Charlotte,Angus,56119750
Charlotte,Angus,37987368
Beatrix,Ferguson,75107857
Beatrix,Smith,11116780
Marc,Ferguson,30355884
James,Angus,13907064
Charlotte,Mcintosh,55782978
James,Angus,23413630
Lea,Ferguson,14772522
Lea,Angus,84875136
Harry,Smith,71595735
Lea,Ferguson,74707018
James,ohairy,23529630
Harry,Mcintosh,27496482
James,Ferguson,54176658
Charlotte,Ferguson,46334966
James,Angus,61721617
Lea,Barry,59655834
Beatrix,Barry,13426049
Marc,Mcintosh,34428633
Beatrix,Angus,65743234
Beatrix,Barry,69727411
Lea,ohairy,60213387
Beatrix,Ferguson,10927642
Marc,Angus,15722079
Charlotte,Barry,59258873
Beatrix,Smith,53288642
Harry,Smith,74596614
James,Smith,73630692
Marc,Smith,87331120
Lea,Angus,20305634
Charlotte,Barry,35647583
Charlotte,Smith,37024699
James,Smith,41213969
Marc,Ferguson,50784099
Charlotte,Angus,27094260
Charlotte,Barry,32856885
James,Angus,61480731
Beatrix,Smith,60214999
Marc,ohairy,56111404
Marc,ohairy,64636053
Lea,Mcintosh,76188088
Lea,Ferguson,84732489
Harry,ohairy,32481553
Beatrix,Angus,69391514
James,Barry,82550266
James,Ferguson,50637451
Beatrix,Ferguson,52447293
James,Ferguson,71105419
Beatrix,Mcintosh,24900880
Lea,Angus,27243992
Lea,ohairy,23843508
James,Angus,82791186
James,Mcintosh,27861104
Charlotte,Smith,14546963
Lea,Mcintosh,26048380
Marc,Mcintosh,82957459
Harry,Smith,77471510
