First Name,Last Name,Matriculation
Charlotte,Angus,75375590
Harry,Barry,69332414
James,Mcintosh,22720843
Lea,ohairy,55620971
Beatrix,Smith,14534233
James,Mcintosh,65636300
Marc,ohairy,20969321
Marc,Barry,48628712
Beatrix,Barry,20443629
Charlotte,Ferguson,76348720
Beatrix,Angus,52041435
Marc,ohairy,36117633
Marc,Smith,14626872
Lea,ohairy,44813216
Lea,Mcintosh,36973777
Beatrix,Smith,67790950
Lea,Ferguson,70312664
James,Ferguson,26854601
Marc,ohairy,67824373
Lea,Ferguson,71985934
Harry,Barry,89999233
James,Ferguson,85396688
Beatrix,Angus,82782181
Marc,ohairy,86604612
Harry,Mcintosh,37551602
James,ohairy,28922692
Marc,Angus,50177787
Marc,Barry,21478538
James,Mcintosh,68059068
Lea,Angus,75136363
Lea,ohairy,71831114
Charlotte,Barry,46516938
James,Angus,10175327
James,ohairy,67969335
Beatrix,Smith,13696541
Charlotte,Ferguson,43902240
Charlotte,Mcintosh,21237492
James,Smith,71851339
Charlotte,Smith,71263761
Charlotte,Ferguson,70344521
Marc,Angus,19329270
James,Barry,81293647
Charlotte,Ferguson,81264647
Charlotte,Angus,67264204
Marc,Barry,58511251
Beatrix,Ferguson,67812982
Lea,Angus,89236680
Beatrix,ohairy,14947093
Beatrix,Angus,63872047
James,Ferguson,60867293
Lea,Smith,22805669
Beatrix,ohairy,47121198
Charlotte,Mcintosh,13369154
Marc,ohairy,82526369
Lea,Angus,69146232
Lea,Ferguson,46079870
Harry,Mcintosh,64230817
James,Ferguson,37023629
Marc,Smith,78893975
Beatrix,Smith,74469592
James,Smith,73770675
Harry,Mcintosh,85321025
Lea,Barry,57128693
Charlotte,Ferguson,89390510
Harry,Ferguson,47831081
James,Smith,28034418
Harry,Ferguson,17302470
Harry,Barry,31312903
Harry,Mcintosh,20347607
Harry,Barry,45778797
Lea,Angus,57380256
Harry,ohairy,39438669
Lea,Ferguson,61515060
Lea,Angus,29636559
Marc,Ferguson,62127819
Beatrix,Barry,38939412
Lea,Barry,42271478
James,ohairy,32461577
James,Mcintosh,32641016
James,Barry,52539473
Charlotte,Smith,30536016
Lea,Mcintosh,62124748
Marc,Barry,50734500
James,Ferguson,25840127
Lea,Mcintosh,56922107
Charlotte,ohairy,56877433
James,Angus,83802510
Harry,Barry,78788652
Marc,ohairy,67860445
Charlotte,Smith,76015350
Lea,Barry,72377226
Lea,Angus,57396638
Harry,Ferguson,26447763
Lea,ohairy,34396048
Beatrix,Mcintosh,69951014
James,Barry,16932522
Lea,Smith,49052036
Charlotte,Mcintosh,11824989
James,Mcintosh,48569826
James,Mcintosh,41592020
