First Name,Last Name,Matriculation
James,Angus,83781122
Beatrix,Barry,10242595
Charlotte,ohairy,21187104
James,Ferguson,60701209
Charlotte,Ferguson,13439020
Beatrix,Smith,64982611
James,Smith,76615342
Marc,Smith,29826808
Lea,Ferguson,54788994
Charlotte,ohairy,21695797
Harry,Mcintosh,49693174
Beatrix,Barry,62142723
Charlotte,Mcintosh,76396312
James,ohairy,13536807
Charlotte,Barry,10345843
Lea,Barry,21316254
Beatrix,Mcintosh,80517897
James,ohairy,35461207
James,Smith,14697900
Lea,Smith,44762671
Lea,Barry,76272330
Beatrix,Smith,51757770
Harry,Ferguson,64026917
Charlotte,Smith,69976682
Marc,Mcintosh,79986684
Beatrix,Angus,34604171
Marc,Barry,56548400
Lea,Smith,77063651
Charlotte,Barry,88082551
James,Angus,55533287
James,Mcintosh,64571171
Marc,Angus,87686777
Marc,Smith,66650931
Beatrix,Barry,67148867
Beatrix,Ferguson,88578053
James,Ferguson,20595316
Charlotte,Angus,12145053
Lea,ohairy,11923343
Marc,Mcintosh,16066589
Charlotte,Barry,31039317
Marc,Mcintosh,71282297
Harry,Mcintosh,33091923
Lea,Smith,80185081
Harry,Mcintosh,38379951
Beatrix,Angus,24915014
Beatrix,Smith,59553033
Lea,Angus,57572804
Charlotte,Angus,58759375
Charlotte,ohairy,36663596
Lea,Mcintosh,22999694
James,Angus,28074931
Charlotte,Barry,18327509
Harry,Ferguson,70881597
Beatrix,Mcintosh,22944618
Harry,Barry,44769703
Lea,Mcintosh,46518805
Lea,Barry,83076419
Marc,ohairy,38942094
Marc,Angus,83297935
Beatrix,Angus,22566757
Marc,Angus,36207441
Lea,Ferguson,78215013
Harry,Angus,82001463
Lea,Ferguson,57862106
Beatrix,Smith,86431390
Marc,Mcintosh,35162736
Harry,Barry,62975565
Beatrix,Angus,12333356
Harry,ohairy,74933826
Marc,ohairy,76113030
Beatrix,Mcintosh,16949650
Beatrix,Ferguson,46341347
Charlotte,Angus,26638339
Harry,Mcintosh,27078573
Marc,Angus,20622290
Beatrix,Ferguson,68127375
Harry,Mcintosh,34535890
Charlotte,Mcintosh,76799048
Lea,Barry,14691872
Harry,ohairy,37404119
Marc,Smith,68862634
Charlotte,Mcintosh,70123902
Harry,Mcintosh,25349239
Marc,Smith,43482326
Charlotte,Smith,50718370
Beatrix,Mcintosh,40219858
Charlotte,Smith,72431131
James,Angus,84110332
Beatrix,Smith,59747559
Harry,Ferguson,48053540
James,ohairy,62581059
Beatrix,Ferguson,66540943
James,Mcintosh,37597409
Harry,Mcintosh,35492634
Lea,ohairy,84518786
James,ohairy,60540652
James,Smith,45903793
Harry,Angus,76583814
Marc,Angus,26095187
Lea,ohairy,19583802
