First Name,Last Name,Matriculation
Harry,Ferguson,72504995
Harry,Angus,61888439
Lea,Ferguson,89402007
Marc,Angus,58446170
Lea,ohairy,65261700
Charlotte,Angus,16705871
Lea,Mcintosh,74783483
Beatrix,Smith,10034897
Charlotte,Angus,50329730
Marc,Barry,17186641
Lea,Mcintosh,78927329
Marc,Mcintosh,48732395
Lea,Ferguson,24152816
Charlotte,Smith,62918897
Beatrix,Barry,64445004
Lea,ohairy,10197612
Marc,Ferguson,83941669
Charlotte,Barry,33289912
Beatrix,Mcintosh,89928932
James,Smith,83129338
Charlotte,ohairy,75346859
Beatrix,Ferguson,57428729
Charlotte,Ferguson,34703079
Lea,Barry,19398337
Lea,Barry,53596398
James,Smith,18899847
Harry,Mcintosh,49369413
Lea,Barry,37636752
Charlotte,Ferguson,32333020
Harry,ohairy,58755419
James,Mcintosh,17185566
Charlotte,Barry,30813710
James,Smith,75664693
Marc,ohairy,25306046
Harry,ohairy,87019950
Lea,Angus,68775057
Charlotte,Smith,57897654
Lea,Angus,21519128
Beatrix,Mcintosh,82776300
Beatrix,Angus,48257480
Harry,Angus,22625491
Charlotte,Angus,42893705
Charlotte,ohairy,71084986
Lea,Barry,59769360
Lea,Barry,18262534
Lea,Ferguson,37802467
Harry,Ferguson,74925252
Beatrix,Ferguson,59239264
Marc,Barry,52191760
Marc,ohairy,67584629
Lea,Angus,14087900
Charlotte,Barry,63245744
James,Angus,15311249
Marc,Smith,78157172
Beatrix,Barry,35998277
James,Ferguson,24305383
Harry,Ferguson,87453498
Charlotte,ohairy,17783376
Harry,Barry,81524963
Harry,Angus,56520151
Lea,Barry,46686746
Marc,Barry,65634762
Harry,Smith,48029311
Beatrix,Angus,66961912
Beatrix,Ferguson,28927240
Charlotte,Mcintosh,67702786
Lea,Ferguson,26228412
Marc,Ferguson,71942336
Harry,Ferguson,54578089
James,Mcintosh,37178299
James,Smith,54248316
Charlotte,Ferguson,26355853
Beatrix,Ferguson,38903911
Beatrix,Barry,66488407
Harry,Barry,82823616
Beatrix,Angus,68956775
James,ohairy,74663932
Lea,Ferguson,46985265
James,Smith,36151830
Charlotte,Barry,12825920
Charlotte,Mcintosh,72550138
Beatrix,Smith,66395596
Charlotte,Mcintosh,77786156
Beatrix,Smith,12693596
James,ohairy,73464792
Lea,Ferguson,84731644
Charlotte,ohairy,58438952
Charlotte,Barry,88743954
Beatrix,Barry,40418112
Charlotte,Angus,63460245
Charlotte,Barry,45450012
Marc,ohairy,21611930
Charlotte,Smith,14293895
Charlotte,Barry,37358287
Lea,Smith,69860752
Lea,Ferguson,65131863
Beatrix,Smith,31309026
Beatrix,Barry,22101204
James,Angus,12566912
Charlotte,Mcintosh,15632321
