First Name,Last Name,Matriculation
Marc,Ferguson,51642022
Marc,Ferguson,89473488
Harry,Ferguson,45503985
Marc,Angus,29269770
Harry,Barry,43243721
Marc,Ferguson,56481045
Lea,Ferguson,83735785
Charlotte,ohairy,32615450
Lea,Mcintosh,79732239
James,Mcintosh,42047754
James,Mcintosh,73273795
Beatrix,Barry,42732447
Lea,Barry,10879183
Charlotte,Ferguson,40682209
Lea,Angus,55599291
Charlotte,Ferguson,54834575
Lea,Ferguson,78492256
Charlotte,Smith,58294770
Marc,ohairy,71927859
Lea,Barry,70163296
Lea,Smith,50771290
Harry,Smith,16551900
Charlotte,Angus,80915787
Beatrix,Angus,31835709
James,Smith,17002988
Charlotte,ohairy,77679178
Harry,Angus,26869703
Charlotte,Angus,41842153
James,Ferguson,72243917
James,Barry,37813829
Harry,ohairy,60455034
Lea,Angus,58702715
Marc,Angus,22140569
Harry,Smith,16038668
Charlotte,Ferguson,67167796
Beatrix,Ferguson,82390402
Marc,Smith,53758490
Charlotte,Ferguson,26928524
Beatrix,ohairy,71557149
Beatrix,Barry,61776067
Charlotte,Smith,12549173
Harry,Smith,60641228
Harry,ohairy,24174706
Beatrix,Barry,69634347
Beatrix,Mcintosh,44719127
Beatrix,Barry,64011476
Lea,ohairy,29182029
James,ohairy,81145253
Lea,ohairy,25461517
James,Smith,36961388
Beatrix,Angus,66128619
Harry,ohairy,58311307
Lea,Smith,22130100
James,Barry,75230231
James,Ferguson,52300208
Beatrix,ohairy,27456605
Lea,ohairy,89550369
James,Angus,39494846
Marc,ohairy,83237855
Lea,Mcintosh,18273309
Lea,Angus,29667052
Marc,Ferguson,27296444
Marc,Mcintosh,82629694
Lea,Smith,12735640
Charlotte,Angus,87412853
James,Mcintosh,28888676
Beatrix,Mcintosh,82497034
Charlotte,Ferguson,44311796
Harry,Smith,24560309
Charlotte,Smith,13241267
Harry,Angus,17613935
Lea,ohairy,42011627
Charlotte,Smith,58235216
Marc,Barry,87111604
Lea,Mcintosh,22602854
James,Smith,56892759
Beatrix,Mcintosh,85772320
Lea,Barry,36118710
Lea,Mcintosh,35222549
Charlotte,Ferguson,45807650
Charlotte,Angus,10252731
Marc,Mcintosh,63835059
Charlotte,ohairy,24196142
Marc,Smith,26670934
Harry,Ferguson,75060469
Marc,Ferguson,38980554
Charlotte,Smith,65875190
Harry,ohairy,33492334
Harry,ohairy,62221746
James,Smith,28236112
Lea,Smith,44716860
James,Barry,33072193
Marc,Angus,19844905
Charlotte,Barry,56665139
James,Smith,60898090
Charlotte,ohairy,69237556
Beatrix,Barry,12406894
Harry,Smith,28226074
Charlotte,Smith,29277427
Marc,ohairy,89701600
