First Name,Last Name,Matriculation
Marc,Barry,73670510
Marc,Barry,53874997
Charlotte,Mcintosh,38515419
Charlotte,Ferguson,77716717
Harry,ohairy,61759733
Lea,Barry,42185180
Lea,Barry,71956048
Beatrix,Angus,32266937
Lea,Angus,63642329
Harry,Barry,50919392
Lea,ohairy,57482044
Charlotte,Barry,88145070
Beatrix,Ferguson,89557005
Lea,Ferguson,86418833
Marc,Smith,35614086
Lea,Ferguson,17896599
Charlotte,ohairy,73099434
Beatrix,ohairy,56081325
James,Barry,72808313
Harry,Angus,27841424
Lea,Barry,41358554
Charlotte,Angus,49908218
Lea,Mcintosh,69399003
Beatrix,Angus,15289795
Charlotte,Mcintosh,59013546
Lea,Angus,74792339
Harry,Mcintosh,80019467
Marc,Barry,33048500
James,Mcintosh,76484004
Harry,ohairy,45069810
James,Barry,46531292
James,ohairy,34506715
Marc,Mcintosh,17423564
Harry,Angus,68099745
Charlotte,Mcintosh,59887679
Charlotte,Ferguson,46017608
Charlotte,Smith,81820011
James,Ferguson,17072269
Marc,Barry,63678238
Charlotte,Barry,66935793
Harry,Barry,10361948
Lea,Smith,88202446
Lea,Mcintosh,72157484
Harry,Smith,57438337
James,Angus,80987915
Charlotte,ohairy,22074944
Beatrix,Angus,53510732
Marc,Smith,82046946
Beatrix,Angus,54066712
Harry,Barry,87042157
Marc,ohairy,37461738
Lea,Smith,35889286
Lea,ohairy,63528366
Lea,ohairy,12302876
Beatrix,Mcintosh,67242758
Marc,ohairy,15305263
Beatrix,Smith,17912812
James,Smith,41819940
Marc,ohairy,44057014
Charlotte,Barry,11017348
Harry,ohairy,17201640
Marc,ohairy,11864089
Charlotte,Angus,37021062
Beatrix,Ferguson,37002924
Marc,Angus,38464405
Marc,Barry,57231833
Marc,Mcintosh,59273074
Marc,Angus,85032692
Lea,ohairy,63965189
Harry,ohairy,10807576
James,Mcintosh,25179058
Charlotte,ohairy,51710257
Charlotte,Barry,60805061
Beatrix,Ferguson,66631467
Beatrix,ohairy,87690420
Charlotte,ohairy,40771562
Lea,ohairy,35290208
James,Ferguson,23703768
Charlotte,Ferguson,41646022
Charlotte,ohairy,79226122
Harry,Ferguson,23563687
James,Smith,66898986
James,Angus,29578452
Lea,Barry,11983045
Charlotte,Mcintosh,10026890
Charlotte,ohairy,80175728
Beatrix,Angus,69026801
Harry,Barry,74585644
James,Mcintosh,72774632
Charlotte,Smith,70764929
Charlotte,Barry,78353616
Marc,ohairy,68611090
Lea,Barry,71053844
Harry,Barry,24385895
Beatrix,Mcintosh,60549653
James,Ferguson,65302783
Marc,Angus,63034540
Marc,Barry,50652765
Lea,Smith,64529285
Lea,Mcintosh,51061511
