First Name,Last Name,Matriculation
Harry,Mcintosh,13610742
Charlotte,Smith,33355762
Charlotte,Smith,13951427
Marc,Smith,68360915
Lea,ohairy,30467914
James,Mcintosh,43115664
Beatrix,ohairy,89599374
James,Mcintosh,44370844
Harry,Barry,58955184
Harry,Mcintosh,11170843
Harry,ohairy,46611277
Lea,Ferguson,57372880
Charlotte,Ferguson,75059255
Beatrix,Angus,81751251
Lea,Mcintosh,71606043
James,Barry,48478177
Beatrix,Mcintosh,22424527
Beatrix,Smith,50339692
James,Smith,36316754
Harry,ohairy,63519782
Beatrix,Smith,80021843
Marc,Smith,45937766
James,Ferguson,75857245
Charlotte,ohairy,39888119
Harry,Ferguson,29803136
James,Angus,18539632
Lea,ohairy,40386458
Lea,Ferguson,83325005
Beatrix,Mcintosh,78086346
Harry,Smith,24161358
Lea,ohairy,28963683
Harry,Mcintosh,19462715
Beatrix,ohairy,30076297
Marc,Ferguson,55238742
Charlotte,Ferguson,77475716
Beatrix,ohairy,15540860
Beatrix,Angus,34062807
Marc,Angus,85205206
Lea,Barry,64982090
Harry,Barry,34517030
Marc,Smith,76400476
Charlotte,Ferguson,49818740
Harry,ohairy,71189273
Beatrix,Ferguson,21354005
Lea,Mcintosh,22178757
Charlotte,ohairy,18006895
Harry,Smith,83929268
James,Angus,25317579
Lea,Smith,76045749
Charlotte,ohairy,80879662
Harry,Ferguson,26920836
Marc,Mcintosh,21029821
Lea,Ferguson,87877936
Beatrix,Mcintosh,52721700
Marc,Smith,10838146
Beatrix,Mcintosh,56500670
James,ohairy,25848299
Beatrix,Smith,87798222
Beatrix,Barry,53285580
Lea,ohairy,52855972
Charlotte,ohairy,63765042
Marc,ohairy,59010049
Lea,Ferguson,22423070
Harry,Ferguson,54527062
James,Mcintosh,60859576
Harry,Angus,69983100
Charlotte,Angus,63436972
Marc,Ferguson,59061070
Harry,Ferguson,55168419
Marc,Ferguson,43029313
Harry,Ferguson,50887394
Harry,Smith,26234463
Harry,Smith,30464667
Charlotte,ohairy,30075124
Charlotte,ohairy,17548275
Harry,Barry,47176130
Marc,Mcintosh,47610477
James,Angus,10630356
Harry,Mcintosh,62541702
Marc,ohairy,72323474
Harry,Ferguson,80036916
Marc,Ferguson,27498162
Lea,Ferguson,83432586
Marc,ohairy,73010537
Marc,Barry,64776172
Beatrix,Ferguson,18298008
James,Mcintosh,60962261
Charlotte,Ferguson,41798463
Charlotte,ohairy,66758527
Beatrix,Ferguson,85865528
Beatrix,Angus,41373344
Harry,Ferguson,79274975
Marc,Ferguson,37996787
Beatrix,Angus,71034756
Lea,Smith,58102676
Marc,ohairy,68467630
Beatrix,Ferguson,60463413
Lea,Smith,66304766
Lea,Ferguson,31454564
Marc,Barry,51933542
