First Name,Last Name,Matriculation
Lea,ohairy,65168000
James,ohairy,60557217
James,Barry,80686346
Harry,ohairy,60638693
Beatrix,Smith,34696888
Beatrix,Ferguson,54332303
Beatrix,Mcintosh,61904506
James,Barry,16574967
Marc,Mcintosh,37572604
James,Ferguson,77491463
James,Mcintosh,65452462
Charlotte,ohairy,40638165
Harry,Angus,34772662
Charlotte,Mcintosh,44714279
James,Smith,43577138
Harry,ohairy,11372594
Lea,Smith,46407584
Harry,Barry,37867023
Beatrix,Angus,39697002
Charlotte,ohairy,48209848
James,ohairy,42989909
Marc,Barry,24491400
Marc,Mcintosh,89549480
James,Angus,45505125
James,Ferguson,65313391
Marc,Ferguson,48811811
Marc,Angus,11933989
Charlotte,ohairy,36813408
Beatrix,Angus,68151449
Marc,Ferguson,31462424
Charlotte,Smith,18253708
Harry,Angus,34591216
Lea,Angus,15236810
Lea,Barry,21370725
Marc,Mcintosh,73225208
Harry,Mcintosh,38698839
Lea,Smith,50310746
James,Mcintosh,20744284
Beatrix,Smith,32855593
Lea,Smith,28951122
Charlotte,Angus,76648144
Beatrix,Smith,74506289
Lea,Ferguson,76781365
James,Mcintosh,57008956
Beatrix,Barry,38366003
Lea,Barry,87697958
Harry,ohairy,60390022
Marc,Mcintosh,35165591
Marc,ohairy,49573723
Charlotte,ohairy,22268785
Marc,Smith,58707234
Beatrix,Mcintosh,39226817
James,Mcintosh,72041904
James,Angus,18223047
James,ohairy,41193497
Lea,Barry,68784419
Beatrix,Smith,79474756
Charlotte,Ferguson,31928474
Harry,Mcintosh,37965533
James,Barry,41400955
Marc,Mcintosh,58354779
Lea,Barry,14517279
Lea,Barry,66984584
James,ohairy,60978033
James,Smith,17050510
Charlotte,Barry,86098607
Charlotte,ohairy,83702184
Harry,Ferguson,12049742
Lea,Angus,61187965
Charlotte,ohairy,51200557
Harry,Smith,89610394
Charlotte,Mcintosh,74593309
Marc,ohairy,55992676
Lea,Smith,23667009
Charlotte,Ferguson,21297688
Lea,Angus,12762178
Marc,Barry,38259561
James,Angus,12070927
Marc,Smith,56447622
Marc,Angus,16832166
Harry,ohairy,37371558
Beatrix,Mcintosh,86464880
Beatrix,Barry,59939003
Beatrix,Smith,51501396
James,Barry,47699687
Harry,Angus,15058871
James,Mcintosh,22189066
Marc,Mcintosh,89622925
Harry,Smith,83773498
James,Smith,25001542
Lea,Angus,11025320
Beatrix,Mcintosh,45260801
James,Ferguson,69083267
Marc,Angus,25097865
Harry,Mcintosh,68115782
Beatrix,Ferguson,56288116
Lea,ohairy,78043778
James,ohairy,29514341
Beatrix,Smith,51400952
Beatrix,Ferguson,73772785
