First Name,Last Name,Matriculation
Harry,ohairy,50688145
Lea,Smith,21337753
James,ohairy,24414472
Harry,ohairy,83522838
Beatrix,ohairy,73494506
Marc,Angus,20786945
Beatrix,Smith,27652509
James,ohairy,19453413
Harry,Barry,73368573
Harry,Angus,35704899
Beatrix,Smith,68913645
Harry,ohairy,20152280
Lea,Ferguson,51476235
Beatrix,ohairy,41366863
Marc,Ferguson,72020359
James,Ferguson,48757114
Marc,Ferguson,23129413
James,Ferguson,34146868
Beatrix,Ferguson,15954108
James,Mcintosh,17971299
Lea,Barry,57941352
Marc,Angus,74765454
Marc,Smith,69574215
Marc,Angus,65948388
James,ohairy,67098216
Marc,Mcintosh,13949112
Lea,Mcintosh,84595274
Charlotte,Barry,66924936
Marc,ohairy,30020002
James,ohairy,50384752
Marc,Mcintosh,13970114
Marc,Smith,81926830
Beatrix,Barry,12804596
Lea,Angus,45645655
Lea,Ferguson,19711803
Harry,Angus,12257203
James,Smith,21731118
Beatrix,Mcintosh,32713350
Marc,ohairy,48329609
Beatrix,ohairy,27062599
Lea,Ferguson,78823235
Marc,Smith,17619386
Marc,Ferguson,83021058
Beatrix,Angus,55025308
Charlotte,Angus,57130424
Harry,Angus,65085579
Charlotte,Ferguson,70049761
Harry,Angus,69050888
James,Ferguson,67711212
Lea,Mcintosh,20230432
Harry,Barry,31967096
Charlotte,Smith,49375763
Harry,Smith,28178761
Charlotte,Ferguson,85850284
Harry,Barry,14497435
Charlotte,Smith,46894683
Charlotte,Angus,84200009
Lea,Ferguson,13324323
Harry,Smith,18555604
Beatrix,Angus,21385733
Beatrix,ohairy,38481238
James,Ferguson,23462596
Harry,Angus,88873537
Lea,Mcintosh,37387797
Harry,Mcintosh,11469756
James,ohairy,80052272
Marc,Barry,28419328
Charlotte,Mcintosh,26503269
Lea,Smith,48491658
Marc,Barry,41791403
Charlotte,ohairy,17929418
Charlotte,Smith,70960565
Charlotte,Angus,23491407
Charlotte,Barry,50937802
Harry,ohairy,73288713
Lea,Ferguson,16161647
Charlotte,Mcintosh,67277436
Charlotte,Smith,12168513
Lea,Mcintosh,40503245
Charlotte,Smith,27776361
Marc,Ferguson,54076210
Harry,Angus,67594498
Marc,Smith,83946220
Beatrix,Smith,36355489
Marc,Smith,57045816
Lea,Smith,70664676
Charlotte,ohairy,43357530
Charlotte,Angus,87194841
Beatrix,Barry,76600104
James,Mcintosh,35005723
Beatrix,Smith,78570935
Marc,ohairy,75010022
Marc,ohairy,79165120
James,Mcintosh,13873878
Beatrix,ohairy,73598372
James,Angus,56582132
Marc,Mcintosh,89747628
Lea,Ferguson,73903841
Beatrix,Ferguson,84693959
Harry,Smith,32113664
