First Name,Last Name,Matriculation
Lea,Angus,40187086
Lea,Ferguson,76443749
Harry,Angus,82628049
Harry,Angus,61212970
Marc,Smith,21381121
Lea,Ferguson,56356331
Beatrix,Angus,47169092
James,Mcintosh,83042135
Beatrix,Ferguson,23312598
Marc,Ferguson,29987126
Charlotte,Barry,29338708
Charlotte,Ferguson,16324640
Harry,ohairy,17389445
Harry,Ferguson,83711701
Marc,Barry,28350021
Charlotte,Smith,63336521
Marc,Angus,71510709
Lea,ohairy,71978998
Lea,Angus,56747554
Lea,Smith,89007988
Lea,Barry,81049903
Beatrix,Ferguson,88787564
Marc,Smith,85991059
Charlotte,Mcintosh,12539775
Beatrix,Ferguson,61370926
Charlotte,ohairy,65969056
Charlotte,Mcintosh,85943482
Charlotte,Barry,78037297
James,Ferguson,63842552
Harry,Ferguson,64029964
Beatrix,Mcintosh,87738058
Lea,ohairy,30697951
James,Mcintosh,81787366
Harry,Mcintosh,17037334
Charlotte,Mcintosh,79389692
Harry,Mcintosh,52092513
Harry,Ferguson,84376203
Charlotte,Ferguson,64280378
Harry,Smith,17470471
James,ohairy,23072833
Lea,ohairy,14177899
James,Angus,14122181
Beatrix,Mcintosh,30629727
Beatrix,Ferguson,24297392
Charlotte,ohairy,22419238
Lea,Angus,40843302
Harry,Angus,41049565
Charlotte,Angus,27292776
Marc,Angus,34968426
Charlotte,ohairy,36455039
Marc,ohairy,58382995
Lea,Mcintosh,23902203
James,ohairy,18833424
Harry,Angus,46927613
Beatrix,ohairy,64296595
James,Smith,45211079
Lea,ohairy,26773776
Charlotte,Angus,39720947
Lea,Ferguson,72995489
Marc,Ferguson,13308712
James,Mcintosh,64739303
Lea,ohairy,57022416
James,Smith,71280468
Harry,Angus,76074668
Harry,Smith,38605320
Charlotte,ohairy,15819524
Charlotte,Smith,46574867
James,Mcintosh,13848957
Charlotte,Angus,55564364
Charlotte,Smith,43002509
Charlotte,Angus,56408103
Beatrix,Angus,19259298
Marc,Smith,64033309
James,Ferguson,62191294
Lea,ohairy,14085423
Harry,Barry,43496216
Marc,Mcintosh,73530020
Beatrix,Angus,35371050
Marc,Smith,38893141
Beatrix,Angus,62477913
James,Ferguson,68924051
James,Barry,60631670
Harry,Smith,30897767
Lea,Barry,89023949
Harry,ohairy,51964311
Harry,Barry,17572621
Lea,Barry,27643910
Charlotte,Smith,74111637
Marc,Ferguson,54302422
Charlotte,Smith,46199232
Harry,Barry,88663033
Beatrix,Ferguson,43944387
Marc,Angus,14520783
Lea,Mcintosh,35199110
Lea,Angus,67617884
James,Mcintosh,36470582
Beatrix,Barry,37496121
James,Smith,83321334
Beatrix,Barry,60254206
James,Mcintosh,42738867
