First Name,Last Name,Matriculation
Charlotte,Smith,55281374
Beatrix,Smith,45219630
Charlotte,ohairy,49269308
Marc,Barry,12483307
Marc,Mcintosh,71649143
James,Ferguson,28156541
Marc,Barry,52419917
Charlotte,Ferguson,50864169
Lea,Angus,18745283
James,Barry,81836212
James,Barry,80284666
James,Barry,77453401
Charlotte,Smith,28968588
Harry,Ferguson,37378716
Marc,Angus,54684465
James,Angus,24834667
Harry,Angus,48164690
Beatrix,Barry,39443667
James,ohairy,21594444
Charlotte,Smith,43860534
Harry,Mcintosh,71722151
Marc,Barry,50484949
Charlotte,Smith,71316902
Charlotte,Mcintosh,74665291
James,Barry,48259632
Marc,Barry,84159698
Harry,Angus,54469510
Beatrix,Mcintosh,59770915
Lea,ohairy,47016984
Marc,Ferguson,43979124
Charlotte,Smith,38788093
Lea,Ferguson,81243659
Marc,Barry,46501025
James,Barry,55572102
James,Barry,40750028
Beatrix,Angus,82620297
Harry,Barry,62703342
James,Ferguson,40963011
Beatrix,Barry,17126127
Lea,Mcintosh,78377781
James,Barry,76997286
Lea,Mcintosh,33705128
Charlotte,Smith,51938792
Marc,ohairy,70801644
Lea,Smith,23813325
Lea,Mcintosh,79054342
Charlotte,ohairy,76283007
Beatrix,Mcintosh,56392945
Charlotte,Ferguson,79990184
Harry,Mcintosh,81214152
Lea,Angus,33018072
Harry,Barry,34069050
Lea,Angus,71690992
James,ohairy,81883200
James,ohairy,54866888
James,Ferguson,74438922
Charlotte,Smith,29254324
Lea,Angus,29518061
Marc,ohairy,49383581
Charlotte,Mcintosh,82620891
James,Ferguson,89238992
Lea,Ferguson,69395913
Lea,Ferguson,40046799
Marc,Ferguson,14801973
Lea,Angus,65644819
Marc,Mcintosh,75909163
Beatrix,Smith,79776930
Marc,Mcintosh,79484541
Harry,Angus,65788190
Lea,Angus,87965946
Harry,Barry,53766128
Marc,Ferguson,83316762
James,Smith,74322921
Beatrix,Mcintosh,42611694
Beatrix,Mcintosh,63876553
Charlotte,Ferguson,10442700
Marc,Ferguson,35576003
Beatrix,Barry,38476004
James,ohairy,58878173
Charlotte,Barry,80374543
Beatrix,Angus,13019644
Lea,Ferguson,56382779
Lea,Ferguson,23434666
James,ohairy,79897325
Lea,Angus,23291719
Beatrix,Barry,13870357
Charlotte,Barry,58908676
James,Ferguson,61749340
Charlotte,Ferguson,61733414
Harry,ohairy,17895423
Beatrix,Mcintosh,40925324
Harry,Mcintosh,85371686
Marc,Mcintosh,42562520
Beatrix,Mcintosh,52188243
Beatrix,Barry,66210438
Marc,Barry,12289036
Charlotte,Mcintosh,58499492
Beatrix,Barry,10377353
Lea,Smith,23477923
Charlotte,Mcintosh,70376228
