First Name,Last Name,Matriculation
James,Mcintosh,32757635
James,Smith,19964696
Charlotte,Mcintosh,26179645
Charlotte,ohairy,72509825
Beatrix,Ferguson,29560459
Charlotte,ohairy,37458593
Charlotte,ohairy,63673254
Beatrix,Barry,58866293
Harry,Barry,14602379
Charlotte,Barry,78598751
Lea,Mcintosh,28042154
Marc,Angus,47520641
Beatrix,Ferguson,82412905
Charlotte,Barry,77030318
Harry,Mcintosh,52309748
Lea,ohairy,30249000
Lea,Mcintosh,20854293
Lea,Angus,71639277
Harry,Barry,62976599
Lea,Smith,31429049
Lea,Ferguson,42438461
Harry,ohairy,57782873
Harry,Mcintosh,28702211
Lea,Barry,39362810
Lea,ohairy,50708096
Harry,Angus,17086832
Harry,Barry,25777818
Harry,Barry,75284180
Marc,Angus,51589201
James,ohairy,86321143
Harry,Angus,47670929
Marc,Ferguson,85921473
Marc,Angus,75578489
James,Mcintosh,46250597
Beatrix,Barry,89341380
Charlotte,Angus,79856934
Lea,Mcintosh,64677987
Marc,Smith,52891197
Lea,Ferguson,65060764
Marc,ohairy,74899512
Beatrix,Mcintosh,57040931
Harry,ohairy,29359342
James,Ferguson,65090015
Lea,Mcintosh,14997333
Lea,Smith,26450929
Lea,Angus,58393948
Beatrix,Angus,34170202
Beatrix,Ferguson,45497476
Beatrix,Barry,71140060
Marc,Mcintosh,24818319
Marc,ohairy,22480566
Harry,Smith,54070888
Charlotte,Barry,72048537
Beatrix,Barry,86116867
Charlotte,Barry,19914179
Harry,Smith,50689370
James,Ferguson,35655830
Lea,ohairy,24405252
Lea,Barry,37400343
Beatrix,Angus,32423064
Marc,Smith,46089702
Lea,Mcintosh,30452788
James,Ferguson,76151143
Marc,ohairy,76818937
Harry,Barry,40915875
Charlotte,Mcintosh,20487079
Harry,Barry,87060985
Charlotte,Ferguson,28171694
Beatrix,Ferguson,80827799
Beatrix,Barry,41583585
Lea,Angus,20766267
Marc,Ferguson,33237105
Marc,Smith,10313188
Harry,Barry,63961936
James,Mcintosh,68022026
Beatrix,Angus,24878749
Marc,Angus,23162244
Harry,Smith,24185059
Lea,Mcintosh,16628184
Lea,Mcintosh,51821247
Beatrix,Barry,22132106
Beatrix,Ferguson,84486100
Charlotte,Ferguson,66024615
Harry,Barry,70124912
Harry,Angus,83301768
Marc,Smith,82537094
James,ohairy,45629939
Lea,Ferguson,82495456
Marc,Smith,85020422
Charlotte,Ferguson,62588995
James,Smith,57958084
Beatrix,Barry,39722455
James,Mcintosh,27091322
Beatrix,Barry,72010103
Lea,Ferguson,18043646
Charlotte,Angus,62978824
Beatrix,Ferguson,26584303
Harry,Mcintosh,59250874
Lea,Ferguson,66217061
Harry,ohairy,23479874
