First Name,Last Name,Matriculation
Charlotte,ohairy,36273164
Charlotte,Ferguson,22836953
Harry,Ferguson,85585693
James,ohairy,77481808
Charlotte,Smith,32610086
Charlotte,Smith,21163299
Charlotte,Barry,32428783
Lea,Ferguson,47636250
Marc,Angus,71774068
Lea,Angus,19947220
Lea,Ferguson,48564803
Beatrix,Smith,53625004
Lea,Smith,23173164
Charlotte,Angus,31353976
Harry,ohairy,66868853
Beatrix,Ferguson,34850601
Marc,Mcintosh,47673864
Lea,Smith,83578035
Harry,Ferguson,29223627
Charlotte,Smith,66094879
Marc,Smith,49080281
Harry,Barry,10461580
Charlotte,Mcintosh,38337375
Beatrix,Barry,22220227
Beatrix,Mcintosh,42500124
James,Angus,49005059
Marc,Ferguson,72114018
Beatrix,Barry,36036468
Marc,ohairy,15640119
Harry,ohairy,60867412
Charlotte,Barry,23577142
Charlotte,Ferguson,51151786
Harry,ohairy,57110639
Beatrix,Mcintosh,66428243
Marc,ohairy,29027618
Harry,Ferguson,69284866
Beatrix,Mcintosh,22863791
James,Smith,10180035
Lea,ohairy,64644693
Marc,ohairy,34310389
Marc,Mcintosh,19053613
James,Mcintosh,40614443
Beatrix,Angus,30778058
Harry,Ferguson,51421325
Marc,Mcintosh,20678269
Lea,Barry,48699300
James,Angus,60495802
Charlotte,Angus,23668775
Lea,Angus,67463068
James,Angus,85809376
Marc,ohairy,30106678
Lea,ohairy,88060724
Harry,Ferguson,25799028
Charlotte,Smith,76612068
Charlotte,Barry,25060557
Lea,Mcintosh,35467613
Harry,Smith,10417131
Beatrix,ohairy,78179206
Charlotte,Smith,66012791
Marc,Barry,11890765
Marc,Ferguson,55342301
Marc,Angus,44145519
Lea,ohairy,25171181
Harry,ohairy,30161885
Charlotte,ohairy,84321066
Harry,Barry,76395595
Lea,Barry,55172672
James,Ferguson,33913888
Harry,Angus,53386329
Charlotte,ohairy,49725982
Harry,Mcintosh,65291184
Harry,ohairy,23505641
Marc,Barry,61657109
Harry,Barry,47124245
Marc,Barry,59412945
Beatrix,Smith,73117202
Lea,ohairy,41774401
Marc,Angus,40386146
Marc,Smith,89667954
Lea,Smith,89708540
Beatrix,Mcintosh,24787356
Harry,Ferguson,31875621
Marc,Mcintosh,28675636
Beatrix,Mcintosh,85023362
Beatrix,Barry,30655726
Harry,Ferguson,16124520
Harry,Ferguson,75837305
James,Mcintosh,66508756
Charlotte,Smith,35990436
Marc,ohairy,28356793
Beatrix,Barry,30379143
Lea,Ferguson,61125661
Marc,Mcintosh,18621653
Harry,Angus,37322596
Beatrix,ohairy,63928183
Marc,Angus,41821259
Lea,Angus,81443809
Lea,Ferguson,56425022
Lea,Smith,59100860
Beatrix,Mcintosh,63449883
