First Name,Last Name,Matriculation
Harry,Mcintosh,20812086
Harry,Ferguson,52112330
Harry,Ferguson,87995259
Lea,Angus,79580901
Marc,Ferguson,28344152
Charlotte,Smith,50379864
Charlotte,Mcintosh,81834451
James,Ferguson,49332762
James,Ferguson,39078607
Beatrix,Angus,63458615
Beatrix,ohairy,64003905
Beatrix,ohairy,53444713
Marc,Angus,64812306
Beatrix,ohairy,66847035
Beatrix,Barry,15107090
James,Barry,37531959
Charlotte,Angus,14848429
Beatrix,Angus,62309050
Lea,Mcintosh,37748642
Beatrix,ohairy,55171871
Lea,Angus,47328857
Lea,ohairy,41064070
James,Mcintosh,44969158
Beatrix,Angus,57599123
Lea,Ferguson,16421556
James,Ferguson,85624576
Beatrix,ohairy,21326343
James,Smith,81176528
Charlotte,Mcintosh,77534524
James,ohairy,16732979
Marc,Angus,74675153
Lea,Ferguson,73093384
James,ohairy,72621743
Beatrix,Ferguson,83004808
James,Angus,17471180
Charlotte,ohairy,69097064
Lea,Barry,53949734
Beatrix,Mcintosh,47250779
Charlotte,ohairy,88035917
James,Angus,12213082
Charlotte,Barry,46118159
Beatrix,Ferguson,24192837
James,Barry,41323903
Charlotte,Ferguson,36460811
Harry,Angus,14664005
Lea,Smith,26865149
Lea,Barry,72412603
Harry,Barry,19663071
Charlotte,Ferguson,33865301
Beatrix,Ferguson,83874029
Beatrix,ohairy,86745427
James,Ferguson,23555332
James,Angus,79604510
Beatrix,Mcintosh,73778677
Beatrix,ohairy,46917520
Marc,Angus,35416894
Lea,Smith,86884126
Harry,Ferguson,56265190
Beatrix,Smith,80918593
Marc,ohairy,22046090
Marc,Barry,48542406
Beatrix,Mcintosh,37065137
Lea,Smith,23370372
Lea,Mcintosh,33317191
James,Mcintosh,28694539
Lea,Angus,61495781
Marc,Ferguson,76008521
Charlotte,Angus,60754064
Beatrix,Barry,16235583
James,Angus,26468565
Harry,Barry,72168730
Harry,ohairy,18456420
Beatrix,Ferguson,77272469
James,Angus,77188026
Beatrix,Smith,26414474
James,Smith,12560912
Charlotte,Barry,82518503
Lea,ohairy,77395664
James,Smith,25731983
Marc,Mcintosh,67222922
Beatrix,Ferguson,65473048
Marc,Angus,67649046
Lea,Angus,85699738
Beatrix,ohairy,17199536
Beatrix,Ferguson,24957116
Beatrix,Mcintosh,71304148
Beatrix,Angus,31797337
Charlotte,Barry,81198069
Harry,ohairy,57794294
James,Ferguson,13598372
James,ohairy,65009060
Beatrix,Ferguson,55732286
James,Smith,39075040
Marc,Smith,69986849
Charlotte,Mcintosh,27676323
Lea,Smith,19555094
Beatrix,Angus,33370216
Charlotte,Mcintosh,64485632
Harry,Mcintosh,27109113
Lea,Barry,10185367
