First Name,Last Name,Matriculation
Lea,Smith,67768692
James,Mcintosh,88553658
Marc,ohairy,18533208
Marc,Smith,80739402
Marc,Mcintosh,54442688
Marc,Ferguson,32493919
Marc,Ferguson,40360872
Beatrix,Smith,61538519
Charlotte,Smith,77517717
James,Smith,15388221
Charlotte,Mcintosh,11428225
Marc,ohairy,16702033
Beatrix,Angus,47580476
Charlotte,Mcintosh,63023571
Charlotte,Barry,59979849
Charlotte,Angus,69420944
Harry,Angus,56350548
Harry,ohairy,35006850
Marc,Ferguson,26861517
James,Ferguson,42171669
Marc,Mcintosh,86550908
Lea,Angus,50053844
Charlotte,Ferguson,41436888
Lea,ohairy,28448670
Lea,Ferguson,60212520
Harry,Angus,80898926
Charlotte,Ferguson,70938542
Harry,Angus,41569705
Beatrix,Barry,44275769
Harry,Angus,53168072
James,Mcintosh,67188081
Marc,Barry,64918881
Charlotte,Barry,12047821
Beatrix,Mcintosh,58410891
Harry,ohairy,46894327
Beatrix,Mcintosh,53919169
Beatrix,Mcintosh,88607171
Harry,Angus,81356534
Charlotte,Barry,61121958
Harry,Angus,85847185
Beatrix,Ferguson,37020791
James,Smith,76746661
Marc,ohairy,35605727
James,Mcintosh,88129885
Marc,Angus,43070014
Marc,Ferguson,50039303
Marc,ohairy,62069488
Marc,Ferguson,43192796
Beatrix,Ferguson,39272065
Harry,Mcintosh,16982657
Lea,Barry,25201432
Charlotte,Angus,70815527
Charlotte,Smith,21615524
Harry,Smith,40884572
James,Smith,79965626
Marc,ohairy,43544101
James,Barry,11285326
Beatrix,Ferguson,89247370
Harry,Angus,77214648
Harry,Ferguson,45478738
Lea,ohairy,42262707
Harry,Barry,25543487
Charlotte,Smith,30895033
Lea,Smith,12018972
Lea,Ferguson,87645077
Harry,Angus,23899854
Charlotte,Barry,37900822
James,Angus,85263049
Harry,Barry,26784400
Charlotte,Ferguson,57129183
Harry,Smith,10137934
Lea,ohairy,59603617
Harry,Barry,84577371
James,Mcintosh,73437771
James,Barry,59213851
Marc,Mcintosh,20784911
Charlotte,ohairy,89345642
Lea,Smith,41739513
Harry,Mcintosh,42023374
Harry,Ferguson,45208840
James,Mcintosh,62321288
James,Mcintosh,81771617
Charlotte,Ferguson,88384056
Harry,Ferguson,52258113
Lea,Barry,57964292
Lea,ohairy,34482969
James,Angus,86167034
James,Ferguson,64062593
Marc,Smith,22079251
James,Barry,80135771
Beatrix,Smith,23867981
Beatrix,ohairy,39266928
James,ohairy,61871745
Harry,Barry,10530136
Harry,ohairy,58192720
Harry,Barry,83887198
Charlotte,Mcintosh,10694334
Marc,Angus,12370185
James,Barry,33863206
Lea,Angus,11121222
