First Name,Last Name,Matriculation
Charlotte,Mcintosh,30144080
Charlotte,Ferguson,34167565
Lea,Ferguson,35191659
Beatrix,Angus,49853476
Harry,ohairy,64298745
Harry,Smith,59328771
Marc,Ferguson,18920340
James,Smith,11563997
Charlotte,Angus,76930808
James,Barry,26557247
Marc,Ferguson,88152639
Harry,Barry,32914744
Charlotte,Barry,76523435
Charlotte,ohairy,68680293
Marc,Barry,48563118
Harry,Mcintosh,28806929
Charlotte,Mcintosh,46238196
James,Mcintosh,43708541
Charlotte,ohairy,32890041
James,Mcintosh,57567477
Marc,Mcintosh,79385300
Marc,Angus,27204502
Marc,Smith,57491979
Harry,Smith,24306607
Harry,Ferguson,89867945
Marc,Mcintosh,65898455
Beatrix,Mcintosh,25514788
Marc,Smith,15972598
Charlotte,ohairy,37857141
James,Angus,22602775
Beatrix,Ferguson,36027892
Harry,Barry,76688124
Charlotte,Mcintosh,22124882
James,ohairy,44792075
Harry,Barry,80078853
James,Smith,47015136
Harry,Mcintosh,17605351
Marc,Smith,28766684
Beatrix,Smith,54461959
Beatrix,Ferguson,58870737
Beatrix,Barry,71116846
Beatrix,Angus,53679493
Beatrix,Angus,38090340
Beatrix,Smith,20860330
Lea,Mcintosh,47006136
Harry,Ferguson,63681947
Marc,ohairy,50817240
Lea,Smith,79954515
Marc,Smith,25631879
Beatrix,ohairy,51230734
Lea,Smith,15709731
Charlotte,Mcintosh,62922058
Beatrix,Mcintosh,76614083
James,Ferguson,42653845
James,Barry,80666700
Charlotte,ohairy,11626770
Harry,Smith,59148061
Harry,Smith,87965003
Marc,ohairy,47687967
Charlotte,ohairy,34693610
James,Ferguson,48259343
James,Ferguson,54181824
James,Mcintosh,43818608
James,ohairy,51646861
James,Ferguson,77681195
Lea,Smith,41387512
Beatrix,Smith,53259106
Marc,Ferguson,11336809
Charlotte,Barry,35892423
Charlotte,Barry,65058161
Marc,Mcintosh,30463956
Lea,ohairy,33725798
Harry,Ferguson,19889289
Charlotte,ohairy,31804405
Beatrix,Smith,53170267
Harry,Ferguson,37625053
Charlotte,Angus,45231132
Marc,ohairy,38964744
James,ohairy,79518265
Marc,Angus,20855094
Lea,Barry,22480895
Marc,ohairy,27331345
Lea,Mcintosh,17856680
Harry,Ferguson,67229993
James,Smith,53957133
Lea,Ferguson,20582070
James,Smith,25008017
Beatrix,Smith,11239635
Lea,Smith,74623985
Charlotte,Barry,13600440
Harry,Mcintosh,47150677
Harry,Angus,57140654
Charlotte,Barry,65696241
Marc,ohairy,69133331
Harry,ohairy,78035645
Harry,Mcintosh,64047749
Beatrix,Angus,50773027
Beatrix,Angus,27672063
Beatrix,Barry,22357723
Harry,ohairy,76630033
