First Name,Last Name,Matriculation
Lea,Barry,88112884
James,Barry,23285223
Harry,Angus,50948158
Charlotte,Angus,20659389
Beatrix,Ferguson,69845179
Harry,Ferguson,58558961
Harry,Smith,50931543
James,Mcintosh,43977154
Beatrix,Ferguson,15106375
James,Barry,15405368
Beatrix,Mcintosh,69479471
Beatrix,ohairy,89186823
James,Ferguson,70243171
Charlotte,Barry,39212193
Harry,Mcintosh,24867705
James,ohairy,51162232
Marc,Mcintosh,71141807
Lea,ohairy,59319939
Harry,Ferguson,84727453
Beatrix,Ferguson,76255088
Beatrix,Barry,33591110
James,Angus,47488287
Beatrix,Mcintosh,28019528
Marc,Ferguson,53117760
Charlotte,Smith,73237914
James,Ferguson,45893241
James,Barry,23730185
Marc,Smith,89994162
Lea,Mcintosh,50838251
Beatrix,Angus,82644269
Charlotte,ohairy,25909257
Marc,Angus,45186141
Charlotte,Angus,33304706
Marc,Smith,33412838
Lea,Mcintosh,63359425
Harry,Mcintosh,29055632
James,Ferguson,29917373
Marc,Mcintosh,70547486
Lea,Smith,12829472
Harry,ohairy,12773472
Marc,Ferguson,77529668
Beatrix,Barry,32951312
Charlotte,Ferguson,30433441
James,Angus,25065772
Harry,Ferguson,50011496
Charlotte,Mcintosh,39790895
Harry,Smith,12931709
Harry,Barry,47016987
James,Ferguson,83931059
Charlotte,Barry,17266489
James,ohairy,70157213
Marc,Mcintosh,49994681
James,Smith,82628913
Beatrix,ohairy,69051505
Lea,Smith,14340446
Harry,Barry,26427423
Lea,Angus,71697089
Harry,Ferguson,35049816
Charlotte,Mcintosh,11504579
Charlotte,Smith,19355736
Lea,Angus,64930075
James,ohairy,83438959
Beatrix,ohairy,88289553
Charlotte,Ferguson,45883182
Beatrix,Barry,29069466
Charlotte,ohairy,36340430
Lea,Angus,25382049
James,Ferguson,60850768
Lea,Mcintosh,66002126
Charlotte,ohairy,82000145
James,Smith,63321229
Marc,Ferguson,61988531
Marc,ohairy,12488119
Charlotte,Smith,11789089
Lea,Angus,70885775
Charlotte,Smith,58456033
Lea,ohairy,74146780
Marc,Angus,65274928
Harry,Barry,44026237
Beatrix,Barry,31219387
Harry,Angus,60395608
Charlotte,Mcintosh,82579783
James,ohairy,76838661
Marc,Ferguson,26758014
James,ohairy,39891213
Marc,Ferguson,66092928
Charlotte,ohairy,11523485
Charlotte,Ferguson,23481846
Lea,Ferguson,84476386
Lea,Barry,34203504
Beatrix,ohairy,40522244
Beatrix,ohairy,62751614
James,ohairy,52498459
Marc,Ferguson,62335854
Beatrix,Ferguson,67017295
Charlotte,Mcintosh,43058750
Beatrix,Barry,42281311
Charlotte,Barry,75580382
Marc,Mcintosh,47783073
Harry,Angus,43413808
