First Name,Last Name,Matriculation
Charlotte,Barry,26342869
Marc,Smith,73692696
Charlotte,ohairy,79421398
Charlotte,ohairy,70483570
Marc,ohairy,73876618
Harry,ohairy,33781262
James,Ferguson,68300277
Marc,Ferguson,72137416
Charlotte,Mcintosh,10917220
James,Angus,10690926
Charlotte,Smith,87498103
Harry,Barry,47121655
James,Ferguson,87460439
Charlotte,Mcintosh,69187744
Charlotte,Smith,17884891
Lea,Smith,64879355
Beatrix,Mcintosh,69827756
James,Smith,15260174
Lea,Barry,78137201
Lea,Ferguson,48128608
Charlotte,Angus,57417203
Lea,Ferguson,62606212
James,ohairy,55460754
Harry,Mcintosh,40255513
James,Smith,83387583
Charlotte,Mcintosh,50496645
Harry,Smith,81317421
Lea,Ferguson,42280685
Harry,Barry,13915412
Charlotte,Ferguson,52382126
Beatrix,ohairy,64769486
Beatrix,ohairy,69383758
Marc,Barry,58113726
Harry,Ferguson,55913691
Beatrix,Smith,54372591
Harry,ohairy,34887936
Marc,Ferguson,53281293
Marc,Angus,53604803
James,Mcintosh,49517162
Lea,Barry,16014749
Beatrix,Smith,84002971
Charlotte,Angus,67559756
Lea,Angus,65459886
Marc,ohairy,57104292
Lea,Ferguson,14362152
Beatrix,Mcintosh,77337129
Harry,Smith,89386902
Harry,Ferguson,59788437
Harry,Barry,60371834
Beatrix,ohairy,32944077
Harry,Barry,77762642
Harry,Smith,22209043
Charlotte,Ferguson,82323473
Harry,ohairy,16423201
Marc,Barry,30802615
Harry,Smith,43169384
Marc,ohairy,78495077
Lea,Ferguson,56533449
James,Mcintosh,74052859
Marc,ohairy,87194689
Beatrix,Mcintosh,28413741
Harry,Smith,40679631
Beatrix,ohairy,77920029
Charlotte,Mcintosh,44358598
Beatrix,ohairy,27990969
James,Barry,85575033
Charlotte,Barry,28919923
Marc,ohairy,40475807
Marc,ohairy,46982560
James,Mcintosh,42718485
Marc,Mcintosh,17883423
Beatrix,Smith,77088624
Marc,Ferguson,51161515
James,Ferguson,70884859
Marc,Mcintosh,82451457
Lea,Smith,60042752
James,Mcintosh,87451439
Lea,ohairy,60266641
Charlotte,Ferguson,48581469
Charlotte,Smith,22085857
James,Barry,65700961
Harry,Ferguson,67389967
Charlotte,ohairy,20658818
James,Mcintosh,23872129
James,Barry,75360267
Charlotte,Mcintosh,69708994
Charlotte,ohairy,81587444
Lea,Ferguson,84230973
Marc,Ferguson,81622283
Charlotte,Angus,21271300
Lea,Mcintosh,19580014
Lea,Smith,78746235
Lea,ohairy,84224971
Marc,Mcintosh,18164001
Beatrix,Mcintosh,50755790
Charlotte,Angus,87313410
James,Smith,47573202
Lea,ohairy,12074408
Marc,Angus,37026831
Marc,ohairy,66233981
