First Name,Last Name,Matriculation
James,Barry,77953068
James,Angus,63776495
Harry,Smith,28016161
Charlotte,Mcintosh,84022708
James,Angus,37484866
Lea,Angus,45595712
Marc,Angus,39118089
Beatrix,Barry,52570742
Harry,Angus,35672335
Charlotte,Ferguson,18102947
James,Smith,11640620
Marc,Smith,66169588
Lea,Angus,35848798
Harry,Smith,30995533
Beatrix,Smith,47894375
Harry,Ferguson,64328871
Beatrix,Mcintosh,27186263
Lea,Mcintosh,85823226
James,Barry,87081427
Lea,Ferguson,78705823
Marc,Ferguson,26230742
Lea,Ferguson,70118471
Lea,Smith,78032584
Beatrix,Angus,63108600
Lea,ohairy,49652788
Lea,Smith,26655411
Charlotte,Barry,20801652
Lea,Ferguson,85223214
James,Mcintosh,73408786
Charlotte,Angus,60416513
Beatrix,Ferguson,55216765
Marc,Ferguson,75794471
Charlotte,Mcintosh,30461193
James,Mcintosh,74635565
Marc,Smith,71983887
Harry,Ferguson,55981945
James,Ferguson,43120914
Charlotte,Angus,25235211
Charlotte,Smith,54180490
Lea,Smith,69078914
Harry,Mcintosh,41436927
Charlotte,ohairy,60056757
Beatrix,Mcintosh,83617141
Marc,Smith,32187950
James,Ferguson,29279039
Harry,Mcintosh,60476137
Beatrix,Ferguson,77400558
Marc,ohairy,48082609
James,Angus,12273799
Lea,Ferguson,41901316
Marc,Angus,15707617
Beatrix,Angus,74839445
James,Mcintosh,16838875
Harry,Angus,86819437
Lea,Mcintosh,34820146
Charlotte,Mcintosh,24189298
Beatrix,Angus,77241427
Charlotte,Mcintosh,33174469
Charlotte,Angus,62249857
James,Angus,62776091
Beatrix,Angus,67061328
James,Smith,50956675
Lea,Smith,36560155
James,ohairy,39214086
Beatrix,Ferguson,72446697
Lea,Barry,40657750
Harry,Angus,21877415
James,Mcintosh,66264254
Marc,Smith,25527675
Harry,Barry,86068142
Lea,Angus,46382832
James,Angus,33650568
Beatrix,Smith,35379443
Harry,Mcintosh,56429283
Marc,Barry,27216630
Marc,Mcintosh,84982859
Marc,Mcintosh,16800698
Harry,ohairy,82399787
Charlotte,Smith,39580650
Harry,Barry,69866919
Beatrix,Barry,10603933
Charlotte,Ferguson,42727591
Charlotte,Smith,30731936
Beatrix,Angus,81038678
Marc,Barry,21385651
Charlotte,Smith,71411294
Lea,Barry,33161663
Beatrix,ohairy,40429213
James,Mcintosh,70644175
Harry,Smith,19017970
Beatrix,Ferguson,69082739
Beatrix,Mcintosh,74542473
Beatrix,Barry,58960168
James,Mcintosh,69504118
Beatrix,Mcintosh,32092243
Beatrix,Ferguson,57450132
Charlotte,Ferguson,17467427
Lea,Ferguson,20563614
Beatrix,Mcintosh,54763087
Harry,Smith,81446935
