First Name,Last Name,Matriculation
Marc,Angus,88894830
Charlotte,Angus,23153463
Marc,Angus,78638917
Beatrix,Mcintosh,11614213
Charlotte,Ferguson,23868483
Lea,Mcintosh,85684573
Charlotte,Mcintosh,69174772
Beatrix,Ferguson,27602975
James,Smith,47281518
James,Mcintosh,82754206
James,ohairy,33064479
Charlotte,Barry,25829265
Lea,ohairy,22050213
Charlotte,Angus,38114958
Marc,Angus,87838108
Harry,Barry,85949780
Harry,Ferguson,85462457
James,Smith,59417876
Harry,Barry,72734887
Marc,Barry,22133170
Harry,Ferguson,83913623
Marc,Ferguson,85380196
Beatrix,Angus,85065343
Marc,Smith,67418092
Harry,Angus,15078979
James,Smith,88116991
Charlotte,Barry,71992014
Harry,Angus,28567845
Marc,Barry,22395732
Beatrix,Ferguson,89721398
Charlotte,Ferguson,32151597
James,Angus,28631565
Harry,Angus,88115163
Marc,Angus,21788362
Lea,Angus,74219612
Harry,ohairy,70350261
James,Angus,39579928
Harry,Smith,20612365
Charlotte,Barry,66754675
Harry,Barry,87315271
Lea,ohairy,10672937
Beatrix,Smith,21735702
Beatrix,Mcintosh,29200634
Beatrix,Ferguson,69248699
Charlotte,Barry,63463580
Beatrix,Mcintosh,65869116
Lea,Angus,32715541
Lea,Smith,64899888
James,ohairy,61175589
James,ohairy,52416564
Charlotte,Smith,49652774
James,ohairy,89363481
Charlotte,Barry,46795953
Charlotte,ohairy,57268166
Beatrix,Angus,30464377
Charlotte,Smith,36996926
Beatrix,Angus,21824712
James,Smith,31649140
Lea,Ferguson,70752929
Harry,Ferguson,82246941
Marc,ohairy,36532992
Beatrix,Ferguson,25974861
Marc,Angus,30785540
Lea,ohairy,39108976
Charlotte,Barry,69974942
Harry,Mcintosh,17791379
Marc,Barry,13436602
Beatrix,Barry,88428692
Marc,Ferguson,66285914
Charlotte,Angus,74318359
Marc,Mcintosh,49019654
Lea,Angus,55391809
Charlotte,ohairy,71934246
Charlotte,ohairy,83478351
Lea,Smith,31800091
James,Angus,19825872
Harry,Smith,75708036
Beatrix,Angus,34078483
Beatrix,Angus,76009594
Lea,ohairy,52520220
James,Smith,43014890
Lea,Barry,70046261
Marc,Barry,11483027
James,Smith,71232515
James,Angus,88125800
Lea,Mcintosh,80761391
Lea,Ferguson,32108114
Harry,Barry,74569526
Lea,Mcintosh,72920297
Beatrix,Angus,13732727
James,Smith,72727399
Lea,Mcintosh,49249796
Lea,Ferguson,80373890
Beatrix,Ferguson,57818420
Beatrix,ohairy,70619038
James,Angus,58128242
James,Mcintosh,51369266
Harry,Smith,44510374
James,Ferguson,45073507
Lea,Ferguson,11482184
