First Name,Last Name,Matriculation
Lea,ohairy,36363008
James,ohairy,30701939
Harry,Angus,39212784
James,Ferguson,24799292
James,Barry,47364760
Lea,Ferguson,72905346
Harry,Barry,36129490
Harry,ohairy,22490530
Charlotte,Ferguson,71091081
Beatrix,ohairy,85171915
Charlotte,ohairy,13610345
Beatrix,Barry,61107251
Marc,Ferguson,37945825
Charlotte,Angus,38018074
Marc,Ferguson,24049609
James,Angus,69571664
Lea,Ferguson,73136348
James,Barry,70230104
James,Angus,50427185
James,Ferguson,17688315
Beatrix,Mcintosh,33232185
Beatrix,Mcintosh,38931616
Marc,Angus,78821954
James,Smith,59877734
Lea,Mcintosh,74986902
James,Mcintosh,54498308
Lea,Barry,24870264
Lea,Barry,41959260
Charlotte,Mcintosh,38887770
Marc,Angus,60427943
Marc,Mcintosh,74653494
Lea,Smith,32853949
Charlotte,ohairy,51651594
Harry,Barry,66905890
Lea,Angus,15917457
Charlotte,Smith,66148409
Harry,ohairy,43420261
Beatrix,ohairy,36236612
Harry,Angus,41036125
Lea,Angus,71740704
Beatrix,Angus,27480050
Beatrix,Angus,51481528
Lea,Angus,42346711
Beatrix,Angus,79310431
James,Barry,53961778
Charlotte,Smith,20733421
Harry,Mcintosh,10970211
Beatrix,Mcintosh,39619642
Beatrix,Ferguson,37765545
Lea,Smith,89637910
Lea,Barry,82913520
James,Mcintosh,29188610
Beatrix,Mcintosh,30418165
Beatrix,Ferguson,37154226
Charlotte,Angus,78334170
Lea,Mcintosh,86506807
Harry,Angus,21947134
Lea,Ferguson,58852745
Harry,Barry,87588848
Harry,ohairy,44719124
Charlotte,Barry,43513817
Charlotte,ohairy,46483639
Harry,Barry,37822232
Beatrix,Angus,55701332
Charlotte,Angus,89234459
Charlotte,Barry,28959558
Lea,Ferguson,13554370
Charlotte,Ferguson,63299331
Lea,Barry,51620545
Beatrix,Mcintosh,51640121
James,Mcintosh,42408894
Harry,Smith,57211293
Charlotte,Ferguson,67018138
Charlotte,Smith,64697760
Charlotte,Mcintosh,31340819
Beatrix,ohairy,77863716
Lea,Angus,12405546
Marc,Smith,52758719
Lea,Angus,12092387
Lea,ohairy,41305066
Lea,Smith,17576749
Beatrix,Smith,28835724
James,Smith,74765721
Charlotte,Ferguson,10147138
Beatrix,ohairy,56631929
Marc,Barry,28967840
James,Barry,45194501
Marc,ohairy,76850824
Harry,Smith,16899975
Harry,ohairy,14717468
Harry,Smith,82397494
Charlotte,Ferguson,49385082
Charlotte,Angus,71517382
Charlotte,Mcintosh,14438104
Lea,Smith,83706137
Charlotte,Barry,68777704
Harry,Ferguson,56130591
Charlotte,Mcintosh,48447053
Charlotte,Smith,36363683
Charlotte,ohairy,33110097
