First Name,Last Name,Matriculation
Lea,ohairy,48273554
James,ohairy,78355481
Lea,ohairy,18470588
Marc,Barry,35975508
James,Smith,30565564
Lea,Mcintosh,30780066
Lea,Barry,76302229
Lea,Ferguson,17935924
James,Ferguson,59018571
Harry,Angus,84214283
Charlotte,Mcintosh,37982182
Charlotte,Ferguson,30671964
Charlotte,ohairy,57437331
Harry,Smith,10267457
Harry,Angus,77037866
Charlotte,ohairy,46525362
Beatrix,Mcintosh,69075080
James,Angus,82000030
Beatrix,Mcintosh,46693822
Lea,Barry,52019516
James,Barry,51073074
Lea,Angus,25123304
Charlotte,Angus,17441481
James,Barry,54780120
Lea,Barry,69305956
Lea,ohairy,64900912
James,Ferguson,36996127
Harry,Ferguson,22326440
Harry,Smith,13970478
Beatrix,Ferguson,21949174
James,Mcintosh,85341375
Lea,Angus,30360331
James,Ferguson,64324060
Charlotte,Angus,62277207
Marc,ohairy,44675105
Marc,Mcintosh,83375668
Lea,Angus,22180386
James,Barry,20026385
Harry,Ferguson,64667703
Lea,Angus,42549256
Marc,Smith,25781099
Marc,Barry,16267934
Marc,Mcintosh,68314338
Charlotte,Mcintosh,14884189
Harry,Ferguson,37415139
James,Angus,47699897
Marc,Angus,61625828
Marc,Smith,20358492
Beatrix,ohairy,58942645
Marc,Ferguson,46580932
Charlotte,Smith,48923337
Harry,Angus,52586125
Charlotte,Angus,45338934
Lea,Angus,55274738
Harry,Smith,82293453
Marc,Smith,44037392
Beatrix,ohairy,23845299
Charlotte,Barry,74466191
Charlotte,Mcintosh,61533970
Beatrix,ohairy,66624540
Lea,Mcintosh,76307332
James,Angus,58563612
Beatrix,Ferguson,55863169
Charlotte,Angus,59779509
James,ohairy,70720532
Marc,Smith,19886239
Charlotte,Mcintosh,88786167
Beatrix,Mcintosh,54887671
Charlotte,Ferguson,27292860
Lea,Barry,62638908
Harry,Smith,77757624
Lea,Barry,68484612
Harry,Smith,23181172
Charlotte,Smith,14111282
Marc,Ferguson,24308910
James,Angus,39739981
Harry,Angus,58702490
Marc,Barry,78871670
Beatrix,Angus,42456744
Beatrix,Barry,50430069
Marc,Barry,14693710
Lea,Smith,31913558
Marc,Smith,40950490
Lea,Angus,64355307
Charlotte,Smith,68767845
Beatrix,Mcintosh,81838987
Lea,Barry,10321598
Harry,ohairy,58203423
Charlotte,Ferguson,34582479
Harry,Smith,76574197
James,ohairy,47366018
Lea,Smith,38652216
Charlotte,Smith,51671407
Lea,Barry,51198974
Lea,Angus,74268405
Harry,ohairy,72352837
James,Mcintosh,14098487
Lea,Barry,51956196
Beatrix,Barry,68979124
Harry,Smith,86599358
