First Name,Last Name,Matriculation
Charlotte,Barry,18557859
Charlotte,Barry,69506099
Beatrix,Angus,25812702
Harry,Barry,81128236
Marc,Ferguson,86851611
Marc,Barry,28638179
Harry,Barry,14447958
Marc,Smith,45398530
Harry,Ferguson,11649087
Harry,Angus,40169648
Harry,Smith,10314430
Beatrix,Angus,35490286
Charlotte,ohairy,70516678
Harry,Barry,14240182
James,Ferguson,60545111
Lea,Angus,32702868
Marc,Ferguson,52091877
James,Mcintosh,13605951
Beatrix,ohairy,53318753
Beatrix,Smith,51449417
Charlotte,Barry,57423814
James,Barry,44620368
Harry,Barry,45797344
Charlotte,Barry,76560340
Marc,Mcintosh,85808634
Marc,ohairy,51128883
James,ohairy,83385009
Harry,ohairy,11919337
Harry,Angus,52498265
Harry,Barry,60937452
Beatrix,Barry,74840498
Charlotte,Angus,43823890
Lea,ohairy,81137911
James,Angus,79844871
Marc,Ferguson,33027728
Marc,Angus,43252916
Harry,Smith,49052435
Charlotte,Smith,15606034
James,Smith,87638726
Harry,ohairy,57864482
Marc,Barry,35669798
Beatrix,Ferguson,58766044
Harry,Mcintosh,83868566
Lea,Ferguson,67353203
James,ohairy,80627826
Harry,ohairy,66095550
Harry,ohairy,53386728
Charlotte,ohairy,27133578
James,ohairy,13170488
Beatrix,Smith,58692032
Lea,Smith,77890616
Marc,Ferguson,62679461
Marc,Smith,81757607
Harry,Barry,25867985
Marc,Ferguson,88084328
James,Mcintosh,76798903
Harry,Barry,63792145
Charlotte,Angus,77597966
Beatrix,Barry,33326172
Lea,ohairy,61057765
Marc,Ferguson,87709381
Lea,Angus,22190629
James,Angus,63002415
Beatrix,Barry,69758944
Harry,ohairy,69272739
Harry,ohairy,38225562
Marc,Smith,27446396
James,Ferguson,78200828
Lea,Smith,22250841
Lea,Smith,84007474
Beatrix,Ferguson,23698063
Harry,Barry,79003172
Harry,Smith,74718873
Marc,Mcintosh,67806249
Lea,Smith,54580370
Beatrix,Smith,16456172
Beatrix,Angus,89479515
Beatrix,Barry,28364039
Lea,ohairy,22328348
Harry,Barry,44191913
Charlotte,Barry,10492168
Marc,ohairy,27015683
Lea,Ferguson,30604948
James,Angus,45092524
Beatrix,Mcintosh,49433058
Beatrix,Smith,55118653
Beatrix,Barry,36827795
Charlotte,Ferguson,54666043
Marc,Ferguson,10658416
Charlotte,ohairy,49167515
Harry,ohairy,48445216
James,ohairy,19340990
Lea,Smith,61961813
Harry,Angus,83308859
James,Smith,34261675
Beatrix,Mcintosh,41430152
Harry,Smith,55062814
Lea,Mcintosh,66583726
James,Mcintosh,45295009
Marc,Smith,87513719
