First Name,Last Name,Matriculation
Marc,Barry,57402468
Charlotte,Barry,15358658
Harry,ohairy,29923629
Lea,Mcintosh,88897005
Harry,Smith,26434966
Marc,Mcintosh,45546872
Beatrix,Mcintosh,72137147
Lea,Smith,37755473
Charlotte,Mcintosh,15992432
Lea,Angus,22278273
Beatrix,ohairy,83084827
Beatrix,Smith,72472145
Lea,Angus,75359580
Marc,Mcintosh,80140205
Lea,Ferguson,58116997
Harry,Ferguson,56031131
Harry,Smith,54772987
Marc,Smith,76473894
Lea,Barry,41363102
Beatrix,Barry,40578830
James,Ferguson,30377789
Harry,Barry,65290148
Charlotte,Ferguson,20476555
Beatrix,ohairy,56753962
James,Barry,80006811
Harry,Ferguson,14359444
Lea,Mcintosh,66464712
James,Mcintosh,65565478
Lea,Angus,70740493
James,Ferguson,88666316
Beatrix,Ferguson,88350969
Harry,Mcintosh,11041664
Marc,Mcintosh,19694835
Marc,Ferguson,23772878
Harry,Ferguson,30603256
Harry,Barry,19381113
Harry,Angus,47371593
Lea,Angus,75300661
Lea,Angus,47395167
Charlotte,ohairy,18782527
Harry,Barry,82705667
Beatrix,Smith,37639956
Marc,Angus,19586686
Charlotte,Smith,28164450
Marc,Angus,35699931
Charlotte,Smith,31204206
Marc,Angus,37220564
Charlotte,Ferguson,76488837
Lea,ohairy,77310842
Lea,ohairy,14601957
Marc,Ferguson,20843157
James,ohairy,13986059
Lea,Angus,88412076
Beatrix,Ferguson,58206482
James,Smith,48779178
Marc,ohairy,62889347
Charlotte,ohairy,23197239
Charlotte,Ferguson,75338732
Charlotte,Smith,82851762
Lea,Smith,68566658
Beatrix,Mcintosh,22586793
Beatrix,Angus,84170675
Harry,ohairy,11167468
Harry,Barry,41105397
Beatrix,Smith,25753910
James,Mcintosh,63857127
Beatrix,Barry,70886350
Beatrix,Angus,52481939
Charlotte,Ferguson,75499820
James,Barry,51980903
Marc,Angus,79441907
Beatrix,ohairy,14789858
James,Barry,25545503
Lea,Angus,73119822
Charlotte,Smith,67371652
Lea,Barry,57037135
Lea,Mcintosh,75450633
James,ohairy,71377493
Harry,Ferguson,54312608
Charlotte,Barry,39647893
Marc,ohairy,35747658
Lea,Smith,20036322
Marc,Mcintosh,42828162
Marc,Smith,30691011
Harry,ohairy,84821985
Marc,Mcintosh,89041341
Charlotte,Mcintosh,57313697
Beatrix,Mcintosh,30116426
Charlotte,ohairy,20673198
Marc,Smith,85359750
James,Barry,65178425
Charlotte,Angus,55764474
James,ohairy,75547324
James,Ferguson,54446266
Marc,Angus,46586530
James,Angus,16433141
Harry,Angus,68899178
Charlotte,Barry,34216831
James,Barry,77862403
Lea,ohairy,72214522
