First Name,Last Name,Matriculation
Marc,Mcintosh,88531732
Charlotte,Smith,21548636
Charlotte,Ferguson,88235129
Beatrix,Smith,50936942
James,Barry,26255811
Lea,ohairy,12564298
Marc,Mcintosh,10275847
Charlotte,ohairy,24773565
Lea,Ferguson,85624981
Marc,ohairy,57391914
Harry,Angus,17273138
Marc,Mcintosh,18877045
Harry,Mcintosh,66273782
Beatrix,Barry,18095987
James,Angus,49684765
Harry,Barry,39400204
Harry,Barry,33618452
Marc,Smith,76217091
James,Angus,19404102
Harry,Smith,64034225
Harry,Ferguson,83956914
Harry,Angus,32742462
James,Mcintosh,35971514
Lea,Smith,82709149
Harry,Barry,64422728
Beatrix,Angus,68298132
Marc,Ferguson,88788808
James,Angus,52584898
Harry,Mcintosh,24018238
Marc,Angus,18537873
Harry,ohairy,89065815
Charlotte,Barry,33909892
Beatrix,ohairy,35176432
Harry,Mcintosh,14989131
Harry,Ferguson,35812779
Lea,Barry,33594369
Lea,Smith,66071379
Beatrix,Smith,72067920
Charlotte,Ferguson,12707261
James,Smith,63193318
Harry,Mcintosh,89147516
Charlotte,Barry,37049240
Harry,Mcintosh,46908089
James,ohairy,79550446
Charlotte,ohairy,27877485
Charlotte,Smith,71172673
Marc,Smith,10471699
Harry,ohairy,30004988
Charlotte,Mcintosh,32418562
Beatrix,Barry,74257489
Marc,Mcintosh,63628132
James,Barry,76372915
Charlotte,Angus,22176913
Beatrix,Mcintosh,53754262
Beatrix,Barry,22857046
James,Angus,76210064
Lea,Smith,50320552
Harry,Mcintosh,67625452
Harry,Smith,77480206
Harry,Barry,25987910
Beatrix,Barry,27069160
Charlotte,Ferguson,63202605
James,Mcintosh,65500855
Lea,ohairy,65813908
Harry,Angus,11514183
Beatrix,Mcintosh,29153481
Beatrix,Ferguson,50917265
James,Smith,11295485
James,Angus,86868871
Beatrix,ohairy,86454045
Beatrix,Mcintosh,30222309
James,Barry,17181302
Beatrix,Ferguson,50232080
Marc,Barry,80890267
Harry,Barry,14353446
Lea,ohairy,85106748
Harry,Ferguson,39108942
Charlotte,Smith,20731545
James,Smith,70968913
Beatrix,Ferguson,73424634
Beatrix,Ferguson,58392597
Charlotte,Smith,13702822
Beatrix,Smith,69978897
Lea,Angus,47952938
Charlotte,Mcintosh,63794665
Marc,Smith,76836836
Charlotte,Barry,30910294
Lea,Smith,51633287
James,Angus,44630833
Charlotte,Angus,38261767
Lea,Barry,31383400
Beatrix,ohairy,74343204
Marc,Smith,26325105
Marc,Barry,17078133
Marc,Angus,48107344
Lea,Ferguson,26374498
Beatrix,ohairy,29602642
Charlotte,Ferguson,43639357
Marc,Barry,32074643
James,ohairy,32247219
