First Name,Last Name,Matriculation
Beatrix,Barry,57249213
Beatrix,ohairy,68722027
Marc,Mcintosh,50416808
Lea,ohairy,13878546
James,Barry,54135704
Lea,Smith,29043244
Harry,Ferguson,79315604
Lea,ohairy,40680144
Harry,Smith,85274986
Charlotte,ohairy,31262166
Lea,Ferguson,11412109
Harry,Ferguson,81580883
Marc,Smith,59298305
Charlotte,Barry,72299777
Harry,Barry,45236146
Marc,Barry,46038996
Marc,Smith,87755678
Marc,Ferguson,18785016
Charlotte,Mcintosh,56021220
Charlotte,Barry,83152659
Harry,Barry,83012738
Harry,ohairy,28560021
Beatrix,Ferguson,76591187
Charlotte,ohairy,28687092
Beatrix,Mcintosh,89792980
Marc,Mcintosh,69051560
Beatrix,Smith,84265551
James,Smith,56455055
Harry,Barry,88912476
James,Smith,25147148
James,Mcintosh,31339666
Lea,ohairy,86607657
James,Smith,22782598
Harry,ohairy,53268165
Beatrix,Smith,10474662
Harry,Smith,58270706
Lea,Angus,66909189
Charlotte,Barry,76021151
Charlotte,Angus,57103448
Harry,Ferguson,46676118
Marc,Barry,29054029
Charlotte,ohairy,85391760
Marc,Ferguson,25666509
Harry,Angus,80519633
Lea,Barry,47952772
Marc,ohairy,59008141
Charlotte,Barry,25075160
Charlotte,Ferguson,15351417
Beatrix,Mcintosh,77182070
Beatrix,ohairy,41692214
Lea,Mcintosh,33330884
Charlotte,Mcintosh,32035235
James,Ferguson,31397183
Charlotte,Angus,14567822
Beatrix,Smith,29463016
Lea,Mcintosh,74643640
Lea,Mcintosh,28425668
Lea,Mcintosh,74909232
Harry,ohairy,79989084
Marc,Ferguson,35612605
Marc,ohairy,68681472
Lea,Mcintosh,48711081
Beatrix,Barry,16084253
Lea,Barry,46690518
James,Mcintosh,39762059
Harry,Angus,20389259
Charlotte,Barry,22629426
Lea,Smith,75909075
Charlotte,Barry,28141854
Beatrix,Mcintosh,62172125
James,Barry,73740524
James,Angus,54938089
Charlotte,Ferguson,32783687
Lea,Angus,79766235
Beatrix,Barry,29825006
Charlotte,Angus,31571813
Lea,Barry,16804618
James,Mcintosh,73185600
James,Smith,45726542
Charlotte,Mcintosh,20352346
Charlotte,Barry,40941964
Harry,ohairy,41763721
Beatrix,Angus,49102680
James,Smith,49641661
Harry,Mcintosh,15989994
James,Mcintosh,45646922
Lea,ohairy,49843057
James,Smith,37005807
Harry,ohairy,70420701
Lea,ohairy,11902731
Beatrix,Smith,24182441
Charlotte,Angus,22415030
Harry,Barry,68267224
Beatrix,ohairy,55387223
Marc,Barry,65302761
Beatrix,Barry,71546408
Beatrix,Barry,84371947
James,Mcintosh,54218050
Lea,Barry,17935770
Lea,Smith,25612331
