First Name,Last Name,Matriculation
Marc,Angus,56895743
James,ohairy,25044482
James,Barry,73338559
Beatrix,Ferguson,89471017
Harry,ohairy,24300942
Beatrix,Barry,25445212
Marc,Mcintosh,86917437
Marc,Barry,62565809
Harry,Barry,71803301
Harry,ohairy,14036312
Beatrix,ohairy,31836893
Charlotte,Mcintosh,63218510
James,Mcintosh,20848110
Marc,Ferguson,13222939
Lea,Smith,12272679
Harry,Angus,22397137
James,Angus,51556968
Marc,Barry,75079921
Lea,Barry,11497625
James,Smith,44236395
Harry,Barry,38797200
Charlotte,Barry,44347464
James,Barry,83513530
Charlotte,Smith,28531455
Lea,Angus,42224339
Charlotte,Smith,23765355
Lea,Angus,52870608
Charlotte,Ferguson,52069010
Lea,ohairy,73659643
James,Barry,19974226
Charlotte,Barry,28137646
Harry,Angus,32748732
Harry,Angus,32223536
Harry,ohairy,20703345
Marc,Mcintosh,47572936
James,ohairy,28376063
Harry,Angus,44868288
Harry,ohairy,39192819
Harry,Angus,31330407
James,Ferguson,54078948
Harry,Angus,73661659
Harry,ohairy,41045593
James,Barry,22069918
Charlotte,Mcintosh,38504922
Harry,Barry,28223393
Charlotte,Ferguson,23220286
James,Angus,51091606
Charlotte,Ferguson,53805352
Harry,Mcintosh,32390658
Marc,Barry,48736574
Marc,Barry,30730328
Charlotte,ohairy,82991795
James,Angus,88594745
James,Ferguson,30581156
Lea,Mcintosh,86991564
Beatrix,ohairy,19447644
James,Angus,60576865
Beatrix,Ferguson,81440596
Lea,Ferguson,55587723
James,Smith,54804161
Beatrix,Barry,65709578
Beatrix,Ferguson,46037083
Beatrix,Mcintosh,68902549
Marc,Mcintosh,50231324
Charlotte,Smith,74613408
Lea,Angus,39481277
Lea,Angus,73507248
James,Mcintosh,69572783
James,Mcintosh,56262466
Harry,Barry,83164260
Charlotte,Smith,88089859
Harry,Angus,34627790
Harry,ohairy,43200316
Lea,Mcintosh,86537270
Marc,Mcintosh,67209121
Beatrix,ohairy,22938470
James,Barry,56507731
Lea,Ferguson,81142226
Beatrix,Barry,35753432
Harry,Barry,33988387
James,Smith,76693801
James,Barry,84335355
Marc,ohairy,61525332
Beatrix,Ferguson,25328046
Marc,Mcintosh,54491636
Charlotte,ohairy,10932310
Charlotte,Angus,79887635
Harry,Smith,31842065
Lea,Smith,31324911
Lea,Smith,38187473
Marc,Angus,21131156
Harry,Angus,41132624
Charlotte,ohairy,88637028
Charlotte,Smith,78397895
Beatrix,Barry,84929673
James,Barry,78757220
Beatrix,ohairy,33341089
James,Mcintosh,50181283
James,Barry,77878101
Beatrix,Smith,46955352
