First Name,Last Name,Matriculation
Marc,Angus,84250932
Harry,Angus,48824195
Charlotte,Ferguson,56536462
James,Angus,22074881
Marc,Ferguson,42377831
Lea,ohairy,67530244
Marc,Mcintosh,74552470
Beatrix,ohairy,66285343
Harry,ohairy,16604818
James,Angus,70785883
Lea,Mcintosh,42479307
Beatrix,Ferguson,53814069
Marc,Barry,49036063
Lea,Smith,32229408
Harry,Mcintosh,74168047
Harry,Mcintosh,45254168
James,Barry,52669574
Lea,ohairy,18582357
Charlotte,Angus,48173686
Beatrix,Barry,83567131
Harry,ohairy,52360811
James,Smith,22373786
Marc,Smith,82783845
Charlotte,Mcintosh,22766113
Lea,Angus,52159972
Marc,ohairy,86465654
Marc,Smith,66652704
James,ohairy,26884120
Harry,Smith,20710870
Harry,Mcintosh,12102810
Charlotte,Smith,46121824
James,ohairy,77586863
Marc,Smith,11269838
Charlotte,Ferguson,64452742
Harry,Mcintosh,74577403
Marc,ohairy,55658279
Beatrix,Smith,30599850
Marc,Angus,30278804
James,Mcintosh,63640651
Charlotte,Angus,61042948
Harry,ohairy,54992756
Charlotte,Angus,47239758
Beatrix,Ferguson,75839900
Lea,Ferguson,79118112
James,ohairy,31648532
Charlotte,Angus,13942568
Lea,Ferguson,66081817
Harry,Ferguson,15892064
James,Angus,11489772
Marc,Mcintosh,23333807
Lea,Angus,32710642
Charlotte,Angus,19965783
Marc,ohairy,13746006
Charlotte,Barry,63613018
Charlotte,Mcintosh,67092760
Marc,Ferguson,42341614
Harry,Mcintosh,38019909
Beatrix,Barry,35679019
Marc,Ferguson,31807687
Charlotte,Angus,45532112
Charlotte,Ferguson,24039111
Harry,Angus,21980098
Beatrix,ohairy,82350576
Beatrix,Smith,45860565
Beatrix,Ferguson,52989987
Charlotte,Mcintosh,40893039
Marc,Mcintosh,45857652
Harry,Barry,14087623
Harry,Mcintosh,10526998
Charlotte,Barry,30406801
Harry,Smith,50684374
Charlotte,Smith,31436197
James,Mcintosh,55759720
Marc,Barry,76132194
Harry,ohairy,46567823
Harry,Mcintosh,47799614
Marc,Angus,35459882
Marc,Barry,13899434
Lea,Mcintosh,37020471
Beatrix,Smith,19255712
Lea,Barry,17973085
Charlotte,Smith,81874865
Charlotte,Angus,57118691
James,Barry,69646573
Lea,Barry,64160723
James,Smith,41158634
Charlotte,Angus,70019893
Lea,Smith,22264758
Marc,Barry,10891875
Charlotte,Angus,13557436
James,Mcintosh,15538476
Harry,Angus,59024603
Harry,ohairy,64121147
James,ohairy,32743775
James,Ferguson,43531138
Beatrix,Angus,29357446
Charlotte,Angus,63222273
Beatrix,Mcintosh,11928121
Charlotte,Smith,55597122
Lea,ohairy,73205293
