First Name,Last Name,Matriculation
Marc,Angus,53552298
Beatrix,Smith,33746543
Charlotte,Smith,52092388
Lea,Smith,19128127
Marc,Angus,40903582
James,ohairy,44566387
Beatrix,Smith,69728374
Charlotte,Mcintosh,56729832
James,Smith,21541189
Charlotte,Mcintosh,48798987
Beatrix,Angus,38635827
Lea,ohairy,39499855
James,ohairy,72339331
James,Mcintosh,38346994
Marc,Smith,46152405
Beatrix,ohairy,21354105
Harry,Smith,75287450
Harry,Barry,13040599
Beatrix,Ferguson,50467202
Harry,Angus,63300200
Marc,Angus,74059544
Charlotte,Mcintosh,26091139
Charlotte,Mcintosh,12233474
Harry,Angus,69828038
Charlotte,Ferguson,25309529
Beatrix,Angus,80168609
Beatrix,Barry,27104150
Marc,ohairy,52007858
James,Mcintosh,57220664
Lea,Smith,20097637
James,Mcintosh,27739147
James,Smith,17505525
Harry,Smith,29271425
Harry,Smith,75155738
Lea,Mcintosh,32270906
Lea,Ferguson,15423632
Beatrix,ohairy,17806063
Lea,Barry,66224250
Marc,ohairy,44359778
Marc,Angus,50620145
Lea,Smith,86885875
Beatrix,Angus,87449872
Marc,Barry,71862365
Harry,Angus,14487995
Lea,ohairy,22606585
Harry,Ferguson,31279185
Charlotte,ohairy,35516945
Lea,ohairy,17800991
Beatrix,Smith,87955347
Harry,Mcintosh,78454041
Lea,Smith,81710065
James,ohairy,25736391
James,Smith,15714798
Charlotte,Ferguson,56717647
Marc,Ferguson,60473529
Lea,ohairy,62950661
Marc,Mcintosh,14477577
Harry,Mcintosh,36156972
Charlotte,Mcintosh,10441981
Harry,Smith,62631819
Marc,Barry,82932323
Charlotte,Angus,26723962
Harry,Smith,30398742
James,Barry,25162727
James,Ferguson,71564485
Charlotte,Barry,33880172
Marc,Barry,78319635
Marc,Barry,57165014
Beatrix,Ferguson,29690129
Marc,Angus,16041227
Marc,Mcintosh,45306373
Charlotte,Ferguson,36274939
James,Smith,14552991
Harry,Barry,68281550
Beatrix,Ferguson,28745429
Lea,Mcintosh,49501648
Marc,Smith,85393406
Lea,ohairy,83213288
James,Angus,69424557
Lea,Smith,82359951
Charlotte,Ferguson,44390605
Harry,Smith,83966184
Marc,Barry,35881307
Lea,ohairy,69097812
Lea,ohairy,78067465
Harry,Smith,84216381
Beatrix,Barry,54528052
Charlotte,Ferguson,56884011
Harry,Mcintosh,70200753
Beatrix,Mcintosh,21171673
Lea,Ferguson,81231149
Lea,Mcintosh,23422067
James,Mcintosh,28378058
James,Ferguson,17000559
Marc,Angus,55775529
Lea,Mcintosh,62507314
James,Barry,28955926
Harry,Angus,13268914
Harry,Ferguson,82777826
Lea,Barry,70890730
