First Name,Last Name,Matriculation
Marc,Smith,75280118
Marc,ohairy,28194853
James,Ferguson,35367039
Harry,Barry,50215613
Lea,Mcintosh,11939682
Beatrix,Smith,68911794
Charlotte,ohairy,20598195
Charlotte,Ferguson,57090733
Charlotte,Smith,63309926
Charlotte,Barry,79924400
James,Angus,84391704
Harry,Ferguson,20933351
Harry,Barry,76901643
Beatrix,Ferguson,64634683
Marc,Ferguson,32022908
Beatrix,Barry,73788528
Harry,Ferguson,88892422
James,Angus,76083030
Lea,Ferguson,62499591
Beatrix,Angus,18724817
Lea,Smith,84130479
Lea,Smith,76197245
Harry,Smith,28125783
Marc,ohairy,54883075
Beatrix,Smith,52058666
James,ohairy,67771335
Beatrix,Mcintosh,74237022
Charlotte,Mcintosh,83790925
Charlotte,Mcintosh,71785741
Beatrix,Ferguson,13326876
Marc,Ferguson,30551625
James,Ferguson,40380371
Harry,Angus,80357620
Beatrix,ohairy,12601764
Charlotte,Barry,37428153
Charlotte,Barry,40624123
Marc,Angus,24684749
Charlotte,Smith,85269089
Marc,Smith,63214751
James,Barry,72995533
Beatrix,Angus,41599041
James,Smith,26649082
Beatrix,Smith,58408200
Lea,Ferguson,55987428
James,Mcintosh,31675098
Charlotte,Smith,10110034
Marc,ohairy,29892639
Beatrix,Smith,87808518
Charlotte,ohairy,86233190
Marc,Mcintosh,19325601
Harry,Smith,36696975
Harry,Barry,71587210
Lea,Angus,23536969
Marc,Smith,32090846
Charlotte,Ferguson,28404100
Beatrix,Smith,43014318
Harry,Ferguson,17738888
James,Barry,70348692
Marc,Angus,78726814
Beatrix,Ferguson,16043861
Harry,Mcintosh,69417549
Charlotte,ohairy,64646563
Lea,ohairy,29393234
Charlotte,Mcintosh,87165439
Lea,Mcintosh,43150067
Harry,Mcintosh,56080532
James,Barry,17642548
Lea,Barry,39027161
Marc,Barry,38338349
Beatrix,Barry,37807987
Lea,Smith,64760873
Charlotte,Ferguson,45450689
Charlotte,Barry,36832559
Charlotte,Mcintosh,64462961
Harry,Barry,12292818
Charlotte,Angus,34539322
Beatrix,Ferguson,49856970
Marc,Angus,33451991
Harry,Angus,28577237
Harry,Angus,43704873
Lea,ohairy,55938466
Harry,Ferguson,23432919
Charlotte,Barry,85123943
Marc,Barry,26999680
James,Smith,19985685
James,Smith,75314535
Harry,ohairy,13890955
Charlotte,ohairy,10296291
Lea,ohairy,18036841
Marc,Ferguson,28008477
Charlotte,Smith,89216115
Harry,Smith,80902346
Harry,Barry,20564549
Charlotte,Angus,76866484
Charlotte,ohairy,29452080
Charlotte,Angus,23943918
Lea,Mcintosh,48493254
Lea,Ferguson,57825397
Lea,Angus,25872240
Charlotte,Ferguson,60445163
