First Name,Last Name,Matriculation
Beatrix,Barry,59162315
Harry,Mcintosh,20024703
Beatrix,Ferguson,35568699
Marc,Angus,65192207
Marc,Barry,63126261
Charlotte,ohairy,50147911
Charlotte,Ferguson,88974390
Lea,Ferguson,17039141
Marc,Ferguson,75689864
Harry,Angus,72948178
Lea,Angus,65278249
Lea,Ferguson,48445349
Beatrix,ohairy,68731989
Lea,Ferguson,71925291
Lea,Angus,65773054
James,Mcintosh,58453238
Beatrix,ohairy,78030882
James,Angus,85959429
Harry,Mcintosh,88460249
Marc,Angus,87578377
Beatrix,ohairy,44185907
Lea,Barry,49844130
James,Angus,47327456
Marc,Barry,32013624
Charlotte,ohairy,54894070
James,Angus,23963872
Lea,Smith,55815851
Harry,Ferguson,59920742
Marc,ohairy,88988304
Marc,Mcintosh,51997119
Lea,Angus,79724790
Harry,Barry,33369911
Marc,Mcintosh,51352411
Charlotte,Mcintosh,83192651
Lea,ohairy,32611407
James,Barry,21930879
Marc,Mcintosh,36743018
James,Mcintosh,43277550
Beatrix,ohairy,17815028
Beatrix,Barry,40867558
Harry,Smith,64979561
James,Angus,54310273
Harry,Ferguson,75042126
Marc,Barry,11318528
Lea,Mcintosh,81729291
Lea,ohairy,24072286
Charlotte,Ferguson,75460978
Harry,Mcintosh,29102642
James,ohairy,84876073
Beatrix,Angus,14067944
Charlotte,Angus,23673621
Charlotte,Mcintosh,23754362
Harry,Angus,53334824
Marc,ohairy,70863497
Beatrix,Mcintosh,73024499
Lea,Barry,15689550
Marc,Barry,23682203
Lea,Angus,22462411
Harry,Smith,31548515
James,Mcintosh,34473121
Lea,ohairy,70989166
Charlotte,Angus,59183108
James,ohairy,88248184
Harry,Angus,49730294
Lea,Smith,69521748
James,Barry,36916474
Harry,ohairy,87958939
Marc,Smith,48939827
Lea,Smith,74220861
Beatrix,Angus,82222290
Beatrix,Smith,16939398
Beatrix,Angus,67763069
Charlotte,Mcintosh,42632263
Marc,Smith,69295351
James,Barry,17385722
Lea,Mcintosh,48185323
Lea,ohairy,75508655
Marc,Barry,51501331
James,Angus,51819210
Lea,Mcintosh,42164086
Harry,Smith,31474837
Charlotte,Barry,37936684
Charlotte,Smith,82015258
Marc,Ferguson,54465644
Marc,Ferguson,21654545
Lea,Mcintosh,51608303
Charlotte,ohairy,49009600
Beatrix,ohairy,50296211
James,Mcintosh,88398767
Lea,Barry,61666251
Lea,Mcintosh,49700527
James,Angus,65232122
Charlotte,Mcintosh,29911591
Harry,Barry,60550514
Beatrix,Angus,74329847
Lea,Ferguson,55802595
Marc,ohairy,54868239
Marc,ohairy,35689896
Lea,Barry,52352732
Lea,Ferguson,76803248
