First Name,Last Name,Matriculation
James,Mcintosh,68497738
Marc,Ferguson,52975351
James,ohairy,67437549
Beatrix,Angus,38177588
Beatrix,Mcintosh,65371592
Beatrix,Angus,71167011
James,Ferguson,69436189
Marc,Mcintosh,89906649
Harry,ohairy,45922086
James,ohairy,64915038
Marc,Angus,15830937
Beatrix,Mcintosh,60621715
James,Angus,60599922
Marc,Smith,12397306
Harry,ohairy,57203890
Harry,Smith,75380561
Lea,Barry,48435336
James,Ferguson,50747191
Lea,Mcintosh,47117086
Charlotte,Angus,54658759
Charlotte,Angus,33820997
James,Barry,72391093
Harry,Ferguson,84145695
Harry,Smith,66256095
Marc,Angus,75373134
James,Smith,72137940
Charlotte,Angus,40673704
Beatrix,Mcintosh,79167817
Charlotte,Barry,15580269
Charlotte,Angus,86617384
Charlotte,ohairy,24172909
Lea,Smith,57067377
Marc,ohairy,20950201
Beatrix,ohairy,75943492
Marc,Mcintosh,51593346
Harry,Barry,66125093
Charlotte,Smith,80335880
Marc,Smith,76346446
Harry,Ferguson,75497945
Beatrix,Mcintosh,10760792
Lea,Ferguson,56588848
Marc,Barry,40122030
Lea,Barry,67906511
Harry,Mcintosh,12195544
James,Smith,81396520
Lea,Angus,22754915
James,Ferguson,21446213
Harry,Smith,52645322
Charlotte,Smith,68992289
Marc,Mcintosh,60027775
Beatrix,Barry,65103587
James,ohairy,59292778
Charlotte,Ferguson,89253178
Harry,Mcintosh,77435507
Lea,Angus,56702438
James,Angus,44735884
Beatrix,Mcintosh,83710606
Charlotte,Angus,56663721
Beatrix,Angus,61836928
Marc,Ferguson,33801783
Marc,Ferguson,17292904
Lea,Ferguson,11708043
Harry,ohairy,28038491
Marc,Angus,15749156
Lea,Angus,67294966
Charlotte,ohairy,56685821
Beatrix,Angus,76441425
Lea,Barry,45447217
Beatrix,ohairy,29438439
Charlotte,ohairy,34757514
Harry,Ferguson,81529682
James,Angus,15072676
Harry,Mcintosh,24999152
Charlotte,Mcintosh,53250834
James,Mcintosh,38440943
Lea,Angus,21752491
James,Smith,36846745
Lea,ohairy,55362784
Beatrix,Smith,42478432
Lea,Smith,66642751
Charlotte,Ferguson,21097666
James,Angus,35982858
Harry,Barry,57075804
Beatrix,Smith,42882800
Lea,Smith,41508923
Lea,Barry,77749405
Beatrix,Barry,65611395
Harry,Smith,65112910
James,Barry,17817928
Harry,Barry,82297372
James,Barry,11283048
Marc,Smith,27221869
James,ohairy,24896710
Charlotte,Smith,69835648
Marc,ohairy,43284498
Beatrix,Barry,20887412
James,Angus,60324140
Charlotte,ohairy,56872823
Harry,Smith,14486691
Marc,Ferguson,46948926
