First Name,Last Name,Matriculation
Charlotte,Barry,63880469
Harry,Ferguson,38517459
Beatrix,ohairy,83886916
Charlotte,Barry,57122943
Lea,ohairy,53148263
Marc,ohairy,32047658
Harry,ohairy,54006552
James,Smith,56042795
Marc,Smith,81246320
Lea,Mcintosh,29364026
Charlotte,Ferguson,39668465
Charlotte,ohairy,43160327
James,Angus,85057140
James,Smith,65763553
Beatrix,Angus,83807434
James,ohairy,26585807
Marc,Ferguson,79894425
James,Smith,24058145
Lea,Barry,54669587
James,Mcintosh,62512666
Lea,ohairy,21846708
Marc,Angus,56588324
Lea,Barry,39706321
Harry,Mcintosh,46342400
Marc,Mcintosh,18808156
Beatrix,Smith,52023470
Harry,Smith,25701389
Harry,Mcintosh,57348851
Harry,Ferguson,18251825
Charlotte,Angus,39654289
Beatrix,Mcintosh,10869897
Charlotte,Angus,18892399
Harry,Mcintosh,28211596
Harry,Smith,55793186
Beatrix,Mcintosh,71318785
Beatrix,Mcintosh,28531167
James,Barry,40209841
Harry,ohairy,39989238
James,Ferguson,24981163
Charlotte,Smith,68983022
Lea,Smith,26827154
Lea,Barry,45408202
Charlotte,Ferguson,26905868
Marc,ohairy,60981734
Charlotte,Mcintosh,68320019
Lea,Smith,44029549
Lea,Angus,32625987
Beatrix,Angus,14006377
Lea,ohairy,67572411
Harry,Barry,60078621
James,Barry,59174819
Marc,Barry,87526690
Marc,Smith,41118305
Charlotte,Angus,20226589
James,Angus,27513889
James,Mcintosh,60620437
Harry,ohairy,19807465
Charlotte,ohairy,17814308
Beatrix,Mcintosh,56415330
Lea,Ferguson,22734907
Marc,Mcintosh,47805012
Harry,ohairy,89416861
James,Mcintosh,42210119
Harry,Ferguson,59031885
Lea,Barry,27866975
Harry,Ferguson,13175026
James,ohairy,47706735
James,ohairy,69526850
Lea,Mcintosh,12667652
Charlotte,Smith,52511753
Charlotte,Ferguson,19739148
Harry,Ferguson,44441266
Lea,ohairy,29938574
Beatrix,Barry,35722769
Harry,Smith,46656888
Harry,Ferguson,51869038
James,Ferguson,44230146
Beatrix,Ferguson,24015759
Harry,Angus,24006314
James,Mcintosh,50429094
Charlotte,Barry,12555992
Marc,Barry,81971285
Marc,Mcintosh,31618833
Harry,Mcintosh,57982474
Marc,Barry,35207874
Marc,Ferguson,59451489
Beatrix,ohairy,55952614
Charlotte,Ferguson,78577545
Harry,Ferguson,80448379
Marc,Mcintosh,20507747
Lea,ohairy,52250343
James,Smith,80175346
Lea,Mcintosh,21052608
Harry,Ferguson,66258874
James,ohairy,80112831
Charlotte,Smith,81301155
Harry,Angus,16513316
James,Angus,69865268
Beatrix,Mcintosh,65026824
Marc,Ferguson,45200069
