First Name,Last Name,Matriculation
Charlotte,Barry,57733420
James,Smith,77599342
Beatrix,ohairy,67490677
Marc,Barry,77131225
Lea,Smith,40019834
James,Angus,56806689
Beatrix,Barry,22382898
Charlotte,Mcintosh,33827286
Charlotte,Ferguson,50816108
Beatrix,Mcintosh,25163647
James,Ferguson,25437467
Charlotte,Mcintosh,80270026
James,Mcintosh,51778887
Charlotte,Angus,60987018
Charlotte,Barry,67394506
Lea,Barry,18831339
Charlotte,ohairy,89148319
Lea,Smith,76609062
James,Angus,35079556
James,Smith,31120037
Beatrix,Smith,52023586
Harry,Smith,20865736
Lea,Barry,88963127
Lea,Barry,50006946
Charlotte,Barry,76667308
Charlotte,Angus,79584687
James,Smith,18558581
Marc,Angus,14377875
James,Mcintosh,80650413
Lea,ohairy,88133075
Lea,ohairy,83897589
Charlotte,Barry,49260544
Harry,Angus,18800068
Harry,Barry,46503589
James,Ferguson,71816330
Harry,ohairy,63081304
Beatrix,Smith,67376585
Marc,Mcintosh,28129640
Marc,Barry,27093646
Harry,ohairy,74477304
Lea,Mcintosh,64819978
Harry,Barry,24705656
Charlotte,Ferguson,28699743
Marc,Ferguson,88441688
Beatrix,ohairy,39095899
Marc,Smith,68083568
James,Mcintosh,14811404
Beatrix,Barry,33199578
James,Ferguson,38397660
Charlotte,ohairy,75168250
James,Mcintosh,65578173
Harry,ohairy,30312393
Lea,ohairy,67079843
Marc,ohairy,33589066
Lea,Angus,71121305
Lea,ohairy,14389675
Harry,Mcintosh,48968350
Harry,Barry,31312719
Marc,Barry,33699707
Marc,Angus,28937601
Beatrix,Barry,78236781
Lea,ohairy,38908698
Marc,Barry,12698915
Beatrix,Smith,66583378
Charlotte,Ferguson,58027315
Beatrix,Mcintosh,53232239
Charlotte,ohairy,52244820
Harry,Barry,58930164
Beatrix,ohairy,63076148
James,Smith,61162310
James,Smith,51070156
Marc,Ferguson,14087431
Harry,Barry,13232043
Marc,ohairy,11482092
Lea,Barry,58315604
Charlotte,Barry,51602358
James,Angus,71447727
Marc,Smith,70137185
Lea,Smith,46003024
James,Mcintosh,83964394
Charlotte,ohairy,71482211
James,Angus,15230387
Harry,Angus,75734544
Harry,ohairy,10259186
Charlotte,Barry,37046900
Beatrix,Ferguson,38809718
Marc,Barry,16437824
Harry,Ferguson,66059905
Beatrix,Angus,10485269
Marc,Angus,15860096
Lea,Smith,19848726
Harry,Barry,88670034
Beatrix,Ferguson,19147310
Charlotte,ohairy,50640142
Marc,Angus,45106988
Beatrix,Smith,49492698
Beatrix,Barry,32906312
Charlotte,Mcintosh,58525875
Marc,Angus,56241557
Marc,Ferguson,14474527
