First Name,Last Name,Matriculation
Charlotte,ohairy,67253437
Marc,Ferguson,72354142
Beatrix,Mcintosh,82410226
Marc,Ferguson,76090868
Beatrix,Ferguson,84083248
Charlotte,Smith,49843985
Beatrix,ohairy,38686448
Marc,Ferguson,87613687
Beatrix,Barry,71753243
Beatrix,Smith,31561485
Charlotte,Angus,50260886
Lea,ohairy,47620403
Charlotte,Smith,72383828
Marc,Mcintosh,15536046
Charlotte,Barry,65996605
Lea,Angus,43708843
James,Barry,28634709
Harry,Smith,84935008
Marc,Mcintosh,56633519
Charlotte,Angus,11739577
Charlotte,Ferguson,72014317
Charlotte,ohairy,23772902
Harry,Smith,84591298
Beatrix,Smith,67574806
Lea,Mcintosh,72762074
Charlotte,Smith,44550180
James,Smith,81663140
James,Barry,25512934
Marc,Angus,70593314
Harry,Mcintosh,22276261
Harry,Ferguson,28539847
Harry,Smith,21068420
Charlotte,Ferguson,67493829
Lea,Angus,18468047
James,ohairy,34742562
James,Mcintosh,49612589
Charlotte,Mcintosh,59919582
James,Barry,64127833
Charlotte,Angus,69314372
James,Smith,22173600
Lea,Angus,44980785
Harry,Smith,62836523
Harry,Smith,58917358
Harry,ohairy,43293502
Harry,Barry,64444441
Beatrix,Mcintosh,52335078
Marc,Barry,74154668
Beatrix,Barry,83620557
Harry,Ferguson,48560073
Marc,Angus,23308154
Charlotte,Mcintosh,79347682
Marc,Ferguson,30792507
Beatrix,ohairy,69384093
Marc,Barry,39800755
Marc,Mcintosh,68960773
Beatrix,ohairy,20245394
Beatrix,Barry,44686627
Charlotte,ohairy,76543601
Harry,Angus,52554443
Lea,Barry,78524541
Lea,Ferguson,33510787
Lea,Barry,51466172
Beatrix,Barry,33171332
Beatrix,ohairy,40582883
Harry,ohairy,30997327
Lea,Ferguson,79476226
Lea,Angus,55206784
Harry,Smith,58085800
Lea,Angus,51626092
James,Mcintosh,86559570
James,Angus,13555648
Harry,ohairy,14899481
Harry,ohairy,72313515
James,Ferguson,54473197
Beatrix,Ferguson,13813084
Marc,Smith,20863206
Harry,ohairy,59704433
Marc,Ferguson,84078362
James,ohairy,77400204
Harry,Ferguson,66885156
Harry,Ferguson,46421082
Marc,Smith,21232134
Lea,Mcintosh,36525917
Lea,Mcintosh,33085956
James,Ferguson,62475319
Beatrix,Mcintosh,30286867
James,ohairy,60251519
Charlotte,Smith,64752490
Harry,Ferguson,67314398
Lea,Ferguson,63164168
James,Ferguson,20744898
Lea,Barry,52712179
Marc,Ferguson,54360207
Charlotte,Mcintosh,15615333
Charlotte,Angus,75408643
Charlotte,Mcintosh,67582788
Harry,Ferguson,51433261
James,Smith,41794922
Lea,ohairy,38881668
Harry,Barry,48951675
