First Name,Last Name,Matriculation
Charlotte,Ferguson,10806340
James,Angus,68115537
Marc,Ferguson,85941766
Beatrix,Smith,71568829
Lea,Angus,66453491
Beatrix,Mcintosh,53727794
Marc,Ferguson,54690380
Harry,Barry,75233877
Marc,ohairy,30502607
Lea,Ferguson,41888996
Beatrix,Barry,45623337
James,Mcintosh,29184175
James,Barry,79967308
Harry,Barry,78715264
Lea,ohairy,72218219
James,ohairy,10042295
James,Ferguson,23536967
Charlotte,Smith,77207538
Harry,ohairy,52043438
Charlotte,Mcintosh,66893487
James,Ferguson,37829556
Marc,Mcintosh,74280440
Beatrix,Smith,27191539
Charlotte,Angus,89719964
Marc,Ferguson,38011043
Marc,Angus,34874650
James,Ferguson,80846190
Marc,ohairy,68762943
Lea,Angus,59513855
Charlotte,Ferguson,11153249
Charlotte,Ferguson,50830238
Charlotte,Barry,62751482
Marc,ohairy,67242558
Marc,Angus,73115332
Lea,Ferguson,52507432
James,Barry,61345095
James,Ferguson,53018281
Beatrix,Ferguson,74955001
Harry,Angus,21171232
Lea,ohairy,46005250
Marc,Mcintosh,79961520
James,Angus,49323325
Charlotte,Mcintosh,36985232
Lea,Mcintosh,46050916
Charlotte,Angus,50677935
Beatrix,ohairy,49281374
James,Mcintosh,68016223
Marc,Smith,27750233
Marc,Smith,83834757
Lea,Angus,67511266
Marc,Mcintosh,17454590
Beatrix,Ferguson,60924507
Lea,ohairy,45321251
Harry,Smith,41524941
Beatrix,Mcintosh,87900316
Marc,Angus,69424040
Charlotte,Mcintosh,82418647
Charlotte,Angus,76169047
Marc,Angus,15698587
Marc,ohairy,64324963
Harry,Ferguson,29450185
Lea,Angus,51407772
Beatrix,Ferguson,70080167
Beatrix,ohairy,20813992
Charlotte,ohairy,17814060
Beatrix,Ferguson,41778795
Lea,ohairy,27147727
Charlotte,Mcintosh,21475126
Charlotte,Angus,59828771
Harry,Ferguson,12427180
Beatrix,Angus,65212212
Harry,Ferguson,70547552
James,ohairy,10274520
James,Ferguson,17681428
Charlotte,Smith,45962430
Marc,Angus,30650123
Beatrix,Angus,41896317
Charlotte,Angus,31547849
James,Mcintosh,10400120
Harry,ohairy,23147609
Beatrix,Mcintosh,70002387
Harry,Smith,83707267
James,ohairy,51894872
James,ohairy,41277109
Beatrix,ohairy,33151632
James,Mcintosh,68214236
Beatrix,Mcintosh,26573534
Lea,Barry,42354594
Charlotte,Smith,38109338
Beatrix,Smith,27273398
Beatrix,Angus,79123431
Charlotte,Barry,87754403
Charlotte,Angus,82736622
Marc,Angus,81550584
James,Angus,85549290
Lea,Barry,36807458
Marc,ohairy,74556402
Lea,Mcintosh,74254799
Charlotte,Ferguson,69453908
Harry,Ferguson,43808671
