First Name,Last Name,Matriculation
Beatrix,Ferguson,25566119
James,Barry,47642879
Charlotte,Smith,24159946
Marc,Ferguson,63991662
Marc,Smith,73449797
James,Smith,10223501
Marc,Barry,82623561
Lea,Barry,62089163
Beatrix,Smith,55828992
Marc,Ferguson,82322000
Beatrix,Smith,65116826
Harry,Smith,82253159
Beatrix,Smith,23325098
James,ohairy,60428921
James,Mcintosh,25983338
Marc,Ferguson,46467805
Harry,Angus,29006840
Marc,Angus,22839035
James,Barry,48390789
Lea,Ferguson,21509109
Beatrix,Smith,27728072
Lea,Smith,16575086
Harry,Angus,76829741
Charlotte,Barry,42965063
Lea,ohairy,26853528
Harry,Angus,73673763
Charlotte,Angus,12477776
Beatrix,Barry,78180903
Beatrix,Angus,88569814
Harry,Barry,60169722
James,Mcintosh,84701516
Harry,Mcintosh,20757765
James,Ferguson,30115719
Beatrix,Angus,34585969
Harry,Barry,45381155
Marc,Angus,53357917
Charlotte,Mcintosh,70906448
James,Mcintosh,28284042
Lea,Angus,89810406
Lea,Smith,71674392
Charlotte,Angus,24725400
Harry,Mcintosh,19300717
Harry,Smith,30194383
Lea,Smith,37609836
James,Ferguson,26641351
Marc,ohairy,62236928
Charlotte,Smith,14274063
Charlotte,Angus,20106055
Harry,Smith,42097981
Harry,Barry,34021591
Beatrix,Mcintosh,41735070
Lea,Barry,19615239
Beatrix,ohairy,86080999
James,ohairy,26555242
Marc,Smith,74789880
Beatrix,Mcintosh,62311498
Marc,Ferguson,22322336
Harry,Angus,89586476
Harry,Smith,81245171
Beatrix,ohairy,46468455
Lea,Barry,61832659
Lea,Ferguson,61247598
Lea,Angus,81969980
Harry,Mcintosh,34777000
Charlotte,ohairy,23948288
Lea,ohairy,15290631
Charlotte,Mcintosh,65089974
Harry,Ferguson,88268606
Lea,Angus,80687389
James,Mcintosh,23514950
Marc,Ferguson,61914103
Charlotte,Mcintosh,11284744
Charlotte,Barry,32757403
James,Mcintosh,46122959
Charlotte,Mcintosh,37654567
Harry,ohairy,16333454
Harry,Mcintosh,42957416
Marc,Barry,15396791
Charlotte,Angus,49966615
Charlotte,Smith,72151106
Harry,ohairy,58041261
Marc,Ferguson,32852071
Lea,Barry,43456359
Charlotte,ohairy,86926481
Marc,ohairy,51386388
Beatrix,Angus,73661924
Beatrix,Angus,84773497
Beatrix,Smith,23769490
Beatrix,Barry,72216657
James,Angus,66243845
Charlotte,Smith,71169459
Charlotte,ohairy,57035076
James,Mcintosh,83022589
Charlotte,Smith,39646170
Marc,ohairy,29742627
Marc,Smith,14530210
Harry,Smith,11918848
James,Mcintosh,68943846
Marc,Barry,78346055
Beatrix,Smith,71331015
