First Name,Last Name,Matriculation
Harry,ohairy,14511872
Lea,Barry,86897122
Harry,ohairy,45291062
Beatrix,Barry,88825240
Harry,ohairy,62755625
Beatrix,Smith,11962498
James,ohairy,69653115
Marc,Mcintosh,13083583
Marc,Ferguson,19820918
James,Barry,21647400
Beatrix,Angus,41058067
Beatrix,Ferguson,24568796
Charlotte,Mcintosh,78516957
Marc,Smith,49215883
James,Ferguson,44520185
Charlotte,Barry,62757956
Marc,ohairy,32096305
Harry,Angus,74245188
Marc,Ferguson,27921595
Beatrix,Smith,71607596
Lea,Angus,31634363
Beatrix,ohairy,30394512
Marc,Barry,14902036
Beatrix,Smith,72503803
Marc,Mcintosh,82836002
Harry,Ferguson,69570053
Charlotte,Smith,80255858
Harry,Mcintosh,62753761
Beatrix,Smith,63184132
Beatrix,Mcintosh,44556397
Marc,ohairy,45789617
Marc,Barry,33395493
Marc,Ferguson,33644986
Beatrix,Mcintosh,10958732
Marc,Barry,79043711
Charlotte,ohairy,89535785
James,Barry,36650834
Marc,Mcintosh,83348318
Harry,Smith,57761621
Charlotte,ohairy,49113412
Marc,Mcintosh,69924353
Charlotte,Mcintosh,63418308
Beatrix,Barry,87159174
Charlotte,Mcintosh,60929035
Charlotte,Ferguson,72826217
James,Angus,53383169
Charlotte,ohairy,10091177
James,Barry,45742708
Harry,Ferguson,71540022
James,Smith,81710485
Charlotte,Barry,75064332
James,Angus,65748882
Marc,Ferguson,63873678
Marc,Mcintosh,34151112
Charlotte,Mcintosh,82493599
Charlotte,Angus,86466656
Lea,Mcintosh,66016825
James,Mcintosh,45124746
Harry,ohairy,29529181
Lea,Angus,81044709
Beatrix,Ferguson,62298515
Harry,Barry,31308092
Marc,Ferguson,35134401
Lea,Angus,29231240
Harry,Angus,44788768
Charlotte,Mcintosh,47249700
Charlotte,ohairy,10643544
Marc,Smith,30535617
Lea,Mcintosh,83024058
Lea,Barry,68247462
Harry,Angus,17477761
Beatrix,ohairy,54898777
James,Barry,59028804
Marc,Angus,15260886
James,Angus,71679736
Lea,Mcintosh,20996004
James,Angus,32221233
James,Ferguson,66025789
Marc,Angus,30918778
Harry,Ferguson,62634952
James,Mcintosh,44120341
Marc,Barry,12054847
Lea,Mcintosh,86051979
Harry,ohairy,50277932
Lea,Smith,71791465
Beatrix,Ferguson,59416786
James,Smith,29621826
James,Mcintosh,11930659
Harry,Mcintosh,45511344
Lea,ohairy,81609452
Harry,Mcintosh,58846954
Harry,ohairy,80405753
Marc,Smith,72614377
Marc,Smith,66562880
Harry,ohairy,65052307
Harry,Ferguson,53121766
Marc,ohairy,52732519
Lea,Smith,45699756
Harry,ohairy,75117235
Charlotte,Ferguson,24991427
