First Name,Last Name,Matriculation
Charlotte,ohairy,71154484
Lea,Ferguson,40013665
Charlotte,Ferguson,68311965
James,Smith,65681166
Lea,Smith,11369884
Lea,Barry,25134223
Harry,Barry,64733236
Marc,Mcintosh,48925819
Beatrix,ohairy,68397400
James,Mcintosh,10115131
Harry,Angus,51501190
James,Barry,77846158
James,Ferguson,52770491
James,Ferguson,74158282
Beatrix,Barry,54403891
James,Angus,83264210
Charlotte,Ferguson,30717327
Charlotte,Smith,53982889
James,Barry,64558670
James,Ferguson,61237158
Charlotte,Mcintosh,70499528
James,Barry,63686300
Charlotte,Barry,61635079
Lea,ohairy,43430551
Harry,Ferguson,38153884
Charlotte,Barry,53085356
Beatrix,Smith,41823538
James,Smith,25232585
Charlotte,Ferguson,14105423
Marc,Ferguson,35255083
James,Angus,14050600
Harry,Ferguson,11611340
Charlotte,Angus,11744594
James,Ferguson,53573726
Lea,Smith,17030537
Beatrix,Angus,65500848
Harry,Ferguson,19192136
Marc,Smith,34603325
Beatrix,Angus,49326336
Lea,Ferguson,46448377
Charlotte,Barry,45531543
Marc,ohairy,60078341
Marc,Barry,61678212
Harry,Angus,89280284
Marc,Ferguson,52175880
Beatrix,Angus,16069538
Marc,Angus,45721212
Harry,Barry,65366462
Charlotte,Barry,58047179
Marc,Smith,60301578
Charlotte,Smith,43638076
Charlotte,Barry,68942982
James,Barry,56955790
Harry,ohairy,57840704
Harry,ohairy,50447204
Beatrix,Barry,26345786
Marc,Barry,81646361
Marc,Barry,11585192
Marc,Mcintosh,36810243
Harry,Angus,43815395
James,Mcintosh,30892524
Marc,ohairy,35586917
Beatrix,ohairy,26682352
Harry,Ferguson,27203457
Marc,Angus,19261085
Harry,Angus,45186098
Lea,Ferguson,29616940
Lea,Ferguson,48479002
Charlotte,Angus,69059505
James,Smith,49641203
James,Smith,40209528
James,ohairy,66051382
Charlotte,Angus,44933486
Beatrix,Ferguson,53339045
Marc,ohairy,66824407
Marc,Ferguson,50578560
Beatrix,Ferguson,51572221
Harry,Mcintosh,53490408
James,Angus,66065053
Harry,Smith,60334695
Lea,Barry,84487587
Harry,ohairy,29305599
James,Mcintosh,62362661
Marc,Smith,25325804
James,Angus,73283333
Lea,Mcintosh,23109161
Lea,Smith,19059947
James,ohairy,24335619
Marc,ohairy,53283723
James,Angus,51682758
Lea,ohairy,13681524
Lea,Angus,11716507
James,Ferguson,59783910
Marc,Angus,43075066
Marc,Angus,46201266
Beatrix,Barry,72785927
Lea,Angus,62817686
Marc,ohairy,11496354
Harry,Mcintosh,57743253
Lea,Mcintosh,75281290
