First Name,Last Name,Matriculation
Charlotte,Barry,43514732
James,Angus,81182454
Beatrix,Barry,77011253
James,Smith,41129695
James,ohairy,52902080
Harry,Smith,60955987
Beatrix,Barry,19148985
Charlotte,Angus,78476750
Marc,Barry,30743365
Lea,ohairy,49870732
Charlotte,Mcintosh,71861924
James,Barry,31914996
James,Barry,37178160
Harry,ohairy,32964384
Marc,Angus,23192492
Marc,Ferguson,63712269
Harry,Angus,71994873
Marc,Smith,50022932
Charlotte,Barry,80886994
Harry,Angus,60140012
Beatrix,Angus,62457822
Lea,ohairy,81201657
Harry,Ferguson,32107398
Harry,Angus,74922093
Marc,Angus,34055183
Marc,ohairy,85709801
Charlotte,Angus,79267980
James,Angus,80036207
Harry,Smith,68590884
Beatrix,Ferguson,61729876
Harry,Mcintosh,83295754
Beatrix,Smith,61342522
Marc,Ferguson,69932483
Lea,ohairy,55385806
James,ohairy,84196299
Harry,ohairy,24621034
Marc,Smith,13642779
Charlotte,Smith,65588125
Marc,Mcintosh,52635530
Harry,Smith,72824511
Marc,Angus,10554955
James,Mcintosh,85013345
Charlotte,Smith,34357482
Beatrix,Angus,18985658
Harry,Angus,30228977
Beatrix,Angus,73320388
Charlotte,Mcintosh,65602570
Beatrix,Ferguson,16238660
Lea,ohairy,48045652
Lea,ohairy,83238175
Lea,Angus,33063525
Marc,ohairy,41243180
Marc,Ferguson,28432268
Charlotte,Smith,21316939
Marc,Mcintosh,18538976
Beatrix,Barry,64349602
Marc,Ferguson,51731952
Marc,Mcintosh,15179760
Marc,Mcintosh,30399496
Harry,Angus,83504284
Harry,Smith,56264036
Charlotte,ohairy,27954081
Charlotte,Angus,27712044
James,Smith,45626683
Charlotte,ohairy,39329926
Beatrix,Smith,85759802
Beatrix,Smith,79751385
Charlotte,Smith,65497515
Lea,Mcintosh,27786282
Lea,Smith,47280245
Harry,Angus,45096981
Lea,Angus,85307639
Marc,Smith,30609178
Charlotte,Angus,62819106
Harry,Angus,85465771
Marc,ohairy,48263725
Lea,Mcintosh,26116834
Harry,Angus,67017417
Charlotte,Smith,80997835
James,Barry,63418057
Beatrix,Ferguson,28250678
Lea,Smith,81343027
Charlotte,Mcintosh,29461285
Charlotte,Angus,62488618
James,Smith,87375597
James,Smith,86116889
Marc,ohairy,37784340
Beatrix,Angus,43547197
Marc,Ferguson,30852183
Harry,Barry,21691170
Marc,Angus,29864878
Harry,Ferguson,74627175
Charlotte,Angus,46903357
Beatrix,Barry,32040615
Harry,Barry,76726016
Charlotte,Smith,27812224
Marc,Mcintosh,14407107
Harry,Barry,28950429
Charlotte,Ferguson,44217208
James,ohairy,16122176
