First Name,Last Name,Matriculation
Harry,Smith,38401051
Charlotte,Barry,21978135
Beatrix,Mcintosh,62036541
Harry,Barry,51361435
Marc,ohairy,25648108
James,Smith,66754266
Lea,Barry,89160613
Harry,Barry,87266967
Harry,Mcintosh,28112466
Charlotte,ohairy,43967863
Beatrix,Smith,38919733
Beatrix,Angus,74270625
Beatrix,ohairy,18452899
James,Ferguson,46428370
Beatrix,Barry,88625004
Charlotte,ohairy,45148116
Harry,ohairy,83476128
Beatrix,ohairy,45435781
Harry,Barry,34368834
James,ohairy,75970546
Lea,Mcintosh,73154862
Beatrix,Barry,65332466
Marc,ohairy,24400977
Beatrix,Barry,26133705
Harry,Ferguson,59124444
Marc,Smith,83278288
James,Angus,43646956
Charlotte,ohairy,55518002
Charlotte,Barry,38016942
Beatrix,Mcintosh,77001018
Beatrix,Angus,28656143
Beatrix,Angus,48523778
Charlotte,Barry,22342427
Charlotte,Smith,39989536
Marc,Barry,60125315
Marc,Barry,71818737
Charlotte,Ferguson,71713310
Lea,Ferguson,82370957
Beatrix,Mcintosh,48560198
Harry,ohairy,33572649
Lea,ohairy,85412790
Harry,ohairy,11570865
Lea,Barry,71800455
Charlotte,Smith,39718772
Lea,Mcintosh,86370459
Charlotte,Mcintosh,28048899
James,Ferguson,72029164
Harry,Barry,43193219
Charlotte,Mcintosh,83326223
Harry,Ferguson,17021840
Lea,Mcintosh,14732203
Charlotte,Angus,71241402
James,Mcintosh,68648914
Harry,ohairy,57487812
Marc,Barry,30380399
Charlotte,Barry,82610465
Marc,ohairy,21689653
James,ohairy,47777267
James,ohairy,44603588
Harry,Ferguson,38370014
Lea,ohairy,66021798
James,ohairy,63441421
Harry,Angus,80650381
Lea,ohairy,49535362
Harry,ohairy,69407813
James,Angus,32324285
Beatrix,Mcintosh,77827859
Marc,Angus,81631907
Harry,Angus,57577457
Marc,Barry,33910425
Marc,Smith,60417355
Marc,Mcintosh,31341749
Lea,Barry,74232837
Marc,ohairy,40055640
Charlotte,Ferguson,29391202
Marc,Ferguson,23514664
Charlotte,ohairy,80554396
James,Angus,78916750
Lea,ohairy,48142547
Beatrix,Smith,71228281
Lea,Angus,33227167
Beatrix,Ferguson,32619590
Lea,Angus,85268811
Charlotte,Smith,82199167
Beatrix,Smith,71163037
Lea,Ferguson,48703325
Charlotte,Angus,64339941
Harry,Barry,20373185
Marc,Barry,15767187
Harry,Ferguson,64273250
Lea,Mcintosh,23658312
Harry,Mcintosh,88679724
Charlotte,Barry,30999168
Marc,Smith,86940688
Beatrix,ohairy,88590188
Harry,Mcintosh,63086061
James,ohairy,48103933
Harry,Mcintosh,12287996
Charlotte,Barry,28203350
Charlotte,Smith,25929865
