First Name,Last Name,Matriculation
Lea,Smith,63068702
Beatrix,Barry,54404667
Beatrix,Barry,40490378
Marc,Smith,50200677
Charlotte,Angus,36726148
James,Ferguson,24792847
Lea,Barry,44947064
Marc,Mcintosh,89683032
Marc,Ferguson,82103955
Harry,ohairy,60077206
Harry,Angus,53594182
Beatrix,Ferguson,53145159
Harry,ohairy,55644462
Beatrix,Angus,71737453
James,Ferguson,56305968
Lea,Ferguson,84679196
Lea,Barry,18206448
Charlotte,Mcintosh,49071950
James,ohairy,85765501
Beatrix,ohairy,16483883
Charlotte,Angus,21414536
Harry,Mcintosh,61898368
Marc,Angus,79731458
Lea,Smith,51669790
Harry,Ferguson,88446802
Marc,Angus,73097476
Marc,ohairy,23011036
Charlotte,ohairy,47829112
James,Angus,89358683
Marc,Smith,81253327
Marc,Barry,58407272
Marc,Angus,22889494
Beatrix,Barry,69370304
Lea,Mcintosh,26767694
Lea,Ferguson,28000266
Beatrix,Smith,66974168
Beatrix,Ferguson,15575230
Beatrix,Mcintosh,57764558
Harry,Mcintosh,78954236
Lea,Smith,18389308
Beatrix,Angus,58382910
Charlotte,Barry,24177902
Harry,Ferguson,59357893
Beatrix,Smith,86634174
Marc,Angus,69703830
Marc,Smith,14729722
Lea,Ferguson,20464239
Lea,Ferguson,85813524
Harry,Angus,24524204
Marc,ohairy,59585632
Beatrix,Mcintosh,56556400
Harry,Smith,59313197
Lea,Angus,63114118
Charlotte,Mcintosh,15185754
Beatrix,Mcintosh,31175538
Harry,Smith,79259985
Marc,Angus,13189509
Charlotte,ohairy,80198018
James,Smith,71189387
Beatrix,ohairy,24207551
Beatrix,Smith,55511450
James,ohairy,57252184
Charlotte,ohairy,59544716
Charlotte,Smith,61318262
Beatrix,Smith,88519183
Beatrix,Mcintosh,28810781
James,Angus,54005808
James,Smith,87622867
Harry,Smith,35832420
James,Ferguson,31208447
Charlotte,Barry,89827925
Marc,Angus,21983380
Charlotte,Ferguson,88846622
Beatrix,ohairy,24804373
Harry,Ferguson,82940310
Beatrix,Angus,26880037
Marc,Barry,42655525
James,ohairy,23623377
Beatrix,Angus,88821541
James,Smith,69949013
Lea,Angus,73314220
James,Ferguson,63345815
Charlotte,Angus,60401328
Beatrix,ohairy,59206182
James,Angus,14494086
Marc,Barry,47531495
Marc,ohairy,83734331
Harry,Angus,11873010
Charlotte,ohairy,34999237
James,Angus,52522981
Harry,Mcintosh,33408322
Beatrix,Ferguson,28499231
Charlotte,Mcintosh,55732184
Charlotte,Smith,70172663
Beatrix,Angus,20216669
Harry,Ferguson,40759664
Beatrix,Ferguson,55708961
Marc,Angus,31376023
Marc,Mcintosh,59848870
Harry,Ferguson,70973293
