First Name,Last Name,Matriculation
James,Ferguson,30895785
Lea,Smith,84383121
Charlotte,Angus,28292308
James,Barry,54843444
James,Ferguson,64595519
Harry,Ferguson,13227694
Marc,ohairy,32357471
James,Ferguson,37980098
Charlotte,ohairy,48534952
James,ohairy,36828267
Marc,Mcintosh,44911240
Beatrix,Mcintosh,61697336
Marc,ohairy,28801270
Charlotte,Ferguson,51637237
Charlotte,Ferguson,44650920
Harry,Smith,33090636
Beatrix,Mcintosh,77476957
James,Barry,24032405
Lea,ohairy,54718125
Beatrix,ohairy,37022332
Beatrix,ohairy,42618276
James,Angus,39808301
Lea,Angus,68118787
Marc,ohairy,55450085
Harry,Mcintosh,21334104
Beatrix,Mcintosh,57099868
Marc,ohairy,36053257
Beatrix,ohairy,32533386
Charlotte,Angus,37978543
Marc,Smith,88869441
Lea,Angus,11963305
Harry,Angus,80408769
Beatrix,ohairy,58267891
James,Ferguson,79901570
Beatrix,Barry,34159226
Charlotte,Barry,54079172
Lea,Barry,42144414
Beatrix,Barry,14297478
Lea,Smith,84889746
James,ohairy,50696623
Lea,Ferguson,61476388
Charlotte,Angus,46276516
Beatrix,Mcintosh,60618796
Marc,ohairy,60934324
Marc,ohairy,74231035
Beatrix,Barry,65349303
James,Barry,33339924
Beatrix,ohairy,76435248
Harry,Smith,89617797
Beatrix,Barry,53943684
James,Ferguson,50728601
Marc,Angus,25637031
Beatrix,Barry,43496325
James,ohairy,81966041
Marc,Barry,70258239
Marc,Smith,50489217
Harry,ohairy,83217405
Lea,Angus,58956935
Marc,Smith,17126233
Charlotte,Angus,67206631
Harry,Mcintosh,74257717
Charlotte,Mcintosh,20750292
Charlotte,Barry,85092236
Beatrix,Angus,54681196
Harry,ohairy,18253830
Beatrix,Angus,25787067
Charlotte,Smith,34664709
Charlotte,Mcintosh,23008875
Charlotte,ohairy,33042500
Beatrix,Mcintosh,68437487
Beatrix,ohairy,44291664
James,Barry,84046528
Harry,ohairy,52274106
Lea,Mcintosh,86927290
Marc,ohairy,77385920
Beatrix,Ferguson,24936045
Harry,Mcintosh,89885272
Lea,Angus,72971854
Lea,Ferguson,87730825
James,Mcintosh,41091398
Charlotte,ohairy,20355448
Lea,Smith,83054402
Marc,Barry,18918767
Harry,Barry,43364609
Lea,Mcintosh,85183177
Harry,Angus,11965211
Lea,Mcintosh,48165498
Charlotte,Smith,16539535
Beatrix,ohairy,42449302
Charlotte,Mcintosh,65928344
Charlotte,Angus,22915590
Beatrix,Smith,47507585
Beatrix,Mcintosh,10565716
Charlotte,Barry,52284849
Charlotte,Smith,39702792
Charlotte,Mcintosh,20196033
Lea,ohairy,89386215
Lea,Smith,41385798
Lea,ohairy,41790600
Beatrix,Barry,72271986
