First Name,Last Name,Matriculation
Beatrix,ohairy,79441443
Beatrix,Ferguson,41662797
Lea,Mcintosh,41397071
Marc,Angus,79212262
Marc,ohairy,38145187
James,ohairy,24918621
Marc,Mcintosh,66271878
Lea,Smith,68528582
Harry,Barry,47468612
Beatrix,Ferguson,22216761
Harry,Barry,55524490
Beatrix,Barry,31508015
Harry,Mcintosh,73331465
Charlotte,Mcintosh,60931801
Lea,Barry,55174534
Beatrix,Mcintosh,40918961
James,Angus,60416968
Lea,Mcintosh,10226726
Lea,Barry,49212434
Marc,Ferguson,17801015
Lea,Barry,57408171
James,ohairy,20555955
Lea,Mcintosh,23728160
Marc,ohairy,52966388
Harry,Angus,35207616
Marc,Smith,16611756
Harry,Angus,57236778
Lea,Ferguson,87375951
James,Mcintosh,69781715
Beatrix,Mcintosh,68241373
Marc,Mcintosh,63316611
James,Mcintosh,20005062
Harry,Angus,58314986
Charlotte,Ferguson,24095974
Charlotte,Smith,47736420
Beatrix,Barry,56162481
James,ohairy,38027639
Beatrix,Smith,50226279
Lea,Ferguson,17064489
Marc,Smith,79673628
James,ohairy,57548043
Lea,Smith,63583287
Lea,ohairy,77391818
Harry,ohairy,27225364
Charlotte,Smith,29832912
Charlotte,Smith,65836956
James,ohairy,65031549
James,Mcintosh,59669806
Marc,Ferguson,44498696
Lea,Mcintosh,43574445
Lea,Angus,74039486
Charlotte,Mcintosh,85565897
James,Ferguson,60240394
Beatrix,Mcintosh,37050191
Beatrix,Ferguson,86343877
Marc,Angus,50068016
Lea,Angus,37125265
Beatrix,Mcintosh,36873447
Marc,Mcintosh,51968529
Lea,Mcintosh,89867860
Marc,Mcintosh,49626011
Beatrix,Smith,41053257
Lea,Ferguson,45232284
Harry,Smith,47599802
Marc,Smith,51423454
Harry,Smith,19027005
Lea,Mcintosh,18494551
Lea,Smith,82806028
James,Smith,54215795
Charlotte,Angus,58808916
Charlotte,Ferguson,89693669
Harry,ohairy,87829754
Lea,Smith,49081284
Marc,Smith,65365553
Beatrix,Smith,86697761
James,Smith,48703895
Lea,Smith,18204548
Lea,Angus,12761239
Beatrix,Smith,24372020
Beatrix,Ferguson,14102608
Lea,Ferguson,46725440
Charlotte,Smith,17487785
Charlotte,Angus,48216881
Lea,ohairy,45701651
Charlotte,Smith,60041826
Lea,Smith,33456277
James,Barry,77766363
Lea,Angus,47958125
Beatrix,Mcintosh,34851437
Beatrix,ohairy,45046191
Charlotte,Angus,35445937
Harry,ohairy,56790828
James,Smith,87989383
Marc,Barry,80607182
Marc,Angus,89209308
Beatrix,Barry,48467902
James,Smith,46381284
Lea,Ferguson,38799996
Lea,Smith,72455656
Lea,Mcintosh,83303358
