First Name,Last Name,Matriculation
Harry,Ferguson,44591975
Beatrix,Barry,72180918
James,Smith,80169313
Lea,Barry,87635865
Lea,Mcintosh,12123183
Beatrix,Smith,43190496
Charlotte,Mcintosh,30188698
Beatrix,Smith,12921232
Harry,Barry,15871174
Harry,Smith,39524173
Marc,Smith,19186996
Beatrix,Smith,57885996
Charlotte,Angus,25714971
Beatrix,Angus,70664809
Marc,Mcintosh,12620012
Lea,Barry,84031876
Beatrix,Mcintosh,21458523
Charlotte,Mcintosh,55211777
James,Barry,32653129
Charlotte,ohairy,51963248
Beatrix,Mcintosh,74083064
Charlotte,Angus,58069684
Harry,Barry,16124813
Charlotte,ohairy,81658890
Lea,Ferguson,46544789
Harry,Ferguson,71896157
Harry,ohairy,79231763
James,Barry,85895683
Charlotte,Barry,37686798
Lea,Angus,47921060
Harry,Ferguson,66455704
James,Mcintosh,13885053
Charlotte,Barry,24725653
Lea,Angus,22030063
Harry,ohairy,19211871
James,Barry,55063718
Lea,Angus,71586863
Lea,Angus,17469255
Beatrix,ohairy,74651484
Beatrix,Mcintosh,37520905
Beatrix,Barry,19650495
Beatrix,Barry,77648821
Charlotte,Mcintosh,86966337
Lea,ohairy,45377299
Beatrix,Barry,72555626
Marc,Ferguson,83791560
Beatrix,Smith,40291065
James,Ferguson,56493329
Beatrix,Barry,60301076
Beatrix,Angus,65010238
Lea,Angus,20854217
Harry,Mcintosh,76619689
Lea,Smith,53488415
James,Barry,18376773
Beatrix,Mcintosh,67295020
James,Angus,23055174
Beatrix,Smith,10314684
Charlotte,Mcintosh,12758964
Harry,Angus,82439270
James,Barry,80645020
Lea,Mcintosh,27065680
Charlotte,Ferguson,52330123
Lea,Angus,79717396
Lea,Mcintosh,60525902
Harry,Barry,57438796
James,Smith,66037201
Marc,Mcintosh,42844062
James,Angus,33788863
Harry,Barry,60805711
Lea,Smith,84202725
James,Mcintosh,79959071
Harry,Mcintosh,10648073
Lea,Ferguson,51355601
Lea,Mcintosh,71224705
Beatrix,Smith,75929592
James,Mcintosh,39247473
Beatrix,Ferguson,42561420
Beatrix,Angus,71571853
Harry,Mcintosh,66870234
Harry,Barry,34317918
Lea,Smith,17386447
Harry,ohairy,88865285
James,Mcintosh,56858041
Marc,Smith,15835721
Lea,Mcintosh,78820633
James,Ferguson,70398785
James,ohairy,31820122
Beatrix,Angus,33186038
Lea,Ferguson,23997618
Marc,Angus,80239258
Beatrix,Angus,62180607
James,Mcintosh,20478228
Lea,Angus,14100533
Lea,Ferguson,57153347
Charlotte,Mcintosh,36282796
Lea,Angus,14640112
Harry,Angus,81838605
James,Ferguson,54857696
James,ohairy,88921684
Harry,Smith,37936579
