First Name,Last Name,Matriculation
Beatrix,Angus,18915349
James,Smith,72285515
Harry,Angus,17978553
Lea,ohairy,86537608
Harry,Mcintosh,88879482
Marc,Ferguson,27549586
Marc,Angus,19420379
Beatrix,ohairy,75444889
Harry,Ferguson,43839934
Marc,Mcintosh,30638579
Charlotte,Barry,57728958
Harry,Smith,87705372
James,Smith,64622540
Lea,Angus,78936951
Lea,Barry,48685492
James,Smith,22506649
James,Smith,81375433
Beatrix,Smith,86708416
Marc,Smith,50514568
Marc,Mcintosh,69801160
James,Ferguson,35698475
Harry,Ferguson,20354336
Lea,ohairy,71441390
Lea,Angus,58145757
James,ohairy,25830109
Harry,ohairy,63973674
James,Barry,18602861
Charlotte,Barry,61703762
Charlotte,Angus,66523467
Lea,Barry,51459120
Charlotte,Barry,21070363
Charlotte,ohairy,34490898
Lea,Mcintosh,37688112
James,Smith,21409797
James,Smith,45465558
Beatrix,ohairy,61494067
Marc,Smith,21816875
Charlotte,Barry,48664511
Charlotte,Smith,44409533
James,Angus,64411843
Marc,Angus,30012548
Harry,Mcintosh,67221358
Beatrix,Barry,26073750
Charlotte,Smith,22270340
Charlotte,Mcintosh,80258286
Lea,Angus,13602694
Lea,Ferguson,14794915
Charlotte,Smith,36220325
Harry,ohairy,79787593
James,Ferguson,56012008
Marc,Smith,41023521
James,Barry,43071142
James,Angus,22997968
Marc,Angus,58020076
Marc,Ferguson,83585340
Beatrix,Smith,33539175
Lea,Barry,32502957
Marc,Smith,85407303
Harry,Barry,46302690
Charlotte,Barry,26369153
Harry,Ferguson,81088322
Marc,Ferguson,19948730
Beatrix,Smith,69010928
Marc,Angus,79744139
Lea,Angus,42105259
Harry,Ferguson,78927341
Harry,Smith,70125447
Charlotte,Angus,47604833
James,Ferguson,27670558
Marc,Barry,21303918
Lea,Mcintosh,87896525
James,Angus,36653217
Marc,Ferguson,34889598
Harry,Ferguson,22289331
Charlotte,Ferguson,48070430
Marc,Angus,25529937
Charlotte,ohairy,58953924
Harry,Barry,17649442
Charlotte,Barry,56437298
Harry,Mcintosh,77130573
James,Angus,63903863
Charlotte,Smith,41391976
Beatrix,Angus,86580002
Charlotte,Mcintosh,76050847
Harry,Mcintosh,23256403
Marc,ohairy,80980867
Lea,Ferguson,11979700
Lea,Ferguson,38598825
Marc,Barry,11860334
Harry,Ferguson,70288987
Harry,Angus,29432675
Beatrix,Smith,47869202
Beatrix,Angus,47213684
Charlotte,ohairy,26099375
James,Mcintosh,34128818
Beatrix,Barry,67300955
Beatrix,Barry,13275648
James,Ferguson,24829811
Harry,ohairy,71566340
Lea,Mcintosh,17127624
