First Name,Last Name,Matriculation
Lea,Ferguson,82639562
Beatrix,Mcintosh,89544200
Beatrix,Mcintosh,49792371
Lea,Ferguson,68709395
Marc,ohairy,88258955
Marc,ohairy,48405918
Charlotte,Barry,84369473
Beatrix,Angus,32454464
Harry,Barry,46163324
Charlotte,Barry,23695103
Lea,Ferguson,25082948
Charlotte,Barry,37997590
Beatrix,Angus,73406408
Harry,Mcintosh,33456104
Charlotte,Smith,55953174
James,Smith,36934344
Charlotte,Barry,75969962
Charlotte,Ferguson,30530891
Marc,Angus,10126823
Beatrix,Angus,37347313
Beatrix,ohairy,87831972
Beatrix,ohairy,14429403
Beatrix,Angus,87682686
Charlotte,Barry,79748280
James,ohairy,74104408
James,ohairy,25887062
Charlotte,Mcintosh,77159155
James,Angus,57343712
Lea,Smith,11773599
James,Ferguson,88767148
Beatrix,Ferguson,28259454
Beatrix,Smith,35918068
Harry,Ferguson,20551200
Harry,Barry,61417319
Beatrix,Ferguson,29782633
Lea,Angus,45660187
Charlotte,Smith,69994183
Marc,Barry,56168533
Lea,Barry,44179814
Lea,Barry,58822041
Marc,Barry,44611495
Beatrix,Smith,56040383
Marc,Barry,88778434
Harry,Mcintosh,68894703
Beatrix,Ferguson,12892977
Marc,Barry,14564475
Lea,Barry,82821546
Harry,Barry,37721699
James,Ferguson,38286523
James,Barry,18112005
Charlotte,Smith,29587848
Lea,ohairy,81584417
James,ohairy,30356660
Marc,Angus,70437632
Charlotte,ohairy,24758729
Charlotte,Smith,56001044
Beatrix,Mcintosh,42611760
Charlotte,ohairy,69101085
James,Ferguson,43360883
Marc,Angus,11288595
Marc,ohairy,25744392
James,Angus,12571899
James,Angus,44471082
James,Barry,27067266
Charlotte,ohairy,12091347
Harry,Mcintosh,32686426
Marc,Mcintosh,43120610
Beatrix,Ferguson,80476821
Marc,Mcintosh,56330699
Harry,Ferguson,47679565
Marc,Barry,80601355
Charlotte,Angus,81487250
Beatrix,Barry,21713432
Beatrix,Angus,46077386
Charlotte,Angus,85321257
Charlotte,Ferguson,20415968
Lea,ohairy,85838836
Harry,Mcintosh,84618199
James,ohairy,84682455
James,Smith,38895749
Charlotte,Ferguson,68649102
Lea,Mcintosh,15582533
Beatrix,Barry,23631946
Marc,Mcintosh,87390763
Charlotte,Smith,81391668
Lea,Smith,63791417
Charlotte,ohairy,50195132
Harry,Angus,48090872
Marc,Barry,64503453
Lea,Barry,19806879
Marc,Smith,76941486
Beatrix,ohairy,54966006
Beatrix,Angus,73777260
James,ohairy,40249987
James,Barry,43014796
Charlotte,Angus,44582866
Charlotte,Mcintosh,84244670
James,Smith,26081029
Lea,Barry,88440722
Lea,Barry,71267687
