First Name,Last Name,Matriculation
James,ohairy,29901255
Marc,Mcintosh,75629197
Lea,Barry,20138920
Charlotte,Angus,38135414
James,ohairy,47631190
Beatrix,Smith,25726128
Beatrix,Angus,11603527
Harry,Angus,65775143
Marc,ohairy,10634395
Marc,Barry,61277324
Lea,ohairy,56971257
Marc,ohairy,79639232
Harry,Angus,72351081
James,Smith,66164619
Harry,Ferguson,56142893
James,Mcintosh,36717635
Beatrix,ohairy,68224254
Harry,Smith,52345798
Harry,Ferguson,78626972
James,Angus,63467101
Beatrix,Barry,44596197
Beatrix,Smith,87291172
Beatrix,Ferguson,11747558
Harry,Mcintosh,68635709
James,Ferguson,31644503
Lea,Angus,55024372
Beatrix,Mcintosh,22079961
Marc,Mcintosh,12829799
Marc,Angus,10002101
Lea,Angus,79310124
Charlotte,Barry,17428970
James,Ferguson,38924455
Beatrix,Ferguson,63166709
James,Ferguson,56978510
Harry,Mcintosh,62171272
Lea,Smith,67078813
Harry,Ferguson,83470419
Harry,Smith,56325994
James,Ferguson,79767844
Harry,Mcintosh,62549411
Lea,Angus,71237332
Charlotte,Mcintosh,37512386
Charlotte,Ferguson,31091082
Lea,Ferguson,83700834
Marc,Mcintosh,67746953
James,Mcintosh,38804033
Charlotte,Mcintosh,76595287
James,Mcintosh,44889667
Charlotte,Ferguson,61875227
Marc,Mcintosh,34636789
Charlotte,Mcintosh,12398806
Beatrix,Angus,49005455
Charlotte,Ferguson,48186378
Marc,ohairy,58136222
Marc,Barry,63912871
James,Angus,62315735
James,Barry,72071546
Beatrix,Mcintosh,87096739
Lea,Smith,59694863
James,ohairy,63986684
Lea,Ferguson,22555231
Charlotte,ohairy,20002975
Lea,Smith,77728842
Harry,Angus,60121648
Marc,ohairy,83297649
Lea,Angus,63534274
James,Mcintosh,74123415
Marc,Mcintosh,52101026
Beatrix,Barry,25366023
Beatrix,Ferguson,20696827
Beatrix,Smith,39485214
Lea,Smith,56942370
Harry,Mcintosh,30244012
Charlotte,Smith,32429530
Harry,Ferguson,35448679
Lea,Barry,15584625
Lea,Barry,35372200
Marc,Ferguson,70586518
Marc,Barry,84130639
Harry,Angus,58326169
Harry,Smith,23964077
James,Ferguson,58395312
Charlotte,Angus,25259921
Beatrix,Mcintosh,74120455
James,Smith,51907841
James,Smith,17811850
Marc,Mcintosh,29373239
Harry,Angus,85332632
Marc,Barry,10087994
Charlotte,Smith,27542390
Charlotte,Barry,80384613
Marc,Barry,27702821
Lea,Smith,54500123
Lea,Ferguson,31417974
Lea,Mcintosh,72179993
Lea,Mcintosh,71687971
Beatrix,Mcintosh,83966522
Beatrix,ohairy,20002778
Marc,Barry,27940708
Marc,ohairy,22171801
