First Name,Last Name,Matriculation
Harry,ohairy,39003985
James,Angus,83104586
James,Smith,57265732
Harry,Barry,15146139
Beatrix,Angus,28829107
James,Smith,56645611
Lea,Smith,40075808
Marc,Smith,57166049
James,Ferguson,49695767
Lea,Barry,28314529
Charlotte,ohairy,39586544
Harry,Ferguson,54874709
Charlotte,Smith,13478955
Harry,Angus,25045728
James,ohairy,46869233
Marc,Smith,20433027
Harry,Ferguson,56800702
Harry,Mcintosh,46922943
Charlotte,Mcintosh,40746079
Marc,Mcintosh,15636060
James,Angus,75927522
James,Barry,61607086
Beatrix,Mcintosh,72596578
James,Ferguson,24258743
Lea,Smith,71591305
Beatrix,Ferguson,87308672
Marc,Smith,35264941
Beatrix,Angus,10890523
Lea,Barry,63469905
Charlotte,Smith,20043270
Harry,Barry,88162471
Marc,ohairy,57947905
Beatrix,Ferguson,66073505
Charlotte,Angus,54029399
James,Mcintosh,60177928
Charlotte,Angus,88889885
Charlotte,Barry,59430028
James,Barry,79793260
Lea,Ferguson,46341851
Marc,Ferguson,40660791
Charlotte,Smith,15875117
Beatrix,Barry,75647058
Marc,Ferguson,41357530
Charlotte,Mcintosh,14178836
Marc,Ferguson,40413890
James,Mcintosh,75958042
Lea,Smith,33600584
Lea,Ferguson,19554975
Marc,Mcintosh,57048671
Beatrix,Ferguson,37855817
Lea,ohairy,41249614
Marc,Smith,50927156
James,ohairy,17074128
Charlotte,Mcintosh,17112298
Harry,Mcintosh,33471905
Harry,Smith,11069254
Harry,Ferguson,41020118
Harry,Mcintosh,63366029
James,Barry,30569579
James,Mcintosh,31126349
Charlotte,Smith,60408584
Marc,Mcintosh,76471127
Charlotte,Ferguson,12309277
Lea,ohairy,35633969
Harry,Ferguson,54717283
Lea,Smith,50606628
Beatrix,ohairy,86668448
Charlotte,Ferguson,59242884
Lea,Ferguson,35349094
James,Smith,79719960
Marc,Smith,60932924
Beatrix,Smith,84714562
Charlotte,Mcintosh,37484297
Beatrix,Ferguson,22964907
Beatrix,Barry,24799835
Charlotte,Mcintosh,14481777
Lea,Angus,13936773
Beatrix,Barry,30294514
Charlotte,Smith,37864930
Marc,Smith,11293604
Lea,Smith,45208815
Lea,Angus,22386304
Beatrix,Mcintosh,82561999
Marc,ohairy,66079714
Charlotte,ohairy,26184363
Beatrix,ohairy,67011355
Lea,Angus,27745128
James,Smith,86287226
Marc,Angus,44718253
Beatrix,Smith,14640042
James,Barry,13820047
James,Barry,33078714
Beatrix,ohairy,80245415
Harry,Barry,42527155
Charlotte,Smith,49512970
Marc,Smith,53469134
James,Smith,22366631
James,ohairy,13548845
Harry,Angus,49686352
Harry,Mcintosh,37074197
