First Name,Last Name,Matriculation
Lea,Angus,43901930
Harry,Mcintosh,18095916
Charlotte,Angus,31593572
Harry,Mcintosh,43950317
Harry,Smith,30935425
Charlotte,Smith,88945094
Marc,Barry,19986389
Charlotte,Barry,40607186
Charlotte,Angus,45375699
Marc,Angus,29209611
Harry,Smith,17242283
James,ohairy,23047056
Lea,Smith,40826838
Lea,Angus,50090164
Harry,Barry,72907760
Beatrix,Ferguson,16667088
Marc,Smith,22784993
Beatrix,Angus,43440781
Beatrix,Mcintosh,72145106
Marc,ohairy,11862322
Lea,Smith,52002068
Charlotte,Smith,72920888
James,Smith,54766413
Beatrix,Angus,19346129
Charlotte,Angus,23102008
Harry,Ferguson,46468221
Marc,Mcintosh,31414090
Harry,Barry,71961275
Harry,Mcintosh,80851888
Beatrix,Ferguson,66873330
Lea,Ferguson,33589122
Marc,Ferguson,46035646
Beatrix,Mcintosh,13454216
Charlotte,ohairy,58000451
Marc,ohairy,54840751
Beatrix,ohairy,17455351
Lea,Smith,11743829
Marc,ohairy,49814857
James,Mcintosh,13430524
Marc,Angus,77619449
Harry,Mcintosh,46737172
James,Mcintosh,72127508
James,Ferguson,32640328
Harry,Smith,60443562
Marc,Mcintosh,38519085
Charlotte,ohairy,33070336
James,Barry,60710187
Harry,Barry,48383379
Marc,Mcintosh,78533288
Charlotte,Mcintosh,68327579
James,Barry,89644224
Beatrix,Angus,67903090
Harry,Mcintosh,22592402
Beatrix,Smith,51051616
James,ohairy,89569454
Charlotte,Ferguson,43982791
Harry,Ferguson,61697122
Marc,Ferguson,42407861
Lea,Mcintosh,84326470
Charlotte,Smith,13534254
Harry,Barry,21706789
Beatrix,Ferguson,11791583
Harry,Smith,37372793
Lea,Mcintosh,85392307
Harry,Ferguson,63362105
James,Ferguson,19794909
James,ohairy,76557994
Charlotte,Mcintosh,70996800
Lea,Smith,81619519
Beatrix,Smith,77939917
Charlotte,ohairy,61461224
Lea,Mcintosh,55186079
Marc,Angus,36633946
Charlotte,Angus,68079548
Lea,Mcintosh,31389350
Charlotte,Smith,20314279
Beatrix,Ferguson,67686786
Harry,ohairy,18175977
Beatrix,Smith,45072246
James,Ferguson,71174014
Lea,Mcintosh,77466850
Lea,Mcintosh,34258768
Marc,Angus,43657031
Lea,Ferguson,51874483
James,Angus,44507503
Beatrix,Angus,43771639
Harry,Angus,35709653
Lea,Mcintosh,75704555
Lea,ohairy,71776057
James,ohairy,49738196
Marc,Mcintosh,16322347
Charlotte,Mcintosh,52843760
James,Angus,23393261
Beatrix,ohairy,16361460
Beatrix,Angus,89643615
James,Barry,86923256
Beatrix,Smith,29502150
James,Angus,24483531
Harry,ohairy,25597528
Marc,Ferguson,44086467
