First Name,Last Name,Matriculation
James,Angus,52471588
Harry,Ferguson,79648076
Marc,Angus,72326590
Beatrix,Smith,66655431
Marc,Ferguson,20555933
Harry,Barry,61262594
Charlotte,Barry,52575915
Marc,ohairy,19706223
Beatrix,Ferguson,50501702
Charlotte,Ferguson,59691990
Marc,Smith,33014520
Harry,Barry,34269699
Charlotte,Ferguson,59591825
Charlotte,Mcintosh,28471980
Marc,ohairy,47411076
Beatrix,Mcintosh,23256844
James,ohairy,55281920
Charlotte,Smith,10346218
Charlotte,Angus,49228035
Beatrix,Mcintosh,59984152
Charlotte,Smith,28981982
Marc,Barry,57152427
Beatrix,Ferguson,53248335
Lea,Smith,20670828
Beatrix,Mcintosh,77206456
Marc,Mcintosh,68280126
Lea,Mcintosh,25997246
Beatrix,Angus,27258891
James,Ferguson,30283453
Charlotte,Mcintosh,17109293
Charlotte,Mcintosh,64778130
Beatrix,Ferguson,17717066
James,Ferguson,58808016
Lea,Smith,64812030
James,Smith,58863651
Marc,Mcintosh,27027688
Harry,ohairy,18135319
Harry,ohairy,40170360
Marc,Smith,36765833
Beatrix,Mcintosh,28745373
Charlotte,Ferguson,77505681
James,Angus,13006782
Beatrix,Smith,30790075
Charlotte,Angus,78892567
Lea,Angus,85253286
Beatrix,Smith,75418112
Lea,ohairy,68210329
Marc,Smith,17133228
James,ohairy,49054710
Beatrix,ohairy,69203250
Lea,Ferguson,39092452
Marc,Smith,44165127
Lea,ohairy,23720903
Marc,Angus,83384010
Harry,Ferguson,15536963
James,Ferguson,44888163
Lea,Barry,56945697
Lea,Barry,14544527
Charlotte,Smith,66917396
Beatrix,ohairy,44572807
Harry,Smith,60107621
Lea,Smith,73327386
Beatrix,Ferguson,67095824
Lea,ohairy,32901550
Beatrix,ohairy,35297878
Marc,Angus,81717977
Lea,Barry,47888041
Beatrix,ohairy,40948238
Beatrix,Mcintosh,76279213
James,Smith,17455392
Lea,ohairy,13566053
Marc,Smith,28767588
Lea,Barry,89529552
Lea,Smith,54374256
Beatrix,Barry,29219481
Beatrix,ohairy,66129509
Beatrix,Smith,12961209
James,ohairy,82677950
Lea,Angus,66025943
Marc,Ferguson,74058986
Marc,Ferguson,74935367
Charlotte,Angus,62169033
Marc,Smith,34416410
Charlotte,Ferguson,64423445
Marc,Mcintosh,73824839
Marc,Smith,50937938
Lea,Mcintosh,57292330
Beatrix,Angus,56940998
Beatrix,Mcintosh,34595215
Lea,ohairy,22274480
Beatrix,Ferguson,64798784
Harry,ohairy,24881507
Beatrix,Smith,65527020
Marc,Mcintosh,20347595
Beatrix,Smith,72903326
Harry,Ferguson,51448696
Harry,Angus,53981298
Harry,Smith,44080235
Charlotte,Angus,15188142
James,Smith,18392431
