First Name,Last Name,Matriculation
Lea,Mcintosh,13647014
Charlotte,Mcintosh,48618718
Harry,Smith,77541269
Beatrix,Ferguson,35217854
Beatrix,ohairy,64679090
Marc,Ferguson,49195160
Marc,Angus,79584313
Lea,Angus,82063574
James,Barry,64043973
Harry,Smith,21267578
Charlotte,Smith,35512734
Harry,Angus,84112367
Charlotte,Smith,18276410
Marc,ohairy,10554487
James,Mcintosh,77180673
Lea,Smith,28976329
Marc,Barry,82850152
Harry,Mcintosh,79770446
James,Mcintosh,89076585
Charlotte,ohairy,76787353
Marc,Mcintosh,62897653
James,ohairy,39675880
Lea,ohairy,60414007
James,Smith,71401804
Harry,Mcintosh,12363855
Marc,Mcintosh,36350814
Lea,Mcintosh,68501554
Lea,Smith,20916438
James,Angus,14036140
James,Barry,75705464
Charlotte,Barry,67633412
Beatrix,ohairy,55123418
Lea,Smith,34944001
Marc,ohairy,87021247
Charlotte,Mcintosh,19281646
Marc,Ferguson,41114165
Charlotte,Ferguson,10041563
Lea,Barry,79632146
Lea,Mcintosh,25646196
Harry,Angus,82618084
Harry,ohairy,45807010
Charlotte,Mcintosh,70123948
Marc,Smith,41858463
Charlotte,Angus,80737596
Charlotte,Barry,88118051
Charlotte,Barry,39024085
James,ohairy,76474761
Lea,Barry,65179680
Harry,Barry,78600535
Charlotte,Angus,17049243
Beatrix,Smith,55193832
Charlotte,Angus,28505858
Harry,Ferguson,83033299
Lea,Ferguson,85603892
Lea,Barry,33148212
Beatrix,ohairy,33549306
Marc,ohairy,84513830
Beatrix,Angus,11236614
Beatrix,Mcintosh,26378856
Beatrix,Barry,61370708
Marc,Mcintosh,39063313
Beatrix,ohairy,85144239
Harry,Mcintosh,46528209
Charlotte,Mcintosh,45680715
Marc,ohairy,58016847
Beatrix,Barry,56493653
Lea,ohairy,48545078
Charlotte,Mcintosh,24506961
Lea,Ferguson,58823171
Beatrix,Mcintosh,23186757
Lea,Barry,27362114
Lea,Barry,89804324
Harry,Angus,54861868
James,Barry,43391183
James,Angus,15327343
Beatrix,Ferguson,47843347
Charlotte,Barry,48569014
James,Mcintosh,88604175
Lea,Ferguson,74737722
James,Barry,43308041
Charlotte,Mcintosh,61217403
Beatrix,Smith,74444312
Beatrix,Angus,15527108
Beatrix,ohairy,84685379
James,Barry,65715135
James,Barry,24332795
Harry,Ferguson,45559893
Lea,Barry,66272317
Harry,Smith,26463177
Beatrix,ohairy,23263167
Lea,Angus,73335446
Marc,Ferguson,50792664
Harry,ohairy,52054224
Marc,Angus,29247163
Harry,Angus,28707660
James,Mcintosh,11586121
Lea,Barry,83018183
Harry,Angus,50066540
Marc,Barry,56617971
Lea,Angus,32185748
