First Name,Last Name,Matriculation
Harry,Mcintosh,69623104
Charlotte,Ferguson,81735190
James,Angus,12998472
Lea,Barry,15286616
Marc,ohairy,67429555
Lea,Smith,37708529
Harry,Barry,10241000
Marc,Barry,18041696
James,Mcintosh,43721165
Charlotte,Smith,14194190
Charlotte,Angus,79579742
Beatrix,Barry,80694265
Beatrix,Barry,77242469
James,Angus,15309339
Charlotte,Ferguson,18475916
Lea,Barry,37147726
Harry,Smith,70340044
James,ohairy,46961661
Charlotte,Smith,28024173
Harry,Angus,37984277
Lea,Barry,17789017
Beatrix,Barry,76681639
Beatrix,Mcintosh,89288157
Lea,Smith,60663345
Charlotte,ohairy,19416652
Beatrix,Smith,84407596
Harry,Ferguson,17729022
Beatrix,Smith,76251174
Charlotte,ohairy,66194249
Beatrix,Smith,85396897
Beatrix,Angus,20927665
Beatrix,Mcintosh,30202050
Beatrix,Ferguson,87656336
Charlotte,ohairy,23177717
Beatrix,Angus,59998749
Harry,Ferguson,13784782
Charlotte,Barry,36165396
Harry,ohairy,20491710
Lea,Angus,18247674
Marc,Ferguson,29774003
Charlotte,Angus,30342853
James,Ferguson,61752677
Beatrix,Smith,42239810
Harry,Barry,22557739
Marc,Angus,59483323
James,Mcintosh,63271271
Beatrix,Mcintosh,46535246
Charlotte,Smith,38374921
Charlotte,Smith,34137008
Charlotte,Ferguson,76926478
Beatrix,Barry,82214861
Marc,Ferguson,32822657
Marc,Angus,38801043
Harry,Smith,52954294
Charlotte,Angus,76247866
Lea,Barry,14727004
Charlotte,Mcintosh,79477847
Charlotte,Mcintosh,43818441
Charlotte,Angus,54371840
James,Mcintosh,82768440
Marc,ohairy,40594713
James,Barry,45337474
Harry,Angus,74393465
James,Barry,79476667
James,Ferguson,14185136
Beatrix,ohairy,15942179
Harry,ohairy,50805255
Charlotte,Angus,38827474
Harry,Ferguson,86785181
Charlotte,Ferguson,75320703
Harry,Barry,84580907
Charlotte,Barry,38971527
James,Smith,14911427
Harry,ohairy,12228455
James,Angus,29793719
Harry,ohairy,61403348
Lea,Mcintosh,27430337
Beatrix,Angus,38339345
Lea,Barry,75615813
Harry,Mcintosh,53670484
Harry,Angus,63169834
Harry,Ferguson,83242423
Harry,Ferguson,39826601
Charlotte,Barry,42336413
Charlotte,Barry,88829986
James,ohairy,76894118
Lea,Barry,45280381
James,ohairy,39674587
Lea,ohairy,19070796
Marc,Ferguson,70301869
James,ohairy,55363758
Lea,Angus,84974692
Beatrix,Angus,83389202
Lea,Barry,36599996
Marc,Ferguson,31951835
Lea,Smith,27017505
Beatrix,Ferguson,71668174
Marc,ohairy,58196433
James,Barry,15089639
Charlotte,Mcintosh,19250669
