First Name,Last Name,Matriculation
Marc,ohairy,71433894
Charlotte,Smith,14445676
Harry,ohairy,68719431
Lea,Barry,46844121
Marc,Mcintosh,74348347
Beatrix,Ferguson,27366069
James,Ferguson,70045369
Harry,Smith,70005469
Charlotte,ohairy,58088761
Beatrix,Angus,86894867
Lea,Ferguson,34605627
James,Mcintosh,83913368
Charlotte,Smith,56025144
Harry,Barry,59075194
Beatrix,ohairy,79979616
Harry,Angus,45355349
Beatrix,Mcintosh,19684528
Harry,Ferguson,15324930
James,Angus,47073043
Marc,ohairy,41819056
James,Ferguson,47341668
Beatrix,Mcintosh,40563555
Charlotte,ohairy,41369881
Harry,Mcintosh,45042280
Lea,Ferguson,38372741
Marc,Mcintosh,62852447
Beatrix,Ferguson,65952373
James,Mcintosh,48377571
Lea,Angus,80227223
Marc,Barry,50283167
Beatrix,Ferguson,80852965
Beatrix,Mcintosh,51728551
Marc,Angus,83290351
Marc,Angus,18178547
Marc,Angus,89374992
Beatrix,Smith,83883027
Beatrix,ohairy,11669865
James,Angus,79707686
Marc,Smith,53847143
Lea,Smith,14082457
Lea,Smith,10650162
Beatrix,ohairy,60360766
Harry,ohairy,78975317
Charlotte,ohairy,83821988
Beatrix,Ferguson,84878195
Lea,ohairy,10685074
Lea,Ferguson,21009002
Harry,Ferguson,30303046
Charlotte,Barry,32336084
Beatrix,Barry,70033503
James,Mcintosh,20695718
Marc,Mcintosh,43116838
Marc,Barry,71043458
Charlotte,Ferguson,79772750
Harry,Mcintosh,75940015
Harry,Ferguson,89359408
Harry,Ferguson,64341092
James,Mcintosh,83126500
Marc,Angus,51755735
Marc,Angus,51269659
Marc,Angus,18536539
Charlotte,Barry,87406599
Harry,Mcintosh,72349932
Charlotte,Barry,36546925
Charlotte,Ferguson,23695601
Marc,Ferguson,45370967
Charlotte,Smith,52916598
Beatrix,Barry,57181770
James,Smith,64289003
Charlotte,Smith,69897566
Marc,Barry,60690749
Harry,ohairy,34299122
Lea,Angus,34071212
Lea,Barry,84279945
Harry,Barry,88120642
Beatrix,Mcintosh,84064096
Beatrix,Angus,68807542
Charlotte,Mcintosh,25549596
James,ohairy,37795064
Lea,ohairy,87664560
Charlotte,Smith,31565013
Marc,Ferguson,60614617
Beatrix,Mcintosh,53434487
Marc,Mcintosh,88673197
Marc,Ferguson,51771267
Beatrix,Barry,15764748
Beatrix,Barry,75166674
James,ohairy,83051185
Beatrix,Angus,68456195
Marc,Smith,84192761
Beatrix,Barry,71875675
Beatrix,Ferguson,30341046
Lea,Smith,21810357
Harry,Ferguson,73249224
James,Angus,11239242
James,Angus,78998768
James,Smith,81134579
Beatrix,ohairy,89333647
Harry,Smith,83306024
James,Smith,23071719
