First Name,Last Name,Matriculation
Beatrix,Barry,74208391
Beatrix,Smith,76904578
Beatrix,Mcintosh,75152702
Lea,ohairy,63981537
Lea,Mcintosh,13376860
James,ohairy,24971066
Beatrix,Smith,22098438
Charlotte,ohairy,16266317
Beatrix,Angus,16598548
Marc,Smith,37150958
Charlotte,Angus,86975179
Marc,ohairy,38540282
Charlotte,Smith,28343565
Charlotte,Smith,20083352
Charlotte,ohairy,53433469
Marc,Mcintosh,17283397
Harry,ohairy,79596361
Harry,ohairy,40426189
Marc,Smith,76288149
James,Barry,48130535
James,Barry,24133506
James,Angus,56277357
Lea,Angus,15503153
Lea,Barry,42440904
Marc,Smith,48692554
Harry,Barry,53736814
Lea,Ferguson,17606919
Harry,Barry,85227405
Lea,Mcintosh,75389786
Beatrix,Ferguson,87452424
Harry,Ferguson,48427182
Charlotte,Barry,85317109
Beatrix,Mcintosh,36355129
Charlotte,Angus,32643079
James,Smith,72370829
Marc,Barry,54215599
Beatrix,Smith,48936123
Beatrix,Ferguson,18991573
Marc,ohairy,61065618
Harry,Barry,12022216
Lea,Ferguson,88080310
Harry,Ferguson,77377971
James,Ferguson,31298637
Marc,Ferguson,87905242
James,Mcintosh,47511534
James,ohairy,67339373
James,Mcintosh,65959883
Lea,ohairy,86598375
Marc,Smith,57835017
Harry,Barry,55640575
Charlotte,ohairy,14633377
Charlotte,Barry,13471993
James,Angus,34623141
Lea,ohairy,70811597
Charlotte,Smith,41945864
Marc,Smith,25234131
Charlotte,Smith,83733248
Harry,Barry,39245705
Marc,Mcintosh,62440331
Lea,ohairy,50153795
Charlotte,Mcintosh,63920798
Charlotte,Smith,64152265
Charlotte,Ferguson,55578295
Beatrix,ohairy,56151052
James,Mcintosh,18283688
Harry,Ferguson,52392835
Lea,Ferguson,69811814
James,ohairy,61172704
Harry,Mcintosh,72126580
Lea,Barry,89234313
James,Angus,76135687
James,Barry,60269531
James,Barry,50967762
James,Smith,33879375
Charlotte,Ferguson,88375851
Lea,Mcintosh,16389371
Lea,Mcintosh,50433950
Lea,Mcintosh,13346414
Harry,Barry,88559579
Charlotte,Mcintosh,72723990
Beatrix,Mcintosh,51439500
Lea,Angus,30904042
James,ohairy,11471508
Charlotte,Barry,59845608
Beatrix,Angus,23607764
Harry,Smith,79751552
James,Angus,72386217
Harry,ohairy,43956529
Lea,Mcintosh,52680599
Harry,Angus,23801622
Beatrix,Angus,82697763
Marc,Smith,18794849
Beatrix,Angus,19006907
Marc,Barry,50427738
Harry,Smith,53378647
Lea,Angus,46196450
Lea,Ferguson,15396042
Lea,Barry,47948082
Harry,Smith,56582898
Harry,Barry,77045091
