First Name,Last Name,Matriculation
Harry,Barry,30084984
James,Mcintosh,89820670
Beatrix,Barry,14990961
Marc,ohairy,46964194
Lea,Smith,64544471
Marc,Smith,54698836
James,Mcintosh,70075258
Charlotte,Smith,69057033
Charlotte,Ferguson,65077233
Lea,Mcintosh,44521687
Harry,Angus,15745955
Lea,Ferguson,33399128
James,Smith,12195574
Harry,Smith,43832785
James,Smith,60377373
Harry,Smith,47916057
Marc,Smith,74153120
Lea,Barry,43333274
Charlotte,Smith,23556671
James,Barry,37117437
Harry,Barry,31876926
Marc,Barry,69481204
Charlotte,Mcintosh,38997872
Lea,Mcintosh,79930835
Lea,Barry,65946991
James,ohairy,21892714
James,ohairy,64693223
Beatrix,Smith,54732340
Marc,Mcintosh,27003116
James,Smith,21277587
Lea,Barry,47822375
Lea,Angus,29178309
James,Barry,83535222
Lea,Ferguson,40520496
Marc,Ferguson,33428480
Harry,Mcintosh,59763296
Charlotte,Barry,73221809
Lea,Smith,39946022
James,Mcintosh,49888821
James,Angus,49144125
Charlotte,Angus,56441394
Marc,Ferguson,64543962
Charlotte,Ferguson,61649042
Beatrix,Angus,32190405
James,Smith,78277553
Marc,Angus,44387157
Marc,ohairy,85025671
Marc,Smith,76499519
Harry,Smith,88754751
Lea,Barry,85814726
Charlotte,Mcintosh,88416356
Harry,ohairy,21462115
Lea,Mcintosh,42941234
Charlotte,Ferguson,54352594
Harry,Ferguson,56398007
Charlotte,Barry,87874550
Harry,Barry,80530141
Harry,Smith,41421746
Lea,Angus,51796323
Lea,Mcintosh,81764969
Harry,Mcintosh,17058674
Marc,ohairy,26578636
Lea,Barry,48815012
Charlotte,Ferguson,10949912
Beatrix,Barry,67146227
Lea,Barry,69875470
Lea,Smith,18348636
Charlotte,ohairy,20513258
James,Smith,74132986
Lea,Smith,61550300
James,Angus,51814411
Marc,Smith,73052438
Harry,Ferguson,21676099
Harry,Ferguson,61192726
Harry,Smith,37349601
Beatrix,Barry,32093960
Lea,ohairy,64954291
Lea,ohairy,60604811
James,Mcintosh,71678308
Lea,Ferguson,74019920
James,ohairy,26568410
James,Barry,79189043
Beatrix,Angus,20359712
Marc,Angus,85210067
Beatrix,Ferguson,87955851
Harry,ohairy,70030335
James,Barry,31203493
Lea,Angus,44195716
James,Angus,74324362
James,Mcintosh,47035160
James,Angus,75173228
Charlotte,ohairy,12132168
Lea,Barry,25945934
Lea,Mcintosh,80341895
Charlotte,Angus,81384703
Marc,Angus,63575569
Harry,Barry,63521316
Marc,Angus,82583338
Marc,Ferguson,64511700
Charlotte,ohairy,67818144
