First Name,Last Name,Matriculation
James,Mcintosh,39073865
Harry,Barry,56110245
Charlotte,Smith,53612601
Harry,Angus,70216145
Harry,ohairy,60577343
Lea,Angus,32348008
Beatrix,Angus,18334021
Charlotte,Barry,64021780
Marc,Smith,23784255
James,Angus,53751961
Lea,Smith,61380694
Beatrix,ohairy,75473506
Beatrix,Angus,74566048
James,Smith,12463925
Harry,Ferguson,71759533
Charlotte,ohairy,74636086
Harry,Mcintosh,30381132
James,Angus,58778321
Harry,Mcintosh,87224158
Marc,Smith,79484197
Lea,Smith,79274311
Lea,Angus,52130815
Charlotte,Barry,56402295
Beatrix,Mcintosh,80219574
Charlotte,Smith,69747778
Marc,Barry,63823760
Charlotte,Barry,61784732
Lea,ohairy,73277378
Marc,Barry,86616834
Marc,Mcintosh,62915395
Harry,Angus,25369218
James,Smith,10585209
Marc,ohairy,37711226
Marc,Mcintosh,62205210
Charlotte,Smith,49000741
Lea,Smith,26927734
James,Barry,68395187
James,ohairy,74058431
Lea,ohairy,73185286
Charlotte,Angus,77602518
Beatrix,Angus,55274333
James,Barry,41931938
Beatrix,Mcintosh,75725470
James,Mcintosh,60533606
Charlotte,Angus,13884758
Marc,ohairy,39016797
Marc,Smith,16758461
Charlotte,ohairy,38754093
Charlotte,Ferguson,68088608
James,ohairy,73293540
Harry,Angus,69666779
Harry,Angus,82569481
Beatrix,Mcintosh,40513180
Beatrix,Mcintosh,63346940
Charlotte,ohairy,31339876
Harry,Ferguson,57658862
Marc,Ferguson,58298523
Beatrix,Smith,48225266
Beatrix,Angus,68245154
Marc,ohairy,26506990
Harry,Barry,23659356
Lea,Mcintosh,60628331
Charlotte,Barry,58913350
Beatrix,Angus,37813555
Harry,Barry,22641924
James,Angus,44969953
James,Smith,88685611
Marc,Ferguson,17669484
Harry,Angus,33747504
Marc,Angus,48193333
Marc,ohairy,64463975
Lea,ohairy,76602799
Lea,Ferguson,72513206
Harry,Barry,14364734
James,Angus,31936629
Marc,Ferguson,83885515
Marc,Smith,70351570
James,Ferguson,70086226
Beatrix,Angus,46011122
Marc,Mcintosh,74031433
Beatrix,Mcintosh,36044406
Harry,ohairy,45803340
Marc,Barry,72544599
Marc,Smith,14337628
Marc,Smith,21986726
Harry,Mcintosh,86601657
Charlotte,Ferguson,60436840
Harry,Barry,87202925
James,Mcintosh,17395801
Lea,Smith,38695143
Lea,Mcintosh,67111162
Charlotte,ohairy,76156762
James,Angus,70675106
Lea,Mcintosh,74334882
Marc,Barry,37793890
Beatrix,Ferguson,74669778
Marc,Smith,81710848
Marc,Smith,11117836
James,Mcintosh,77009202
Marc,Mcintosh,37151041
