First Name,Last Name,Matriculation
Harry,Barry,52304841
Marc,Ferguson,44994061
Beatrix,Barry,48426283
Charlotte,Ferguson,60467408
Marc,Barry,10053344
Beatrix,ohairy,50410287
Harry,Smith,57908912
Charlotte,Angus,30465733
Lea,Barry,63237287
Charlotte,Mcintosh,88485611
James,Mcintosh,77778808
Beatrix,Ferguson,70193206
Beatrix,Ferguson,52547963
Beatrix,Barry,26893978
James,Mcintosh,32535752
James,Barry,64770488
Beatrix,Smith,36756118
Lea,Smith,27860204
Lea,Mcintosh,77093925
Charlotte,ohairy,43082686
Harry,Barry,36833187
Harry,Ferguson,42384902
Beatrix,Ferguson,89338084
Marc,Mcintosh,69611774
Harry,Smith,59714141
Beatrix,Smith,55585532
Marc,ohairy,13287692
Lea,Smith,19398101
Marc,Smith,59792180
Beatrix,Angus,22467970
Harry,Angus,68561749
Harry,Ferguson,76640145
Beatrix,Smith,56498589
Beatrix,Smith,72010797
Beatrix,ohairy,61006157
James,Barry,46433892
Beatrix,Barry,12445005
Lea,Ferguson,27282206
Beatrix,Mcintosh,50513447
Charlotte,Mcintosh,66185578
Beatrix,Barry,55609069
Marc,ohairy,81459631
Harry,ohairy,64563735
Charlotte,Barry,45266329
James,ohairy,11880060
Harry,ohairy,53183255
James,ohairy,34989415
Harry,Angus,23876197
Marc,ohairy,76746093
Charlotte,Mcintosh,43836443
Harry,Barry,81286214
Charlotte,Barry,55372883
Marc,Smith,77016971
Marc,Mcintosh,43096007
Charlotte,Barry,76769192
Charlotte,Barry,75348493
Charlotte,ohairy,54957249
Lea,Mcintosh,89628217
Charlotte,ohairy,68484980
James,Mcintosh,84646745
James,ohairy,19720957
Beatrix,Ferguson,64762370
Beatrix,ohairy,64833954
Lea,Barry,21382344
Lea,Smith,10604829
Charlotte,Angus,49844693
Beatrix,Smith,50999282
Marc,Ferguson,16306929
Charlotte,Ferguson,79757533
Marc,Ferguson,83057290
Marc,Angus,89466739
James,ohairy,14584896
Beatrix,Ferguson,11107621
James,ohairy,39630776
Marc,Barry,15628678
James,Smith,18809212
Harry,Smith,39172346
James,Barry,89184956
James,Mcintosh,89547097
Harry,Ferguson,42290631
Harry,Ferguson,12350728
Marc,Barry,29078385
Marc,Smith,78555326
Lea,Smith,48112984
Charlotte,Smith,33696614
Lea,ohairy,67399997
Marc,Mcintosh,72514371
Lea,Smith,13183827
Lea,ohairy,13509429
Charlotte,ohairy,54769364
Harry,Mcintosh,68077459
Harry,Mcintosh,83165006
Harry,Smith,27242135
Harry,Smith,46563091
Beatrix,Barry,69095673
Charlotte,Smith,77805493
Charlotte,Ferguson,77044555
Beatrix,ohairy,67294830
Charlotte,Barry,12507594
James,Mcintosh,31925966
