First Name,Last Name,Matriculation
Beatrix,Ferguson,40858056
Harry,Barry,81350427
James,Barry,88407726
James,Ferguson,13199678
Harry,ohairy,61935746
Lea,ohairy,55310453
Lea,Barry,10299128
Marc,Mcintosh,30049581
Harry,Barry,69742921
Harry,Angus,20462962
James,Barry,14531896
Beatrix,Ferguson,74004245
Harry,Smith,64624194
Marc,Barry,70570137
Charlotte,Barry,17884280
James,Barry,31646862
Charlotte,Smith,85036666
Charlotte,Angus,40787495
Charlotte,Barry,54622968
Beatrix,Smith,35133080
James,Smith,33350849
James,Smith,72755030
Beatrix,Ferguson,88396203
Charlotte,Mcintosh,46627527
Marc,ohairy,50273723
Harry,ohairy,36875453
Marc,Ferguson,64241725
Beatrix,ohairy,29127249
Marc,Mcintosh,34857044
Charlotte,Smith,42704933
Lea,Mcintosh,66368395
Charlotte,Mcintosh,88391585
Lea,Angus,12852435
Charlotte,Mcintosh,58487338
Lea,Smith,57292921
Marc,Ferguson,12504163
Harry,Smith,16893847
Lea,Ferguson,47469870
James,Mcintosh,11490220
Lea,Barry,78515350
Charlotte,ohairy,58515903
Harry,Ferguson,11244752
Beatrix,Ferguson,58335249
Marc,Smith,78132260
Beatrix,Angus,33710497
Charlotte,Mcintosh,28944007
Charlotte,Barry,39631098
Charlotte,ohairy,34568815
James,Angus,46946082
Charlotte,Barry,20926863
Beatrix,Ferguson,17436138
Beatrix,Mcintosh,16944106
Marc,Mcintosh,81442887
James,Angus,23798329
James,Angus,15840901
Charlotte,Angus,82170355
Marc,Mcintosh,40082406
Lea,Smith,88358322
Marc,Barry,82076848
Marc,Barry,43954245
Lea,Mcintosh,36012020
James,Smith,85611945
Beatrix,Smith,23013913
Harry,Barry,70737861
James,Barry,18449647
Harry,Mcintosh,47470858
Beatrix,ohairy,66709964
Marc,Mcintosh,15891375
Lea,Mcintosh,59605021
Beatrix,Barry,15013856
Beatrix,Smith,63129450
Marc,Smith,85774213
Lea,Barry,67353697
Lea,ohairy,79204914
Lea,Ferguson,17237598
Marc,Barry,79196515
Harry,ohairy,61764607
Harry,Ferguson,33315530
Charlotte,Ferguson,63198632
Charlotte,ohairy,36704408
Beatrix,Ferguson,43256536
James,Angus,88994415
Charlotte,Angus,14844468
Harry,Ferguson,39245200
Marc,Mcintosh,34678897
James,Ferguson,17881293
Lea,Ferguson,64536621
Beatrix,ohairy,21299487
Lea,Mcintosh,18740174
Charlotte,Barry,85297190
James,Angus,76158749
Beatrix,Mcintosh,54407901
James,Mcintosh,82867354
Marc,Ferguson,60297153
Marc,Ferguson,81188004
Harry,ohairy,44149796
Beatrix,Smith,32608600
Beatrix,Ferguson,29498760
Marc,Angus,24875200
James,Smith,71375085
