First Name,Last Name,Matriculation
Marc,ohairy,32286003
James,Ferguson,58213170
Beatrix,ohairy,46054785
Marc,ohairy,14606444
James,Smith,25583639
Beatrix,Mcintosh,56463592
Beatrix,Barry,76390707
Charlotte,ohairy,58054335
Marc,Angus,34181149
Lea,Mcintosh,49719533
Beatrix,Mcintosh,66870482
Marc,Ferguson,32128958
Beatrix,Angus,23355864
Marc,Ferguson,50806482
Harry,Angus,72077333
Marc,Mcintosh,10878762
Charlotte,Smith,12846301
Marc,Smith,45062982
Marc,Barry,78594913
Lea,Barry,28866462
James,Smith,67130229
James,Mcintosh,44478727
Marc,Barry,60690232
Beatrix,Mcintosh,75633777
Beatrix,Barry,89636043
Harry,Ferguson,75672886
Charlotte,Mcintosh,33822681
Charlotte,Smith,67336658
Beatrix,Mcintosh,20402900
Beatrix,Angus,59888012
Harry,Angus,40898224
Charlotte,Mcintosh,34414563
Beatrix,Ferguson,11142403
Lea,Barry,29315649
Charlotte,Angus,60444133
Marc,Angus,35733413
Beatrix,Barry,47513712
Marc,Ferguson,63976973
Beatrix,Angus,70309555
Beatrix,Angus,52212879
Harry,Mcintosh,86565495
Harry,Smith,55470953
Beatrix,Mcintosh,45899363
Charlotte,Angus,62905191
James,Mcintosh,17760154
Charlotte,Smith,58098334
Beatrix,Barry,48801624
Harry,Barry,71546343
Charlotte,ohairy,59113454
Beatrix,ohairy,50823190
Beatrix,ohairy,21878698
Harry,Mcintosh,39143842
Harry,Angus,22137462
Harry,Mcintosh,21836494
Beatrix,ohairy,25897120
James,Angus,37931953
Harry,Barry,81649324
Harry,Barry,76140244
Charlotte,Mcintosh,35601823
Beatrix,Angus,24034298
Beatrix,ohairy,73735171
Charlotte,Barry,24951064
Lea,Mcintosh,82396480
Charlotte,Angus,66413202
Lea,ohairy,84803308
Beatrix,Ferguson,24453910
Beatrix,Mcintosh,84143680
Charlotte,ohairy,69729580
Charlotte,Smith,61030184
Marc,Angus,43134236
James,Ferguson,89140591
Marc,Angus,29127102
James,Barry,39885904
James,Angus,85306688
Lea,Ferguson,20694181
Harry,Mcintosh,59749996
James,ohairy,81008436
Marc,Barry,61193919
Marc,Mcintosh,13324878
Marc,Mcintosh,34183471
Charlotte,Smith,72273387
Charlotte,Angus,31423858
Marc,Barry,43850264
Marc,ohairy,68383915
Charlotte,ohairy,54976548
Beatrix,Mcintosh,73485338
Lea,ohairy,26254939
Marc,Ferguson,13996362
Lea,ohairy,50408576
Marc,Smith,23270087
Beatrix,Mcintosh,84935792
Beatrix,Angus,29488321
Charlotte,Angus,52534229
James,Ferguson,76652883
Beatrix,Barry,47132839
Beatrix,Smith,30430927
Beatrix,Angus,42822007
Lea,ohairy,29511808
Harry,Smith,86398855
Harry,Barry,10632640
