First Name,Last Name,Matriculation
Marc,Angus,85008429
Charlotte,Mcintosh,10969391
Marc,ohairy,66612122
Harry,Ferguson,24125490
Marc,ohairy,76479965
Harry,Smith,39935913
Harry,Angus,26757453
Charlotte,Angus,72430359
Lea,Ferguson,11522292
Marc,Angus,23014211
James,Angus,88664427
Harry,Mcintosh,55465849
James,Smith,58929098
Charlotte,Barry,57585852
Marc,Mcintosh,41006275
Harry,ohairy,86462112
Lea,Ferguson,25299078
Marc,Mcintosh,29555589
James,Smith,13947098
Marc,Barry,14367372
Beatrix,ohairy,82317763
Charlotte,Angus,18335899
Charlotte,Angus,25746902
Beatrix,Barry,81088902
Marc,Smith,76269453
Marc,Barry,38017625
Marc,Ferguson,39945946
Charlotte,Barry,57655643
Lea,Barry,62890981
Harry,Ferguson,74823555
Marc,Mcintosh,20779564
Lea,Ferguson,51831988
Beatrix,Ferguson,30330287
Charlotte,Ferguson,16259301
Harry,Mcintosh,30214480
Beatrix,ohairy,18168556
Lea,Mcintosh,37327842
Harry,Angus,66784223
Harry,Angus,45508613
Charlotte,Smith,47929852
Marc,Ferguson,54093823
Harry,Smith,73520468
Marc,Angus,35897622
Charlotte,Barry,43107979
Harry,Ferguson,56417495
James,Mcintosh,30999417
Beatrix,Angus,10116444
James,Mcintosh,63041173
James,Smith,36054737
James,Angus,23625802
Marc,Angus,27621509
Lea,Smith,47898639
Charlotte,ohairy,72843007
Beatrix,Smith,84380255
Charlotte,ohairy,11852016
Lea,Ferguson,13796062
Lea,ohairy,42327749
Harry,Angus,38631047
Harry,ohairy,53068282
Harry,Barry,30889737
James,Ferguson,81527761
Marc,Smith,41892035
Harry,Mcintosh,49873004
James,ohairy,55515453
Beatrix,Ferguson,33351603
Charlotte,Barry,76408999
James,Smith,38515200
Harry,Ferguson,81438601
Lea,Mcintosh,60532578
Marc,Barry,83271856
Marc,Ferguson,78319272
Harry,ohairy,89416138
Harry,Barry,51319867
Charlotte,ohairy,50832655
Marc,Smith,44733026
Charlotte,Smith,69690608
Lea,Angus,39563230
Beatrix,Angus,38688831
Charlotte,Smith,61749254
Harry,Barry,53163175
Beatrix,Barry,80376374
Harry,Barry,65226663
Harry,Smith,49813349
Charlotte,Angus,16832063
Harry,Angus,11637662
James,Angus,17686454
Harry,Smith,18428188
Charlotte,Barry,87329293
Charlotte,ohairy,57652790
Harry,Angus,34997011
James,Angus,12594171
James,Mcintosh,71497569
Marc,Barry,28069507
Harry,ohairy,64613914
Marc,ohairy,20555198
Charlotte,ohairy,85090511
Charlotte,Ferguson,80835278
Marc,Angus,68115767
Lea,Smith,54657409
Lea,Angus,69673435
