First Name,Last Name,Matriculation
James,Mcintosh,29289332
James,Smith,27929386
Marc,Smith,15826174
Marc,Ferguson,70587993
Marc,ohairy,68700480
James,Mcintosh,35753897
Beatrix,Mcintosh,64514980
Lea,Mcintosh,12343072
Beatrix,Angus,45789382
Charlotte,Barry,33460561
Lea,Ferguson,26604127
Beatrix,ohairy,78556214
Marc,Smith,30293173
Harry,Angus,60366408
Harry,Barry,56623558
Lea,Ferguson,46154501
Beatrix,ohairy,75579131
Lea,Smith,38908799
Lea,Smith,28895273
Marc,Angus,26703575
Beatrix,Ferguson,42106378
Lea,Smith,37814499
Lea,Ferguson,36543663
James,ohairy,84834235
Marc,Barry,23453051
Beatrix,Barry,87596692
Charlotte,Mcintosh,47116691
Marc,Ferguson,17289906
James,ohairy,60547299
Beatrix,Angus,10773586
Beatrix,Angus,74296886
Lea,Angus,41791111
James,Angus,19946665
Lea,Angus,42040099
James,Smith,64571357
Marc,Ferguson,44659438
Marc,Angus,66930140
Charlotte,Angus,55758868
Harry,Angus,39295268
Charlotte,ohairy,21030917
Lea,Mcintosh,38739557
Harry,Smith,54518771
Beatrix,ohairy,51831692
James,ohairy,78253346
Beatrix,Ferguson,22602798
Charlotte,Barry,61007311
Lea,Angus,55172942
Harry,Mcintosh,57892926
James,Ferguson,77543516
Beatrix,ohairy,62342954
Harry,ohairy,55122770
Beatrix,ohairy,11694973
James,Smith,49139475
Harry,ohairy,47896720
Marc,ohairy,34112581
Charlotte,Ferguson,11316898
James,Ferguson,34033712
James,Mcintosh,28253658
Harry,Barry,53327582
Harry,Mcintosh,39182488
Charlotte,Smith,47220404
Lea,Mcintosh,85023291
James,Smith,86770488
Charlotte,Smith,32208648
James,ohairy,60955681
Harry,Smith,30141830
Harry,ohairy,12976390
Marc,ohairy,47440062
Charlotte,Smith,36389518
Harry,Ferguson,68703578
James,ohairy,72531843
James,ohairy,18880030
Harry,Angus,28969861
Charlotte,Barry,89357090
James,ohairy,43207537
Harry,Barry,62177451
Lea,ohairy,30685842
Charlotte,Mcintosh,38873406
Marc,Angus,30421412
James,Barry,73087340
Charlotte,Mcintosh,45821593
Lea,ohairy,78143129
Beatrix,Angus,52593620
Beatrix,Barry,44683543
Marc,ohairy,55853870
Beatrix,ohairy,70632931
Charlotte,ohairy,20517023
Marc,Barry,36478322
Charlotte,Angus,79525525
Marc,Smith,77549660
Beatrix,Ferguson,59793037
Harry,Ferguson,15246214
James,Barry,16498195
Marc,Smith,22411915
Marc,Angus,84907190
Lea,ohairy,45915962
Charlotte,Ferguson,15841599
James,ohairy,31006641
James,Ferguson,22222817
James,Angus,48655634
