First Name,Last Name,Matriculation
Marc,Barry,11367809
Beatrix,Mcintosh,79942317
Charlotte,ohairy,48473899
James,Angus,21170843
Charlotte,Angus,77412635
James,Mcintosh,39852327
Harry,ohairy,22286663
Marc,Smith,16717435
Harry,Ferguson,71178233
James,Mcintosh,48736020
Harry,Barry,27917384
Beatrix,Mcintosh,57367526
James,ohairy,53872031
Lea,Barry,23523846
Charlotte,Ferguson,22496072
Harry,Mcintosh,67156543
Charlotte,Smith,49888162
James,Ferguson,49356317
Lea,ohairy,79453361
Beatrix,Angus,30469065
Lea,ohairy,71340353
Harry,ohairy,40996118
Charlotte,Ferguson,61521740
James,ohairy,75431338
James,Angus,18487603
James,ohairy,47926689
Marc,Smith,79507437
Beatrix,Angus,72151960
Marc,Angus,74275859
James,Ferguson,69114306
Beatrix,Ferguson,60801730
Marc,Angus,19235694
Harry,ohairy,39236275
Lea,Barry,53343354
James,Angus,62184148
Marc,Ferguson,26534032
Charlotte,Barry,73324629
Harry,Smith,47419093
Lea,ohairy,27754153
Lea,Barry,58932309
Marc,Angus,27374256
Charlotte,ohairy,38045111
Harry,Barry,44875604
Charlotte,Angus,79418584
Marc,Mcintosh,47406306
Harry,Smith,74859057
Beatrix,Barry,23184712
Lea,Ferguson,64026150
Charlotte,Mcintosh,26759055
James,Ferguson,47088003
Harry,Barry,31239210
James,Smith,29639313
Charlotte,Angus,43195325
James,Barry,71178999
Lea,Barry,12618875
James,Barry,26790350
Beatrix,ohairy,61758395
Beatrix,Smith,19902660
Charlotte,Smith,15476746
Charlotte,Mcintosh,74409232
Harry,Ferguson,69690298
James,Smith,37639622
Beatrix,Ferguson,32203960
Beatrix,Barry,45974660
Harry,ohairy,21315088
Harry,ohairy,36341147
Harry,Barry,42028605
Lea,Mcintosh,76150767
Beatrix,Angus,57893342
Marc,Angus,31223207
Lea,Mcintosh,37649078
James,Smith,85210914
James,Ferguson,89921565
Marc,Angus,82190477
Marc,Mcintosh,55477583
Charlotte,Ferguson,14576472
Lea,Barry,73801596
Marc,Mcintosh,44908413
Beatrix,Angus,22632877
Marc,Mcintosh,49390802
Harry,Ferguson,40022031
Charlotte,Mcintosh,18468450
Beatrix,Ferguson,24300555
Beatrix,Ferguson,38826220
Charlotte,Mcintosh,51212342
Harry,Smith,10270536
Beatrix,Ferguson,82514479
James,Ferguson,22269325
Beatrix,Ferguson,46365048
Lea,Angus,78299645
Lea,Mcintosh,55646190
Marc,ohairy,43790478
Charlotte,Ferguson,52784235
James,ohairy,33810659
Charlotte,Ferguson,86920096
Beatrix,Ferguson,36981099
Marc,Barry,72003628
Beatrix,Barry,43145997
Beatrix,ohairy,42152187
Harry,Smith,34084251
