First Name,Last Name,Matriculation
Beatrix,Smith,86062710
James,Smith,76134729
Harry,Angus,40837073
Charlotte,Smith,51558746
Charlotte,Mcintosh,83207134
Beatrix,Angus,56469619
Harry,Angus,62405646
James,Barry,35771236
Harry,Barry,61767518
James,Ferguson,20934974
Lea,Mcintosh,69991993
Beatrix,Smith,79496527
Beatrix,Angus,60155785
Marc,Barry,77623431
James,Smith,86044143
Charlotte,Ferguson,10990079
Harry,Ferguson,67414862
Lea,Smith,85344162
Lea,Ferguson,62328543
Beatrix,Ferguson,48935783
Charlotte,Mcintosh,88752858
James,ohairy,17320690
James,Angus,60533801
Lea,Smith,84094214
Charlotte,Mcintosh,70016754
Charlotte,Ferguson,55388777
James,Smith,53378774
James,ohairy,37142232
Beatrix,Smith,83139032
Lea,ohairy,54027216
Marc,Mcintosh,30453032
Marc,Mcintosh,65018399
Charlotte,Smith,51895421
James,ohairy,12375905
Marc,Ferguson,15666673
Harry,ohairy,43661705
Beatrix,ohairy,51987610
Marc,Smith,64382728
Marc,Angus,60487731
Harry,Barry,19550215
Marc,Barry,75527655
James,Mcintosh,59325332
Charlotte,ohairy,18977611
Beatrix,ohairy,58217141
Harry,Smith,86810028
Beatrix,Smith,69848323
Marc,Smith,26302797
Marc,ohairy,16324719
Charlotte,ohairy,36410030
Marc,Mcintosh,57269646
James,Angus,66681056
Charlotte,Smith,71896317
Lea,Ferguson,21536882
Marc,Mcintosh,62625391
Lea,Angus,38197041
Marc,Smith,84020561
Beatrix,Barry,53396366
Marc,Barry,27538254
Beatrix,Ferguson,55162984
Charlotte,Mcintosh,70561224
Marc,Angus,58656994
Marc,Mcintosh,86614814
Lea,Smith,37509139
Lea,Angus,42651193
James,Ferguson,59309979
Beatrix,Smith,61439604
Marc,Mcintosh,15812042
Beatrix,Ferguson,68892276
Harry,Angus,16924983
James,Barry,77057274
Marc,Barry,78153553
Charlotte,Ferguson,10199513
Lea,Ferguson,77650266
Marc,Ferguson,40565620
James,Mcintosh,54314426
Marc,ohairy,11200055
Marc,Angus,86672344
Beatrix,Barry,21967787
James,Smith,69178056
Charlotte,Barry,40952728
Charlotte,Smith,76944541
Harry,Ferguson,88968285
Harry,Angus,27338920
Beatrix,Mcintosh,38922091
Beatrix,Angus,35820213
Beatrix,Angus,59769022
Charlotte,Angus,73133672
Beatrix,ohairy,26412536
Beatrix,Angus,48461281
Beatrix,Barry,41069572
Charlotte,Mcintosh,21437052
Lea,Mcintosh,87220248
Marc,Barry,82239327
Lea,Barry,36663659
Charlotte,ohairy,66133643
Charlotte,Ferguson,47558219
Harry,ohairy,32328662
James,Barry,73525043
James,ohairy,82414930
Lea,Mcintosh,24675657
