First Name,Last Name,Matriculation
James,ohairy,17807848
Harry,Mcintosh,86987262
Harry,Ferguson,52409196
James,Smith,15723575
Beatrix,Smith,30963418
Harry,Ferguson,68724916
James,Ferguson,30285044
Marc,Angus,87485449
Lea,Angus,26565764
Harry,Ferguson,21882598
James,ohairy,18103937
James,Smith,16150148
Beatrix,Angus,54743238
Harry,Barry,29062209
Marc,Barry,80324334
Lea,Angus,52885457
Marc,Barry,64844175
Harry,Smith,18457997
Harry,ohairy,84044542
James,ohairy,47263304
Lea,Ferguson,85656928
Harry,Barry,39009893
Lea,Angus,24725372
Beatrix,Smith,32433436
Lea,ohairy,25864344
James,Smith,33550795
Lea,Barry,42848672
Marc,Smith,42215429
James,Ferguson,62180221
Beatrix,Smith,83435280
Lea,Mcintosh,41747379
James,Barry,33199405
Marc,ohairy,52879396
Lea,Smith,78364609
Charlotte,ohairy,30657593
Marc,ohairy,10724371
James,Mcintosh,71431784
Charlotte,ohairy,59267695
Marc,Mcintosh,61721418
Lea,Mcintosh,50126962
James,Ferguson,12034573
Harry,Smith,48349058
Marc,Ferguson,74401632
James,Angus,82367266
James,Barry,13676391
Marc,Angus,34931135
Harry,Smith,50202633
Charlotte,Angus,17305007
Beatrix,Angus,67420305
Marc,ohairy,67242628
Harry,ohairy,37839581
Charlotte,Barry,50739863
Charlotte,ohairy,75187165
James,Smith,20115534
James,Barry,69567482
Harry,ohairy,69548509
Marc,Angus,20272786
Beatrix,Barry,31365468
Charlotte,Barry,17406066
Marc,Angus,25734173
Charlotte,Mcintosh,36185046
Charlotte,Barry,20833123
Marc,ohairy,22122392
James,Smith,68749179
Charlotte,Angus,19301957
Charlotte,Barry,32136023
Marc,Barry,35219823
Beatrix,Ferguson,61757200
Marc,Barry,51120939
Marc,Angus,10583270
Lea,Ferguson,10385538
Charlotte,Barry,72814085
Marc,Barry,74537653
Lea,ohairy,13524706
Harry,Smith,32004017
Marc,Angus,82293653
Harry,Ferguson,67929771
Lea,Mcintosh,89357636
Lea,Mcintosh,29025666
Lea,Smith,12271801
Marc,Barry,55504720
James,Mcintosh,51679400
Beatrix,Ferguson,55669978
James,Ferguson,10952032
Harry,Angus,83221161
Beatrix,Mcintosh,74780848
Beatrix,Smith,18932930
Harry,Mcintosh,52374665
Charlotte,Mcintosh,53473374
Marc,Ferguson,40583330
James,Angus,28778657
Beatrix,Barry,76124774
Marc,Angus,11768669
Charlotte,Angus,21439069
Lea,Mcintosh,12343666
Beatrix,Smith,25288780
Harry,Angus,77490860
Harry,Barry,88860002
Harry,Smith,11855065
Lea,Ferguson,64079666
