First Name,Last Name,Matriculation
Lea,Angus,14262456
James,Barry,57202343
Marc,Mcintosh,23627861
Lea,Ferguson,81398002
Marc,ohairy,46202039
Charlotte,Ferguson,37934221
Beatrix,Ferguson,34694216
Lea,Smith,37698395
Marc,Smith,84493259
Charlotte,Smith,68928362
Lea,Barry,57065176
James,Mcintosh,52342964
Lea,Ferguson,34458357
Beatrix,Mcintosh,88917273
Harry,Barry,70270069
James,Barry,81435223
Beatrix,ohairy,15328340
Charlotte,Ferguson,66251588
James,Barry,30958944
Charlotte,Mcintosh,42391806
Lea,ohairy,33359344
Lea,Smith,21580820
Harry,Ferguson,32327274
Harry,Barry,84039800
Charlotte,Mcintosh,65849301
Harry,Mcintosh,28958836
James,Mcintosh,21520573
Lea,Angus,69444417
Harry,Barry,56678236
Charlotte,Mcintosh,86350161
Charlotte,Angus,21928909
James,Angus,61380131
Charlotte,ohairy,67186978
Beatrix,ohairy,17579713
Marc,Smith,52397954
Marc,Angus,52393658
Lea,Ferguson,83233047
Marc,Smith,71194423
Harry,Barry,78461564
Marc,Smith,38744123
Beatrix,Barry,58738217
James,Mcintosh,58976089
Beatrix,Smith,83398975
Harry,Angus,88257523
Lea,Mcintosh,87938312
Harry,Barry,79839258
Lea,Barry,59981498
Lea,ohairy,61073291
Harry,Ferguson,28055759
Lea,Barry,74882038
Marc,Barry,16557026
Marc,Barry,56684874
Beatrix,Angus,36375100
Charlotte,Smith,47826071
Lea,Barry,72937818
Lea,Mcintosh,30939767
Marc,Smith,54026029
Harry,Smith,20092721
James,ohairy,45187426
Harry,Mcintosh,53531535
Lea,Ferguson,16665216
Beatrix,Mcintosh,74994151
James,ohairy,80963500
Charlotte,Angus,18622563
James,Angus,67792094
Beatrix,ohairy,57241034
Harry,Ferguson,57737069
Harry,Mcintosh,30545211
Lea,Smith,77097182
Harry,ohairy,75267962
Marc,Ferguson,80824398
Harry,Angus,49203635
Harry,Ferguson,72774590
Beatrix,Ferguson,68144969
Beatrix,Barry,70203626
Beatrix,Angus,40660967
James,Barry,51949652
James,Barry,87918162
Charlotte,ohairy,12042962
Lea,ohairy,39259071
Charlotte,ohairy,38817755
Harry,Angus,11558462
Beatrix,Ferguson,53775430
Charlotte,Smith,58026927
Marc,Mcintosh,85269736
James,ohairy,71380389
Lea,Ferguson,71276028
Harry,Barry,77561283
Lea,Mcintosh,73279027
Harry,Mcintosh,16968789
Harry,Smith,16981399
Beatrix,Smith,27999627
Lea,Mcintosh,65113707
Harry,Barry,79899604
Charlotte,Angus,74153119
Marc,ohairy,16043936
Charlotte,Mcintosh,86349506
Charlotte,Barry,49950560
Marc,Ferguson,38706125
Harry,Angus,73384918
