First Name,Last Name,Matriculation
Marc,Smith,59121500
Beatrix,Barry,82312669
Beatrix,Angus,86811323
Harry,Barry,14113788
Beatrix,Smith,13416431
Lea,Mcintosh,43605748
Harry,Angus,24376029
Lea,Mcintosh,70273962
Charlotte,ohairy,53701135
Harry,Barry,40156122
Marc,Smith,32392540
Beatrix,Barry,82938201
James,ohairy,15274989
Harry,ohairy,80588224
Beatrix,Angus,16645445
Charlotte,ohairy,69585453
Lea,ohairy,73220667
James,Mcintosh,48543066
James,Barry,23563000
Lea,ohairy,72626221
Charlotte,Angus,23887161
Charlotte,Mcintosh,75897963
Lea,Smith,56103168
Marc,Ferguson,51492573
Beatrix,Ferguson,65566701
Marc,Barry,28373952
Charlotte,Smith,17318709
Lea,Angus,31516907
Harry,Mcintosh,50902516
Harry,Mcintosh,73358845
Harry,Mcintosh,26821926
Lea,Ferguson,14968285
Marc,ohairy,52662938
Beatrix,ohairy,19121274
James,Angus,86291491
Harry,Mcintosh,76007794
James,Mcintosh,42524745
Marc,Mcintosh,85544166
Beatrix,Smith,27818059
Marc,Ferguson,74898174
Charlotte,ohairy,82280018
James,Angus,47724187
Charlotte,Barry,46405598
Charlotte,Barry,71549009
Marc,Barry,55921146
James,Barry,13741649
Lea,Barry,49805892
Beatrix,Mcintosh,55191276
Marc,Ferguson,75397062
Charlotte,ohairy,36773600
James,Barry,77516000
Harry,Smith,23005904
Beatrix,ohairy,18287407
Marc,Smith,46203021
Harry,ohairy,47499823
Harry,Ferguson,33122628
Charlotte,Ferguson,72442621
Harry,Mcintosh,78605443
James,ohairy,89189575
Lea,Barry,20801594
Marc,Angus,44184521
Harry,ohairy,11756505
Marc,ohairy,50982406
Lea,Ferguson,51346790
Lea,Angus,83958751
Marc,Mcintosh,68327698
Lea,Mcintosh,67989857
Charlotte,Angus,71091473
Charlotte,Barry,86781745
James,Barry,10933030
Marc,Barry,28644372
Charlotte,Ferguson,78930231
James,Mcintosh,73262716
Beatrix,Ferguson,73802100
Marc,Ferguson,17370337
Beatrix,ohairy,89101133
Harry,Barry,84665098
Marc,Smith,25191036
Lea,ohairy,87139759
Harry,Smith,71752964
James,Mcintosh,35708419
Marc,Smith,14292980
Marc,Mcintosh,39865575
Marc,ohairy,51170487
Lea,Smith,36324791
Marc,Mcintosh,34822671
Lea,Mcintosh,89898849
Charlotte,Smith,87880341
Lea,Mcintosh,15730491
Marc,Smith,74907835
Harry,Smith,82077453
Harry,Smith,20641062
Lea,Angus,33027598
Lea,Angus,45383982
Marc,Mcintosh,29509996
Charlotte,Smith,73807233
Charlotte,Smith,11565541
Marc,Mcintosh,26039631
Lea,ohairy,82757450
Marc,ohairy,70299563
