First Name,Last Name,Matriculation
Lea,Ferguson,64007431
Marc,Ferguson,17051662
James,ohairy,40513063
Charlotte,ohairy,87118115
Lea,Angus,16483302
James,Barry,39913759
Charlotte,Smith,88403553
James,Angus,79577516
James,Angus,74495539
Lea,Smith,60829776
Lea,Smith,64714724
Charlotte,Mcintosh,76871032
Charlotte,Mcintosh,35683987
Marc,Smith,25276787
Marc,Ferguson,25141845
James,ohairy,10558214
Charlotte,ohairy,10833109
James,Mcintosh,26233464
Charlotte,Angus,65884655
Charlotte,Smith,47521407
Charlotte,Mcintosh,36876089
Beatrix,Smith,63891242
Harry,Mcintosh,28629024
James,Smith,88715662
Harry,Barry,32512525
Marc,Angus,16037449
Harry,ohairy,41854282
Charlotte,Barry,18081331
James,Mcintosh,76491505
James,Ferguson,66846764
Charlotte,Barry,79052865
Charlotte,Angus,35459097
James,Angus,22625833
Lea,Angus,86993906
Harry,Mcintosh,77249124
James,Smith,54429069
Lea,Smith,29099351
Lea,Ferguson,65513402
Beatrix,ohairy,72454497
James,Angus,28053896
Harry,Smith,32868347
Marc,Ferguson,12663994
Lea,Smith,31275895
Harry,Angus,89449985
James,ohairy,24772579
Harry,Angus,22421288
Lea,Barry,20158552
Marc,ohairy,37081517
Charlotte,Barry,22566266
Beatrix,Angus,29387057
Beatrix,ohairy,57278230
Beatrix,Angus,55661755
James,Barry,86598386
Beatrix,Ferguson,57436515
Marc,Angus,50896439
James,Barry,30775718
Lea,ohairy,66728220
Marc,Barry,63801818
Beatrix,Ferguson,57829945
James,Angus,68927418
Harry,Ferguson,11396299
Beatrix,Angus,55663429
Lea,Mcintosh,17865098
Charlotte,Barry,87897257
Marc,Barry,51650121
Beatrix,Barry,55597388
Lea,ohairy,87745065
Marc,Mcintosh,14016878
Harry,Mcintosh,67824258
Marc,Barry,65375324
Beatrix,ohairy,54263685
Lea,Angus,83940404
Harry,ohairy,26612026
James,Ferguson,34240999
James,Smith,67804306
Harry,Angus,29082835
Lea,Smith,71618589
Lea,Smith,14335496
Charlotte,Ferguson,24516970
James,Smith,43949509
Charlotte,Smith,58692142
Harry,ohairy,31078490
Marc,ohairy,14827146
Marc,Smith,71581294
Marc,Mcintosh,37706579
Charlotte,Angus,11035292
Beatrix,Angus,25048688
Harry,Angus,34250882
Lea,Smith,43501245
Lea,Ferguson,27087246
Lea,Smith,26420507
Beatrix,Smith,35280195
Marc,Mcintosh,29330473
Lea,Ferguson,79714896
Harry,ohairy,70384307
James,Angus,70636421
Marc,Smith,67938362
Charlotte,Smith,23781515
Beatrix,Barry,29382611
Harry,Barry,63723257
