First Name,Last Name,Matriculation
Beatrix,Mcintosh,15418208
James,Ferguson,79714825
James,Ferguson,47640475
Charlotte,Mcintosh,14382942
Marc,Barry,63324321
Charlotte,Ferguson,21587937
Harry,Smith,47379292
Harry,Angus,14586620
Beatrix,Angus,89309176
Harry,Mcintosh,11651130
Marc,Angus,84682891
Marc,Ferguson,20141090
Harry,Angus,77340404
Marc,ohairy,62531605
James,Angus,59718570
James,Angus,66492611
Marc,Angus,82751961
Harry,Angus,82982493
Beatrix,Ferguson,54394848
Marc,Ferguson,51596238
James,ohairy,51628398
Beatrix,Angus,20324811
Beatrix,Angus,48610764
James,Barry,51709808
Marc,Smith,42231913
Charlotte,Smith,62741001
James,ohairy,54004779
Harry,Smith,82919858
Beatrix,ohairy,39086621
Marc,Smith,51444999
Charlotte,Mcintosh,28591249
Marc,Barry,62135543
Lea,Angus,76652256
James,Mcintosh,44605649
Beatrix,Mcintosh,41339289
Charlotte,Angus,55528837
James,Ferguson,66952229
Harry,Mcintosh,23801844
Charlotte,Angus,18299617
Harry,Ferguson,45861437
Charlotte,Angus,59173057
Marc,Ferguson,33897369
Marc,Angus,48416193
Beatrix,Barry,81688641
Lea,Barry,57264048
Beatrix,ohairy,78469579
Charlotte,Mcintosh,37590584
Marc,Angus,18664666
Harry,Barry,19478538
James,Ferguson,26617332
Marc,Smith,74119369
Charlotte,ohairy,17509135
Harry,Angus,51143042
Lea,Mcintosh,13872867
Beatrix,ohairy,34202514
Beatrix,Mcintosh,36357996
James,Mcintosh,42989548
Lea,Barry,64952924
Lea,Ferguson,43607763
Harry,ohairy,10057850
Charlotte,ohairy,69941506
Charlotte,Mcintosh,66919899
Marc,Ferguson,21042466
Marc,Ferguson,64230200
James,ohairy,33233514
Harry,ohairy,52010110
Charlotte,Angus,57462807
Marc,Mcintosh,85285524
Harry,Smith,66162235
Beatrix,Smith,44891810
Beatrix,Angus,20279802
Harry,ohairy,62889452
Marc,Angus,64544090
Beatrix,Ferguson,15655648
Marc,Barry,79388306
Harry,Angus,77494471
Harry,Mcintosh,49943618
Beatrix,Ferguson,46059669
Beatrix,Smith,19839574
James,Smith,66198619
Beatrix,Mcintosh,64621841
Marc,ohairy,55530495
Beatrix,ohairy,28484382
Harry,Barry,81435113
Harry,Ferguson,74258469
Lea,ohairy,40795923
Charlotte,Ferguson,67015955
Charlotte,Angus,65018853
Charlotte,Ferguson,47570168
Marc,Ferguson,45473616
Harry,Barry,70781821
James,Angus,66359349
Marc,Angus,28982579
James,Angus,13530556
Harry,Mcintosh,19112983
Charlotte,ohairy,74804689
Lea,ohairy,35146208
Marc,Angus,23920778
Harry,Ferguson,43791348
Harry,ohairy,44358700
