First Name,Last Name,Matriculation
Charlotte,Smith,63813896
Beatrix,ohairy,28752375
James,Ferguson,42201473
Harry,Mcintosh,16872215
Lea,Smith,76981719
Harry,Angus,75118606
Harry,Angus,70483934
Lea,Smith,16647742
James,Ferguson,24112738
Beatrix,Angus,13429890
Lea,Mcintosh,72971687
Charlotte,ohairy,75850897
Beatrix,Angus,67163858
Lea,Mcintosh,34285604
Harry,Barry,51891803
Harry,Mcintosh,20922380
Beatrix,Mcintosh,53522141
Lea,Barry,42320868
Lea,Barry,14205688
Lea,ohairy,30396840
Harry,ohairy,85034465
Marc,Smith,76896083
James,ohairy,58095341
Beatrix,Smith,17665851
Charlotte,Mcintosh,53009629
Harry,Barry,19524502
Lea,Mcintosh,19867961
Harry,Ferguson,15933923
Lea,Mcintosh,69178700
Charlotte,ohairy,43400898
Marc,Barry,87252718
Harry,Mcintosh,88923992
Charlotte,Barry,54927343
Charlotte,Angus,34197829
James,Ferguson,34996999
James,Ferguson,23778135
Harry,Smith,79948727
Harry,ohairy,19761754
Harry,Ferguson,31488731
James,Smith,37297749
Lea,Angus,48175658
James,Angus,23220862
Lea,Barry,68174983
James,Angus,54331277
Lea,Ferguson,18354828
Beatrix,ohairy,60528377
Harry,Barry,87557744
Beatrix,Barry,41924622
Charlotte,Ferguson,76816557
Harry,Mcintosh,37532337
Charlotte,Smith,15293468
Harry,Ferguson,26905620
Harry,Angus,61496663
Marc,Smith,17143939
Beatrix,Ferguson,34709236
Beatrix,Angus,25445425
Beatrix,ohairy,83109311
Harry,Mcintosh,50795560
Lea,Smith,47677915
Harry,Mcintosh,69879810
Harry,Angus,22366420
Beatrix,Angus,89277236
James,Ferguson,39467605
Charlotte,Ferguson,44643476
Beatrix,Barry,13905159
Beatrix,Barry,42760126
Charlotte,Mcintosh,34760124
Marc,Ferguson,83097851
Harry,Barry,79688518
Lea,Mcintosh,64981717
Charlotte,Angus,70296078
Charlotte,Angus,64671301
Harry,ohairy,24973305
Beatrix,ohairy,48668415
Beatrix,Angus,60321319
Harry,Angus,32633875
Harry,Angus,86480227
James,Barry,41495326
Marc,ohairy,41718486
Harry,Smith,55506828
James,Smith,11774563
Beatrix,Mcintosh,73129764
Marc,Barry,13066066
James,Ferguson,31208708
Marc,Barry,14874291
Beatrix,ohairy,69113728
Lea,Barry,24258639
Beatrix,Barry,58454339
Marc,Mcintosh,31347015
Lea,Angus,63895970
James,Smith,68000198
Marc,Ferguson,34504347
Harry,Angus,36469064
James,Smith,86955376
Beatrix,Mcintosh,85137688
Lea,ohairy,57994102
James,Ferguson,35438410
James,Smith,18263429
James,Angus,24260089
Marc,Angus,57769337
