First Name,Last Name,Matriculation
Charlotte,Mcintosh,29012376
Marc,Mcintosh,14368163
Marc,ohairy,20005947
Harry,Angus,27693188
James,Ferguson,41642378
James,Angus,73905215
Charlotte,Angus,71780976
Marc,Barry,39964102
James,Ferguson,82968566
Charlotte,Ferguson,20366784
Beatrix,Barry,62883921
Harry,Barry,65693198
Marc,Angus,75883993
Charlotte,Barry,10641904
Harry,Angus,63851070
Marc,Barry,79835521
Marc,Mcintosh,33767182
James,Barry,86929217
Beatrix,Smith,75250003
James,ohairy,17994173
Charlotte,Barry,65308588
Marc,Smith,89982602
Harry,Angus,24164801
Harry,ohairy,10161828
Lea,ohairy,59968385
Marc,Mcintosh,65867978
Marc,Angus,20718933
Marc,Smith,21309410
Lea,Mcintosh,84206982
James,Barry,14163589
Harry,Smith,32385415
Lea,Smith,83877666
James,Ferguson,61933077
Harry,Smith,48337830
Charlotte,Angus,35005506
Lea,Ferguson,42702605
Lea,Barry,18956418
Marc,ohairy,50793008
Charlotte,Barry,47655383
Marc,ohairy,33423234
James,Barry,63179894
Harry,Smith,11512542
Marc,Barry,18266646
Harry,Mcintosh,71055431
Charlotte,Angus,64753568
Lea,Mcintosh,83311103
Harry,Ferguson,13858290
Marc,Angus,51625969
Marc,Ferguson,59745866
Lea,Ferguson,45608348
Harry,Mcintosh,30872335
Charlotte,Angus,23562002
Charlotte,Smith,55031809
James,ohairy,62913362
Beatrix,ohairy,27923990
Lea,ohairy,76355565
Beatrix,Barry,69325491
Beatrix,ohairy,29081570
Beatrix,Mcintosh,47522236
Marc,ohairy,83259462
Harry,ohairy,51642293
Marc,Smith,37037535
Charlotte,Mcintosh,75800864
Harry,Mcintosh,26900118
Lea,Barry,68723455
Harry,Barry,46745111
Charlotte,Mcintosh,67493272
Lea,Barry,32808094
Harry,Smith,72364265
Harry,Ferguson,81722458
Harry,Angus,48717396
Beatrix,ohairy,37606785
James,Ferguson,45304917
Harry,Barry,88944479
Lea,Barry,29972378
Beatrix,Barry,89232737
Beatrix,Mcintosh,42850411
Lea,Barry,19011255
Marc,Mcintosh,55660892
Lea,Barry,42747784
Charlotte,Barry,50326684
Harry,Angus,81854292
Lea,Angus,81754831
Marc,ohairy,18574655
James,Mcintosh,22673338
Lea,ohairy,86050765
Beatrix,Barry,13918664
Lea,Angus,73217596
Harry,ohairy,48049512
Marc,Smith,55620839
Lea,Ferguson,74018265
Beatrix,Mcintosh,73600094
Beatrix,Angus,44427752
Beatrix,Smith,35220915
Beatrix,Mcintosh,21730373
James,ohairy,55496161
Beatrix,Smith,27104231
Beatrix,Mcintosh,83497409
Marc,Angus,67282550
James,Barry,49925322
