First Name,Last Name,Matriculation
Charlotte,Ferguson,50816408
Lea,Ferguson,75687094
Charlotte,Mcintosh,50350456
Harry,Barry,58554814
Charlotte,Ferguson,30113620
Lea,Angus,65757260
Charlotte,Mcintosh,11334449
Charlotte,Barry,59836695
Charlotte,Ferguson,59133325
Lea,Barry,61182225
James,Smith,50455379
Harry,Mcintosh,82067983
Lea,Barry,41527151
James,Smith,34767277
Charlotte,Ferguson,51812180
Lea,Smith,56149398
Charlotte,Ferguson,87197266
Lea,Ferguson,58049705
Lea,Ferguson,86407558
Beatrix,Barry,74174982
James,Ferguson,65317696
Lea,Barry,28654877
James,Smith,78972630
Harry,Smith,38185919
Marc,Barry,38063836
Lea,Mcintosh,46884973
James,Mcintosh,82607606
Beatrix,Angus,48457264
Marc,Barry,49406376
James,Mcintosh,31679931
Marc,ohairy,80529962
Harry,Angus,19952103
Beatrix,ohairy,66763827
James,Smith,58634013
James,Mcintosh,31378656
Lea,Smith,75614756
Beatrix,Barry,72232364
Harry,Barry,31702929
James,Ferguson,37245123
James,ohairy,22062751
Marc,Ferguson,83819491
Lea,ohairy,13613383
Marc,Barry,60480359
Charlotte,Mcintosh,65685647
Beatrix,ohairy,32899344
James,Mcintosh,76921815
Harry,Ferguson,27405882
Harry,ohairy,19903400
Charlotte,Barry,71977447
Beatrix,Barry,57590359
Charlotte,Ferguson,13612693
Beatrix,ohairy,12910855
Marc,Mcintosh,32412493
Harry,Mcintosh,41001055
Beatrix,Barry,69059317
Charlotte,Angus,26634476
Charlotte,ohairy,63524712
Harry,ohairy,53123457
James,Angus,53619612
Harry,Angus,89737556
Lea,Ferguson,33881869
Harry,Angus,21494671
Marc,Smith,47031069
Marc,Smith,20652067
Marc,Smith,50207036
Charlotte,Barry,82296791
Charlotte,ohairy,83696989
Charlotte,Mcintosh,34186209
James,Angus,41349326
Marc,Angus,48598551
Beatrix,Smith,32313461
Marc,Mcintosh,75785422
Lea,Ferguson,34933152
Beatrix,Angus,22513812
Harry,ohairy,75028361
Marc,Mcintosh,20696176
Lea,Smith,89991635
James,Ferguson,65387037
Charlotte,ohairy,18303141
Marc,Mcintosh,32015685
Marc,Angus,41865524
Marc,Barry,36753188
Charlotte,Angus,14531619
Lea,ohairy,65683482
James,Barry,61467409
Lea,Mcintosh,84128176
James,Smith,45785686
Harry,Angus,50503273
Lea,Barry,32190388
Harry,Mcintosh,86940134
Lea,Angus,67471281
Lea,Smith,71556719
Harry,Mcintosh,45064840
Charlotte,Ferguson,48916554
Charlotte,Mcintosh,47768294
Beatrix,Angus,10812289
Charlotte,ohairy,47530126
Marc,ohairy,53694096
Beatrix,Ferguson,84257135
Marc,Angus,31507361
