First Name,Last Name,Matriculation
Lea,ohairy,10081334
Lea,ohairy,10311768
James,Mcintosh,13632567
James,Ferguson,79706814
Harry,Ferguson,13545257
Beatrix,Smith,68636282
Marc,Mcintosh,27517448
Charlotte,Angus,57598340
Beatrix,Ferguson,18088339
Marc,Smith,13047407
Marc,Smith,51280937
Lea,Mcintosh,89718832
Harry,Barry,28100587
Harry,Ferguson,79948219
James,Smith,67905964
Charlotte,Angus,35872557
Charlotte,Mcintosh,77449321
Harry,Angus,12172076
Lea,Barry,18597461
Harry,Angus,26992235
Lea,Ferguson,28353847
Charlotte,ohairy,59570698
James,Angus,61161211
Charlotte,Mcintosh,58728758
Marc,Angus,82746024
Beatrix,Smith,89065519
James,ohairy,40030985
Beatrix,Smith,15619274
James,Angus,26579450
Marc,Barry,41241937
Charlotte,Mcintosh,78714525
Lea,Smith,89134861
James,Ferguson,32367976
Harry,Mcintosh,47766588
Lea,Angus,21196273
Harry,Smith,63434872
Beatrix,Smith,73309971
Harry,Ferguson,85710361
Lea,Barry,45489005
Charlotte,Mcintosh,31389555
Charlotte,Smith,36063422
Lea,Mcintosh,57743619
Lea,Barry,63217238
Harry,Angus,10597344
Beatrix,Ferguson,86014757
Lea,Smith,63298715
Marc,Angus,20496928
Charlotte,Smith,38296981
James,Mcintosh,50268312
Harry,Smith,20843561
Marc,Angus,62825971
Beatrix,Barry,10134855
Harry,Mcintosh,18145642
Lea,Barry,60839146
Charlotte,ohairy,66671473
James,Smith,25219331
James,Mcintosh,34923803
James,Mcintosh,34883229
James,Ferguson,86974936
James,Angus,84631757
Marc,Mcintosh,47800328
Charlotte,ohairy,36685661
Harry,Barry,26398572
Beatrix,Angus,18621086
Lea,Ferguson,50737581
James,Barry,65172227
Lea,Ferguson,25174126
James,ohairy,83376129
Beatrix,Angus,39994264
Beatrix,ohairy,24569027
Charlotte,Barry,69752580
Lea,ohairy,29921119
James,Angus,39335187
Charlotte,Angus,80151608
James,ohairy,78052374
Charlotte,Mcintosh,59311990
Harry,Smith,60012225
Lea,Ferguson,11225918
James,Angus,87757356
Lea,ohairy,44997031
James,ohairy,15107569
James,Angus,14031036
James,Smith,74778967
Harry,Angus,67328207
Beatrix,Barry,18999279
Marc,Smith,59706437
Lea,Ferguson,71819478
Lea,Barry,75986908
Beatrix,Ferguson,40852452
Lea,Ferguson,78373734
Lea,Barry,51678470
Marc,Angus,21695961
Lea,Ferguson,66324185
Lea,ohairy,56731229
Charlotte,Barry,39176687
Beatrix,Ferguson,42191563
Beatrix,Barry,84671282
Lea,Angus,21085325
Charlotte,Smith,36080522
Lea,Smith,57025113
