First Name,Last Name,Matriculation
James,Angus,35920592
Marc,Mcintosh,60440424
Harry,Angus,82338271
Marc,Ferguson,62142448
Harry,Angus,55644986
Beatrix,ohairy,80503202
Charlotte,Barry,13837885
Charlotte,Ferguson,42138887
James,ohairy,68528635
James,Ferguson,10618572
Charlotte,Smith,45385853
James,ohairy,57073212
Marc,Barry,56965543
Charlotte,Smith,65659032
Harry,ohairy,62552086
James,Mcintosh,63815665
Marc,Barry,50629691
Lea,Angus,81194520
Harry,Barry,75449386
Harry,Angus,39700064
Marc,Angus,19967677
Charlotte,Ferguson,85540625
Marc,Ferguson,50553357
Charlotte,Mcintosh,74316229
Marc,Angus,56124160
James,Barry,87471684
Charlotte,ohairy,70574375
James,Smith,80994917
Marc,Angus,87552392
Beatrix,Ferguson,41903714
Harry,Angus,86365740
Marc,ohairy,61359397
Harry,ohairy,53915543
James,ohairy,46647765
Beatrix,Ferguson,59824007
Lea,Smith,68919239
James,Angus,26306501
Lea,Smith,83540259
Beatrix,Ferguson,11238960
Lea,ohairy,19548894
Beatrix,Smith,49590832
Harry,Mcintosh,23796465
Marc,Ferguson,78039598
Lea,Ferguson,86131080
Charlotte,Smith,71385286
Charlotte,Barry,63963960
James,Barry,46655866
Charlotte,Barry,62726776
Harry,Angus,42055745
Harry,Barry,24464772
Beatrix,Ferguson,50527416
Lea,Ferguson,21928947
Charlotte,Barry,16108904
Beatrix,Ferguson,59770442
Lea,Barry,12707189
James,Ferguson,87904317
Marc,Mcintosh,29994557
Beatrix,Barry,29582993
Marc,Angus,50351970
Beatrix,Mcintosh,69733991
Harry,Smith,13410825
Charlotte,ohairy,61624754
James,Barry,85019818
Harry,Barry,33536341
Charlotte,Angus,19158495
Charlotte,ohairy,20634109
James,Ferguson,81573879
Lea,Angus,37101330
James,Ferguson,81068630
Marc,Smith,81268998
Marc,Mcintosh,15172231
Lea,ohairy,75171251
James,Smith,52706231
Marc,ohairy,50222636
James,Ferguson,49921618
Lea,Angus,60490939
Beatrix,Angus,49705325
Harry,Angus,85807563
Harry,Angus,59373488
Harry,Barry,22646808
Beatrix,Smith,89255127
Charlotte,Ferguson,49021462
James,Smith,70228065
James,Smith,37655888
Charlotte,ohairy,82703267
Marc,Angus,52312415
Marc,Ferguson,19306631
Lea,Mcintosh,55086726
Lea,Mcintosh,15697825
Harry,Ferguson,21318422
Beatrix,ohairy,54878621
James,ohairy,54806533
James,Mcintosh,73591922
Harry,Ferguson,55490894
Marc,Smith,86626766
Charlotte,Barry,87074606
Marc,Smith,12796966
Beatrix,Ferguson,67103085
Charlotte,ohairy,11018122
Beatrix,Mcintosh,41345965
