First Name,Last Name,Matriculation
Marc,Barry,71307202
Harry,Mcintosh,19752596
Harry,ohairy,69168774
Lea,Barry,89494988
James,Ferguson,81651451
James,Angus,29018531
Beatrix,Angus,26550935
Marc,Barry,30601913
Charlotte,Smith,80812321
Charlotte,Mcintosh,47571950
Beatrix,Mcintosh,26990397
James,Ferguson,59647016
Harry,Angus,85494996
James,Angus,81116597
Lea,Smith,88610920
Harry,Angus,64940781
Harry,Ferguson,22334254
Marc,ohairy,71230291
Lea,Barry,30451172
Marc,ohairy,78166544
Marc,ohairy,71361277
Beatrix,Mcintosh,33802438
James,ohairy,20883669
Harry,Smith,88045384
Harry,Ferguson,32633648
Beatrix,Ferguson,24901242
Beatrix,Ferguson,84407731
Beatrix,Angus,38764225
James,Angus,38477342
Harry,Mcintosh,51254564
Harry,Mcintosh,13828342
Harry,Ferguson,77099144
James,Barry,23348251
Harry,Angus,73039799
Lea,ohairy,13441351
James,Angus,35425197
Lea,Smith,70871844
Harry,Smith,31036006
Charlotte,Ferguson,72587723
Beatrix,ohairy,45735331
Harry,ohairy,18081125
Harry,ohairy,64021821
Lea,ohairy,69422588
Beatrix,Ferguson,71479421
Marc,Smith,82441238
Beatrix,ohairy,21944094
Charlotte,ohairy,57828173
Charlotte,ohairy,72269100
Beatrix,Barry,37091333
Marc,Mcintosh,37911040
Beatrix,ohairy,56264921
Harry,Barry,56687721
Beatrix,Ferguson,40520133
Beatrix,Angus,15212457
Harry,ohairy,39772889
Lea,Smith,86989172
Marc,Barry,25975699
Harry,ohairy,19813005
Harry,Mcintosh,61899197
Charlotte,Smith,41022810
James,ohairy,56516135
Lea,Mcintosh,69159584
Harry,ohairy,65584316
Marc,Smith,84756276
Beatrix,Ferguson,47151048
Charlotte,Barry,47986226
Beatrix,Ferguson,18740149
Charlotte,Smith,24655749
Harry,Barry,62121933
Beatrix,Smith,50061574
Harry,Ferguson,60219079
Beatrix,ohairy,51391849
Charlotte,Ferguson,38665412
Marc,Ferguson,29114465
Marc,Ferguson,41737071
Lea,Smith,22332982
Charlotte,Ferguson,29510488
Marc,Barry,21848947
James,Mcintosh,14445526
Marc,ohairy,70634070
Harry,ohairy,67145508
Marc,Ferguson,13261971
Charlotte,ohairy,46707569
James,Angus,35117565
James,Angus,28883947
Charlotte,ohairy,81707417
James,Smith,40343601
Lea,Angus,34793042
Marc,Smith,63960045
Lea,Smith,79211279
Marc,Barry,10076021
Beatrix,Mcintosh,71415055
Lea,Angus,33516088
James,Ferguson,10360780
Marc,Mcintosh,65879966
Harry,Smith,10081006
James,ohairy,35354166
Lea,Angus,42763393
Beatrix,Ferguson,61777915
Beatrix,Mcintosh,86429818
