First Name,Last Name,Matriculation
Lea,Ferguson,83650593
Beatrix,Ferguson,81688790
Lea,Angus,42638224
Marc,Smith,64506852
Charlotte,Smith,48618500
Charlotte,Ferguson,79749018
Harry,Ferguson,82327836
Beatrix,Smith,29070588
Harry,Ferguson,23880369
Lea,Ferguson,71510570
Harry,Ferguson,17231458
Marc,Barry,86149356
Harry,Mcintosh,31338184
James,Smith,80104425
Lea,Ferguson,36427607
Marc,Angus,60387916
Beatrix,Angus,78381720
James,Ferguson,55787823
Lea,Smith,74526722
Charlotte,Smith,39003374
Lea,ohairy,46826023
Beatrix,Mcintosh,25873192
Beatrix,Smith,47460277
Beatrix,Mcintosh,19746759
Harry,Barry,36661765
Lea,Barry,71144035
Charlotte,ohairy,65353930
Marc,Ferguson,66744419
James,Angus,34077342
Marc,Mcintosh,82511979
Marc,Barry,55177887
Lea,Ferguson,14901959
Harry,Barry,20903885
Charlotte,Barry,78928975
Charlotte,Barry,45293292
Lea,Angus,17659228
Charlotte,ohairy,32479820
Beatrix,Mcintosh,42165490
Charlotte,Angus,36471254
James,Angus,55069467
Harry,Ferguson,47069588
Charlotte,Barry,73117111
Charlotte,Mcintosh,28111998
Harry,Angus,50911585
Harry,Ferguson,50090991
Beatrix,Mcintosh,65237778
James,Angus,21399237
Charlotte,Mcintosh,62658581
Charlotte,Smith,76380081
James,Ferguson,63928401
Marc,Mcintosh,41384212
Charlotte,ohairy,65737580
Lea,Smith,58039494
James,Smith,63445574
Harry,ohairy,65796999
Charlotte,ohairy,88969081
James,Angus,89002404
Lea,ohairy,12792210
Beatrix,Smith,20798836
Lea,Smith,16037939
Lea,Angus,84047524
Harry,Angus,37205723
Marc,Angus,56680761
Lea,Barry,77267543
Lea,Ferguson,63012523
James,ohairy,48239509
Charlotte,Ferguson,75866432
James,Barry,32254158
Harry,Barry,74734413
James,Mcintosh,38249243
Marc,Mcintosh,45547826
Beatrix,ohairy,34321387
Lea,Angus,51169473
Lea,Smith,62229318
Charlotte,Mcintosh,87444978
Harry,Smith,54374013
Harry,ohairy,73074021
Beatrix,Barry,23953710
Harry,ohairy,55418808
Lea,ohairy,82065957
James,Mcintosh,87419479
Lea,Mcintosh,88862241
James,Ferguson,35626794
Harry,Smith,37970563
Harry,ohairy,10752273
Beatrix,ohairy,79166913
Charlotte,Smith,15841617
James,ohairy,57287623
James,ohairy,35294966
James,ohairy,61316428
Lea,ohairy,79403495
Marc,Barry,74854578
James,Barry,43806822
Beatrix,Angus,48187994
Charlotte,Angus,62544208
Lea,Angus,87686761
Lea,ohairy,68805028
Harry,Barry,74506967
Harry,Ferguson,37603273
Beatrix,ohairy,30539140
