First Name,Last Name,Matriculation
Beatrix,Angus,66561184
Beatrix,Barry,51700521
Beatrix,Ferguson,59656202
Charlotte,ohairy,66976677
Beatrix,Barry,88189878
James,Ferguson,60992055
James,Mcintosh,14343788
James,Ferguson,56664411
Harry,Smith,33402006
Charlotte,Angus,73395849
James,Barry,31739705
Beatrix,Angus,23440294
Charlotte,ohairy,13446277
Charlotte,Smith,42604290
Charlotte,Mcintosh,49426552
Beatrix,ohairy,74728260
Beatrix,ohairy,44286185
Beatrix,Smith,89520524
Charlotte,Ferguson,70847421
Harry,ohairy,72543857
Marc,Smith,71638009
Charlotte,ohairy,56341565
Charlotte,Mcintosh,67683520
Charlotte,Mcintosh,35570977
Charlotte,Smith,86240553
Harry,ohairy,45429008
Lea,Ferguson,64482098
Lea,Barry,51659383
Harry,Smith,16897369
Marc,Angus,66109773
Charlotte,Ferguson,73483678
Harry,Smith,51478047
Marc,Smith,76047386
Beatrix,Barry,28553901
James,Barry,88912919
Harry,Ferguson,13426430
Lea,Ferguson,64304643
Harry,Angus,28734977
Harry,Barry,18166409
Marc,Barry,78384200
James,ohairy,56918523
Beatrix,Mcintosh,85274466
Lea,Angus,15102783
Charlotte,Mcintosh,83705811
Charlotte,Smith,81972205
Beatrix,ohairy,21034010
Lea,Barry,54368659
James,Barry,18641022
Beatrix,Smith,20306242
Harry,ohairy,42229537
Marc,Mcintosh,88847838
Marc,Smith,72114191
Lea,Mcintosh,38175300
Lea,Ferguson,62091513
Beatrix,Smith,42164379
Beatrix,Barry,36433002
Charlotte,Smith,41834564
Charlotte,ohairy,72541649
Harry,ohairy,85060818
Charlotte,Smith,41327528
Charlotte,Smith,39529964
Harry,Ferguson,65919577
James,Ferguson,70747169
James,Barry,27014526
Lea,ohairy,83574358
Lea,Ferguson,89287425
Charlotte,Barry,37132719
Charlotte,Mcintosh,25784106
James,ohairy,52592781
Charlotte,Angus,40363479
Beatrix,Ferguson,37217966
Beatrix,Barry,87203733
James,Smith,66026121
Harry,ohairy,42577556
Lea,Barry,26390991
Harry,Ferguson,37001768
Beatrix,ohairy,66306675
Marc,Mcintosh,45821034
James,Ferguson,23315515
Charlotte,Mcintosh,81364798
James,Ferguson,11116693
Harry,ohairy,82966864
James,Barry,77161143
Marc,ohairy,31548930
Marc,Mcintosh,59992337
Beatrix,ohairy,54106726
Charlotte,Barry,11670096
Lea,ohairy,37954088
Charlotte,Angus,60206227
Harry,ohairy,78504883
Marc,Smith,59862808
James,Smith,75757191
Beatrix,Angus,27093031
Beatrix,Ferguson,31461956
Charlotte,ohairy,87055313
Harry,Angus,34013268
Marc,Mcintosh,64922656
Harry,Mcintosh,88569069
Charlotte,Mcintosh,58184284
Charlotte,ohairy,75419483
