First Name,Last Name,Matriculation
Beatrix,Mcintosh,49987034
James,Barry,80204754
Lea,Barry,19507761
Marc,Angus,11188756
Beatrix,Angus,89172397
Lea,Barry,25417061
Marc,Barry,89243215
Charlotte,Ferguson,75860072
Lea,Angus,87975656
Lea,Barry,24532057
Lea,Smith,76470804
Harry,Mcintosh,81700565
Charlotte,Smith,75347320
James,Ferguson,41929721
James,Barry,79647497
Harry,Mcintosh,59049373
Harry,ohairy,12257177
Charlotte,Ferguson,13521520
Harry,Angus,23706288
Beatrix,Barry,79721082
Beatrix,Ferguson,11261074
Lea,Smith,62744127
Beatrix,Smith,57582238
Harry,Ferguson,42657108
Charlotte,ohairy,52549809
Harry,Barry,16221032
Marc,Mcintosh,77445385
Charlotte,ohairy,62485137
Lea,Ferguson,89731580
James,Smith,35149729
James,Ferguson,48028086
Beatrix,ohairy,67681126
Harry,ohairy,17953556
James,Barry,86423639
Harry,Ferguson,59562206
Charlotte,Smith,30959965
James,Smith,45047035
Charlotte,Smith,60022815
Marc,Angus,15575763
Beatrix,Angus,23346954
James,Angus,72020154
James,Angus,87916472
Charlotte,Smith,45924527
Lea,ohairy,63253532
Marc,ohairy,21957930
Harry,Angus,29357766
Harry,ohairy,77528282
James,Mcintosh,53827932
Marc,Mcintosh,74385517
James,Barry,77359456
Lea,ohairy,57641147
Harry,Ferguson,44098037
Marc,ohairy,81339542
Beatrix,Angus,44238355
Marc,Smith,15021747
Lea,Mcintosh,63030310
Beatrix,Barry,15948988
Marc,ohairy,45970937
Harry,Mcintosh,45808446
Charlotte,ohairy,52608910
Beatrix,Angus,88716627
James,ohairy,28045112
Marc,ohairy,30195475
James,Barry,81728028
Harry,Ferguson,86220335
Lea,Ferguson,54685657
Harry,Angus,40294567
Lea,Smith,33207427
Marc,Ferguson,21798399
Lea,Mcintosh,17032490
Harry,ohairy,39379067
James,Mcintosh,73021708
Lea,Mcintosh,49292115
Harry,Smith,45024753
Beatrix,Ferguson,53178768
James,ohairy,37162702
Beatrix,Mcintosh,12474391
Charlotte,Ferguson,54321850
Beatrix,Ferguson,67740629
Harry,Mcintosh,81144668
James,Barry,36359559
Charlotte,Barry,20590336
Lea,Smith,67688933
Beatrix,Smith,76973384
Lea,ohairy,85571568
Charlotte,Smith,55077348
Charlotte,Mcintosh,61996570
Lea,Barry,85982680
Charlotte,ohairy,12847580
Marc,Mcintosh,13813434
Marc,Mcintosh,77095701
Charlotte,Mcintosh,75168429
Harry,Ferguson,26071846
Lea,Mcintosh,59208634
Charlotte,Mcintosh,57441227
Beatrix,Ferguson,50132953
Beatrix,Angus,47263271
Marc,Mcintosh,31567966
James,Angus,37360023
Harry,Angus,84226205
