First Name,Last Name,Matriculation
Charlotte,Smith,66822979
Charlotte,Mcintosh,33126816
Lea,Smith,34083081
Marc,Smith,38454585
Marc,Barry,31816654
Harry,Ferguson,52729840
Charlotte,Mcintosh,81526230
Lea,Mcintosh,75528873
Charlotte,Barry,32540089
Harry,ohairy,50827470
Harry,ohairy,86554633
James,Angus,71858375
James,Angus,52511058
Harry,Ferguson,64214312
Charlotte,Angus,28696029
Lea,Smith,13962719
Lea,Smith,37019847
Lea,Barry,67627591
Lea,Barry,84545382
Lea,Barry,40217367
James,ohairy,88902551
James,Mcintosh,70871637
Lea,Angus,24567486
Lea,Ferguson,34197562
James,Ferguson,12359961
Charlotte,ohairy,89047976
Marc,Barry,10695917
James,Angus,14329786
Beatrix,Angus,46267788
Beatrix,Smith,31430023
Lea,Smith,61286367
Charlotte,ohairy,86361677
James,Smith,56728362
James,Barry,68822244
Charlotte,Mcintosh,74351883
Marc,Angus,69195135
Lea,Ferguson,68986225
Lea,Ferguson,53889447
Marc,Ferguson,15156093
Marc,Angus,65616911
James,Smith,37375500
Harry,ohairy,64678368
James,Angus,63373312
Harry,Smith,61602569
Lea,Ferguson,57867327
Beatrix,Barry,31928873
James,Barry,29446869
Marc,Mcintosh,71539272
James,Mcintosh,16666556
Charlotte,ohairy,17198144
Beatrix,Mcintosh,82849455
Charlotte,Angus,17441279
Lea,Mcintosh,67246513
Charlotte,Barry,18592730
Marc,Ferguson,65358574
Marc,ohairy,35237854
Harry,ohairy,53235497
James,Angus,35198973
Lea,Mcintosh,28610336
Lea,ohairy,37558346
Marc,Angus,45497044
Harry,Angus,22761909
James,Smith,29168707
Harry,Mcintosh,43941317
Harry,Smith,26928161
Lea,Mcintosh,45881008
James,Smith,70773618
Beatrix,Barry,84069106
Charlotte,Smith,56082233
Beatrix,Mcintosh,57819443
Charlotte,Ferguson,19397829
Charlotte,Smith,40004644
Marc,ohairy,63487825
James,Angus,57758718
Charlotte,Barry,63327922
Harry,Ferguson,33085312
Harry,Smith,42242474
Harry,Smith,50270133
Marc,Ferguson,61591909
Lea,Angus,34966618
Beatrix,Smith,75003749
Charlotte,Angus,46706042
Lea,Mcintosh,86976123
Charlotte,Angus,50061131
Lea,Barry,61539552
James,Angus,58283643
Marc,Ferguson,83901478
Charlotte,ohairy,55775120
Harry,Smith,25961135
Harry,Barry,10801352
James,ohairy,86635529
Marc,Smith,84378774
Charlotte,Smith,81663734
James,ohairy,29673608
Charlotte,Angus,10330635
Beatrix,Mcintosh,38056273
Marc,Angus,58507484
Beatrix,Angus,62736007
Lea,Barry,48993544
Charlotte,ohairy,64873333
