First Name,Last Name,Matriculation
Marc,Mcintosh,38033772
Beatrix,Barry,59474892
Lea,ohairy,53085023
Marc,ohairy,60624366
Lea,Smith,55289140
Lea,Mcintosh,28912528
Charlotte,Angus,16807738
Beatrix,Angus,73916334
Harry,Ferguson,52715039
Marc,Smith,72683517
Marc,ohairy,70268301
Beatrix,Angus,54915288
Lea,Mcintosh,19146601
James,Barry,67644091
Lea,Angus,72800986
James,Ferguson,55318824
Beatrix,Angus,28944397
Beatrix,Ferguson,32261450
Lea,Smith,44589884
Harry,Ferguson,74217881
Beatrix,Mcintosh,77562397
Marc,Smith,24786143
Lea,ohairy,63069763
Lea,Angus,63405953
Charlotte,Angus,12883566
Marc,Mcintosh,15207306
Marc,ohairy,52962494
Harry,Barry,18238749
James,Smith,44402901
Charlotte,Barry,82370141
Beatrix,Angus,38082643
Harry,Barry,72617918
Beatrix,ohairy,10454020
Beatrix,Angus,84363385
Marc,Angus,71622643
Charlotte,Ferguson,63323963
Harry,Smith,57991644
Harry,Angus,40485592
Beatrix,Ferguson,14402666
Lea,Smith,78764192
Harry,Angus,71757999
Harry,Mcintosh,50039079
James,Mcintosh,40728359
Marc,Ferguson,56050762
James,Smith,16396217
Harry,Angus,84037530
Marc,Mcintosh,51395391
Charlotte,Mcintosh,35480699
Harry,Angus,27154474
Lea,Mcintosh,86409092
James,Smith,38871260
Lea,Mcintosh,75250453
Harry,Smith,27472484
James,Mcintosh,52592171
Beatrix,ohairy,42919607
Beatrix,Mcintosh,83611264
Charlotte,Angus,77200326
Marc,ohairy,16045200
Lea,Angus,16372922
Charlotte,Smith,16523338
Lea,Smith,51710766
Lea,Ferguson,82645276
Lea,Smith,41155665
James,ohairy,89100145
Lea,Barry,24279460
Charlotte,Barry,16462615
Charlotte,ohairy,30207626
Beatrix,Smith,62804045
Beatrix,Smith,20152399
Beatrix,ohairy,28273744
Harry,Smith,69008755
Beatrix,ohairy,73396364
Lea,Angus,79052498
Lea,Mcintosh,24432621
Harry,Angus,34524986
Harry,Ferguson,18150830
Marc,Ferguson,40186452
Lea,Barry,76022786
Marc,Smith,28302002
Harry,ohairy,54619683
Charlotte,Ferguson,29475640
Charlotte,Smith,89247108
Charlotte,Angus,32873483
James,Smith,29825498
James,Barry,37812609
Charlotte,Angus,27642705
Charlotte,Barry,29184207
James,Mcintosh,51519300
Beatrix,Smith,88591378
Marc,Angus,20891434
Marc,ohairy,42707057
Lea,Angus,30472518
Beatrix,Barry,50068185
Lea,Ferguson,34605942
Beatrix,Angus,74565152
Lea,Smith,54287959
Lea,Mcintosh,47025591
Marc,Angus,71746837
Harry,ohairy,73940104
Marc,Barry,87981957
