First Name,Last Name,Matriculation
Marc,Ferguson,13947824
Charlotte,ohairy,39577024
Harry,ohairy,59814713
Marc,Angus,46733755
Lea,Mcintosh,64878703
James,Mcintosh,58488809
Charlotte,Barry,56704100
Charlotte,Angus,14181818
Charlotte,Angus,54696159
Marc,Barry,11073882
Beatrix,Smith,73177514
Harry,Barry,89229789
Beatrix,Mcintosh,59161402
Marc,Smith,84969980
Harry,Ferguson,82634350
Beatrix,Mcintosh,86666143
Harry,Angus,20065556
James,ohairy,62079313
James,Barry,47100066
Marc,Ferguson,69778919
Beatrix,Barry,40788860
Harry,Ferguson,48636548
James,Smith,76061775
James,Ferguson,47952808
James,Angus,13421881
Beatrix,Mcintosh,16238028
Charlotte,Barry,47886223
Harry,Smith,69641281
Marc,ohairy,31328719
Lea,Smith,69785183
James,Angus,66532560
Lea,Angus,19439190
Charlotte,Barry,80394164
Beatrix,Mcintosh,41309438
Beatrix,Smith,52290478
Harry,Ferguson,27607559
Beatrix,Mcintosh,50348635
Marc,Ferguson,55669512
Harry,Mcintosh,82333813
Harry,Ferguson,25516385
Charlotte,Angus,29821001
Lea,Angus,67563678
Marc,Barry,78100904
Harry,Ferguson,37333383
Marc,Smith,47595626
Harry,Mcintosh,47350096
Charlotte,Ferguson,52565671
Beatrix,Mcintosh,77425630
Charlotte,Smith,46898736
Marc,ohairy,55168129
Marc,Barry,49526909
James,ohairy,29756767
Harry,Mcintosh,28072227
Lea,Barry,55233319
Beatrix,Ferguson,45004745
Charlotte,Ferguson,33700792
Beatrix,Mcintosh,42924683
Harry,Smith,80736606
Marc,Ferguson,72872040
Charlotte,ohairy,55884720
Harry,Angus,20310859
Beatrix,Ferguson,58015265
Marc,Barry,55500287
James,Ferguson,74233955
Lea,Smith,36996329
Charlotte,Angus,39587440
Beatrix,Barry,81558774
James,ohairy,62972591
Marc,Smith,65488822
Lea,Ferguson,57729014
Charlotte,ohairy,41752266
Marc,Mcintosh,40454952
Marc,Ferguson,11919375
Beatrix,Angus,31627061
Beatrix,Smith,56808189
Marc,Mcintosh,29387521
Lea,Barry,22440042
Harry,Barry,16463744
Harry,Angus,41055508
Beatrix,Mcintosh,84406865
Harry,ohairy,43654398
James,Angus,50298804
Beatrix,Angus,18637434
Harry,Smith,76169920
James,ohairy,22911152
Lea,Angus,23029698
Harry,Barry,74720004
Lea,Mcintosh,39621373
Charlotte,Smith,83982261
Lea,Mcintosh,30739576
Lea,Barry,59977080
Lea,Angus,29218736
Marc,Barry,63125190
Lea,ohairy,78770897
Beatrix,Smith,16501598
Marc,Mcintosh,70536557
Charlotte,Angus,54298917
Charlotte,ohairy,31116545
Harry,Smith,57848857
James,Ferguson,14699591
