First Name,Last Name,Matriculation
Marc,Smith,45277339
Lea,Smith,59133314
Harry,Mcintosh,44899014
James,ohairy,48250582
Beatrix,Smith,16771178
Lea,Smith,78064205
James,Ferguson,80390800
Beatrix,Smith,10844418
Marc,ohairy,83368985
Beatrix,ohairy,36790396
Marc,Ferguson,36005914
James,Mcintosh,49498414
Harry,ohairy,40323066
Marc,Barry,21373191
Beatrix,Ferguson,29491927
Beatrix,ohairy,73177026
James,Mcintosh,36409117
Harry,Angus,37857833
Lea,Ferguson,89390260
Lea,ohairy,38341275
Harry,ohairy,15536540
Beatrix,ohairy,32305733
Beatrix,Smith,35745682
James,Mcintosh,85109456
Harry,ohairy,48301841
Harry,Ferguson,25302315
Marc,Ferguson,14233407
James,Barry,51674950
Beatrix,Ferguson,12033828
Beatrix,ohairy,31823598
James,Angus,10861885
Marc,Barry,50908924
Lea,Mcintosh,55018303
Lea,Smith,62027467
Beatrix,Smith,17056839
Charlotte,Barry,15783728
Marc,Barry,75981538
Marc,Angus,27411161
Lea,Ferguson,59875858
James,Barry,11500211
Charlotte,Smith,66872586
Charlotte,Barry,22092864
Beatrix,Angus,55844260
Beatrix,ohairy,46415373
James,Ferguson,47016334
Beatrix,Ferguson,47887807
James,Angus,26907730
James,Mcintosh,49130584
Marc,Angus,77228129
Lea,Smith,54690817
James,Angus,11455600
Lea,ohairy,29063008
Harry,Smith,53677616
Beatrix,Angus,70320650
Beatrix,Smith,24042824
Harry,Angus,19422404
James,Barry,44438891
Harry,ohairy,10527591
Lea,Barry,63370928
Charlotte,Barry,53955629
Harry,ohairy,31610825
James,Smith,75081347
Marc,Ferguson,26666821
James,Barry,27386554
Lea,Smith,57827117
Harry,Smith,77174592
Harry,Mcintosh,18647930
Beatrix,Ferguson,65072533
James,Barry,17462222
James,Ferguson,23159391
Beatrix,Angus,27343254
Beatrix,Smith,54077895
Beatrix,Mcintosh,11276924
Beatrix,Mcintosh,74836041
Lea,Angus,53453754
Marc,Ferguson,13402533
Lea,Smith,69460513
Harry,Angus,71343925
Lea,Barry,12671252
Lea,Angus,37718717
Lea,Angus,18911114
Beatrix,Ferguson,14455823
Marc,Ferguson,58902015
Beatrix,Angus,70919939
James,Ferguson,56667760
Lea,Mcintosh,73952907
Charlotte,Ferguson,66899133
James,Angus,19900843
Marc,Barry,13801492
Marc,Ferguson,76581734
Harry,ohairy,65185801
Harry,Mcintosh,65112677
Marc,Smith,79834779
Lea,ohairy,26643477
Beatrix,Ferguson,77577407
Beatrix,Ferguson,49677668
Beatrix,Ferguson,11375752
James,Barry,62180877
Lea,Mcintosh,26223746
James,Angus,45998560
