First Name,Last Name,Matriculation
Marc,Mcintosh,51060401
James,Angus,32716038
Harry,Angus,87797058
Beatrix,Ferguson,13056562
Marc,Barry,81018226
Beatrix,Barry,86085386
Charlotte,Barry,65032861
Beatrix,ohairy,65138112
Marc,ohairy,34283086
Charlotte,ohairy,73370076
Beatrix,Mcintosh,38657320
Charlotte,Angus,57906324
Marc,ohairy,56399366
Beatrix,Angus,74015051
James,Mcintosh,78998051
Harry,Barry,49450794
Charlotte,Angus,44312492
Charlotte,Smith,67108417
James,Ferguson,66316608
Beatrix,Smith,67839050
James,Mcintosh,27254647
Harry,ohairy,22465837
Harry,ohairy,52454031
Harry,Ferguson,22724616
Lea,Ferguson,14725958
James,ohairy,16761364
Harry,Angus,46846522
Lea,ohairy,13741596
Beatrix,Smith,32042193
Charlotte,Ferguson,28021798
Lea,Mcintosh,64122547
Harry,Barry,16699974
Marc,Smith,13286396
Charlotte,Barry,58798236
Harry,Angus,37514057
Harry,Angus,16730163
Charlotte,ohairy,40225324
Beatrix,Ferguson,14108996
Charlotte,Angus,15496703
Marc,Smith,68398681
Charlotte,ohairy,54064457
Marc,Smith,83856117
Harry,Mcintosh,45259661
Charlotte,Smith,32190377
Marc,Ferguson,29655662
Beatrix,Mcintosh,54513009
James,Ferguson,11291190
Harry,Mcintosh,50180993
Lea,Barry,45141938
Beatrix,ohairy,89575848
Charlotte,Ferguson,52832230
Charlotte,Smith,47522717
Beatrix,ohairy,10606212
Lea,Ferguson,39041906
Harry,ohairy,79385713
James,Mcintosh,32298626
Beatrix,Smith,62531624
Marc,Smith,54092829
Lea,Mcintosh,65937998
Beatrix,Mcintosh,19526959
Beatrix,Mcintosh,39914216
Lea,ohairy,29055482
James,Barry,56546394
Marc,Mcintosh,80482232
Lea,ohairy,81410709
James,ohairy,15492871
Beatrix,ohairy,80859739
Harry,Angus,45429052
James,Ferguson,63220971
James,Mcintosh,82723104
Harry,Smith,82641879
Lea,ohairy,31232116
Charlotte,Barry,40161025
Harry,ohairy,69509236
Lea,Smith,55783729
Charlotte,Barry,24057883
Marc,Mcintosh,83381761
Marc,ohairy,42068865
James,Smith,12586258
Beatrix,Barry,62529536
Marc,ohairy,87513027
Charlotte,Smith,44341372
Beatrix,Smith,16723166
James,Mcintosh,85195323
Marc,Ferguson,37800084
Marc,Smith,23934679
Beatrix,Smith,70311133
Lea,Barry,68340254
Marc,Ferguson,20477384
Charlotte,ohairy,63405625
Marc,Ferguson,87836284
James,Mcintosh,73073337
Beatrix,Mcintosh,45003632
Lea,ohairy,88609051
Lea,Angus,77193625
Marc,Ferguson,52961615
Beatrix,Ferguson,71266613
Lea,Angus,35758896
Charlotte,Mcintosh,14267612
James,Ferguson,70756829
