First Name,Last Name,Matriculation
Marc,Angus,78844300
Charlotte,Angus,20322465
James,Angus,26227312
Beatrix,Ferguson,79578756
Harry,Angus,38665110
Marc,Smith,34056643
Harry,Angus,43617894
Beatrix,Mcintosh,42223214
Beatrix,Mcintosh,31933189
Lea,Smith,37319620
Marc,Mcintosh,82482883
Marc,ohairy,46844116
Lea,Angus,80125307
Lea,Smith,33130507
Beatrix,Barry,22862600
Harry,Ferguson,43412263
James,Barry,35752084
Marc,Ferguson,76993422
Marc,Angus,89374333
Harry,Ferguson,35069873
Harry,Smith,55355256
Charlotte,Mcintosh,63915489
James,Ferguson,51497261
James,Barry,62125472
Beatrix,Barry,47440342
James,Barry,61789524
Lea,Ferguson,89608350
Beatrix,Smith,59922528
Marc,Mcintosh,85892272
Charlotte,Angus,49288817
Beatrix,ohairy,83942104
Charlotte,Ferguson,11744369
James,Smith,16635920
Harry,Barry,89910754
Beatrix,Ferguson,70520247
Charlotte,Barry,17645363
Charlotte,Barry,47236511
James,Smith,10060147
Charlotte,ohairy,33692801
Lea,ohairy,82070810
Lea,Angus,72507719
Charlotte,Angus,31402235
James,Barry,18616364
Marc,ohairy,11655186
Harry,Ferguson,47579538
James,Barry,60635888
Charlotte,Ferguson,51864304
James,ohairy,31210344
Marc,Mcintosh,69890666
Marc,Smith,18919444
Charlotte,ohairy,48719191
Lea,ohairy,67656107
Marc,Smith,14081284
Charlotte,ohairy,75752812
Marc,Mcintosh,44310031
Beatrix,Barry,88718326
James,ohairy,70729720
Marc,Angus,33777632
Beatrix,Ferguson,89977000
Lea,Ferguson,44981464
Lea,Ferguson,66184738
Harry,Barry,10991056
Charlotte,ohairy,78663518
Harry,Mcintosh,58110521
Lea,Mcintosh,39033958
Lea,Angus,87181822
James,ohairy,14140996
Lea,Mcintosh,44278970
Harry,Angus,26389713
Charlotte,Smith,51831431
Harry,ohairy,31824141
Beatrix,Barry,11423656
Marc,Angus,87690360
Marc,Barry,76819074
Marc,Smith,11935948
James,Mcintosh,86914240
Lea,ohairy,22939781
Lea,ohairy,43291866
Lea,Mcintosh,58706456
Harry,Angus,82832840
James,ohairy,19859181
James,Mcintosh,12372821
Marc,Ferguson,40572995
James,Mcintosh,38446983
Beatrix,Barry,50590589
Lea,Angus,35075122
James,Ferguson,84244115
Lea,Smith,59751352
Marc,ohairy,47195142
Beatrix,Mcintosh,80677773
James,Mcintosh,72163192
Lea,ohairy,59565233
Charlotte,Barry,70046172
Marc,Mcintosh,59475828
Beatrix,ohairy,82852088
Beatrix,Smith,46524311
James,Mcintosh,73454259
Beatrix,Smith,55003113
James,ohairy,37158675
Beatrix,Smith,82471850
