First Name,Last Name,Matriculation
James,Mcintosh,38031361
Beatrix,Ferguson,82127049
Charlotte,ohairy,50162816
Harry,Smith,56025297
Harry,Mcintosh,11028910
Harry,Ferguson,47007492
Beatrix,Ferguson,51223096
Lea,Ferguson,60255124
Harry,Angus,47875800
James,Ferguson,60839415
Charlotte,Smith,19074773
Charlotte,Ferguson,64327392
Marc,Barry,78875100
Beatrix,Ferguson,68540664
Lea,Ferguson,51970113
Lea,Ferguson,75287122
Marc,Angus,89816462
Marc,Ferguson,81926689
James,ohairy,58189857
Marc,Ferguson,79000170
Harry,Ferguson,77539326
Harry,Barry,14848586
Charlotte,Ferguson,80512582
Beatrix,Angus,28204340
James,Smith,49037693
Lea,Ferguson,28510271
Marc,Barry,52958779
Lea,Angus,17017832
James,Angus,46123655
Beatrix,Barry,17777956
Lea,Mcintosh,65445614
Harry,Mcintosh,32507676
Lea,Mcintosh,35376635
Lea,Smith,33681248
Marc,Ferguson,34831330
Beatrix,Mcintosh,26540331
Marc,Smith,89591935
James,ohairy,16563408
Charlotte,Mcintosh,74214745
Charlotte,Smith,20683475
Marc,Ferguson,88971314
James,Angus,87489199
Charlotte,ohairy,46826899
Lea,ohairy,64030258
Lea,Smith,64766788
James,Smith,47637504
Beatrix,Barry,23331756
Harry,Mcintosh,88887282
Marc,Mcintosh,29029854
Beatrix,Barry,50295070
Charlotte,Mcintosh,83467992
Lea,Smith,89821065
Beatrix,Mcintosh,25602265
Marc,Mcintosh,46013787
Charlotte,ohairy,73316732
Charlotte,Angus,25603535
Charlotte,Mcintosh,66796502
Charlotte,Angus,45821153
Lea,Barry,55450892
Harry,Angus,54264972
James,Ferguson,86826596
Marc,Ferguson,74890248
James,Smith,26050718
James,Barry,59569716
Charlotte,ohairy,16967518
James,Ferguson,39660390
Beatrix,Barry,46552013
Marc,Mcintosh,67670277
James,ohairy,37819407
Lea,ohairy,24677001
Lea,ohairy,36455461
Beatrix,Mcintosh,24482236
Beatrix,Ferguson,39739686
Beatrix,Smith,62687308
Charlotte,Barry,18622768
Marc,ohairy,59601797
James,Angus,12082915
Marc,Ferguson,77674930
Lea,Ferguson,37759387
Harry,Smith,54159908
Marc,Angus,14231163
Harry,Angus,43164752
Beatrix,Barry,70943826
Marc,Barry,51603054
Marc,Mcintosh,10095474
Harry,Smith,25031655
Marc,ohairy,64231300
Charlotte,Mcintosh,63810226
Marc,Ferguson,36468512
Marc,Ferguson,79931417
James,Mcintosh,87349947
Lea,Smith,25893778
Lea,Barry,16864776
James,Ferguson,40569710
James,ohairy,68226473
Harry,Barry,53713109
Lea,Angus,48300664
Harry,Mcintosh,38087324
Beatrix,ohairy,69573871
Marc,Smith,29307744
