First Name,Last Name,Matriculation
Harry,Barry,80272597
Beatrix,Ferguson,88045378
Charlotte,Ferguson,69950329
Charlotte,Barry,33757707
Lea,Mcintosh,64239193
Charlotte,ohairy,64191654
Marc,Angus,85731587
James,ohairy,56433951
Lea,Mcintosh,28022295
Charlotte,Mcintosh,36294954
Charlotte,Barry,45488817
Marc,Ferguson,66084976
Beatrix,Ferguson,32185546
Marc,Mcintosh,30748776
Charlotte,Ferguson,39371651
James,Barry,80047000
Lea,ohairy,61390988
Harry,Barry,82340441
Lea,Ferguson,26716914
James,ohairy,18528151
Lea,Barry,66263870
Marc,Angus,59363073
Harry,Smith,31320305
Marc,Ferguson,65031329
Beatrix,Mcintosh,32600456
Charlotte,Mcintosh,18111700
Marc,ohairy,59774254
Harry,Ferguson,53258856
James,Mcintosh,28168731
Marc,Angus,63091465
James,Mcintosh,64117032
Charlotte,Ferguson,17090226
James,Ferguson,19673884
Harry,Angus,12235243
James,Smith,24368976
James,Smith,46864434
Charlotte,Ferguson,63791629
James,Ferguson,41979798
Charlotte,Barry,55942827
James,Barry,80774110
Marc,Mcintosh,74323355
Harry,Mcintosh,58488215
Marc,Smith,80711146
Harry,Smith,72762361
Harry,Ferguson,26643816
Charlotte,Mcintosh,83426318
Charlotte,Angus,15532202
Harry,Ferguson,27649024
Harry,Mcintosh,53548224
Lea,Smith,22377219
Charlotte,Smith,46041980
Charlotte,Mcintosh,32322429
Harry,Mcintosh,10445070
James,ohairy,65993443
James,Smith,14239839
Marc,Smith,48624302
Lea,ohairy,42206089
James,Ferguson,55408853
Harry,Mcintosh,61956506
Harry,Ferguson,88284720
Beatrix,Angus,78981019
Harry,Angus,30832539
Beatrix,Barry,67247814
Marc,Mcintosh,16826588
James,Angus,26551454
Harry,Mcintosh,34522273
Beatrix,Ferguson,29640312
James,Barry,30435106
Charlotte,Ferguson,33600193
Lea,Mcintosh,59388064
Charlotte,ohairy,29568656
Harry,Ferguson,71215810
Lea,ohairy,41370886
James,Ferguson,28949672
James,Barry,46701115
James,Angus,44568146
Harry,Barry,40924387
Charlotte,Smith,28337021
Beatrix,Ferguson,78761166
Marc,Angus,86858642
Marc,ohairy,27231001
Beatrix,Barry,54041824
Marc,ohairy,58276089
Charlotte,Barry,22466241
James,Smith,52852442
Lea,Smith,47588381
James,Ferguson,18128636
Lea,Barry,43878805
Beatrix,Smith,25623417
Marc,Ferguson,44631759
Charlotte,Angus,26678929
Beatrix,Barry,73755129
Marc,ohairy,70551700
Marc,Angus,45071648
James,Ferguson,37917622
Harry,Mcintosh,21276219
Charlotte,Ferguson,15178156
James,Barry,75069329
Marc,ohairy,32615870
Charlotte,Barry,11683445
