First Name,Last Name,Matriculation
Harry,Mcintosh,60947528
Harry,Ferguson,45856505
Beatrix,Mcintosh,52532594
Charlotte,Barry,20894938
Charlotte,Angus,46414491
Harry,Ferguson,45977579
James,ohairy,41475094
Marc,Smith,38095576
Marc,Mcintosh,38784241
Harry,ohairy,84323372
Charlotte,Ferguson,36228036
Harry,Smith,40981471
Marc,Ferguson,40757277
James,Smith,20108985
Beatrix,Smith,23221284
Charlotte,Smith,65021582
James,Angus,28221406
James,ohairy,32956716
James,Smith,73761471
James,Mcintosh,18245106
Beatrix,Angus,47171216
James,Angus,86808000
Beatrix,Smith,51349822
Harry,Barry,68774131
Beatrix,Ferguson,38482766
James,Mcintosh,56140321
James,Mcintosh,32401973
James,Angus,19994149
Marc,Angus,36057502
Charlotte,Ferguson,83223459
Harry,Angus,63782061
Beatrix,Angus,48623006
Marc,Mcintosh,71805091
Lea,Mcintosh,39613567
Charlotte,Barry,78958640
Marc,Smith,11076193
James,Angus,60028983
Charlotte,Barry,64093691
Harry,Ferguson,33320217
James,Mcintosh,22934120
Charlotte,Barry,89135446
Harry,Smith,12585973
Lea,Angus,42552593
Beatrix,Ferguson,30732064
James,ohairy,83428566
Charlotte,ohairy,34344602
Harry,Ferguson,19501362
Lea,ohairy,15697505
Lea,Smith,86689447
James,Angus,29843153
Charlotte,Ferguson,37556879
Charlotte,Barry,69865235
Lea,Mcintosh,24430026
Marc,Barry,84012902
James,Barry,68428650
Harry,Mcintosh,65381529
Charlotte,Angus,25376406
Lea,Smith,86253033
James,Mcintosh,83256010
Harry,Smith,25448025
Charlotte,ohairy,64245640
Charlotte,Smith,85887921
Lea,Barry,39763787
Beatrix,Barry,21231047
Beatrix,ohairy,83304045
James,Angus,43971668
Marc,Angus,62368139
Lea,Barry,28652446
Marc,Barry,58956443
Harry,ohairy,24787154
James,Mcintosh,79555008
Marc,Angus,39693945
Charlotte,Ferguson,31917616
Lea,Ferguson,32713900
Beatrix,Ferguson,46283073
Marc,ohairy,46888990
Marc,Mcintosh,41042513
Marc,Ferguson,49002871
Lea,ohairy,86544026
Charlotte,ohairy,69262069
Beatrix,Angus,19848096
Charlotte,Ferguson,49054590
Lea,ohairy,71498847
Charlotte,Ferguson,31590121
Charlotte,Smith,33798843
Beatrix,ohairy,85562932
Charlotte,Barry,14749578
Harry,Mcintosh,32956153
Charlotte,Barry,55858522
James,Barry,77588749
Marc,Ferguson,29429772
Beatrix,ohairy,44856954
James,Smith,24697733
Lea,Barry,51856708
Marc,Ferguson,52111148
Beatrix,Mcintosh,60055953
Charlotte,Smith,36151208
Marc,Barry,15349180
Beatrix,ohairy,56828875
Harry,Smith,80640806
