First Name,Last Name,Matriculation
Charlotte,ohairy,40876755
Charlotte,Barry,43793269
Marc,Smith,25672644
Lea,Smith,56357904
Beatrix,Barry,68125546
Beatrix,Barry,84473494
James,Smith,68352335
James,Smith,12545031
Charlotte,Ferguson,24426073
James,Angus,83272741
Beatrix,Barry,76029730
Lea,Barry,73887607
James,Barry,11012766
Harry,Smith,11660749
Marc,ohairy,42640489
Beatrix,ohairy,52936543
Lea,Barry,30479762
Harry,Smith,87229669
Beatrix,Ferguson,26122347
Lea,Mcintosh,48577947
Beatrix,ohairy,83250967
Marc,Mcintosh,76082073
Charlotte,Mcintosh,56563996
Harry,ohairy,55002659
Marc,Mcintosh,84298798
Charlotte,ohairy,84107037
James,Angus,87945432
Harry,Barry,47390602
Beatrix,Barry,75815829
Beatrix,Smith,51048494
Charlotte,Angus,74908398
James,ohairy,63505332
Lea,Angus,29988027
James,Mcintosh,13685204
James,Mcintosh,63746172
Harry,Barry,77058971
Charlotte,Angus,72749015
Harry,Ferguson,15685250
Harry,Mcintosh,34779935
Harry,Barry,58433099
Beatrix,Angus,88546081
Harry,Barry,58442813
Harry,Mcintosh,66165512
Marc,ohairy,61172332
Lea,ohairy,11384580
Beatrix,Barry,68670744
Charlotte,Barry,78849985
Beatrix,Mcintosh,60574266
Beatrix,Mcintosh,36007699
Lea,ohairy,31728669
James,Ferguson,18592789
James,Mcintosh,68745318
Lea,ohairy,27680904
Marc,ohairy,85242765
Charlotte,Angus,78736681
Marc,Ferguson,47862197
Charlotte,ohairy,70668928
Harry,Barry,28016639
James,Mcintosh,21402368
Beatrix,Smith,77528014
Marc,Smith,76449652
Marc,Smith,82369795
Marc,Mcintosh,56561122
Charlotte,Mcintosh,49145888
Beatrix,Ferguson,19452363
Lea,Smith,25813480
Charlotte,Mcintosh,73150896
Beatrix,Ferguson,69729890
Charlotte,Ferguson,19512442
Beatrix,Smith,11006483
Charlotte,Mcintosh,43799551
James,Angus,13483793
Lea,Barry,11694224
James,Barry,86789480
Lea,ohairy,77919112
Marc,Mcintosh,31500762
Marc,Smith,61169299
Marc,ohairy,56311564
Beatrix,Mcintosh,43483251
Marc,Mcintosh,24226136
Lea,Ferguson,68202880
Harry,ohairy,74697452
Marc,ohairy,70465845
Beatrix,Ferguson,52214669
Beatrix,Mcintosh,26334703
Lea,Angus,35941795
Beatrix,Angus,87036952
Marc,Ferguson,62222425
Charlotte,ohairy,38389541
Charlotte,Mcintosh,54643251
Charlotte,Smith,56211871
Marc,Angus,21872236
James,Mcintosh,18545188
Marc,Smith,66514474
Lea,Smith,30889768
James,Barry,25955850
Beatrix,Smith,46208677
James,Mcintosh,43595507
Charlotte,Mcintosh,80907976
Charlotte,Mcintosh,70547379
