First Name,Last Name,Matriculation
Marc,ohairy,68060897
Charlotte,Smith,80964323
Harry,ohairy,27428403
Charlotte,Mcintosh,69803105
Beatrix,Mcintosh,47853184
Beatrix,Angus,81832470
Beatrix,Mcintosh,36150344
Marc,ohairy,39466355
Charlotte,Angus,84854099
Harry,Angus,23581852
Harry,Ferguson,33059340
Harry,Barry,60929214
Harry,Ferguson,12230862
Marc,Smith,59003208
Marc,Barry,18399221
James,Barry,75232124
Beatrix,Ferguson,57094197
James,Smith,77457196
Beatrix,Smith,86815154
Lea,Smith,25475648
Harry,Mcintosh,20182921
Charlotte,Ferguson,68103547
Harry,Barry,30397639
Beatrix,ohairy,62673976
Charlotte,ohairy,33649970
Harry,Barry,79635140
Charlotte,Ferguson,35756711
Charlotte,Barry,62868308
Marc,ohairy,67340097
Charlotte,ohairy,85975581
James,Mcintosh,12767189
Marc,ohairy,44361065
Harry,ohairy,19061368
Charlotte,Mcintosh,75548882
James,Ferguson,25049863
Lea,Angus,28758233
Charlotte,ohairy,65969469
Beatrix,ohairy,38541857
Charlotte,ohairy,21493026
James,ohairy,37631538
Lea,Mcintosh,38380186
Beatrix,Mcintosh,58403283
Beatrix,Smith,58162018
Charlotte,ohairy,26559773
James,ohairy,16468790
James,Mcintosh,73840560
Harry,Ferguson,89633636
Beatrix,Smith,60875661
Charlotte,Ferguson,82425879
Beatrix,Angus,50956240
Beatrix,Mcintosh,83249216
Lea,Smith,52141280
Harry,Mcintosh,75345505
Lea,Smith,53088038
Marc,Angus,60669018
Harry,Angus,32797837
James,Barry,13225519
James,Ferguson,78777564
Charlotte,Angus,43453277
Lea,Mcintosh,11715463
Lea,ohairy,35278011
Lea,Barry,89722882
James,Ferguson,43029508
Harry,Barry,47989039
Marc,Mcintosh,47811399
Marc,Angus,74630336
Marc,Angus,21368998
Beatrix,Ferguson,66713734
Harry,Barry,54434173
James,Barry,32303653
Beatrix,Barry,22333728
Marc,Barry,37032661
Harry,Barry,30341865
Harry,Mcintosh,79785463
Beatrix,Ferguson,31921593
Beatrix,ohairy,70983357
Charlotte,Smith,46477616
Lea,Smith,25602671
Marc,Mcintosh,37080778
Beatrix,Angus,34660319
Beatrix,Barry,18783376
James,Smith,38310986
Marc,ohairy,48907551
Charlotte,Angus,58498718
Harry,Smith,48435618
Charlotte,Ferguson,41664644
Charlotte,Smith,88689934
Beatrix,Mcintosh,75940522
Marc,Smith,63810036
Lea,ohairy,78558575
Beatrix,Barry,21584249
James,Barry,31681041
Beatrix,Ferguson,82170470
Beatrix,ohairy,84476308
Charlotte,Ferguson,20087937
Charlotte,Barry,10402941
Harry,Ferguson,35025617
James,Ferguson,65799470
Harry,Ferguson,50570608
James,Smith,71836794
