First Name,Last Name,Matriculation
Charlotte,Smith,31959115
Harry,ohairy,39470051
Lea,ohairy,18584764
Charlotte,Barry,62353048
Beatrix,Mcintosh,33697732
James,ohairy,79608654
Beatrix,Mcintosh,86163529
Beatrix,ohairy,36645348
James,Mcintosh,53841232
Marc,Barry,34346328
Charlotte,Angus,77253154
Charlotte,Barry,61083010
Charlotte,Angus,40460420
Charlotte,Mcintosh,79878276
Charlotte,ohairy,39681880
Charlotte,Ferguson,88987782
Lea,Barry,45599087
Marc,ohairy,85965937
Marc,Smith,24866972
Lea,Smith,52504082
Beatrix,Mcintosh,81962711
Harry,Barry,67409405
James,Barry,31778944
Beatrix,Angus,80018019
Lea,Barry,28123871
Harry,Mcintosh,73426548
James,Mcintosh,80669427
James,ohairy,37136734
James,Smith,63654029
Lea,Ferguson,30136228
Charlotte,Angus,51659512
Lea,Angus,80362368
James,Barry,54565198
Charlotte,Barry,10266599
Lea,ohairy,68837004
James,ohairy,35735897
Harry,ohairy,29293764
Harry,Smith,54683017
Harry,Mcintosh,54574299
Charlotte,Angus,81815808
Marc,Ferguson,63065810
James,Smith,19568567
Harry,Angus,83323870
Lea,Smith,33066052
James,Mcintosh,27886983
James,ohairy,36814370
Charlotte,Barry,76825738
Harry,Mcintosh,59168568
Harry,Mcintosh,21239533
Lea,Ferguson,73506472
Marc,Mcintosh,23456365
Lea,Angus,69861777
James,Angus,52294692
James,Smith,10150153
Marc,Barry,68575960
Marc,Barry,46357204
Marc,Angus,76003848
Charlotte,ohairy,10038459
Beatrix,Mcintosh,59603484
James,Barry,16855932
Beatrix,Smith,44117097
James,Smith,68436534
James,Ferguson,12866048
James,Smith,68587890
James,Smith,82701386
Harry,Angus,55564265
Charlotte,Angus,26820833
Charlotte,ohairy,29803282
Marc,Angus,28314263
Beatrix,ohairy,32764577
Charlotte,Angus,32312791
Charlotte,Smith,23303381
James,Barry,57806363
Lea,ohairy,50548595
James,Smith,68250701
Lea,Barry,73893632
Beatrix,ohairy,15473668
Marc,ohairy,11703437
Charlotte,Mcintosh,56529046
Beatrix,Ferguson,17101246
Marc,ohairy,20468407
Harry,ohairy,25710677
Beatrix,Angus,10544796
James,ohairy,45798693
Marc,ohairy,31462713
James,Angus,18946303
James,ohairy,61336168
Harry,Mcintosh,86960870
Marc,Angus,22139076
Beatrix,Ferguson,63555739
Harry,Ferguson,22780093
Lea,Smith,25329628
James,Angus,78295934
Lea,Barry,46808230
Marc,Angus,54806969
Lea,Smith,50575473
Harry,Smith,22052680
Lea,Ferguson,23141834
James,Smith,38716211
Charlotte,Ferguson,66171712
