First Name,Last Name,Matriculation
Beatrix,Angus,75036766
James,Ferguson,56751332
Beatrix,Mcintosh,18618491
James,ohairy,14023594
James,Mcintosh,17863482
Lea,Smith,41691990
Lea,Barry,77636553
Charlotte,ohairy,67703399
Charlotte,Angus,13850085
Beatrix,Ferguson,29900114
Harry,Mcintosh,15607292
Beatrix,Angus,81400262
Marc,Barry,83474465
Beatrix,Smith,44526020
James,Angus,66774595
Lea,ohairy,89079629
Harry,Ferguson,60130658
Marc,Barry,36120305
Charlotte,Barry,40948442
Beatrix,Angus,36295522
Charlotte,Smith,54371602
Beatrix,Barry,60283025
Lea,ohairy,21882671
Beatrix,Ferguson,39138225
Harry,Mcintosh,23268184
Lea,ohairy,37500049
Marc,Ferguson,20533237
Lea,Barry,88556894
Beatrix,Mcintosh,65931199
Beatrix,ohairy,16179593
Beatrix,Mcintosh,72338660
Harry,Mcintosh,34447554
Marc,Smith,20377564
Beatrix,Smith,20643443
Charlotte,Ferguson,35482700
Charlotte,ohairy,17276541
James,Barry,69937325
James,ohairy,56910825
Lea,Ferguson,40832624
Charlotte,Ferguson,77519480
Lea,Barry,38935975
Lea,ohairy,72512793
Harry,ohairy,58464577
James,Ferguson,54579482
Beatrix,Mcintosh,81811336
Charlotte,Ferguson,70821465
Marc,Mcintosh,39947754
Marc,Mcintosh,69183433
Marc,Mcintosh,14730168
Marc,ohairy,43311409
Charlotte,Mcintosh,17155474
Marc,Barry,66473755
Lea,Angus,85301289
Marc,Mcintosh,60110814
James,Mcintosh,60475424
Lea,Angus,23828477
James,Ferguson,55813249
Harry,ohairy,30791697
Harry,ohairy,18939008
Lea,Smith,43479389
Lea,Mcintosh,10225322
Lea,Ferguson,21548104
Harry,ohairy,33965275
Marc,Smith,53772978
Lea,ohairy,84568740
James,ohairy,16223836
Charlotte,Ferguson,36206667
Marc,ohairy,13793142
Harry,Ferguson,78446598
Marc,ohairy,51899207
Marc,Angus,29290743
Beatrix,Ferguson,53350932
Lea,Barry,59842382
Charlotte,Ferguson,78416826
James,Ferguson,58436303
Marc,Mcintosh,38360766
Beatrix,Ferguson,15059712
Lea,Mcintosh,41133070
Charlotte,Mcintosh,47800948
Charlotte,Mcintosh,89591199
Charlotte,Ferguson,69099092
Marc,Smith,54241077
Charlotte,Mcintosh,62572211
James,ohairy,38034005
Beatrix,Mcintosh,36720349
Marc,Ferguson,20524698
James,Ferguson,42872158
Lea,Mcintosh,22231210
Lea,ohairy,33455500
Harry,Barry,38334427
Beatrix,Angus,51375005
Marc,Barry,44390383
Beatrix,Barry,12949763
Marc,ohairy,89926975
Marc,Smith,71118024
Lea,Angus,24331808
Marc,Barry,28796837
James,ohairy,73358689
James,Smith,20351068
Beatrix,Barry,24386172
