First Name,Last Name,Matriculation
James,ohairy,60717266
Beatrix,Barry,39657874
Marc,Smith,74545151
Charlotte,Mcintosh,73497554
Beatrix,Mcintosh,78344045
James,Barry,28794985
Lea,Angus,24100250
Beatrix,Angus,50577398
Harry,ohairy,11649182
Marc,Angus,35718983
Marc,Mcintosh,23637547
Marc,Mcintosh,89069962
Harry,Mcintosh,48652062
Harry,Barry,54067517
Lea,Ferguson,12749524
Charlotte,Smith,29130511
Lea,Ferguson,87704774
Harry,ohairy,72974243
Lea,Mcintosh,11524813
Beatrix,Barry,19033420
James,ohairy,30475091
Lea,Mcintosh,11810238
Lea,Smith,16934472
Lea,Mcintosh,15505231
Charlotte,Mcintosh,75252743
Charlotte,ohairy,71859282
Harry,Mcintosh,71579627
Beatrix,Angus,28311279
Lea,Mcintosh,11732397
Beatrix,Angus,48584305
Beatrix,Smith,10446294
Harry,Barry,29463621
Harry,ohairy,61665404
James,Ferguson,30317161
Marc,Mcintosh,10527298
Beatrix,Barry,88665573
Marc,Smith,37824796
Charlotte,Angus,27397651
Lea,Mcintosh,14001392
Charlotte,Smith,67886829
Harry,Angus,14715981
James,Mcintosh,67805934
Charlotte,Barry,28480779
James,Ferguson,11924523
James,Barry,63686372
James,Angus,25152000
Marc,Mcintosh,57443052
Harry,Mcintosh,23855710
Harry,ohairy,43332497
Lea,Angus,75163906
Lea,ohairy,33455853
Marc,ohairy,80208377
James,ohairy,38935379
Lea,Mcintosh,45422170
Beatrix,ohairy,56710720
Harry,Smith,62765082
Marc,Mcintosh,18664670
Charlotte,Mcintosh,41200179
Beatrix,Angus,64341716
Beatrix,Barry,78754252
Harry,Mcintosh,61711032
Marc,ohairy,82315772
James,Mcintosh,65506907
Lea,Mcintosh,19655936
Marc,Mcintosh,66370611
Lea,Mcintosh,38960888
Charlotte,Smith,12260596
Beatrix,ohairy,86805739
Marc,ohairy,75499102
Harry,ohairy,83150558
Charlotte,Mcintosh,67493208
Marc,Ferguson,83709974
Beatrix,Mcintosh,82221559
Lea,ohairy,16218928
James,Smith,63445992
James,Ferguson,79281797
James,Angus,63698773
Marc,Smith,12658687
Marc,ohairy,57220807
Marc,Angus,71697085
Harry,Mcintosh,66255610
Lea,Ferguson,22717699
Lea,Mcintosh,60386813
Charlotte,Mcintosh,74562284
Charlotte,Mcintosh,36382834
Beatrix,ohairy,82965502
Harry,Angus,23098705
Harry,ohairy,82271421
James,Mcintosh,48618488
Harry,Smith,48950753
Harry,Barry,56178457
Marc,Ferguson,54277007
James,ohairy,54845554
Beatrix,Ferguson,21902609
Charlotte,Angus,14855963
Marc,Ferguson,68983168
Marc,Barry,62307364
Harry,ohairy,52897091
Charlotte,Barry,19539124
Marc,Ferguson,78914719
