First Name,Last Name,Matriculation
James,Smith,82619033
Lea,Barry,38654191
Marc,Angus,72127209
Marc,Mcintosh,51047146
Lea,Smith,35314247
Marc,Barry,14946604
Beatrix,Smith,43406697
Marc,Smith,32693912
James,Barry,33599928
Beatrix,Smith,45835022
Lea,Barry,12259520
Marc,Angus,72962394
Harry,Ferguson,68850946
Marc,Barry,38046318
Beatrix,Ferguson,45282610
Charlotte,ohairy,25346884
Harry,Barry,28594881
Marc,Angus,37458009
Lea,Smith,23610230
Beatrix,Barry,71964570
Lea,Mcintosh,10699177
Harry,Angus,12453223
Charlotte,Ferguson,50315004
Charlotte,Ferguson,25147016
Charlotte,Mcintosh,41735646
James,Angus,23504996
Lea,ohairy,86449102
Marc,Smith,62761986
Beatrix,ohairy,25265877
Beatrix,Ferguson,10247099
Charlotte,Ferguson,58105848
Lea,ohairy,76969097
Beatrix,Smith,75261057
Beatrix,Mcintosh,46712939
Harry,Angus,84346497
Beatrix,Mcintosh,35358184
James,Barry,18343498
Charlotte,ohairy,88263471
Beatrix,Angus,51207702
Charlotte,Angus,86354520
Lea,Smith,36383374
James,Smith,21707244
Marc,Mcintosh,17593731
Harry,ohairy,12680665
Charlotte,Smith,13344306
Marc,Ferguson,36658084
Lea,Barry,66904205
Beatrix,Mcintosh,30109829
Lea,Ferguson,74779739
James,Smith,40434008
Harry,Mcintosh,28792232
Marc,Angus,51516303
Lea,Ferguson,61737798
Harry,Angus,48252009
James,Ferguson,15219878
Lea,Ferguson,69902512
James,Smith,85082442
Harry,Smith,84883574
Harry,Barry,19880655
Lea,Ferguson,29940915
Marc,Ferguson,59054263
Lea,Smith,34783721
Charlotte,Mcintosh,25020012
Lea,ohairy,76549831
Charlotte,Angus,35184171
Lea,Smith,85229346
Marc,Barry,50465233
Marc,Mcintosh,56854522
Marc,Mcintosh,79405346
Charlotte,Angus,44565236
Marc,Mcintosh,64130804
Charlotte,Smith,78581681
James,Ferguson,61154399
Marc,Angus,39103748
Charlotte,Angus,72364508
Charlotte,ohairy,49553035
Lea,Angus,82997328
James,Angus,58765177
Lea,Angus,70072380
Marc,Smith,58190171
James,Smith,45936421
Charlotte,ohairy,52058752
Lea,ohairy,18755614
James,ohairy,29973862
Harry,Barry,35315535
James,Mcintosh,67517116
James,ohairy,15544881
Lea,Smith,35991700
Lea,Angus,34213059
Beatrix,Mcintosh,82116193
Lea,Ferguson,63783788
Charlotte,Ferguson,28292155
Harry,Ferguson,63159113
Marc,Smith,82382791
Lea,Ferguson,89779554
Marc,Mcintosh,29758988
Harry,Barry,18834606
Beatrix,Smith,10942920
Lea,Mcintosh,88770093
Beatrix,Barry,43778825
