First Name,Last Name,Matriculation
Charlotte,Ferguson,84805070
James,ohairy,30070832
Marc,Angus,89791036
Beatrix,Smith,76622759
Lea,Ferguson,84842749
Charlotte,Barry,86915499
Harry,Smith,27704733
James,Ferguson,16100119
Harry,Mcintosh,30746766
Marc,Barry,78519921
Lea,Angus,28704043
Beatrix,ohairy,23344091
Beatrix,Smith,58950023
Harry,Barry,58874287
Beatrix,Mcintosh,52434973
James,Smith,68352696
Lea,Smith,38011605
Marc,Barry,79960075
Harry,Barry,45066746
Harry,Ferguson,77103287
Marc,Mcintosh,56752126
Harry,Ferguson,82472352
Beatrix,Smith,41126963
Harry,Ferguson,80161887
Marc,ohairy,73294478
James,ohairy,16517022
Charlotte,Smith,58759837
Charlotte,Mcintosh,82519930
Harry,ohairy,53148364
James,Mcintosh,84754829
James,Angus,30158144
Marc,Angus,86284372
Harry,Smith,46482132
Beatrix,Barry,53477115
Charlotte,Mcintosh,59665757
James,Mcintosh,26005885
Beatrix,Smith,67792340
James,Ferguson,22775598
Harry,Smith,45861311
Marc,Angus,71537463
Charlotte,Barry,89744114
Marc,Smith,27608489
Beatrix,Ferguson,71113781
Beatrix,Ferguson,73349036
Beatrix,Smith,80839196
Harry,Ferguson,49123142
James,Barry,36641777
Marc,Smith,84109120
Marc,ohairy,72270603
Lea,ohairy,71315907
Lea,Smith,80179233
Charlotte,Angus,56015003
Charlotte,Angus,67116189
James,Mcintosh,37406327
James,Barry,33629038
James,ohairy,61950471
Harry,Angus,26019725
Harry,Mcintosh,66915428
Lea,Smith,80537460
Lea,Ferguson,11209777
Beatrix,Smith,13335723
Marc,Angus,17500978
Charlotte,Mcintosh,84728469
Marc,Ferguson,77355612
Marc,Smith,47411813
Lea,Mcintosh,55895793
Lea,Mcintosh,89103506
Charlotte,Smith,80339545
Harry,ohairy,52355570
Beatrix,Ferguson,86190273
Harry,Ferguson,56407502
Harry,Smith,34942305
Marc,Angus,73595340
James,Mcintosh,68930010
James,Ferguson,63894524
James,Mcintosh,52123907
Marc,Mcintosh,43677939
Charlotte,Ferguson,88099288
Marc,Ferguson,14195723
Charlotte,Ferguson,48844408
Lea,Barry,57685296
Beatrix,Smith,65633302
Marc,Ferguson,34038653
Marc,Barry,87395683
Beatrix,Mcintosh,70106937
Marc,ohairy,20900476
Lea,Smith,71963797
Harry,Ferguson,38777992
Beatrix,Smith,88113086
Harry,Mcintosh,85482913
James,Barry,45004247
Marc,ohairy,30961682
Charlotte,Ferguson,77896896
Beatrix,ohairy,13681805
Marc,Angus,53882373
Beatrix,Mcintosh,43855057
James,Barry,89030950
Harry,Mcintosh,44457666
Marc,Smith,35400378
Harry,Smith,10460142
