First Name,Last Name,Matriculation
James,Smith,64522298
Beatrix,Angus,63163944
Charlotte,Smith,70507288
Lea,Mcintosh,24577332
Marc,Angus,16266771
Harry,Ferguson,18082440
Harry,Smith,22929757
James,Barry,30373676
James,Barry,17299311
Lea,Angus,62513757
James,Angus,12915839
James,Mcintosh,87519156
Beatrix,Barry,13719536
Marc,ohairy,65118535
Marc,Smith,42860136
Beatrix,Ferguson,60974361
James,Barry,89967413
James,ohairy,47747948
Charlotte,Mcintosh,14683233
Lea,Angus,77600181
Beatrix,ohairy,38441003
Beatrix,Mcintosh,36661963
Harry,Mcintosh,65327775
James,Mcintosh,38925601
Marc,Mcintosh,73251257
Beatrix,Smith,82664640
Marc,Ferguson,82792433
James,Smith,49951359
Harry,Angus,87681450
Lea,Angus,81891743
James,Angus,25660325
Beatrix,Smith,51029077
Beatrix,Angus,13734744
James,Angus,32883751
Marc,Smith,31970403
Beatrix,Barry,89888227
Charlotte,Smith,49031220
Charlotte,Smith,87619578
Lea,Angus,47103282
Charlotte,Smith,56750051
James,Ferguson,83222695
James,Barry,32967856
Beatrix,Barry,48748293
James,Smith,46928973
Charlotte,Smith,74382882
James,Smith,59470185
Charlotte,Ferguson,20275644
Harry,Ferguson,64400938
Harry,Barry,39672469
James,Mcintosh,31876299
Harry,Mcintosh,45475431
Charlotte,Barry,89089509
Marc,Mcintosh,65444289
Lea,Ferguson,31507636
Charlotte,Barry,30708841
Beatrix,ohairy,23094896
Marc,Angus,28024127
Harry,Ferguson,24453038
Beatrix,Barry,58465242
Marc,ohairy,83273256
Marc,Mcintosh,16304297
Lea,ohairy,79562380
Harry,Ferguson,23768992
Marc,Mcintosh,66473736
Harry,Mcintosh,82242396
Marc,Smith,28556562
Charlotte,Barry,32060466
Harry,Smith,72538085
James,Angus,44349742
Lea,Ferguson,75506979
Harry,Mcintosh,19743368
Beatrix,Barry,34768402
Marc,ohairy,12606095
Lea,Mcintosh,11610009
Beatrix,Mcintosh,47534156
Charlotte,Barry,52102759
Charlotte,Barry,49037434
Charlotte,Ferguson,74828753
Beatrix,Smith,68386208
Harry,Barry,79367076
James,Angus,49951730
Lea,Ferguson,61797102
Charlotte,ohairy,82965314
Harry,Smith,61598804
Lea,Smith,46140099
James,ohairy,47427614
James,Mcintosh,82551562
Beatrix,Mcintosh,15053176
Harry,ohairy,82652049
Harry,Smith,60751770
Charlotte,Barry,43389722
Charlotte,Ferguson,36091296
Harry,Mcintosh,38299334
Harry,Barry,38868533
Harry,Smith,77286562
Beatrix,Smith,37340433
Beatrix,Barry,20152960
Marc,Mcintosh,50069563
Beatrix,Mcintosh,56222755
Beatrix,Ferguson,32766926
