First Name,Last Name,Matriculation
Charlotte,Barry,40387993
Marc,Barry,26802193
Lea,Angus,28932616
Marc,Barry,85469851
Charlotte,Ferguson,85896751
Beatrix,Angus,65920717
Lea,Barry,77902687
Harry,Smith,36048423
Marc,Angus,23144504
Lea,Angus,16386861
Marc,Ferguson,85209754
James,Ferguson,25554823
Beatrix,Smith,89258506
James,Barry,14975137
James,Angus,57716517
Harry,Barry,40398593
James,Mcintosh,32634825
James,Smith,51160406
Harry,Barry,86234927
Marc,Barry,30541170
Marc,Angus,76747661
Charlotte,Barry,43232109
Charlotte,Angus,77375329
Charlotte,Barry,88022617
Lea,Mcintosh,77780971
Harry,Smith,89022503
Harry,ohairy,36119266
Marc,Barry,17417024
Charlotte,Angus,87457169
James,Smith,25823835
Harry,Barry,85774768
James,Angus,51967363
Beatrix,Angus,73004857
Charlotte,ohairy,44681936
Lea,Barry,18792278
Beatrix,Smith,29311449
Beatrix,Barry,31339719
Beatrix,Mcintosh,33379811
Marc,Barry,29963044
Harry,ohairy,21425061
Harry,Barry,46198126
Marc,Ferguson,31244781
Charlotte,Angus,85526744
Harry,ohairy,31539264
Marc,Smith,54108707
James,Ferguson,69689703
Marc,ohairy,31073507
James,Smith,41745789
Charlotte,Ferguson,87543293
Lea,Barry,62280647
Marc,Angus,58747348
James,Barry,34839132
Charlotte,Barry,48580711
Beatrix,ohairy,53144367
Harry,Angus,11485660
Marc,Smith,68628794
Lea,Mcintosh,24936681
Lea,Mcintosh,33592920
Beatrix,Smith,67692394
Lea,Angus,54915244
Marc,Ferguson,56070503
Charlotte,Smith,68883740
Beatrix,Barry,43012943
James,Ferguson,11231491
Charlotte,Smith,73480166
Marc,Ferguson,58761316
Marc,ohairy,73639940
Beatrix,Ferguson,33273794
Marc,Ferguson,66376002
Charlotte,Smith,84779100
Marc,ohairy,57834989
James,Barry,25069944
Marc,Barry,12289048
Charlotte,Ferguson,24187557
James,Barry,61059295
Marc,Ferguson,60149254
Beatrix,Barry,65026802
Beatrix,Barry,14438507
Beatrix,ohairy,28460908
Harry,Angus,53690487
Harry,Angus,65266657
James,Smith,58304910
Lea,Mcintosh,75948158
Lea,Angus,44619171
Lea,Angus,87539910
Harry,Smith,71123444
Charlotte,ohairy,52463167
Lea,Ferguson,80414854
Charlotte,Barry,83298302
James,Smith,24624959
Beatrix,ohairy,74985331
Lea,ohairy,11156026
James,Smith,62836377
Marc,Smith,28660130
Harry,Ferguson,32904044
Charlotte,ohairy,25697026
Lea,Angus,14731624
James,Smith,14639665
Charlotte,ohairy,15962792
Charlotte,Angus,11064113
