First Name,Last Name,Matriculation
Beatrix,Ferguson,71090456
James,Barry,19302663
Beatrix,ohairy,45993645
Marc,ohairy,32365589
Charlotte,Angus,25657452
Harry,Angus,81874262
Marc,Angus,87549051
Lea,Smith,75723347
Beatrix,Barry,81573376
Charlotte,Ferguson,39266053
Lea,Ferguson,88285011
Beatrix,Smith,25085417
Charlotte,Angus,27436864
James,Barry,53969230
Harry,Mcintosh,82167133
Lea,Smith,71942957
Charlotte,Angus,33475604
Charlotte,Ferguson,74405519
Beatrix,Angus,85560478
Harry,ohairy,73926466
James,Angus,86320763
James,Angus,24151087
Lea,Angus,30632441
Harry,ohairy,13684779
Marc,ohairy,76133768
Lea,ohairy,43616155
Charlotte,ohairy,37678828
Lea,ohairy,19070061
Lea,Angus,10055664
Marc,Smith,40201370
James,Smith,73868643
Harry,Barry,27314817
Charlotte,Mcintosh,85263756
James,Barry,37877061
James,Ferguson,81639996
Beatrix,Mcintosh,60487007
Beatrix,Angus,26484620
Charlotte,ohairy,65142556
Beatrix,ohairy,64613559
Harry,Ferguson,79160078
Charlotte,Barry,12136757
Charlotte,Mcintosh,83726814
Beatrix,Ferguson,71368267
James,Smith,73448095
Lea,Ferguson,44218749
Harry,ohairy,39015606
Marc,Ferguson,18718256
Lea,Barry,49039444
Marc,ohairy,81278267
Harry,Mcintosh,84846652
James,Mcintosh,67853917
James,Barry,89794628
James,Angus,23559052
Harry,Smith,16861689
Beatrix,Ferguson,75753288
Marc,Angus,23783838
James,Angus,60571645
Charlotte,Barry,17522255
Lea,ohairy,56030768
James,Ferguson,26470439
Lea,Ferguson,59512166
James,Ferguson,50067790
Lea,ohairy,12356235
Beatrix,Smith,23558512
Lea,Ferguson,84768400
James,Ferguson,15003757
Marc,Mcintosh,13386208
Harry,ohairy,81606485
Beatrix,Smith,16605739
Beatrix,Angus,85741115
Beatrix,Mcintosh,26289321
Lea,Barry,18863103
Charlotte,Angus,50623524
James,Barry,58178278
Beatrix,ohairy,26913721
Charlotte,Mcintosh,18008486
James,Mcintosh,49009276
Marc,ohairy,50344910
Beatrix,Angus,52195163
Beatrix,Mcintosh,85073806
Marc,Mcintosh,59869748
Charlotte,Angus,66157375
Charlotte,Mcintosh,79990280
Harry,ohairy,32551434
Marc,Ferguson,13357491
Harry,ohairy,70162709
Lea,Ferguson,35202459
Harry,Mcintosh,75273263
Harry,Barry,78188232
Marc,Smith,81690264
Lea,Mcintosh,28485902
James,Angus,52778269
Marc,Smith,69720381
Beatrix,ohairy,69548547
Beatrix,Smith,77020744
Charlotte,Angus,75834004
Charlotte,Smith,80625049
Harry,Barry,27216682
Lea,Barry,17908076
Charlotte,Barry,74238258
