First Name,Last Name,Matriculation
Marc,Smith,75425668
Marc,ohairy,85375351
Marc,Angus,18639575
Beatrix,Barry,53528229
James,Ferguson,22041402
Harry,Barry,10194437
Charlotte,Smith,77132304
Lea,Mcintosh,19778326
Beatrix,Mcintosh,59165622
Beatrix,Mcintosh,32010458
Lea,Barry,71893479
Lea,Mcintosh,11488830
James,Angus,14853640
James,Mcintosh,85070512
Harry,Smith,68844554
Charlotte,ohairy,83829459
Charlotte,ohairy,62180693
Marc,Mcintosh,37641091
Lea,Smith,48369024
Charlotte,Mcintosh,81844492
James,Barry,53368218
Lea,Smith,76326060
Marc,Smith,48774061
James,Mcintosh,46415341
Lea,ohairy,79580823
Harry,Ferguson,37064823
James,Ferguson,18731482
James,Smith,33585963
Beatrix,Angus,63678382
Lea,Mcintosh,50943845
Charlotte,Mcintosh,42764685
Beatrix,Smith,16386729
Marc,Angus,41925949
Charlotte,Ferguson,52387161
Beatrix,Ferguson,72600629
Lea,Smith,46710529
Charlotte,Smith,71317341
Charlotte,Mcintosh,16230975
Beatrix,Angus,49463277
Marc,ohairy,47011016
Marc,Mcintosh,29892204
Lea,Angus,70663050
Charlotte,Mcintosh,40568893
James,ohairy,88834589
Harry,Angus,37344586
Charlotte,Smith,25727529
Lea,Ferguson,21628660
James,Ferguson,28245236
Beatrix,Angus,60730883
Lea,Barry,15031594
Charlotte,ohairy,19062886
Harry,ohairy,81118443
James,ohairy,22708572
Charlotte,Mcintosh,70989028
Lea,Ferguson,12760726
Charlotte,ohairy,26444951
Charlotte,Angus,57021972
Harry,Smith,32430175
James,ohairy,52023846
Harry,Barry,21244245
James,Angus,47083033
Beatrix,Mcintosh,78738924
Harry,Ferguson,76208658
Lea,Angus,36548033
Beatrix,Ferguson,86760719
Beatrix,Angus,61308127
Marc,Smith,83491691
Lea,Smith,83261533
Marc,Ferguson,75846535
Lea,Angus,42451323
Harry,Barry,21827001
James,Mcintosh,69222664
James,Barry,87653992
James,Smith,53014545
Lea,Ferguson,55346270
Harry,Barry,71963518
Marc,Angus,45203683
Charlotte,Ferguson,29391931
Charlotte,Barry,44361331
Harry,Angus,33407296
Beatrix,ohairy,27509830
Marc,ohairy,14808717
Charlotte,ohairy,29379878
Lea,Ferguson,27869718
Beatrix,Barry,86094332
Lea,Barry,34614069
Marc,Smith,16760076
Harry,Smith,35351334
Beatrix,Ferguson,67049008
Harry,ohairy,63284000
Harry,Mcintosh,76035474
Charlotte,Barry,68417513
Harry,Angus,56955609
James,Barry,78162490
James,Ferguson,49779729
Harry,ohairy,34124200
Marc,Angus,34410911
Marc,Barry,59900608
Marc,Smith,51307025
Beatrix,Smith,21566226
