First Name,Last Name,Matriculation
James,ohairy,80346056
Harry,Angus,55977502
Charlotte,Smith,16712737
Lea,Angus,43156571
Lea,ohairy,56683520
Harry,ohairy,83233514
Charlotte,Angus,58272339
James,Smith,56607048
Marc,Smith,15715036
Beatrix,Smith,56417809
Beatrix,Mcintosh,27213113
James,Ferguson,40344563
Marc,Ferguson,32571045
Harry,Ferguson,29867969
Marc,Smith,23625230
Harry,Ferguson,23678582
Marc,ohairy,14417838
Lea,Barry,14505638
Lea,Angus,76988571
Lea,Angus,20581473
Harry,ohairy,71491217
James,Smith,15857699
Harry,ohairy,28007142
Harry,Ferguson,67370753
James,ohairy,68222513
Charlotte,ohairy,62486633
Lea,Ferguson,32943115
Marc,Mcintosh,26151055
Lea,Ferguson,22018091
Marc,Smith,62122373
James,Smith,84040857
Marc,Barry,21533355
Harry,Mcintosh,72323409
Lea,Smith,60633170
Lea,Ferguson,47074440
Beatrix,Angus,89005150
Charlotte,Angus,71940109
Beatrix,Ferguson,12649942
Lea,Ferguson,47400791
Marc,Mcintosh,41740793
Harry,ohairy,17674184
James,Smith,71162698
Marc,Mcintosh,63714361
Lea,ohairy,58965640
Beatrix,Smith,27120172
Marc,Angus,75471049
Lea,ohairy,20690322
James,Ferguson,80144407
Marc,ohairy,30481416
James,Smith,60625150
Harry,Ferguson,11034056
Marc,ohairy,70430899
Harry,Angus,75708916
Marc,Barry,34799845
Charlotte,Mcintosh,72753331
Beatrix,ohairy,85849782
Harry,Angus,43768677
James,Smith,43596757
Charlotte,Smith,20389732
Beatrix,Smith,73478467
Harry,Angus,61595557
Lea,Barry,74675870
Charlotte,ohairy,38057526
Lea,ohairy,36918876
Marc,Barry,58890306
Lea,ohairy,40140138
Marc,ohairy,73688320
Charlotte,ohairy,81943535
Harry,Barry,18144924
Marc,Mcintosh,71341678
Harry,ohairy,34655468
Harry,Barry,59677090
Lea,ohairy,62678360
James,Mcintosh,71553310
Marc,Barry,13080534
Beatrix,ohairy,37465189
Charlotte,Ferguson,14128497
Charlotte,Ferguson,50250841
Harry,Angus,37836906
Harry,Mcintosh,45493891
Lea,Smith,55719087
James,ohairy,73842626
Charlotte,Barry,24812637
Harry,ohairy,66557829
Charlotte,Mcintosh,45352052
James,Ferguson,52694254
Lea,Smith,78617579
Marc,Smith,88957048
Harry,Ferguson,58756573
Lea,Ferguson,11430565
Beatrix,Ferguson,57393946
Lea,Smith,86178568
Beatrix,Smith,54359589
Beatrix,Smith,48422719
Beatrix,Angus,37588122
Harry,Barry,85954667
Charlotte,Ferguson,12897152
Charlotte,Ferguson,68916893
Lea,Ferguson,37354641
Marc,Mcintosh,41623670
