First Name,Last Name,Matriculation
Lea,Mcintosh,16176606
Marc,Smith,51556509
Lea,Barry,46792089
Charlotte,ohairy,73507778
Harry,Mcintosh,47673050
Harry,Ferguson,77114883
Beatrix,Mcintosh,74260413
Marc,Angus,44288532
James,Smith,66215578
James,Barry,86582303
Beatrix,Smith,76598932
James,Angus,34060374
Beatrix,Angus,74765159
Beatrix,ohairy,80923231
Beatrix,ohairy,28467312
Beatrix,Ferguson,50256933
Charlotte,ohairy,80795731
James,Ferguson,45955685
Lea,Mcintosh,16939123
Beatrix,Smith,11850173
James,ohairy,49893341
James,Angus,42083322
Harry,Mcintosh,29972386
Beatrix,Smith,63419771
Harry,Barry,17583783
Marc,Smith,52122526
James,Mcintosh,64296616
James,Angus,33842471
James,Angus,19561469
Beatrix,ohairy,65378128
Charlotte,ohairy,15024031
Harry,Angus,11438106
Harry,Angus,13706514
Beatrix,Smith,18975152
Beatrix,Barry,66542855
Charlotte,Smith,25921671
Charlotte,Smith,80996529
Marc,ohairy,70298484
James,Ferguson,71166949
Marc,ohairy,43329981
Harry,ohairy,80639369
Marc,Barry,14379476
Lea,Barry,19483381
James,Mcintosh,43873791
Marc,Smith,13833990
Beatrix,Barry,56739791
James,Ferguson,29949438
Charlotte,ohairy,54140847
Beatrix,Angus,27652630
Charlotte,ohairy,48298987
Lea,Mcintosh,79528888
Lea,Ferguson,83794665
Charlotte,Angus,17819213
Charlotte,Smith,15941233
Marc,Ferguson,38209897
Charlotte,Angus,39240470
Lea,Angus,34962533
Charlotte,Angus,85475734
Charlotte,Smith,56466264
Charlotte,Ferguson,20472543
Beatrix,Barry,17754315
Lea,Angus,36824749
Beatrix,Angus,38455139
Harry,ohairy,21077761
James,Smith,83164430
Marc,Angus,20010062
Charlotte,Angus,82040095
Beatrix,Smith,30473243
Beatrix,Ferguson,26258804
Harry,Mcintosh,19023931
Lea,Angus,81312323
Harry,Mcintosh,72395046
Beatrix,Angus,15167306
Charlotte,Smith,40683053
James,Angus,80933411
Beatrix,ohairy,45993458
Harry,Angus,19276877
Beatrix,Ferguson,32745937
James,ohairy,20871215
Charlotte,Barry,51022105
James,Ferguson,49541000
Harry,Barry,46691500
Beatrix,ohairy,66017548
Lea,Smith,54883604
James,Barry,56964295
Beatrix,Angus,83185255
Charlotte,Barry,39993911
Marc,Barry,73399536
James,Barry,58517976
Charlotte,Mcintosh,24120433
Harry,Smith,26680818
Marc,Mcintosh,70668800
Lea,Smith,48547920
Marc,Mcintosh,44686614
James,ohairy,61944257
James,Angus,36914872
Charlotte,Ferguson,13958139
James,Mcintosh,12988388
Lea,Ferguson,21075852
James,ohairy,79725924
