First Name,Last Name,Matriculation
Lea,Barry,63544879
Charlotte,Smith,17114836
Lea,Angus,32393688
Marc,Angus,74136294
James,ohairy,62995349
Lea,Angus,79092184
Harry,Angus,52829123
James,Angus,68961073
Beatrix,ohairy,75063661
Harry,Ferguson,22219816
James,Angus,60252793
Beatrix,Ferguson,68713771
Lea,ohairy,51659379
Harry,Mcintosh,87603650
Charlotte,Ferguson,74873101
Beatrix,Mcintosh,23832645
Marc,ohairy,48475463
Beatrix,Ferguson,15305656
Lea,ohairy,68308869
Beatrix,ohairy,86412872
Charlotte,Ferguson,81907934
Marc,Angus,50995212
Charlotte,ohairy,16373364
Charlotte,Smith,15874911
Charlotte,Smith,54732024
James,Ferguson,55719049
Charlotte,ohairy,45357241
Beatrix,ohairy,25264938
Harry,Smith,81341282
Marc,Barry,78152270
Harry,Mcintosh,66718853
Harry,ohairy,60739220
Beatrix,Angus,69058569
James,ohairy,23226014
Marc,Angus,28734303
Harry,Mcintosh,61692302
Harry,ohairy,14269409
Marc,Smith,69890129
James,Mcintosh,55883396
Charlotte,Ferguson,53102547
Charlotte,Angus,41661390
James,Angus,59577850
Harry,Mcintosh,64630557
James,Mcintosh,78895440
Lea,ohairy,87067120
James,Angus,60056710
James,Mcintosh,50190965
Marc,Angus,12872738
Harry,Smith,39095107
Marc,Smith,20919092
Charlotte,Barry,24516614
James,Smith,88047824
Marc,Ferguson,50429860
Marc,Ferguson,34010050
Lea,Mcintosh,59972972
Beatrix,Mcintosh,73219724
James,Mcintosh,57273576
Lea,Ferguson,48891151
Marc,Mcintosh,21213472
Beatrix,Ferguson,19908093
James,Angus,33498525
Marc,ohairy,61507751
Lea,Angus,53639687
Marc,Ferguson,52359587
Harry,Barry,83830838
Marc,Barry,47366791
Charlotte,Mcintosh,55251710
Harry,Mcintosh,75089369
Beatrix,Smith,10572572
Beatrix,Mcintosh,81518930
James,Angus,41048442
Beatrix,Ferguson,74610577
Lea,ohairy,36255508
Marc,Mcintosh,36402435
James,ohairy,46114382
Harry,Smith,88961891
Lea,Angus,29185239
Lea,Barry,42509282
Charlotte,ohairy,53882565
Beatrix,Barry,48943721
Harry,Mcintosh,51340101
Charlotte,Smith,33842577
Lea,ohairy,38126493
Marc,ohairy,13299395
Marc,Mcintosh,28664753
Marc,Angus,11842007
Harry,Barry,79727442
Lea,Angus,73961353
Harry,Smith,39610177
Marc,Smith,19373881
Marc,Smith,45290919
James,Mcintosh,81362339
James,Smith,21444223
Lea,Barry,67175371
Charlotte,ohairy,71561301
Lea,Angus,75467165
Beatrix,ohairy,34644076
James,Ferguson,50793351
James,Mcintosh,42642059
Beatrix,ohairy,12301396
