First Name,Last Name,Matriculation
Lea,Mcintosh,20780843
James,Mcintosh,73240768
Harry,Mcintosh,27244790
Beatrix,Mcintosh,58318094
James,Smith,85896461
James,Ferguson,26408025
Harry,Smith,39134494
Marc,Mcintosh,60564649
Marc,ohairy,75287890
Lea,Angus,14101523
Lea,ohairy,87271032
James,Barry,41835395
Lea,Mcintosh,89300281
James,Angus,34732745
Beatrix,Mcintosh,28734111
Harry,Barry,85607547
Charlotte,ohairy,28329085
Beatrix,Smith,64561333
Marc,Smith,15096651
Charlotte,Mcintosh,52785347
Beatrix,Mcintosh,74150785
Lea,ohairy,70503843
Lea,Barry,81226384
Charlotte,Angus,14134422
Beatrix,Angus,81268370
Lea,ohairy,12920519
James,Angus,13252409
James,Mcintosh,72966534
James,ohairy,44805940
Lea,Mcintosh,28313787
Charlotte,ohairy,77959582
Beatrix,Mcintosh,75731511
James,Ferguson,41299854
Charlotte,Ferguson,65839791
James,Smith,64925823
Harry,Mcintosh,44615725
James,Mcintosh,80789226
Harry,Ferguson,83458303
James,Mcintosh,10054843
Marc,Mcintosh,84228617
Harry,Ferguson,24061969
Marc,Smith,80263248
Marc,Angus,22522570
Harry,Ferguson,54440349
Lea,Barry,86317832
Marc,Angus,18495250
Marc,Smith,26176830
Lea,Smith,26657677
Beatrix,Mcintosh,24733845
Lea,Angus,81982376
Beatrix,Mcintosh,66111731
Marc,Smith,77874739
Lea,Angus,62877702
Marc,Angus,59016657
Harry,Ferguson,85590953
Marc,ohairy,30143430
Marc,ohairy,67782082
Beatrix,Ferguson,34297620
Charlotte,Mcintosh,46825820
Lea,Smith,86628723
Charlotte,Mcintosh,39444959
Marc,Barry,69881339
James,Barry,51473648
Beatrix,Barry,15148035
Harry,Ferguson,26530320
Charlotte,Angus,53982986
Beatrix,Mcintosh,87527511
Lea,Smith,20987769
Beatrix,ohairy,70093484
Charlotte,Mcintosh,40839555
Beatrix,Mcintosh,52632993
Charlotte,Mcintosh,59743820
Harry,Barry,85347871
James,Ferguson,28436457
Marc,Smith,43634579
Beatrix,Ferguson,59948473
Lea,Angus,77551885
Lea,ohairy,77592563
Harry,Ferguson,30943933
Beatrix,Angus,15617258
Harry,Smith,75091922
Lea,Angus,18949816
Beatrix,Angus,45525234
Beatrix,Smith,17872746
Lea,ohairy,44361087
Charlotte,Smith,28510969
Lea,Barry,74611110
Harry,Ferguson,72681141
James,Mcintosh,18154026
Lea,Ferguson,12089044
James,Smith,81705666
Harry,Smith,89984234
James,Smith,80834122
Harry,ohairy,66786580
Lea,Angus,50128649
Charlotte,Ferguson,37699080
Marc,Angus,52680954
Lea,Smith,85538048
James,Angus,39445624
Marc,ohairy,79404214
