First Name,Last Name,Matriculation
Marc,Ferguson,44426639
James,Mcintosh,54433655
Harry,Mcintosh,80010355
James,Barry,23001243
James,ohairy,60648646
James,ohairy,33703426
Harry,ohairy,35307135
Marc,Mcintosh,86284085
Charlotte,Angus,66048695
Marc,Angus,61170813
James,Barry,78027225
Harry,Barry,55592801
Marc,Barry,88947977
Lea,Barry,32287194
Marc,Smith,26621996
Marc,Ferguson,87468701
Marc,Ferguson,75842372
Harry,Barry,41504934
James,Ferguson,82561309
Marc,Smith,73099638
Lea,ohairy,47173603
Lea,ohairy,16871182
Charlotte,Mcintosh,72218057
Harry,Barry,62121979
Charlotte,Ferguson,13463166
Lea,Barry,33884577
James,Angus,14579836
Harry,Ferguson,43582018
Marc,Barry,44065290
James,Angus,67042266
Harry,Ferguson,68195933
Beatrix,Mcintosh,68939861
Lea,Angus,32433006
Lea,Ferguson,11227249
Harry,Angus,82748898
Harry,Barry,85861102
Marc,ohairy,30447584
Beatrix,Mcintosh,54848356
Harry,Angus,33833372
Charlotte,Barry,76676738
Harry,Smith,40343461
Harry,Smith,77933421
Charlotte,Ferguson,51018168
Harry,Ferguson,19277659
Lea,Ferguson,68468978
Marc,Ferguson,70588516
Charlotte,Angus,18074695
Lea,Mcintosh,74290302
Beatrix,Angus,58545290
Charlotte,Ferguson,74223318
Marc,Mcintosh,66176763
James,Mcintosh,39835808
Beatrix,Smith,48850070
Charlotte,Mcintosh,22239756
Lea,Ferguson,47305586
Marc,Ferguson,81057778
Marc,Ferguson,28413194
Charlotte,Angus,44790905
Charlotte,ohairy,63793549
Marc,Ferguson,73246291
James,ohairy,40977285
Harry,Ferguson,24022408
Marc,ohairy,26987616
Harry,Ferguson,13878338
Charlotte,Barry,31117825
Harry,Barry,36956937
Harry,Mcintosh,67689494
Charlotte,Mcintosh,32379749
Harry,Mcintosh,47339226
James,Mcintosh,57102555
James,Angus,19527439
Beatrix,Ferguson,51280897
Lea,ohairy,36215157
James,Angus,30164906
Beatrix,Smith,53307037
Harry,Mcintosh,54028638
James,Angus,66128817
Beatrix,Barry,29509137
Harry,ohairy,89552580
Charlotte,Ferguson,87952544
Beatrix,ohairy,82569584
James,Angus,55896112
Charlotte,Barry,20517947
Beatrix,Smith,76372966
Lea,Smith,46759538
Harry,Angus,41427940
James,Angus,52684339
Charlotte,ohairy,76978341
James,Angus,34437386
Charlotte,Angus,10952263
Beatrix,Mcintosh,53404916
Lea,Mcintosh,76740660
Harry,ohairy,49521084
Marc,Ferguson,80128180
Lea,Ferguson,58161930
Harry,Ferguson,35577932
Lea,Ferguson,79897065
Beatrix,Mcintosh,57796389
Charlotte,ohairy,50048993
James,ohairy,87696374
