First Name,Last Name,Matriculation
Charlotte,Ferguson,52605799
Lea,Angus,52561048
Charlotte,Ferguson,44737891
Beatrix,Ferguson,22178465
Beatrix,Ferguson,80366513
Lea,Barry,72692141
Lea,Angus,56320071
James,Mcintosh,84328804
Beatrix,Ferguson,45260769
Lea,Smith,46965935
Harry,Smith,71847066
Marc,Ferguson,81693748
James,Mcintosh,76409550
Lea,Mcintosh,48034841
Marc,Angus,52455013
James,Angus,52530695
Harry,Mcintosh,10869959
Marc,ohairy,55988175
Beatrix,ohairy,68486638
Marc,Barry,76029063
Lea,Smith,82626905
Charlotte,Ferguson,22979146
James,Smith,22613192
Harry,Ferguson,14514065
Marc,Barry,29414124
Charlotte,Barry,58266283
Marc,Barry,70006371
James,Angus,49081050
Beatrix,Barry,87147061
Charlotte,ohairy,33748230
Beatrix,Mcintosh,12882684
James,Smith,58877547
James,ohairy,75414104
Marc,ohairy,52322532
Beatrix,Ferguson,76771275
James,Barry,53084559
James,ohairy,45681581
Beatrix,Mcintosh,19500491
James,Ferguson,67094141
Harry,Smith,73975620
Harry,ohairy,75440851
Marc,Barry,62066505
Beatrix,Smith,26552471
James,Ferguson,57796892
Beatrix,ohairy,40617409
Harry,Barry,87956374
Lea,Angus,56100569
Beatrix,ohairy,28715893
James,Ferguson,82647621
Charlotte,Barry,86819906
Charlotte,Barry,25316883
Lea,ohairy,12111945
James,Smith,58121773
Beatrix,Mcintosh,68685022
Marc,Angus,33348319
James,Barry,19049292
Marc,Barry,84588741
Beatrix,Smith,48951369
Beatrix,Mcintosh,27497992
Lea,ohairy,71070536
Marc,Ferguson,46723318
Charlotte,Mcintosh,32497968
Beatrix,ohairy,55242476
Lea,ohairy,21230659
Lea,Ferguson,22289466
Marc,Barry,70933621
Harry,ohairy,40100781
James,Ferguson,43413701
Lea,Mcintosh,34485661
Lea,Angus,11116506
Charlotte,Mcintosh,88811500
James,Mcintosh,44223124
Harry,Ferguson,70114764
Harry,Angus,45943749
Lea,Mcintosh,70779595
James,Ferguson,50140901
Beatrix,Angus,76755751
Harry,Angus,73107049
Harry,Angus,73761434
Charlotte,Barry,39052277
James,Barry,24450383
Charlotte,Mcintosh,36849034
Lea,Smith,45996860
Harry,Smith,87608982
Beatrix,ohairy,56949079
James,ohairy,70993593
Harry,Angus,69492683
Charlotte,Angus,56201399
James,Barry,15415691
Harry,Barry,28803616
Marc,Barry,11605520
James,Smith,39785208
James,ohairy,10455412
Beatrix,Mcintosh,59305953
Marc,Barry,18701223
Lea,Ferguson,27877337
Beatrix,Mcintosh,38392186
Beatrix,ohairy,14502792
Lea,Angus,46728996
Lea,Angus,49865037
