First Name,Last Name,Matriculation
James,ohairy,40021107
Marc,Ferguson,88924801
Harry,Angus,18318500
Marc,Mcintosh,50511328
Marc,Barry,63052753
Beatrix,Mcintosh,60192050
Charlotte,ohairy,52111542
Marc,ohairy,35510002
Charlotte,Mcintosh,18079345
Marc,Ferguson,46248347
Lea,Ferguson,60925870
James,Mcintosh,29265983
Marc,ohairy,13300199
Beatrix,Angus,56359577
Lea,ohairy,19450896
James,Ferguson,59464212
Marc,Barry,83968574
Charlotte,Mcintosh,24096431
Charlotte,Mcintosh,67092108
Harry,Mcintosh,68464714
Marc,Angus,19489111
Charlotte,Barry,54454739
James,Mcintosh,42508974
Lea,Mcintosh,59914296
Beatrix,Smith,42122506
James,Barry,62593722
Lea,Angus,37444098
Beatrix,Smith,11754344
Charlotte,Barry,21041287
Charlotte,Angus,19652864
Harry,Mcintosh,23105610
Charlotte,Angus,86324919
James,Angus,84231194
James,Mcintosh,59992592
Charlotte,Barry,32581862
Lea,Mcintosh,76844075
Marc,ohairy,51402141
Charlotte,Angus,18216362
Lea,Smith,20117360
James,Ferguson,74588448
Beatrix,Barry,43278288
Beatrix,Smith,79635880
Beatrix,Mcintosh,22747453
Charlotte,Barry,53376400
Lea,ohairy,31575017
Marc,Ferguson,80881922
Harry,Smith,70338436
Marc,Barry,13783929
Beatrix,Barry,60393690
Marc,Mcintosh,33818080
Charlotte,Mcintosh,63643840
Lea,Mcintosh,14455717
James,Angus,34255391
Marc,Mcintosh,59487797
James,Smith,52010971
Harry,Angus,84609257
Charlotte,Smith,74026022
James,ohairy,76039546
Lea,Smith,66092982
Lea,Smith,33386158
Marc,Mcintosh,60626019
Lea,Angus,20028790
Lea,Angus,38765721
Harry,Ferguson,24276822
James,Smith,72472615
Lea,Mcintosh,78564285
Beatrix,Smith,52587507
James,Angus,86810516
Beatrix,Ferguson,49015134
Charlotte,Ferguson,44777210
Marc,Angus,42863075
Harry,Mcintosh,54890638
James,Barry,27623983
Lea,Smith,77944120
Lea,Mcintosh,10380686
Marc,Smith,27613811
Charlotte,Angus,38486936
Beatrix,Barry,41242142
James,Angus,89946054
Harry,Barry,56353653
Lea,Barry,44707651
Harry,Barry,20476810
Lea,Ferguson,15745738
James,Barry,56708950
Beatrix,Ferguson,73072312
James,Barry,24686905
Charlotte,ohairy,36744928
Beatrix,Smith,82068776
Harry,Barry,63692437
Lea,ohairy,69047943
Charlotte,Smith,42594906
Charlotte,Angus,51978534
Marc,Ferguson,87731738
Harry,Angus,35367598
Charlotte,ohairy,79700989
Lea,Ferguson,55327754
James,Barry,10259100
Harry,Smith,83756629
Charlotte,Mcintosh,27793432
Marc,Smith,45273203
