First Name,Last Name,Matriculation
Beatrix,ohairy,24849935
Marc,Barry,20376293
Marc,Mcintosh,11405739
Lea,ohairy,67776065
Marc,ohairy,34416892
Beatrix,Smith,42825917
Charlotte,Ferguson,68763490
Lea,Barry,66320389
Harry,Mcintosh,64536479
Charlotte,Mcintosh,76170164
James,ohairy,52999950
James,Barry,75426877
Charlotte,Barry,56067969
Marc,Angus,85629025
Lea,Barry,37237031
Charlotte,Smith,33606650
James,Smith,84567341
James,Angus,10463287
Lea,Smith,89693723
Marc,ohairy,17435375
Lea,Barry,28152123
Harry,Smith,76501302
Harry,Angus,40578459
James,Mcintosh,88507484
Charlotte,Smith,81118665
Harry,Angus,44118887
Charlotte,Smith,68878388
James,Angus,50441961
Charlotte,ohairy,89182014
Harry,Mcintosh,62833817
Marc,ohairy,71667065
Lea,ohairy,26029979
James,Ferguson,67442389
Marc,Mcintosh,53550170
Marc,Angus,58154864
Beatrix,Angus,76271721
Marc,Ferguson,32249834
James,Barry,86996050
Lea,Mcintosh,49920108
Charlotte,Mcintosh,28469294
Lea,Mcintosh,66676138
James,Angus,86210563
Beatrix,ohairy,60204714
Marc,Barry,48228608
Lea,Ferguson,69186699
James,Mcintosh,89640198
Charlotte,Angus,29358259
Lea,Angus,44052806
Beatrix,Angus,20813183
Harry,Ferguson,45115065
Harry,Angus,67589775
Charlotte,Barry,76982209
Beatrix,Smith,50619864
Harry,Mcintosh,28804666
Beatrix,Smith,23557509
Harry,Angus,29223544
Marc,Ferguson,23856841
Harry,ohairy,39461710
Marc,Mcintosh,38574858
James,ohairy,78616606
James,ohairy,63600870
James,Angus,66100474
Charlotte,ohairy,58422565
Lea,Smith,89797712
James,Mcintosh,15095854
Lea,Angus,77041514
Charlotte,Ferguson,44861135
Marc,Barry,57491929
Beatrix,Angus,54085782
Lea,Barry,76084427
Marc,Barry,29751059
Harry,ohairy,81302070
Marc,ohairy,48135247
Lea,Angus,46184240
Marc,ohairy,53642865
Beatrix,Angus,87862432
Marc,Smith,40630448
Beatrix,Angus,17225266
James,Mcintosh,22638820
Marc,Smith,13910155
Lea,Barry,81774561
Harry,ohairy,87933894
Charlotte,Mcintosh,88905763
Beatrix,Angus,18421491
Marc,Smith,13607609
Harry,ohairy,54405073
James,Smith,64671479
Lea,ohairy,68587509
Harry,Smith,18402019
Harry,Ferguson,80718964
Marc,Smith,15719525
Marc,Smith,87430042
Harry,Mcintosh,53447013
Harry,Angus,56780302
Lea,ohairy,62514097
Charlotte,Angus,80648415
Marc,ohairy,66139624
Lea,Ferguson,30374668
James,Angus,73617304
Marc,Smith,34597813
