First Name,Last Name,Matriculation
Harry,Ferguson,39514443
Beatrix,Angus,58802732
James,ohairy,55929117
Beatrix,Smith,77101949
Marc,Mcintosh,57657112
Charlotte,Barry,49925727
Beatrix,Angus,32442306
Harry,ohairy,47291821
Lea,Ferguson,74245356
Beatrix,Mcintosh,29684048
James,Mcintosh,51367878
Beatrix,Barry,44018071
Beatrix,Barry,58493641
Marc,ohairy,71367931
Charlotte,Mcintosh,47883024
Beatrix,Mcintosh,39896652
Beatrix,Barry,41258736
Marc,Smith,36994531
Harry,Barry,41749261
Charlotte,Angus,88989014
Harry,Barry,42401495
Harry,Smith,31156243
Marc,Ferguson,69230322
Harry,Smith,41668851
James,ohairy,60124878
Marc,Barry,30834203
Harry,Barry,43599476
Marc,Mcintosh,66249788
Beatrix,ohairy,61246557
Beatrix,Barry,80368425
Harry,Barry,52113652
Lea,Angus,39732488
Beatrix,Ferguson,17898556
Charlotte,ohairy,20680725
Harry,Barry,23679113
Charlotte,Barry,62552474
Charlotte,Angus,69548974
Lea,Mcintosh,76144892
Marc,ohairy,62099396
Marc,Mcintosh,28882078
Lea,ohairy,29499134
Marc,Smith,72490329
Beatrix,Angus,19894392
Charlotte,Angus,39649734
Harry,Ferguson,51205965
Lea,Barry,82215927
Beatrix,Ferguson,42173883
James,ohairy,54130549
James,Mcintosh,22733951
Charlotte,ohairy,41341319
Charlotte,Mcintosh,65208737
James,ohairy,48323969
Lea,Ferguson,14742394
Charlotte,Ferguson,69145125
James,Mcintosh,16288413
Beatrix,Barry,48077635
Charlotte,Barry,49464181
Marc,Mcintosh,21651720
Lea,Barry,54330065
Lea,Ferguson,25374530
Lea,Barry,74510211
Beatrix,Barry,39755778
Lea,Smith,31665674
Lea,Ferguson,18926308
Beatrix,Ferguson,72694343
James,Mcintosh,28175426
Charlotte,Barry,86819266
Harry,Mcintosh,18458801
Beatrix,Ferguson,35001939
Beatrix,Angus,43935515
Beatrix,Barry,22959415
Beatrix,Ferguson,16031896
James,Ferguson,22064153
Lea,Smith,19171102
Marc,Smith,24001316
Lea,Angus,27910499
Beatrix,Mcintosh,89492808
Lea,Mcintosh,24774133
James,Angus,22805878
Beatrix,Angus,48795815
Beatrix,Smith,73658971
Harry,ohairy,57336166
Marc,Angus,17315617
Lea,Ferguson,53489072
Lea,Angus,46130763
Beatrix,Ferguson,13297694
Harry,Ferguson,32929086
Beatrix,ohairy,26216597
Harry,Mcintosh,47072405
James,Barry,18030328
James,ohairy,27110009
Harry,Mcintosh,19621226
Marc,ohairy,39178035
Charlotte,ohairy,48561000
Harry,Barry,33378567
Marc,Ferguson,72989689
Beatrix,ohairy,23141474
Marc,Smith,37319899
James,Ferguson,16353357
Marc,Barry,75350126
