First Name,Last Name,Matriculation
Beatrix,Barry,56577817
Charlotte,Angus,27432747
Marc,Smith,34704434
Lea,Angus,80691899
Lea,Ferguson,39607323
Marc,ohairy,73939777
Beatrix,ohairy,17889433
Harry,Mcintosh,62911030
Lea,Barry,38338056
Charlotte,Angus,34809796
James,ohairy,54509387
Lea,ohairy,52435023
James,Smith,32800256
Beatrix,Angus,34128018
Lea,Mcintosh,21125212
Harry,ohairy,70280156
Harry,Angus,26700123
Harry,Ferguson,63715293
Beatrix,Smith,63191392
Charlotte,Angus,56080388
James,ohairy,10241254
Lea,Angus,69616444
Harry,Smith,61494527
Lea,Ferguson,11340335
Charlotte,Barry,68996864
Harry,Ferguson,44283200
Harry,Angus,40527820
Lea,Barry,25745711
Harry,Ferguson,72622438
Lea,Angus,87507205
Harry,Angus,62552990
James,Mcintosh,32761253
Harry,Barry,70068471
Charlotte,ohairy,73635073
Lea,Ferguson,44289592
Beatrix,ohairy,54196470
Beatrix,ohairy,60014500
Harry,Barry,24064519
James,Ferguson,86916674
James,Barry,25902871
Harry,ohairy,58594774
Lea,ohairy,81808065
James,Angus,84168669
Beatrix,Ferguson,16056071
Beatrix,Ferguson,71000766
James,Ferguson,68379672
Charlotte,Ferguson,12214641
Marc,Smith,74243988
Beatrix,Barry,52071469
Charlotte,Barry,60820448
Marc,ohairy,30184271
Lea,ohairy,66531992
Lea,Barry,48734490
Harry,ohairy,40975877
Beatrix,ohairy,33220623
Beatrix,Angus,27378982
Beatrix,Ferguson,70418515
Marc,Angus,19755134
Harry,Barry,22088016
Marc,Smith,14304941
James,Smith,86904350
Harry,ohairy,59481219
Beatrix,Ferguson,33574035
Harry,ohairy,30249540
Marc,Ferguson,14497334
Marc,Barry,32003433
Beatrix,Mcintosh,54204743
James,Ferguson,40894965
Lea,Smith,21512790
Harry,Barry,52764476
Marc,Angus,61666016
Marc,Ferguson,74655918
Beatrix,Mcintosh,54292944
Charlotte,Barry,28364113
Beatrix,ohairy,40275888
Charlotte,Angus,38218569
Lea,Angus,11072204
Lea,Smith,43913760
Harry,Smith,34452769
James,Ferguson,52945437
James,Ferguson,31386114
James,Smith,83734903
Beatrix,Angus,60017977
Lea,Smith,87690839
Harry,Smith,24658358
James,ohairy,55759892
Marc,Ferguson,76866441
Harry,Ferguson,67009945
Beatrix,ohairy,82756635
Lea,Barry,34056032
Lea,Smith,46146597
Harry,Ferguson,29258035
Marc,ohairy,19415311
Lea,Barry,39010314
Lea,Smith,54112816
Lea,ohairy,75281297
Lea,Mcintosh,11752743
Beatrix,ohairy,25034729
Marc,Barry,81579810
Charlotte,ohairy,67702053
