First Name,Last Name,Matriculation
Harry,Smith,68686807
Beatrix,Angus,77869453
Charlotte,ohairy,68643968
Beatrix,Barry,75239019
Beatrix,ohairy,85955423
Beatrix,ohairy,64530563
Charlotte,Ferguson,71709078
James,Barry,47913727
Marc,ohairy,42877165
Beatrix,Ferguson,45697294
Harry,Barry,11410293
Beatrix,Ferguson,60056575
Beatrix,Angus,40215881
Charlotte,Mcintosh,36140578
Charlotte,Angus,79969099
Marc,Barry,34776968
Charlotte,Angus,32196415
Marc,ohairy,20126625
James,ohairy,67270798
Beatrix,Angus,65204335
Marc,Barry,35539580
Lea,Barry,36045929
James,ohairy,64740641
James,ohairy,11906238
Lea,Ferguson,68766213
Charlotte,Mcintosh,12340467
Marc,ohairy,66971073
James,Barry,71887753
Beatrix,Barry,53425388
Lea,Ferguson,55577900
Lea,ohairy,76655918
James,Angus,84011290
Harry,Barry,40267508
James,Barry,15598316
Charlotte,Ferguson,70746814
Beatrix,ohairy,64834968
Harry,Angus,12197519
Harry,Mcintosh,55141239
Harry,Angus,48195938
Lea,Barry,68820631
Beatrix,Mcintosh,14458284
Lea,Smith,62846799
Beatrix,ohairy,30821192
Beatrix,ohairy,26967231
Lea,ohairy,86925008
James,ohairy,11056871
James,Smith,71608757
Beatrix,ohairy,62634210
Lea,Barry,71609643
Beatrix,Smith,40913647
Lea,Mcintosh,67813935
Harry,Mcintosh,18230107
James,Ferguson,57825197
Charlotte,ohairy,69959970
Beatrix,Barry,44091845
Harry,Mcintosh,10402625
Harry,ohairy,23932649
James,Angus,74680328
Marc,Ferguson,34681868
Beatrix,Angus,69727498
Harry,Mcintosh,59324996
Lea,Barry,57596554
Marc,Angus,59157478
Lea,Barry,55910135
Charlotte,Ferguson,59333769
Beatrix,ohairy,10416860
Beatrix,Mcintosh,24669489
Beatrix,Smith,26809302
Harry,Barry,22645888
Charlotte,ohairy,77060811
Lea,Mcintosh,63676760
Lea,Smith,80917702
Beatrix,Smith,68449022
Lea,ohairy,35747088
James,Smith,75099996
Harry,Mcintosh,18934590
Charlotte,Ferguson,54041164
James,Mcintosh,59306916
Lea,Barry,15948187
Beatrix,Barry,34594318
Harry,Mcintosh,23944667
Harry,ohairy,16952233
James,Mcintosh,69978038
Lea,Smith,46137968
Beatrix,Barry,35525457
James,Angus,16624305
James,ohairy,67296508
Charlotte,ohairy,29584924
Marc,ohairy,87877436
Beatrix,Barry,40930290
Charlotte,Ferguson,83316711
James,Barry,44880766
James,Angus,68078184
Harry,Ferguson,24055081
Charlotte,ohairy,37854304
Marc,ohairy,65480263
James,Angus,14938520
Lea,Ferguson,26961437
James,Smith,73716404
Beatrix,Mcintosh,27096234
