First Name,Last Name,Matriculation
Charlotte,Barry,73811387
Harry,ohairy,42678297
Charlotte,Angus,76169590
Charlotte,Angus,26669379
Harry,ohairy,73373664
Charlotte,Smith,47387931
Charlotte,Smith,78611248
Marc,Ferguson,72904913
Beatrix,Barry,63964434
Lea,Barry,64205675
Marc,Barry,16750411
Charlotte,Mcintosh,21405736
Lea,Barry,69408974
Beatrix,Angus,59077068
Marc,Barry,77988433
Lea,Barry,17691601
Charlotte,ohairy,68390905
Harry,Smith,75621444
James,ohairy,11795623
James,Ferguson,61985902
Charlotte,Smith,29500711
Harry,Barry,59677322
Charlotte,Smith,46457735
James,Mcintosh,72980838
Lea,Smith,54942898
Marc,Angus,64158057
James,Angus,19212331
James,Mcintosh,83252875
James,Smith,40611060
Lea,Mcintosh,30227545
Beatrix,Smith,15558962
Beatrix,Mcintosh,79504157
Beatrix,Angus,32397234
Charlotte,Angus,81742811
Lea,Smith,53416069
Lea,Barry,89674885
Marc,ohairy,18893024
Beatrix,Angus,49100510
Beatrix,Smith,77167838
Charlotte,Smith,76746148
Lea,ohairy,79447049
Lea,Smith,39028902
Harry,Mcintosh,79228393
Charlotte,Smith,31623702
Beatrix,ohairy,44467510
Charlotte,Mcintosh,37855614
James,ohairy,80340988
Beatrix,Barry,64759086
Beatrix,Smith,35753670
Harry,Angus,28304380
Marc,Angus,20040061
Harry,Ferguson,69174863
Marc,ohairy,65816713
Beatrix,Barry,86231104
Beatrix,Ferguson,78009600
Lea,Angus,72411035
Harry,ohairy,45044654
Lea,Barry,76632460
Beatrix,Barry,24001715
Lea,Smith,29540327
Harry,Angus,12791257
Lea,ohairy,75884513
James,Mcintosh,28945439
Charlotte,Smith,74558847
Beatrix,Smith,16581746
James,Angus,14043118
Charlotte,Smith,81412295
Charlotte,Angus,55588664
Beatrix,Angus,11396768
Charlotte,Ferguson,58380607
Charlotte,Mcintosh,46827092
Marc,Barry,25990758
James,Mcintosh,85244671
Lea,ohairy,46544995
James,Ferguson,62496704
Charlotte,ohairy,19868107
Beatrix,Mcintosh,76146739
Beatrix,Ferguson,26643719
Lea,Barry,71430715
Lea,Barry,67191005
Beatrix,Ferguson,12581071
Beatrix,Angus,19838615
Lea,Angus,30945085
Lea,Barry,50462072
James,Angus,53506444
Beatrix,ohairy,85004849
Marc,Barry,57094384
Charlotte,Mcintosh,86328032
Harry,Barry,45245745
Charlotte,Mcintosh,39794702
James,ohairy,18268546
James,Smith,19033085
James,Smith,71680710
Beatrix,Ferguson,27261020
Lea,Ferguson,38869831
Harry,Mcintosh,47295405
Lea,ohairy,74572574
Lea,Angus,48021091
James,Barry,58154791
Marc,Angus,65234331
