First Name,Last Name,Matriculation
Harry,ohairy,60454820
James,ohairy,39674025
Beatrix,Mcintosh,75510685
Marc,Barry,28091801
Charlotte,ohairy,87623703
Charlotte,Angus,48121173
Lea,Ferguson,22205053
Beatrix,ohairy,35243175
Lea,ohairy,14601093
Beatrix,Smith,83095318
James,Angus,74563277
Marc,Barry,54165138
Harry,Angus,85752052
James,ohairy,68551950
Charlotte,Barry,81494966
Lea,Ferguson,79609199
Beatrix,Angus,15747984
Harry,Angus,59957416
Harry,ohairy,11112904
Lea,Barry,77202415
Charlotte,ohairy,44926600
Charlotte,ohairy,34629487
Harry,Angus,42797674
Charlotte,ohairy,20492399
Marc,Smith,77876067
Marc,Barry,64499558
Charlotte,ohairy,53265069
Beatrix,Ferguson,49169276
Lea,Mcintosh,50637974
Marc,Smith,11505320
Beatrix,Angus,18729521
Beatrix,Ferguson,74288346
Beatrix,Mcintosh,48600692
Charlotte,ohairy,40333425
Beatrix,Smith,56355439
Harry,ohairy,42895148
James,Barry,55912302
Charlotte,Barry,36096707
Beatrix,Mcintosh,68603621
Lea,Barry,80235109
Beatrix,Mcintosh,52894348
Harry,Barry,15459958
Harry,Smith,23417229
Beatrix,Smith,18929742
Beatrix,Angus,50835165
Beatrix,ohairy,32829402
Lea,Barry,30079225
Charlotte,Ferguson,15355791
Lea,Ferguson,89754195
James,Ferguson,23582988
Charlotte,Barry,63949152
Beatrix,Mcintosh,73229039
Beatrix,Smith,54600466
James,ohairy,14920599
Marc,Angus,47243860
Marc,Angus,78261635
Marc,Angus,81971140
Charlotte,Smith,10488884
Charlotte,ohairy,78295315
Lea,Angus,17132734
Marc,Ferguson,25524157
James,Mcintosh,21717398
James,Barry,55779817
Harry,Smith,86005631
Charlotte,Smith,11926880
Charlotte,ohairy,34813322
Charlotte,Angus,47871467
Charlotte,Ferguson,51736476
Marc,Mcintosh,80866323
Charlotte,Mcintosh,86713917
Marc,Ferguson,69115480
Harry,Smith,37654272
Harry,Angus,78910040
Lea,ohairy,47217311
Lea,Mcintosh,47976862
James,Mcintosh,41710135
James,Ferguson,40645840
Beatrix,ohairy,61100273
Lea,Angus,20744603
Lea,Ferguson,57718631
Charlotte,ohairy,11870938
Beatrix,Barry,35897120
Charlotte,Angus,10894069
Charlotte,Angus,28649201
Charlotte,ohairy,50349651
Harry,ohairy,83663584
Harry,Barry,59439502
Beatrix,Angus,28840202
Charlotte,Ferguson,68615483
Lea,Angus,45826055
James,Angus,59307244
Charlotte,ohairy,45223305
Charlotte,Smith,79104992
Lea,ohairy,61928242
Charlotte,Angus,11431959
Charlotte,Smith,59300512
Charlotte,Mcintosh,10087775
Lea,Ferguson,17708726
Charlotte,Ferguson,48644427
James,ohairy,26381900
