First Name,Last Name,Matriculation
Beatrix,Mcintosh,26530874
Lea,ohairy,34871507
Marc,Ferguson,25813017
Beatrix,Ferguson,86291173
Marc,ohairy,58295993
Beatrix,Mcintosh,88769817
Harry,ohairy,25852299
Lea,Mcintosh,70215115
Marc,Angus,80912680
Lea,Angus,32235036
Beatrix,Angus,21270645
Harry,Mcintosh,83829159
Beatrix,Barry,35099300
James,Barry,53507232
James,Barry,35141247
Beatrix,Angus,67382820
Beatrix,Ferguson,14950172
Charlotte,Barry,23774204
Beatrix,Mcintosh,85934806
Beatrix,Ferguson,76132979
Charlotte,Ferguson,11587760
Charlotte,Barry,51366744
James,Ferguson,64137001
Charlotte,Barry,16498497
Beatrix,Angus,60609904
Marc,Smith,14174153
Lea,Angus,20776663
Harry,Mcintosh,28775938
Charlotte,Angus,82965304
Harry,Mcintosh,70959210
James,Angus,50120565
Marc,Ferguson,39006042
Marc,Ferguson,74508543
Beatrix,Mcintosh,37647072
Marc,Smith,55660732
James,Angus,79307066
Marc,Ferguson,81419074
Lea,Mcintosh,78231126
Marc,Ferguson,15990048
Beatrix,Mcintosh,12930111
James,Angus,71249790
Beatrix,Mcintosh,88560194
Charlotte,Ferguson,85281521
Charlotte,Ferguson,59325994
Charlotte,Barry,36337082
Beatrix,Angus,42047556
Marc,Angus,63948610
Charlotte,Barry,64070616
Marc,Smith,25606376
Charlotte,Mcintosh,73709208
Beatrix,Ferguson,79522404
Beatrix,Barry,59181692
Charlotte,Smith,42967446
Beatrix,Angus,17512567
Harry,Ferguson,18226417
Lea,Smith,13575939
James,Barry,88752476
Charlotte,Barry,41813238
Beatrix,Angus,34387925
James,Mcintosh,68970284
Harry,Barry,46372001
Charlotte,ohairy,56155617
Lea,Barry,64811450
Marc,ohairy,58461218
Charlotte,Smith,89841163
Lea,Smith,69309370
Lea,Mcintosh,60159413
Harry,Angus,23125234
Charlotte,Ferguson,85444376
James,Ferguson,20717394
Harry,Mcintosh,47688972
James,Smith,44437505
Lea,Barry,57122696
Harry,Mcintosh,65524131
Harry,Ferguson,64612085
James,Angus,33749569
Lea,Smith,48439724
Marc,Ferguson,33346544
James,Barry,33154261
Lea,Angus,66371367
Lea,Barry,69485362
James,ohairy,42432330
Beatrix,ohairy,67644902
Charlotte,Ferguson,33291909
Beatrix,Ferguson,66940802
Charlotte,Ferguson,38321702
Beatrix,Smith,31143942
Harry,Smith,46734892
James,Ferguson,47991853
Harry,ohairy,14819605
Lea,Ferguson,24059850
Harry,Barry,60311853
James,Barry,87316014
Marc,Angus,44499764
Marc,Angus,67629166
Lea,ohairy,61814719
Harry,ohairy,70349667
Harry,Mcintosh,27452321
Beatrix,ohairy,85919707
Harry,Angus,57977752
