First Name,Last Name,Matriculation
Beatrix,Smith,59047418
Marc,Ferguson,46602362
Lea,Angus,46369864
Marc,ohairy,34865339
Marc,Barry,17364879
Beatrix,Angus,62853286
Marc,Smith,67044470
Charlotte,Ferguson,45480505
Lea,Mcintosh,49914137
Beatrix,Mcintosh,57014947
James,Ferguson,14306571
Harry,Mcintosh,64222787
Harry,Smith,40877996
Marc,Angus,23139102
Harry,Mcintosh,68816283
Marc,ohairy,21453682
Charlotte,Mcintosh,62537041
Harry,Ferguson,49641931
Harry,Ferguson,13296691
Marc,Mcintosh,76225912
Beatrix,Smith,76385848
James,Angus,76418707
Marc,ohairy,71017811
Beatrix,Mcintosh,84960718
Beatrix,Barry,35252407
Beatrix,Mcintosh,12181273
Harry,Mcintosh,84733649
Harry,Ferguson,46916900
Beatrix,Barry,55657201
Lea,Angus,13436815
James,Barry,31613971
James,Barry,45121433
Harry,Barry,76088814
Harry,Smith,23232791
Lea,Ferguson,77291436
James,Angus,42735572
Charlotte,Ferguson,27935314
Marc,Barry,12748845
Beatrix,Barry,56639211
Marc,Ferguson,88833103
Lea,ohairy,28912822
Lea,Smith,25062289
Charlotte,Mcintosh,30602240
Charlotte,Angus,10243587
Lea,Angus,43390500
Charlotte,Ferguson,66745359
Marc,ohairy,41029716
Marc,Barry,12599776
Charlotte,Ferguson,25192236
Harry,Angus,25575942
Lea,Barry,43987772
Lea,Barry,89140534
Marc,Barry,24763785
Harry,Angus,73729243
Marc,Ferguson,15449536
Harry,Smith,34885158
Charlotte,Mcintosh,64820012
Charlotte,Ferguson,70243945
Beatrix,Mcintosh,84770952
James,Barry,39867762
Lea,ohairy,63590054
James,Mcintosh,29735448
Harry,ohairy,78083398
Marc,Mcintosh,22825167
Beatrix,Angus,57411286
Harry,Barry,69912033
James,Smith,49578871
Harry,Barry,50256839
Lea,Ferguson,46699505
Marc,Angus,17697993
Beatrix,Angus,86645892
Harry,Barry,63842663
Charlotte,Ferguson,76369767
Harry,Mcintosh,66648081
James,ohairy,30626686
Charlotte,ohairy,43181854
Harry,ohairy,27903522
Beatrix,Angus,26089168
Marc,Angus,14508233
Beatrix,Angus,33765601
Lea,ohairy,37376681
Harry,Mcintosh,79862952
Harry,ohairy,75312651
Marc,Smith,69323106
Lea,Angus,50890440
James,Mcintosh,72322398
Charlotte,Ferguson,85824920
Marc,Ferguson,73701710
Beatrix,Mcintosh,19821968
Harry,Mcintosh,36616833
Lea,Barry,19344968
Marc,Angus,79257965
Lea,Smith,52793450
Marc,Barry,63347280
Harry,Mcintosh,46049948
Lea,Barry,89273755
Marc,Angus,76001502
Beatrix,ohairy,21484071
James,ohairy,23505668
Charlotte,Mcintosh,20866044
