First Name,Last Name,Matriculation
Harry,Smith,15877217
Beatrix,Ferguson,28562017
Harry,Angus,29269218
James,Barry,61693219
Lea,Barry,20586395
Marc,Ferguson,27114256
Charlotte,Angus,32430300
Charlotte,Smith,43018985
Beatrix,Smith,87034885
Harry,Barry,64454492
James,Mcintosh,34290391
James,Ferguson,17461584
Marc,Barry,80525454
James,ohairy,15409651
James,ohairy,35171668
Beatrix,Angus,56480385
Harry,Ferguson,14863970
Charlotte,Angus,20726046
Harry,Smith,81250841
Beatrix,Ferguson,67355509
Charlotte,Mcintosh,70383904
James,Smith,59904698
Lea,Smith,28711565
Lea,Mcintosh,62978472
Charlotte,Angus,80055482
Beatrix,ohairy,82944206
Beatrix,Smith,14390946
Harry,Angus,57185022
Beatrix,Mcintosh,30689800
James,Mcintosh,70033287
James,ohairy,27693715
Harry,Mcintosh,57229340
James,Ferguson,61064026
Lea,Smith,44332183
Lea,Barry,33066957
Lea,Ferguson,45132963
Harry,Smith,60205931
Beatrix,Mcintosh,61731730
Harry,ohairy,74732302
Marc,Ferguson,83026130
Harry,Ferguson,62659197
Beatrix,Mcintosh,73342325
Harry,Angus,37907095
James,Smith,82527249
James,Angus,12479936
Harry,Barry,49020826
Marc,Angus,85618455
Marc,Mcintosh,13047087
James,Barry,16607906
Lea,ohairy,18531722
Lea,Barry,24482689
Lea,Smith,24446477
James,Ferguson,33853705
Marc,ohairy,61289639
Beatrix,ohairy,71514288
Charlotte,ohairy,15784394
Marc,Smith,10354221
Marc,Barry,72110508
Lea,ohairy,60806934
Lea,Smith,70149148
Lea,Angus,30316509
Harry,Mcintosh,82552483
Marc,Mcintosh,85361899
Marc,Ferguson,65363036
Lea,Smith,47092660
Charlotte,Angus,89624311
Charlotte,Angus,85886107
Marc,ohairy,28993291
Charlotte,ohairy,69711368
James,ohairy,89423558
Harry,Ferguson,35485851
Beatrix,Barry,50304658
Harry,Mcintosh,61223130
Beatrix,Angus,22523815
Lea,Smith,77709152
Harry,Barry,14529756
Charlotte,ohairy,18225652
Beatrix,Ferguson,18395572
James,Mcintosh,29982291
Harry,Smith,11301348
Lea,Ferguson,26733193
Charlotte,Angus,16886660
Lea,Ferguson,84927244
James,Smith,63859689
Harry,Barry,79352232
Marc,ohairy,46116769
Beatrix,Ferguson,57955912
Charlotte,Angus,29347121
Harry,Smith,16582768
Harry,ohairy,20751666
Beatrix,Smith,26950072
Marc,Ferguson,68452262
Beatrix,Barry,81880488
Marc,ohairy,59459871
Lea,Mcintosh,15334060
Harry,Angus,33932587
James,Ferguson,25964374
Charlotte,Angus,41804831
Beatrix,ohairy,18155666
Harry,Barry,32210725
