First Name,Last Name,Matriculation
Marc,ohairy,42186533
Charlotte,Ferguson,75908412
Charlotte,Angus,14394931
Charlotte,Smith,27524041
Beatrix,Mcintosh,73254894
Beatrix,Mcintosh,66767010
James,Smith,45991541
James,Ferguson,15622219
Harry,ohairy,62307573
Lea,ohairy,52026753
Charlotte,Angus,26080534
Charlotte,Angus,31792230
Beatrix,Angus,88887701
James,Angus,49415526
Marc,Ferguson,39168331
Marc,Mcintosh,22154074
Harry,Ferguson,54958819
Charlotte,Ferguson,39445893
Harry,Ferguson,80248382
Charlotte,Barry,72057643
James,Ferguson,10090489
Lea,Mcintosh,40040423
Marc,Mcintosh,54131140
James,Smith,43455031
Beatrix,ohairy,25305028
Harry,Ferguson,58060555
Marc,Barry,25301892
Harry,Angus,53311001
James,Barry,76681168
Lea,Smith,89965054
James,Angus,37761772
James,Barry,66037602
Harry,Ferguson,48133509
Lea,Barry,58970662
Marc,Barry,59417447
Lea,Barry,52112886
Charlotte,ohairy,36744446
James,Mcintosh,67220421
Beatrix,Angus,62282613
Lea,ohairy,74984613
Lea,Barry,16250109
Lea,Barry,67853494
Lea,Angus,88734463
Charlotte,Mcintosh,78547949
Beatrix,ohairy,64391094
Lea,Smith,81770856
James,ohairy,60209833
Marc,Mcintosh,21332820
Lea,Angus,79370583
Harry,Ferguson,67352313
Marc,Mcintosh,28019941
James,Smith,25755194
Marc,Smith,19375015
Lea,Barry,24448338
Marc,Mcintosh,58983508
Beatrix,Angus,62049283
James,Barry,79426280
Charlotte,Angus,14300634
Beatrix,ohairy,53258404
Marc,Angus,71913607
Beatrix,ohairy,71126786
James,Mcintosh,82993456
Beatrix,Barry,10027409
Charlotte,ohairy,49946480
Lea,Barry,84277673
Charlotte,Barry,42290300
Beatrix,ohairy,59366831
Marc,Barry,46862532
Harry,ohairy,58135521
Lea,Barry,38623774
Lea,Angus,31031267
Charlotte,Mcintosh,66533087
Beatrix,Angus,22228403
Marc,Smith,77233607
James,Barry,21730328
Lea,Smith,55600351
James,Barry,81029124
Harry,Barry,68427516
Beatrix,Angus,85998725
Lea,Ferguson,85028648
James,Mcintosh,77341965
Beatrix,ohairy,64586434
James,Angus,80613175
Marc,Angus,87984945
Harry,Ferguson,57071789
James,ohairy,87409975
Lea,Barry,76569668
Beatrix,Ferguson,38209339
Charlotte,Mcintosh,84391895
Harry,Ferguson,39100704
Lea,Smith,29297282
Beatrix,Barry,86809949
Harry,Ferguson,18159581
Charlotte,Mcintosh,12365123
Charlotte,Angus,35379752
Beatrix,Mcintosh,11098272
James,ohairy,83549848
Marc,Smith,30709158
Beatrix,ohairy,46650352
Charlotte,Smith,12784850
