First Name,Last Name,Matriculation
Beatrix,Smith,50494342
Harry,Angus,34702916
Charlotte,Mcintosh,15047759
Charlotte,Angus,26410730
Beatrix,Mcintosh,39916795
James,Ferguson,16628285
James,Angus,44742266
Lea,Mcintosh,31194115
Lea,ohairy,16796484
Harry,ohairy,65583072
Marc,ohairy,41801692
Marc,Mcintosh,47965222
Beatrix,Angus,69925166
James,Angus,70691329
Charlotte,Barry,72748341
Harry,Smith,69301426
Lea,Barry,83218145
Charlotte,Mcintosh,25737763
Harry,Smith,47367085
Marc,Smith,65751392
Beatrix,Ferguson,31690866
Lea,Ferguson,83150259
Lea,Angus,29404722
Charlotte,ohairy,53250688
Harry,Ferguson,31227000
Harry,Smith,14068278
James,ohairy,75714878
Charlotte,Mcintosh,39227159
Marc,ohairy,13113485
Marc,Angus,74650978
Beatrix,Mcintosh,17144198
Marc,Barry,39422952
Beatrix,Ferguson,67709615
Harry,Smith,65255886
Marc,Ferguson,80458491
James,Barry,60193041
Charlotte,Mcintosh,46002999
Harry,Ferguson,51761580
Marc,Ferguson,88419095
Charlotte,ohairy,58244773
James,Barry,59475295
Charlotte,Barry,73903436
James,Angus,13817675
Marc,Mcintosh,61216558
Marc,Mcintosh,50798295
James,Ferguson,70016469
Beatrix,Barry,17117932
Marc,Ferguson,30215142
James,Mcintosh,30295163
James,Angus,28941082
Marc,Angus,87344135
Lea,Angus,42178535
Marc,ohairy,71185232
James,Angus,13241783
Marc,Angus,85967178
Charlotte,ohairy,86143163
Lea,ohairy,29079146
Charlotte,Ferguson,25005361
Harry,Barry,69762152
James,Angus,73793110
Charlotte,ohairy,70632898
Harry,Mcintosh,21225680
James,Angus,58725591
Lea,Angus,21909714
Beatrix,Ferguson,51826939
Beatrix,Mcintosh,42625630
James,Barry,22426845
Beatrix,Angus,57055424
Marc,Smith,65427393
James,Smith,23715220
Beatrix,Smith,83653698
Lea,Barry,56369666
Marc,Angus,32934863
Marc,Smith,10064475
Beatrix,Mcintosh,86244397
James,Smith,34448451
Lea,Ferguson,56277973
James,Smith,18591365
Charlotte,Mcintosh,75246026
James,Ferguson,24853191
Charlotte,Barry,56125266
Charlotte,Ferguson,80438359
Charlotte,Barry,51896094
Charlotte,ohairy,16464650
Charlotte,Mcintosh,48737165
Harry,Mcintosh,49258349
Marc,Mcintosh,52621032
Marc,Smith,16283176
Harry,Mcintosh,21848554
Harry,Mcintosh,11923658
Harry,Angus,56153467
Beatrix,Angus,71801847
James,Smith,41278656
Harry,ohairy,84009895
Harry,ohairy,60513293
Marc,Barry,80553913
James,Angus,61103559
Lea,Barry,64962328
Harry,Smith,27049910
Harry,Ferguson,12591402
