First Name,Last Name,Matriculation
Beatrix,ohairy,43148339
Marc,Barry,14004490
Marc,Barry,71579607
Beatrix,Barry,16762337
James,Angus,45902996
Marc,Smith,37507632
Charlotte,Smith,19466617
James,Angus,89017434
Lea,Barry,73271753
Harry,ohairy,20524228
Charlotte,Ferguson,56533565
James,ohairy,51402148
Lea,Ferguson,17400891
Beatrix,Ferguson,65239043
Marc,Barry,49654752
James,Ferguson,81129107
Marc,Ferguson,47143289
Charlotte,Barry,57582541
Lea,Barry,20594779
Harry,ohairy,32539795
Beatrix,Ferguson,44586065
Harry,Angus,24964991
Harry,Mcintosh,57153206
James,Smith,40207229
Beatrix,Mcintosh,66811446
Beatrix,Ferguson,77644817
Beatrix,Barry,66704504
Harry,Mcintosh,12520046
Marc,Mcintosh,23846358
Marc,Angus,59180650
Marc,Ferguson,84339824
Harry,Angus,74212698
James,Ferguson,88464548
Marc,Mcintosh,61544393
Lea,ohairy,78660498
Marc,Angus,15788638
James,Smith,14453362
Charlotte,ohairy,72335129
Marc,ohairy,30433454
James,Ferguson,86497909
Lea,Angus,83210640
Charlotte,Mcintosh,32518321
Marc,Angus,30908278
Beatrix,ohairy,85043255
Beatrix,ohairy,82330735
Lea,Smith,71892872
Marc,Smith,70039067
Harry,Barry,13162319
Lea,Barry,30472233
Beatrix,Smith,29757674
Beatrix,Ferguson,31789727
Harry,Mcintosh,57258893
Beatrix,ohairy,20524493
James,ohairy,48038108
Marc,Smith,44587295
Marc,ohairy,15832077
Charlotte,Smith,82431847
Charlotte,Angus,43729311
James,Smith,48019013
Beatrix,Mcintosh,82075191
James,Angus,41668270
Lea,ohairy,81012746
Harry,Ferguson,42013055
Beatrix,ohairy,26779938
Beatrix,ohairy,61200749
Beatrix,ohairy,68827155
Lea,Angus,24823898
Charlotte,Smith,33427419
Charlotte,Ferguson,34846217
James,Mcintosh,18633560
James,Barry,74388135
Charlotte,ohairy,87217749
Beatrix,Ferguson,84203963
Harry,Barry,25189597
Harry,Ferguson,64583465
Lea,Ferguson,79452066
Harry,Angus,62387256
Marc,Smith,21399576
Marc,Smith,61186043
Beatrix,Mcintosh,27774852
Marc,Angus,21163395
Beatrix,Smith,81358114
Lea,Mcintosh,37510278
Charlotte,Ferguson,36153858
Charlotte,Barry,27226799
Lea,Smith,69282478
Charlotte,ohairy,19412691
Charlotte,Barry,52409526
Harry,Mcintosh,42725391
Harry,Ferguson,42321267
Lea,Ferguson,67782299
Harry,Smith,72799193
Marc,Smith,37388630
Marc,Ferguson,13676431
Harry,Smith,64428880
Marc,Ferguson,58536059
Beatrix,Ferguson,38025199
Charlotte,Ferguson,44256867
Charlotte,Smith,89676617
Beatrix,Smith,20046692
