First Name,Last Name,Matriculation
Charlotte,Mcintosh,15873222
Harry,ohairy,63008048
James,Mcintosh,30745311
Charlotte,ohairy,53522502
Charlotte,ohairy,30752053
Lea,Barry,42041792
Marc,Ferguson,16962670
James,Mcintosh,87186845
Lea,Smith,46782298
Beatrix,Ferguson,60787332
James,Angus,79329571
Lea,Ferguson,27353996
James,Ferguson,81311534
Charlotte,Mcintosh,14212765
Marc,ohairy,52762213
Harry,Ferguson,75889079
Lea,Smith,37768039
Marc,Smith,20618308
Marc,Smith,79701730
Lea,Angus,19188426
Harry,Barry,88960647
Harry,Angus,89729096
Marc,Mcintosh,87274145
Lea,Angus,49640991
Marc,ohairy,17795851
Harry,Angus,87223058
Lea,ohairy,61450601
Beatrix,Angus,32979573
Beatrix,Smith,42780442
James,Barry,66670845
Charlotte,ohairy,46054406
Beatrix,ohairy,64591963
Beatrix,Angus,48347294
Lea,Smith,45974940
Marc,Angus,71308714
Charlotte,ohairy,25815491
Lea,Mcintosh,84493330
Beatrix,ohairy,52516758
Lea,Mcintosh,66800292
Lea,Mcintosh,69930682
Harry,Ferguson,54136986
James,Barry,31079398
Harry,Angus,30857808
Beatrix,ohairy,36049642
Harry,Mcintosh,81704843
Beatrix,Angus,16624821
Harry,ohairy,40832274
Lea,ohairy,78226208
James,Barry,58833239
Charlotte,Mcintosh,35414415
Marc,Mcintosh,70844558
James,Barry,54908501
Marc,ohairy,89783714
Harry,Angus,84319922
Marc,Smith,76847536
Charlotte,ohairy,88079038
Beatrix,Ferguson,19234163
Marc,Smith,51656888
Marc,Ferguson,25832928
Beatrix,ohairy,51963833
Harry,ohairy,19968845
James,ohairy,35191178
Lea,ohairy,47927638
James,Smith,66117209
Charlotte,Ferguson,86620350
Beatrix,ohairy,44904880
Charlotte,Ferguson,14113364
Marc,Barry,12810753
Charlotte,Ferguson,18227729
Harry,Angus,34253561
Beatrix,Smith,32463141
Marc,Angus,56305276
Charlotte,Angus,77957975
Charlotte,Mcintosh,16331960
Charlotte,Smith,20125776
Harry,Barry,20122326
James,ohairy,31751493
Harry,Ferguson,55624717
Marc,ohairy,27115420
Harry,ohairy,67594197
Harry,Mcintosh,79335998
Harry,Mcintosh,87418809
Marc,Mcintosh,55171267
Marc,ohairy,21529552
James,Barry,51657067
Marc,Ferguson,56398589
Beatrix,Ferguson,71771568
Marc,Barry,32317674
Beatrix,Ferguson,88216134
Charlotte,Angus,68521209
Marc,Barry,59150808
Marc,Angus,87859265
Marc,Mcintosh,28291519
Marc,Ferguson,24306996
Beatrix,Angus,60498037
Beatrix,Ferguson,81875534
Lea,Angus,39169673
Lea,Smith,56351870
Marc,Angus,48188950
James,Smith,34824323
