First Name,Last Name,Matriculation
Marc,Smith,41048629
James,Barry,29052125
Marc,Mcintosh,52975468
Beatrix,Smith,34073591
James,Barry,40419583
Lea,Smith,60796832
Marc,Smith,58541580
Lea,Smith,85415237
James,Mcintosh,40830219
Beatrix,Ferguson,89431760
Harry,Ferguson,13995490
Beatrix,Barry,86912076
Charlotte,Mcintosh,14410997
Charlotte,Smith,78574523
Lea,Angus,17551968
James,Ferguson,71062781
Charlotte,Mcintosh,22539643
Harry,Mcintosh,60342501
Beatrix,Mcintosh,24990477
Harry,ohairy,77681954
Charlotte,Ferguson,30819058
Lea,Ferguson,14727225
James,Angus,43071800
Lea,Ferguson,89590583
Lea,ohairy,42714002
James,Mcintosh,88903835
James,Mcintosh,56575716
Harry,Barry,74667961
Marc,Angus,35148244
Lea,Smith,69265645
Charlotte,Ferguson,41383235
Beatrix,Smith,84353487
Beatrix,Ferguson,39858376
Charlotte,ohairy,19242234
Charlotte,Angus,81539006
James,Mcintosh,69004762
Marc,Mcintosh,78647747
Lea,ohairy,19148582
Harry,Mcintosh,73366143
James,Ferguson,35420056
Lea,Ferguson,85896722
Beatrix,Angus,53658140
Beatrix,Mcintosh,31455227
Beatrix,Mcintosh,26323755
Lea,Angus,16593870
Charlotte,Ferguson,76102536
Marc,Ferguson,65473958
Charlotte,Smith,32506541
Lea,Angus,65093924
Lea,Angus,10607197
Marc,Ferguson,64295588
Beatrix,Angus,67939284
Marc,Smith,60007542
James,Barry,11791816
Lea,Smith,33231914
Beatrix,Mcintosh,11590524
Lea,Barry,15659530
Harry,Smith,44259798
James,Barry,60159157
Harry,Barry,44572977
Harry,Mcintosh,60604011
James,ohairy,43602552
Lea,Mcintosh,15267305
Beatrix,Barry,61051552
James,Barry,27920730
Harry,ohairy,53548811
Marc,Smith,32304458
Charlotte,Ferguson,73533082
James,Ferguson,87643041
Lea,Angus,71010317
Beatrix,Mcintosh,57837352
James,Ferguson,83523479
James,Barry,18285331
Marc,ohairy,67276832
James,Smith,81316568
Harry,Angus,16298938
Marc,Smith,31174551
Beatrix,Barry,39996022
Marc,Smith,33523978
Harry,ohairy,23956639
Charlotte,ohairy,31125494
Harry,Smith,55377224
Charlotte,Angus,14304760
Charlotte,Barry,33848167
James,ohairy,79915133
James,Angus,58419357
James,ohairy,81075327
Harry,Mcintosh,87575563
Charlotte,ohairy,45602637
Beatrix,Ferguson,17651046
Marc,Mcintosh,89771743
Lea,Angus,41401682
James,ohairy,48973310
Charlotte,Angus,33366914
Beatrix,Smith,74458780
Marc,Barry,85796324
Lea,Ferguson,29010603
James,ohairy,21139488
Beatrix,Ferguson,28623942
Harry,Ferguson,53528236
