First Name,Last Name,Matriculation
Lea,Mcintosh,73151234
Charlotte,Smith,48280583
James,ohairy,66958964
Lea,Ferguson,78279700
Marc,Mcintosh,73298063
Charlotte,ohairy,63469884
Marc,Smith,44079229
Charlotte,Barry,50382666
James,Ferguson,22699952
Beatrix,Mcintosh,87769146
James,ohairy,23848347
Charlotte,Angus,49229712
Lea,Ferguson,11715713
Charlotte,ohairy,62260410
Marc,Mcintosh,88220959
James,Smith,44119607
Harry,Ferguson,46130633
Charlotte,Barry,84486243
Lea,Angus,22643669
Marc,Ferguson,23175808
Beatrix,Ferguson,32586827
Charlotte,Ferguson,24439600
Lea,ohairy,80081168
Harry,Barry,86854406
Charlotte,Barry,83664358
Harry,ohairy,52129418
Lea,ohairy,11634866
Beatrix,Angus,75346996
Charlotte,Ferguson,15324837
Lea,Barry,23288057
Lea,Mcintosh,57451222
Charlotte,Angus,72497262
Beatrix,Smith,57290342
James,Ferguson,25078851
Charlotte,ohairy,14247588
Beatrix,Smith,47303833
Beatrix,ohairy,75394092
Beatrix,ohairy,14033759
Lea,Barry,89384381
Marc,ohairy,80507816
Marc,Angus,75911873
Lea,Angus,68121482
Lea,Ferguson,48601727
Charlotte,ohairy,35265493
Marc,Angus,21981950
Marc,Mcintosh,82122607
Marc,ohairy,34716361
Harry,Mcintosh,12026845
Beatrix,Angus,32999266
Beatrix,Barry,22807394
Marc,Barry,66970092
Lea,Ferguson,28285005
Beatrix,Barry,53134887
Lea,Angus,78920662
Charlotte,Barry,70510385
James,ohairy,31605384
Charlotte,Smith,70700934
Beatrix,Ferguson,78985305
James,Ferguson,55141461
Beatrix,Mcintosh,63638638
Charlotte,Mcintosh,25402495
Charlotte,Angus,58793610
Charlotte,Barry,73458675
Marc,Angus,39013576
Lea,Mcintosh,76505075
Charlotte,Barry,15737891
Beatrix,Barry,81358227
Charlotte,Angus,43846073
Charlotte,Mcintosh,29325575
Lea,Angus,12026482
James,Mcintosh,62225255
Marc,ohairy,54850311
Charlotte,Mcintosh,65453596
Marc,ohairy,39998408
James,Smith,21184291
Lea,Barry,84832076
Charlotte,Barry,29706397
Harry,Angus,45863830
Harry,Smith,78338650
Beatrix,Mcintosh,55159566
Harry,Angus,37134929
Beatrix,Barry,45125376
Harry,ohairy,26919890
Charlotte,Barry,47219085
Beatrix,Smith,65158414
Charlotte,Barry,12256274
Charlotte,Mcintosh,42175152
Beatrix,Ferguson,31903763
Beatrix,Angus,87133477
Marc,Barry,45309379
Harry,Mcintosh,29508166
Beatrix,ohairy,29298068
Lea,Barry,41275437
Lea,Barry,41717516
Charlotte,ohairy,30531887
Harry,Smith,74739198
Harry,Angus,59961251
Charlotte,Barry,53080731
Lea,Angus,71132490
Beatrix,ohairy,54850596
