First Name,Last Name,Matriculation
Beatrix,ohairy,51581618
Beatrix,Ferguson,45821427
Beatrix,Barry,11611516
Charlotte,Smith,38853437
Beatrix,ohairy,27907785
Charlotte,Barry,86849394
Beatrix,Angus,43223929
Charlotte,ohairy,89213178
James,Smith,30955703
Lea,Mcintosh,27225172
Lea,Smith,41198778
Harry,Mcintosh,79009838
Harry,Mcintosh,10276850
Charlotte,Mcintosh,44984245
Beatrix,Smith,26622369
Marc,Barry,24605528
Lea,Smith,10543306
Marc,Barry,59429246
Harry,Angus,81727614
Harry,ohairy,56848809
James,Smith,73285114
James,Mcintosh,78042682
James,Ferguson,28065786
James,Angus,50419648
Beatrix,ohairy,79108144
Lea,Barry,43295389
Harry,Ferguson,43620397
Lea,Angus,38311253
Charlotte,Smith,83483577
James,Angus,17320078
Charlotte,ohairy,32450346
Marc,Barry,18260922
Harry,ohairy,84446170
James,Barry,21673191
James,Mcintosh,85407072
Charlotte,Ferguson,51195978
Harry,Angus,33224145
Beatrix,Smith,20311696
James,Mcintosh,64722972
James,Mcintosh,50140960
James,Ferguson,46407653
James,Smith,51671018
James,ohairy,31004856
Lea,ohairy,22072508
Beatrix,Ferguson,67796878
Harry,Angus,72280233
James,Mcintosh,83961669
James,ohairy,89396484
Harry,Angus,66820627
Harry,Mcintosh,20610965
Beatrix,Mcintosh,38343939
Harry,Angus,86994309
Beatrix,Mcintosh,74384480
Marc,Barry,12062801
Beatrix,Mcintosh,86839271
Lea,ohairy,45667291
Harry,Smith,37730735
Lea,ohairy,25350494
Marc,Angus,59074245
Lea,Mcintosh,28857013
James,Mcintosh,44827144
James,Mcintosh,26885695
Charlotte,Barry,68760543
Beatrix,Smith,89958522
Lea,ohairy,87994117
Charlotte,Angus,44814953
Marc,Angus,25509405
James,Smith,73652220
James,Barry,10812004
Beatrix,Barry,63199716
James,ohairy,70906093
Harry,Mcintosh,44987079
Beatrix,ohairy,59909733
James,Mcintosh,57597793
James,Barry,73168622
Harry,Mcintosh,17653291
Beatrix,Ferguson,43313876
Beatrix,ohairy,86774350
Lea,Ferguson,85818369
Lea,Mcintosh,72530048
Harry,Mcintosh,11720462
Beatrix,ohairy,48244252
Harry,ohairy,88009087
Beatrix,Smith,61210450
Lea,ohairy,50368342
Harry,ohairy,83373872
James,Smith,30596892
Beatrix,Mcintosh,34728132
Lea,Angus,65694515
James,Ferguson,51287052
Beatrix,Smith,89941661
Lea,Smith,39636932
Lea,Ferguson,67400526
James,ohairy,37934505
James,Smith,28199584
Marc,Angus,71632708
Lea,ohairy,29428650
Charlotte,Ferguson,50177058
Marc,ohairy,81354704
Marc,ohairy,22829572
