First Name,Last Name,Matriculation
James,Barry,75395685
Beatrix,Mcintosh,41107302
Marc,Smith,23062666
Lea,ohairy,15075507
Beatrix,ohairy,24235960
Harry,Ferguson,62691522
James,ohairy,80982354
Marc,Angus,77910175
Charlotte,Ferguson,46289511
Harry,Ferguson,11304459
Marc,ohairy,13158049
Lea,Ferguson,21330596
Beatrix,Barry,46327272
Beatrix,Smith,43528113
Charlotte,Smith,32071327
Marc,Smith,35294404
Marc,Mcintosh,16573221
Beatrix,Smith,74771724
Lea,Smith,42168138
Marc,Barry,89701229
Lea,ohairy,79855845
Marc,ohairy,43605186
Marc,Angus,36161477
James,Mcintosh,63659045
Lea,Smith,58285967
Lea,Angus,65388431
Marc,ohairy,15308380
Charlotte,Smith,25474173
Beatrix,Mcintosh,34519062
Charlotte,Mcintosh,46351326
James,ohairy,50288381
Marc,Barry,52060206
James,ohairy,66148128
Beatrix,Mcintosh,65556434
Beatrix,Smith,31582148
Marc,ohairy,78751739
Lea,Smith,37935300
Harry,ohairy,81812965
Charlotte,Barry,54499945
Lea,Smith,13207318
Harry,Mcintosh,53622629
Charlotte,Smith,19994669
Marc,ohairy,14989071
Harry,Barry,64809668
Beatrix,Smith,32283723
Beatrix,Ferguson,89975374
Lea,Ferguson,21152043
Lea,Angus,89351151
Charlotte,Barry,75943057
Beatrix,Mcintosh,77708134
Beatrix,Angus,28661546
James,Ferguson,23723138
Harry,Mcintosh,34290375
Harry,ohairy,79917244
Beatrix,Ferguson,55232253
Harry,Angus,31795109
James,ohairy,58940207
James,Barry,62547764
Marc,Mcintosh,33708010
Harry,ohairy,36181582
Charlotte,Smith,45893453
Charlotte,ohairy,39688724
James,Mcintosh,64954622
Charlotte,Ferguson,55585316
Beatrix,Ferguson,51101490
Beatrix,Ferguson,48419340
Lea,Smith,44320042
Marc,Angus,88206825
Charlotte,ohairy,68949799
James,Angus,31325919
Beatrix,ohairy,27764749
Charlotte,ohairy,13499879
Marc,ohairy,13505948
Charlotte,Smith,64523287
Harry,Angus,24262778
Marc,Mcintosh,10172124
Beatrix,Mcintosh,81130634
Beatrix,Ferguson,32735613
Marc,Smith,54910938
Harry,Smith,73403893
Charlotte,Mcintosh,29843717
Charlotte,Barry,66866556
Harry,ohairy,87079768
James,Smith,14131770
Harry,ohairy,79945024
Charlotte,Mcintosh,79184774
Harry,Barry,49633697
Charlotte,Angus,84466995
Lea,ohairy,76626522
Charlotte,Mcintosh,87651912
Lea,Angus,56813886
Lea,Barry,57834311
Lea,ohairy,81835746
Beatrix,Smith,30993034
Beatrix,Mcintosh,31315814
Beatrix,Ferguson,12627494
Harry,ohairy,16542062
Harry,Angus,84827463
James,Barry,23394061
James,Ferguson,68138958
