First Name,Last Name,Matriculation
Charlotte,Ferguson,52079029
Marc,Smith,12468665
Lea,Mcintosh,16156504
Charlotte,Angus,79563010
James,Smith,26926665
Charlotte,Ferguson,87283585
James,Angus,13555756
Lea,ohairy,13797474
Marc,Ferguson,78697496
Beatrix,Mcintosh,41786370
Marc,Barry,25906319
James,ohairy,40924172
James,Smith,88095980
Harry,Ferguson,23724085
Marc,Angus,85775097
Harry,Angus,37529237
Lea,Ferguson,55007652
James,Smith,39629933
Marc,Angus,17229652
Beatrix,Mcintosh,22681119
James,Smith,79432657
Lea,Barry,33985236
Beatrix,Barry,21148071
James,ohairy,70177783
Beatrix,Barry,15388025
Harry,Barry,68831904
Marc,Mcintosh,79557854
Beatrix,ohairy,84684754
James,Barry,32387550
Charlotte,Smith,22606019
Harry,Barry,83875507
Lea,Angus,68926755
Lea,Smith,78962953
Beatrix,Smith,27967687
James,ohairy,42277154
Lea,Ferguson,76849694
Marc,Smith,18781259
Beatrix,Smith,14308798
Lea,Ferguson,73776160
Harry,Angus,39572619
James,ohairy,26680101
James,Angus,35969035
James,ohairy,71300538
Harry,ohairy,49671086
Lea,ohairy,18303657
Marc,Angus,68813062
Beatrix,Ferguson,42859464
James,Angus,63693929
Charlotte,Smith,53462064
Beatrix,Barry,26063787
Charlotte,ohairy,66586647
Marc,ohairy,57584057
Harry,Ferguson,14534114
Harry,Smith,79478585
James,Smith,10574432
Lea,Mcintosh,49391515
Harry,Barry,81947001
James,Barry,69892519
Harry,Smith,71129194
Marc,Angus,83620945
Harry,Angus,58293106
Marc,Ferguson,14632206
Lea,Smith,17425140
Harry,ohairy,78966022
Charlotte,Angus,87301392
Lea,Barry,37789411
Charlotte,ohairy,64044185
Harry,ohairy,89824918
Marc,Ferguson,34947569
Charlotte,ohairy,61320357
Harry,Mcintosh,67247437
Beatrix,Mcintosh,34529720
Lea,Smith,71542285
Beatrix,Smith,75877203
Charlotte,ohairy,45469736
Marc,Barry,81150740
Lea,Smith,18025521
Lea,Angus,63014255
Lea,Angus,41213053
Lea,ohairy,86108612
Harry,Ferguson,26038060
Marc,ohairy,37561013
Harry,Ferguson,69125537
Lea,Ferguson,52574218
Beatrix,Barry,68975211
Marc,Ferguson,72393784
Beatrix,Mcintosh,86559547
Charlotte,Smith,50402135
James,Angus,31870986
James,Barry,77273171
Lea,Angus,41328368
Charlotte,Mcintosh,83360412
Charlotte,Angus,62156996
Beatrix,Smith,42225010
James,Mcintosh,75102502
Charlotte,Smith,27695073
Harry,Ferguson,20580778
Charlotte,ohairy,43878864
Lea,Angus,36863509
Beatrix,Ferguson,23603490
