First Name,Last Name,Matriculation
Marc,Smith,71309118
Harry,Barry,79446540
Beatrix,Mcintosh,63844116
James,Ferguson,70482460
Lea,Mcintosh,39012800
Marc,Barry,43876353
Charlotte,Mcintosh,49563952
Harry,Ferguson,41174757
Charlotte,Barry,58334794
Marc,Mcintosh,83675429
Lea,Mcintosh,35372126
Lea,Barry,36800768
Harry,Ferguson,40567648
Beatrix,Mcintosh,23040636
Charlotte,Angus,42556103
Charlotte,Smith,59982220
James,Mcintosh,22823637
Beatrix,Ferguson,74239809
James,Smith,62416075
Charlotte,ohairy,59911911
Charlotte,Ferguson,23309625
Beatrix,Ferguson,49201966
Lea,Smith,34472538
Lea,Angus,11688420
James,Mcintosh,76573509
Harry,Mcintosh,37083148
James,Angus,87034137
Marc,Angus,11523373
Charlotte,Angus,33020650
Beatrix,ohairy,72417655
Marc,ohairy,34636055
Lea,ohairy,32577558
Harry,Mcintosh,60404472
James,Ferguson,23890278
Harry,Smith,63096117
Marc,Mcintosh,57386808
Charlotte,Mcintosh,87934342
Beatrix,Barry,27378707
Lea,Mcintosh,20122952
James,Smith,62768511
Charlotte,Angus,73770989
Charlotte,ohairy,22290239
Harry,Angus,33358636
Lea,Angus,23888078
James,Mcintosh,72758038
Lea,Mcintosh,22660119
James,Barry,37103668
Marc,Barry,19487160
Harry,Barry,35399893
James,Barry,78842626
James,Smith,12074253
Charlotte,Mcintosh,40801390
Marc,Barry,76965686
Charlotte,Mcintosh,14063520
Beatrix,Angus,84597155
Beatrix,ohairy,12873272
Charlotte,Smith,63090351
Harry,Ferguson,28529711
Lea,Barry,21293410
James,Mcintosh,67060062
Beatrix,Smith,37091424
Beatrix,Smith,87392203
Harry,Angus,63478661
Beatrix,Barry,58134520
Beatrix,Angus,58479685
Lea,Mcintosh,22823641
Charlotte,Barry,35336115
Beatrix,Barry,81972883
Charlotte,ohairy,79884417
Marc,ohairy,39039484
Beatrix,Angus,36690687
Harry,Barry,14584994
Marc,Angus,65396443
Charlotte,Mcintosh,76559216
Harry,Mcintosh,64081633
Marc,Mcintosh,89431379
Marc,Smith,34528859
Harry,Angus,49393763
Marc,Angus,31234265
Marc,ohairy,42878827
Lea,Ferguson,77290635
Lea,Angus,44708542
James,Ferguson,24856193
Charlotte,Mcintosh,62324969
James,Smith,87552792
Harry,Angus,86722791
Beatrix,Ferguson,83224007
Harry,Barry,28222055
Charlotte,Mcintosh,65562610
Beatrix,Angus,19156777
Harry,Ferguson,25789722
Beatrix,ohairy,15879563
Lea,ohairy,72929299
Lea,Smith,58937674
Marc,Mcintosh,88544524
James,Angus,73030732
Beatrix,Barry,67617939
Marc,Barry,87840463
James,Ferguson,79518401
Charlotte,Ferguson,68376912
