First Name,Last Name,Matriculation
James,Ferguson,63326759
Lea,Angus,49033468
Marc,Angus,77791191
James,Ferguson,53366683
Marc,Ferguson,14701044
James,Ferguson,13408295
Beatrix,Mcintosh,42760334
Marc,Smith,44522681
Marc,Angus,25227956
Charlotte,Angus,50744403
Lea,Barry,34133019
Charlotte,Barry,12239951
Lea,Smith,82340622
Charlotte,Angus,89202867
Lea,Smith,14750547
Lea,ohairy,52802877
James,ohairy,41402585
Beatrix,Barry,26462416
James,Angus,51787248
Beatrix,Smith,73359776
Marc,ohairy,84356985
Lea,Barry,78336498
James,Barry,36768348
Marc,Angus,32191536
Charlotte,Angus,32127615
Lea,ohairy,21521038
Marc,Smith,59831652
Lea,Smith,39433888
Marc,ohairy,62232460
Lea,Mcintosh,32625886
Marc,Mcintosh,32199848
Beatrix,Mcintosh,41384509
Beatrix,Barry,89652301
Harry,Smith,67659314
James,Barry,45141393
James,Barry,75123374
Harry,Barry,51752383
Beatrix,Mcintosh,79598075
James,Angus,76859399
Harry,Smith,21931465
Marc,Smith,84050887
Marc,Barry,51225148
Beatrix,Ferguson,65602632
Marc,Ferguson,16320447
Beatrix,Angus,44707448
Charlotte,ohairy,55342907
Harry,Mcintosh,39659810
James,Ferguson,24560455
Lea,Angus,36935480
Lea,Barry,53468445
Harry,Angus,79868884
Marc,Angus,86251642
James,Smith,46491853
Charlotte,Ferguson,33831835
Marc,ohairy,43960048
Charlotte,Smith,34380067
Harry,Barry,23086012
Beatrix,Angus,40224959
Lea,ohairy,58410301
Marc,Angus,61668617
James,Mcintosh,14900915
Harry,Angus,65222979
James,Angus,76271454
James,Angus,48103469
Marc,Mcintosh,12361929
Marc,Barry,51138915
Harry,Barry,83126202
James,Ferguson,10406103
Harry,Angus,34868872
Beatrix,Mcintosh,66033581
Beatrix,Mcintosh,56616978
Beatrix,ohairy,16451185
Beatrix,Mcintosh,26019628
Charlotte,Ferguson,59309441
Charlotte,Smith,60569387
Marc,Smith,72958111
Lea,Barry,72837452
Charlotte,Barry,89370827
James,ohairy,78816185
Beatrix,ohairy,85649398
Harry,Smith,21773100
James,Smith,70108098
Beatrix,Angus,53968717
Beatrix,Barry,41626486
James,Smith,32552024
Harry,ohairy,77738650
James,Barry,87790557
Beatrix,Ferguson,50549148
Harry,Barry,73132346
Lea,Mcintosh,76439241
Charlotte,Mcintosh,80028624
Marc,Mcintosh,46026492
Beatrix,Ferguson,38545431
James,Angus,63685534
Charlotte,Ferguson,85288418
Lea,Barry,52247334
Lea,Barry,30918328
Lea,Smith,53050292
Beatrix,ohairy,22749102
Marc,Angus,16991413
