First Name,Last Name,Matriculation
Marc,Smith,31428745
Harry,Ferguson,56123525
Lea,Barry,56242553
Charlotte,Mcintosh,76500845
Harry,Ferguson,40316003
Lea,Barry,56528594
Harry,Barry,89861532
James,Smith,47412983
Harry,Angus,41437867
Harry,Mcintosh,88493700
Harry,Barry,57791787
James,Barry,70071887
Charlotte,Barry,89699254
Marc,Mcintosh,28858639
Charlotte,Angus,36561009
Beatrix,ohairy,71853427
Beatrix,ohairy,44331988
Harry,Angus,89951624
Charlotte,Barry,44248856
Marc,Ferguson,67311851
Beatrix,Angus,38164507
Charlotte,Angus,59235210
Charlotte,Barry,45404864
Lea,ohairy,51912336
Harry,Smith,59595508
Beatrix,Mcintosh,25471020
Charlotte,Ferguson,62767584
Marc,Smith,44537061
Harry,Mcintosh,23358151
Lea,Mcintosh,85447349
Marc,Mcintosh,15042574
Beatrix,Angus,82855110
Harry,Angus,83289842
James,Barry,54475799
Beatrix,Mcintosh,38661982
Marc,Smith,19842454
Lea,Angus,65658206
Beatrix,Ferguson,80225435
Charlotte,Mcintosh,36869200
James,ohairy,26142009
Lea,ohairy,22088917
Beatrix,Mcintosh,14743489
Harry,Smith,80900416
James,Barry,65195004
Harry,ohairy,85794574
Lea,Angus,12736311
Beatrix,Mcintosh,30790265
Harry,Mcintosh,16663329
Lea,Ferguson,61136138
James,Smith,75741114
Harry,Mcintosh,28412640
Harry,Smith,60435745
Lea,Barry,70646090
Marc,Smith,71961962
Harry,Smith,57624909
Beatrix,Barry,89282517
James,ohairy,66573820
Beatrix,Barry,45948460
Beatrix,Barry,51447767
James,Smith,66762932
Lea,Angus,32743587
Beatrix,ohairy,85368186
Beatrix,Barry,59263948
Harry,Barry,55255078
Harry,Angus,43216331
James,Smith,15317347
Charlotte,Angus,27926048
James,Mcintosh,11128734
Harry,Angus,88116761
Marc,Smith,87295283
James,Barry,59208538
Marc,Smith,17718872
James,Smith,21880277
James,Ferguson,18577521
Harry,ohairy,42719237
Marc,Ferguson,13615151
Charlotte,Barry,67722635
Charlotte,Mcintosh,60507139
Lea,ohairy,84415731
James,Mcintosh,32241732
Charlotte,Mcintosh,29629729
Marc,Ferguson,10487285
Charlotte,Barry,81753728
Lea,Mcintosh,69139795
Harry,Smith,23097916
Lea,Ferguson,20918789
James,Mcintosh,10532328
Marc,Mcintosh,77785857
Harry,Barry,44652943
Marc,Barry,36622315
Beatrix,Barry,20781555
Harry,Barry,72940216
Charlotte,Ferguson,49775776
Beatrix,Angus,82845162
Charlotte,Angus,80213334
Marc,Angus,35928088
Harry,Smith,85087684
Beatrix,Ferguson,33072317
Harry,Angus,21179801
James,Mcintosh,40022065
