First Name,Last Name,Matriculation
Beatrix,ohairy,78340585
Lea,Smith,11573394
Charlotte,Smith,24231307
Harry,Ferguson,63406992
Harry,Ferguson,60108903
James,ohairy,42360924
Beatrix,Ferguson,18158823
Harry,ohairy,13640597
James,Ferguson,37756441
Lea,Smith,26773775
Marc,Ferguson,40226737
Charlotte,Ferguson,28020631
Beatrix,Ferguson,28448941
Harry,Smith,77950801
James,Mcintosh,30375102
Charlotte,ohairy,79809027
Charlotte,Angus,62797293
Lea,Smith,30066208
Marc,Mcintosh,79482227
Marc,Barry,22905604
Harry,Mcintosh,75949408
James,Barry,63553310
Lea,ohairy,78574236
Lea,Angus,86106709
James,Mcintosh,12537368
Marc,Mcintosh,55443895
Marc,Ferguson,62851200
Marc,ohairy,50228150
Lea,Ferguson,22353860
James,Ferguson,55604041
Marc,Barry,57938677
Lea,Smith,61905260
Harry,Angus,38580003
Harry,Angus,72088015
Lea,Angus,33683467
Marc,Angus,64109096
Marc,Mcintosh,19926809
Charlotte,Angus,48662734
Marc,Smith,75875497
James,Ferguson,30828927
Lea,ohairy,39630434
Marc,ohairy,73745938
Charlotte,Angus,33662824
Harry,Smith,30368030
Marc,Barry,19219170
James,Barry,26518241
Lea,Ferguson,47025913
Marc,Barry,88126274
Beatrix,Smith,29153155
Charlotte,ohairy,79186015
Lea,Ferguson,40965031
James,Smith,52261377
James,Barry,52424235
Beatrix,Barry,76794379
Charlotte,Barry,34446919
Beatrix,Angus,58137921
James,Ferguson,11109094
Marc,Barry,15193349
Marc,Barry,26084335
Lea,Mcintosh,59167958
Beatrix,Mcintosh,80171751
Marc,ohairy,41048510
Marc,Angus,88209328
Charlotte,Smith,58924333
James,Mcintosh,33670287
Harry,Barry,34216626
Lea,Smith,21310465
Lea,ohairy,17123722
Beatrix,Angus,16928760
Marc,Smith,19573041
Harry,Angus,61693697
James,Smith,13108208
James,Mcintosh,37324443
Lea,Angus,79942707
Harry,ohairy,21425691
James,Barry,36376749
Marc,Smith,69398901
Charlotte,Barry,55185932
Charlotte,Ferguson,14381758
Lea,Angus,68091069
Beatrix,Angus,18368121
Marc,Barry,59128271
Beatrix,Mcintosh,60197206
Charlotte,Mcintosh,36034646
Harry,Barry,41085576
Marc,Smith,53196486
James,Barry,10085285
Beatrix,Mcintosh,26185859
Charlotte,Mcintosh,26969665
James,Angus,68396522
Charlotte,Angus,10615243
Lea,Ferguson,29461769
Charlotte,Barry,34230600
Charlotte,Angus,46405645
Marc,Smith,68635966
Lea,ohairy,59631761
Charlotte,ohairy,32462728
Beatrix,Barry,84784786
Beatrix,Barry,58680128
Lea,ohairy,30847507
