First Name,Last Name,Matriculation
Charlotte,Mcintosh,76313306
Harry,Ferguson,29937883
Lea,Barry,51749599
Marc,Angus,15106929
Beatrix,Ferguson,22631764
Charlotte,Mcintosh,42482681
Harry,Smith,30650770
Lea,Barry,22194025
Lea,Angus,55209958
James,Mcintosh,86785376
Lea,Angus,49077779
Charlotte,Barry,66361531
James,Angus,57317352
Lea,Mcintosh,52869254
Harry,Smith,79201388
Beatrix,ohairy,14302717
Lea,Mcintosh,58657562
Charlotte,Ferguson,83423036
Marc,Ferguson,32313536
Lea,Smith,26720140
Charlotte,Barry,45294980
Harry,Angus,21735033
Marc,ohairy,12331728
Harry,Barry,46042827
Charlotte,Barry,67606052
Beatrix,Mcintosh,60800488
Charlotte,Angus,60806331
Marc,Ferguson,68448588
Charlotte,Ferguson,68684709
Lea,Smith,73477840
Harry,Smith,26429865
Beatrix,Mcintosh,78191303
Charlotte,Barry,13024407
Lea,Barry,73634529
James,Ferguson,86873233
Beatrix,Barry,53177093
James,Mcintosh,72360360
Harry,Ferguson,48814671
Beatrix,Mcintosh,55904585
Lea,Ferguson,64167844
Beatrix,Mcintosh,33167339
James,Barry,27102206
James,Barry,87258438
Harry,Smith,58245735
Beatrix,Mcintosh,18680508
Charlotte,Mcintosh,72717159
Beatrix,Barry,29931484
Marc,Smith,26578377
Beatrix,Smith,81220911
James,Angus,71680177
Harry,ohairy,41290114
Marc,Mcintosh,20151283
Beatrix,Ferguson,60537897
James,Barry,23214366
Marc,ohairy,26211136
Harry,Smith,20965369
Harry,ohairy,59484932
Charlotte,Ferguson,26931312
Beatrix,Barry,39445174
Charlotte,Mcintosh,81944472
Marc,ohairy,57428371
Beatrix,Barry,24549439
Beatrix,Angus,65910575
James,ohairy,33588478
James,Smith,68313211
Harry,Ferguson,18644805
Charlotte,Smith,41054677
Charlotte,ohairy,59414575
Beatrix,Smith,28063346
James,Barry,65142869
James,ohairy,87389374
Beatrix,Mcintosh,51562447
Charlotte,Ferguson,65647782
Harry,ohairy,13106852
Marc,ohairy,37774912
Harry,Mcintosh,31309009
James,ohairy,48309948
Lea,ohairy,65634269
Harry,Angus,84486340
Lea,ohairy,46860186
Beatrix,Smith,62869612
Beatrix,Angus,61179631
James,Smith,51473278
James,Smith,53666148
James,Ferguson,47128200
Harry,Barry,86069330
James,ohairy,47643524
Beatrix,Mcintosh,47235856
Marc,Angus,33974441
Charlotte,Smith,52694662
Lea,ohairy,19018287
Marc,Mcintosh,27529795
Lea,Ferguson,58747889
Charlotte,Ferguson,40910093
Charlotte,Smith,80224852
Charlotte,Mcintosh,72586003
Harry,Mcintosh,18546825
Beatrix,ohairy,66946588
Marc,Barry,76409612
Beatrix,Smith,77062736
