First Name,Last Name,Matriculation
Lea,Mcintosh,48492852
Harry,Ferguson,10682136
Harry,Barry,24421714
Lea,Angus,69073132
James,Mcintosh,76971230
Lea,Smith,50677217
Lea,Smith,17436997
Lea,Smith,32956880
Lea,ohairy,78092135
Beatrix,Barry,37778799
James,Angus,22707845
Charlotte,Mcintosh,42885468
Harry,Mcintosh,28987033
Charlotte,Mcintosh,58591266
James,Angus,48370603
James,ohairy,18443741
James,Barry,35773325
Lea,Smith,78922014
Charlotte,Angus,49939353
Marc,Barry,76475045
Marc,Angus,65759088
Harry,Smith,76298310
Harry,Ferguson,77645004
Harry,Mcintosh,34293543
Lea,Mcintosh,70882087
Marc,Angus,17409532
Lea,ohairy,58589846
Marc,Mcintosh,36598438
Lea,Ferguson,15108074
Marc,Angus,82683365
Beatrix,Angus,36884121
James,ohairy,18569454
Beatrix,Angus,77259212
James,Mcintosh,81208071
Marc,Smith,14202985
Lea,Ferguson,60108234
Charlotte,Angus,78358606
Harry,Smith,70982112
James,ohairy,49476946
Beatrix,Ferguson,18148511
Charlotte,Ferguson,51041187
Harry,Barry,35728939
Beatrix,Ferguson,43021895
Marc,Smith,16192090
Lea,ohairy,28986337
Charlotte,Mcintosh,53818092
Lea,Mcintosh,58676926
Beatrix,Mcintosh,34668707
Marc,Ferguson,32971529
Beatrix,ohairy,31558470
Harry,ohairy,45520032
Lea,Ferguson,67410782
Lea,Ferguson,76052935
Marc,Angus,41737444
James,ohairy,13441507
Marc,Ferguson,57428426
Charlotte,Barry,47863314
Harry,Smith,26096600
Lea,Angus,48287546
Charlotte,Barry,82791761
Charlotte,Barry,81902213
Beatrix,Smith,77372023
Lea,Ferguson,65046522
Lea,Barry,74660447
Lea,ohairy,38336676
James,Angus,83253923
Lea,Angus,41809127
Beatrix,Ferguson,24532854
James,ohairy,49841456
Lea,Angus,12154108
Beatrix,ohairy,79161633
Harry,Smith,42654654
James,Smith,45225454
James,Smith,13191527
Beatrix,Mcintosh,26908779
James,Mcintosh,59737307
Lea,Ferguson,73342532
James,Angus,84846654
Harry,Mcintosh,70224245
Harry,Barry,12506696
James,Angus,85025121
Marc,Ferguson,67263884
Harry,Barry,12868553
Harry,ohairy,50452462
Harry,ohairy,77654237
Charlotte,Barry,31886127
Charlotte,Mcintosh,56761974
Charlotte,Angus,52200868
Marc,Ferguson,33934116
Lea,ohairy,37288851
Beatrix,ohairy,87010508
Marc,Angus,26941748
Marc,Angus,65070031
Harry,Angus,14263481
Harry,Mcintosh,49729964
Marc,Barry,87066247
Charlotte,Barry,26892742
Lea,Smith,62563705
Lea,Smith,52453412
Marc,Smith,51263421
