First Name,Last Name,Matriculation
Harry,Mcintosh,87496253
Lea,Mcintosh,57020959
Marc,Barry,51955325
James,Ferguson,68018182
Beatrix,Mcintosh,87720032
Charlotte,Smith,16382295
Charlotte,Barry,30814776
Harry,Ferguson,46292938
Harry,Smith,70664929
Beatrix,ohairy,32891807
Beatrix,ohairy,22332085
James,Angus,28412648
Lea,Smith,65049849
Charlotte,Mcintosh,70695146
James,Angus,44256171
James,Barry,48398804
Beatrix,Mcintosh,45075936
Harry,ohairy,54490411
Marc,Mcintosh,39605023
Beatrix,ohairy,77648120
Marc,ohairy,34825750
Charlotte,Smith,65817871
James,Mcintosh,51760026
Beatrix,Smith,10284055
Charlotte,Angus,42976134
Lea,Angus,14514751
James,Smith,77626472
Lea,Smith,48304258
James,Angus,54144702
James,Mcintosh,72419155
Beatrix,Mcintosh,66486811
Charlotte,Smith,88870033
Marc,Mcintosh,32264041
Charlotte,Angus,50336037
Marc,Mcintosh,25147596
Harry,Barry,67393864
Beatrix,Smith,37263368
Lea,Barry,25748671
James,Mcintosh,50344506
Charlotte,ohairy,20431295
Beatrix,Smith,84054248
Beatrix,Ferguson,40446085
Marc,ohairy,29048946
Harry,Ferguson,28231831
Beatrix,Angus,16177218
Charlotte,Smith,20793061
Beatrix,Barry,51814399
Charlotte,ohairy,46731066
Marc,Ferguson,40429597
James,ohairy,27250554
Charlotte,Barry,60988960
Marc,Barry,60700180
James,Ferguson,62555714
Harry,Smith,68938389
Lea,Mcintosh,78424420
Marc,Barry,46696810
Marc,Ferguson,15882212
Marc,Mcintosh,49222434
Beatrix,Mcintosh,59546935
Marc,Barry,50959294
Lea,Ferguson,57386001
Harry,Mcintosh,43143019
Lea,Angus,30726272
Beatrix,Angus,27749796
James,Barry,29640540
Harry,Angus,48753237
Marc,Ferguson,57501990
Charlotte,ohairy,52536716
Charlotte,Ferguson,49416947
Lea,ohairy,55432411
Harry,Ferguson,20253840
Beatrix,ohairy,46424879
James,ohairy,40043802
Marc,Mcintosh,20607143
Marc,Ferguson,45344434
Charlotte,Barry,13546183
Lea,Ferguson,23934198
James,ohairy,23566172
Harry,Mcintosh,73857783
Beatrix,Smith,78791347
Charlotte,Mcintosh,35606182
Harry,Angus,69981802
Harry,Barry,56913961
Harry,Barry,56852428
Charlotte,Ferguson,25410274
Lea,Ferguson,69984739
James,Mcintosh,65442842
Beatrix,Smith,66933985
Beatrix,Ferguson,40470456
Marc,Barry,38293627
Beatrix,Smith,81958438
Harry,Angus,84906513
Beatrix,Angus,61460798
Marc,Angus,18682320
James,Angus,12523710
James,Ferguson,14199495
Marc,Smith,87083438
James,Angus,17697496
Lea,Ferguson,75525324
Harry,Mcintosh,79465936
