First Name,Last Name,Matriculation
Lea,Barry,62381763
Beatrix,Barry,57573643
James,ohairy,18196730
Harry,Ferguson,56683006
Harry,Smith,61604897
Lea,Barry,74717026
Marc,Ferguson,45614436
Beatrix,Smith,62618516
Beatrix,Mcintosh,71089499
Charlotte,Barry,25829985
Marc,Mcintosh,70543446
Beatrix,Barry,38172036
Beatrix,Smith,86821848
Charlotte,Barry,82071521
Lea,Mcintosh,76360899
Lea,Smith,16996263
Marc,Smith,24743535
Marc,Barry,50270133
Harry,Ferguson,72600276
James,ohairy,31599248
Beatrix,Angus,43890396
Marc,Smith,14593640
Marc,Mcintosh,13650238
James,Mcintosh,31545714
Charlotte,ohairy,46621138
Beatrix,Ferguson,45441288
Marc,Smith,35615741
Lea,Ferguson,65544982
Marc,Ferguson,19783719
Harry,Smith,47446624
James,ohairy,71744628
Lea,ohairy,17447878
Beatrix,ohairy,62625981
Charlotte,ohairy,89338243
Beatrix,Barry,41197928
Charlotte,Angus,30022977
Lea,Ferguson,16365058
James,Ferguson,85152876
Marc,Smith,29339393
Harry,Ferguson,41307558
Harry,ohairy,36046395
Lea,Ferguson,53897264
Charlotte,Ferguson,40075882
James,Mcintosh,65941599
Harry,ohairy,17337736
Lea,ohairy,37812274
James,Mcintosh,42340273
Beatrix,Ferguson,77584614
Charlotte,Ferguson,70260073
Beatrix,ohairy,65847335
Charlotte,Barry,40129568
James,Barry,28815173
Marc,Barry,14714914
Lea,ohairy,67999831
Marc,Angus,43167961
Beatrix,Mcintosh,43508046
Beatrix,Angus,50166084
Harry,Barry,32889707
Harry,Smith,83387497
Charlotte,Barry,23441937
Beatrix,Barry,47272549
James,Ferguson,49817834
Beatrix,Angus,61397440
Harry,Barry,28908072
Charlotte,Mcintosh,69996669
Beatrix,Angus,86876592
Harry,Smith,38403665
Lea,Ferguson,64283937
Beatrix,Angus,40711088
James,Barry,14006274
Lea,Mcintosh,21849610
Marc,ohairy,47370411
Harry,Barry,42900215
Charlotte,Angus,58563427
Charlotte,Angus,51291822
Lea,Barry,17682778
James,Smith,72963851
Lea,ohairy,30600946
James,ohairy,89828554
Marc,Mcintosh,62961630
Beatrix,Angus,54401726
James,Smith,61391547
Lea,Barry,57039208
Charlotte,Smith,79258146
Charlotte,Ferguson,15474886
Harry,ohairy,44565016
Harry,ohairy,77110362
James,ohairy,84756984
Marc,ohairy,89757073
Marc,Barry,10773000
Harry,Barry,45870318
Charlotte,Barry,69639859
James,Barry,65977730
Beatrix,Angus,28247476
Harry,Ferguson,36947291
Harry,Smith,37392629
Harry,Mcintosh,40488607
Lea,Angus,41786482
Harry,ohairy,17684505
Charlotte,Ferguson,58860075
