First Name,Last Name,Matriculation
Marc,ohairy,68525758
Harry,Barry,78793852
Beatrix,Mcintosh,20007225
Marc,Smith,70905392
Beatrix,Mcintosh,20394980
James,Angus,19095962
Marc,Barry,66211453
Charlotte,Angus,79891363
Lea,Smith,57991040
Marc,Smith,50857203
Harry,Angus,64072741
Harry,Angus,52015244
Charlotte,Smith,14812072
James,Angus,65349525
James,ohairy,65320403
James,Ferguson,89888764
Harry,Ferguson,42999516
Charlotte,Smith,25470704
Harry,ohairy,55911145
Marc,Smith,63053663
Marc,Smith,89824336
Beatrix,Barry,73217035
Marc,Mcintosh,83556538
Harry,Angus,55030015
James,Barry,86382775
Marc,ohairy,40776863
Marc,Ferguson,84456013
Lea,Mcintosh,47969455
Harry,Angus,51167514
Marc,ohairy,50521014
Beatrix,Angus,47524948
Harry,ohairy,50887088
Marc,Ferguson,15081202
James,Angus,81059514
James,ohairy,40864128
Harry,ohairy,34406521
Charlotte,Barry,87175246
Charlotte,ohairy,23759748
Marc,Ferguson,17049111
James,Ferguson,72847642
Beatrix,Mcintosh,68538910
Lea,ohairy,72981197
Harry,Smith,12778037
Beatrix,Barry,33181725
Charlotte,ohairy,10509987
Marc,ohairy,83840498
Lea,Mcintosh,14712461
Lea,Smith,29237803
Charlotte,Smith,15405156
Marc,Angus,81842537
Charlotte,Angus,38902124
Marc,Smith,59223245
Beatrix,Barry,12284707
James,Barry,17033376
Beatrix,Barry,88460466
Lea,Mcintosh,59378202
Harry,Ferguson,72964844
Charlotte,ohairy,66324819
Marc,Ferguson,34762915
Lea,Barry,62653698
Charlotte,Barry,15150642
James,Ferguson,61983095
Harry,Angus,39596388
Harry,Smith,59771847
Charlotte,Barry,73066057
James,Mcintosh,84894600
Harry,Angus,24823240
Harry,Ferguson,36408229
Beatrix,Barry,64807906
Charlotte,Mcintosh,71508910
James,Ferguson,56028430
Charlotte,Mcintosh,44122724
Marc,Mcintosh,21985959
Lea,Barry,88884999
Beatrix,ohairy,14632723
Lea,Angus,44271067
Beatrix,Angus,59700451
Harry,Barry,12001771
Lea,Mcintosh,49284971
Lea,Mcintosh,26898991
James,Smith,18062762
Lea,Ferguson,59236625
Beatrix,Angus,27188038
James,Mcintosh,68451479
Marc,Smith,72543232
James,Smith,24393898
James,Mcintosh,70381162
James,Mcintosh,34679961
Beatrix,Ferguson,72795401
Harry,Angus,54767788
Beatrix,Smith,80230177
James,Smith,17604261
Marc,Ferguson,80904538
Charlotte,Mcintosh,35556794
Marc,Smith,70008116
Lea,Barry,62160886
Lea,Mcintosh,10583080
Charlotte,Ferguson,77985701
Lea,Barry,19959433
Beatrix,Smith,32246596
