First Name,Last Name,Matriculation
Harry,Angus,61586955
Beatrix,ohairy,17172773
Lea,Barry,51019412
Charlotte,Smith,37007705
Charlotte,ohairy,45795350
Beatrix,Ferguson,87713109
James,Angus,83038033
Beatrix,Mcintosh,42834822
Charlotte,Mcintosh,62988412
Charlotte,Ferguson,44199418
James,ohairy,25456979
Charlotte,Barry,45069533
Harry,Smith,75399894
Beatrix,ohairy,23244361
Beatrix,Barry,12940472
Harry,Angus,26387926
Harry,Smith,39103673
Harry,Mcintosh,37102048
Harry,Ferguson,86366992
Marc,ohairy,87352644
Marc,Angus,27791646
Marc,Ferguson,38692240
Lea,Mcintosh,31330762
Charlotte,Angus,49732258
Harry,Ferguson,20910454
Marc,Angus,65727218
Charlotte,ohairy,27409857
Beatrix,Smith,62629271
James,Smith,79042113
Lea,Angus,61491780
Lea,Angus,83701560
Harry,Mcintosh,54879357
Lea,Mcintosh,38167130
James,Barry,49224910
James,Barry,15452082
Charlotte,Barry,79615821
Marc,Smith,82403358
Charlotte,Smith,72454653
James,Ferguson,25100361
Charlotte,Mcintosh,14083111
Harry,Ferguson,74539344
Lea,Smith,18920735
Harry,Ferguson,80865882
Charlotte,Smith,25041995
Charlotte,Angus,51926583
James,Angus,26066213
Harry,Mcintosh,40711275
Charlotte,Barry,54753378
Marc,Smith,49972239
Lea,Barry,26010355
Charlotte,Smith,24085186
Marc,ohairy,26908638
Lea,Ferguson,86074802
Beatrix,Mcintosh,52782556
Lea,Ferguson,36507744
Marc,Smith,84479889
Beatrix,Mcintosh,85472769
James,Smith,60009914
Charlotte,ohairy,80208343
James,Angus,34595458
James,ohairy,36397548
Lea,Barry,78599750
James,Angus,71574743
James,Mcintosh,29080757
Marc,Ferguson,65952167
Lea,Barry,46755166
Lea,Ferguson,11711794
Harry,ohairy,27861071
Charlotte,Smith,66979290
James,ohairy,74232397
Lea,Smith,38609388
Charlotte,Mcintosh,21823823
Harry,Angus,52869960
Harry,Angus,59210501
Marc,Ferguson,56170606
Charlotte,Smith,81040115
Beatrix,Barry,71806843
Harry,Mcintosh,35308753
Beatrix,Smith,53092432
Marc,Mcintosh,65393614
Charlotte,Barry,32335197
Beatrix,Ferguson,47592052
James,Ferguson,21810919
Marc,Ferguson,61132228
Marc,ohairy,88304765
Charlotte,Mcintosh,11001094
Charlotte,ohairy,46438284
Charlotte,Smith,42119869
Lea,Barry,27841021
James,ohairy,42335952
James,ohairy,35923067
James,Angus,82238857
Lea,Angus,25693606
Beatrix,Ferguson,66290342
Beatrix,Angus,71208497
Charlotte,Barry,74337833
James,Angus,85442400
James,Smith,89827880
James,Mcintosh,70190836
Beatrix,Mcintosh,41649941
