First Name,Last Name,Matriculation
Charlotte,Angus,79259044
Marc,Angus,82505369
Lea,ohairy,11193268
Marc,Ferguson,25525824
Charlotte,ohairy,62958529
Charlotte,Ferguson,42273752
Harry,Ferguson,87569424
Lea,Ferguson,79740602
Charlotte,ohairy,54701690
Lea,Barry,31073712
Harry,Angus,89783834
Lea,Mcintosh,73506809
Charlotte,Ferguson,57872819
Marc,Angus,61104087
Marc,ohairy,39865178
James,Angus,80462601
Lea,Ferguson,55024012
Lea,Angus,10492135
Charlotte,Barry,58488107
Lea,ohairy,82839646
Beatrix,ohairy,55095359
Lea,Barry,56299522
Marc,Barry,42455095
Charlotte,Mcintosh,24595905
Beatrix,Barry,76951506
Marc,ohairy,62669606
James,ohairy,49427024
Marc,Mcintosh,89863854
Charlotte,ohairy,51653681
Harry,Mcintosh,87814498
Harry,Mcintosh,85750512
James,ohairy,23082833
James,ohairy,64481911
Charlotte,Angus,38092644
Charlotte,Mcintosh,62577813
Lea,Barry,13422517
James,Barry,15637369
Harry,Smith,20975954
Marc,Ferguson,60585722
James,Barry,60882480
Beatrix,Barry,31366607
Beatrix,Angus,77613515
Lea,Angus,21124498
Charlotte,ohairy,76932551
Harry,Barry,49328765
Lea,Smith,80493955
James,ohairy,43616984
James,ohairy,40900525
Marc,Mcintosh,79863053
James,Mcintosh,46311450
Harry,Barry,39694223
James,Smith,85449040
Lea,Mcintosh,54493977
Harry,Ferguson,31259276
Charlotte,Mcintosh,16751212
Charlotte,Smith,61029741
Beatrix,Ferguson,88316195
Marc,Mcintosh,50425275
Marc,Smith,59158043
James,Angus,37048944
Beatrix,ohairy,21778613
Charlotte,Mcintosh,87044099
Lea,ohairy,31973917
Beatrix,Ferguson,79258274
Beatrix,Ferguson,27828401
Beatrix,ohairy,47284513
Harry,Mcintosh,49913403
Harry,ohairy,79751342
Beatrix,Barry,12428478
Beatrix,Angus,20140650
Charlotte,Smith,74290930
Harry,Mcintosh,17092826
James,Mcintosh,60763646
Harry,ohairy,25630695
Lea,Angus,13294962
James,Smith,35399955
Beatrix,Smith,16878962
Beatrix,Smith,65957581
Beatrix,ohairy,48705991
Beatrix,Barry,17883025
Charlotte,Mcintosh,66861624
James,Ferguson,14904190
James,Mcintosh,62535980
James,Mcintosh,31107276
James,Barry,69312402
Harry,Angus,50835989
James,ohairy,59805063
James,ohairy,87378769
Beatrix,Ferguson,42200076
Marc,ohairy,75146856
Harry,Ferguson,46394833
Beatrix,Ferguson,76957990
Marc,Ferguson,45965689
Charlotte,Angus,87596017
Charlotte,Barry,72995439
Charlotte,Angus,31489774
James,ohairy,63556892
Lea,ohairy,64762651
James,Ferguson,48567772
James,Angus,50471087
