First Name,Last Name,Matriculation
James,Mcintosh,64356494
Lea,Mcintosh,50678035
Charlotte,Ferguson,82541062
Beatrix,Mcintosh,61338087
James,Barry,67056737
Beatrix,Barry,86104134
Marc,ohairy,59498014
Lea,Mcintosh,16929727
Marc,Ferguson,34397420
Lea,Smith,83612655
Lea,Ferguson,77494112
Lea,Ferguson,60968127
Marc,Mcintosh,88503143
Beatrix,ohairy,41810405
Charlotte,Ferguson,17332186
Harry,Angus,51301121
Beatrix,Barry,53593502
Marc,ohairy,35464210
Lea,ohairy,16851489
Beatrix,Barry,14857083
Charlotte,Angus,75206596
Charlotte,Angus,68389089
Charlotte,Smith,79024803
Lea,Angus,22618887
Charlotte,Barry,50381162
Marc,Barry,36954905
Marc,Smith,54420882
Charlotte,Smith,25594689
Lea,ohairy,54505299
Charlotte,Mcintosh,62788633
Lea,Angus,30070937
Harry,Angus,33117986
Lea,Mcintosh,65405735
Marc,Mcintosh,79504718
James,Barry,39545889
Beatrix,Angus,39284873
Lea,Mcintosh,16972534
Harry,Angus,55544504
Lea,Angus,68377460
Harry,Ferguson,28045084
James,Smith,61144794
Lea,ohairy,39216352
James,Barry,14760826
Beatrix,Ferguson,17710338
Marc,Barry,83713749
James,Barry,59688937
Beatrix,Barry,78846947
Lea,Ferguson,36763516
Beatrix,Angus,85801513
Charlotte,ohairy,46927032
Marc,Mcintosh,52348949
James,Barry,47079357
Charlotte,Barry,78454145
Harry,ohairy,77277335
Charlotte,Angus,49437249
Marc,ohairy,29212729
James,Smith,43521123
Harry,Smith,89937327
James,Ferguson,56961289
Marc,Smith,16772697
Marc,Angus,45857567
Marc,Ferguson,41595468
Harry,ohairy,82879529
Lea,ohairy,77245067
Marc,Barry,36145308
Charlotte,Ferguson,28396409
Harry,ohairy,19704005
Marc,Ferguson,43575855
James,Mcintosh,12532404
James,Smith,22385750
Harry,Mcintosh,89252542
James,Ferguson,84559358
James,Angus,21559589
Beatrix,Mcintosh,23768024
Beatrix,Mcintosh,19242218
Lea,Ferguson,25233899
Beatrix,Angus,27323080
Marc,Angus,49173399
Harry,Ferguson,83022478
Lea,ohairy,83875574
Lea,Mcintosh,37039384
Marc,Smith,19655425
Lea,Ferguson,13097325
Charlotte,ohairy,82623946
Charlotte,Mcintosh,19432118
James,Ferguson,20198647
Charlotte,ohairy,63205183
Lea,ohairy,71328353
Harry,Mcintosh,82642996
Marc,Ferguson,74317196
Marc,ohairy,79308272
Harry,Mcintosh,86391465
Charlotte,ohairy,41028791
Lea,Barry,53933887
Harry,ohairy,19025780
Lea,Barry,20386467
Beatrix,Mcintosh,38396568
Beatrix,ohairy,79329896
Harry,Barry,53313765
Beatrix,Mcintosh,64922575
