First Name,Last Name,Matriculation
Marc,Barry,82158516
Marc,Angus,59500620
Charlotte,ohairy,75538817
Charlotte,Mcintosh,23302732
James,Mcintosh,88109067
Charlotte,Ferguson,28316851
Marc,ohairy,68529790
James,Ferguson,27607015
Charlotte,ohairy,89230987
Marc,ohairy,86079347
Charlotte,ohairy,51045474
James,Mcintosh,10756912
Lea,ohairy,70297458
Lea,Barry,35144981
Marc,Smith,33087907
Beatrix,Barry,60008194
Harry,Smith,70566383
Marc,ohairy,40453887
Lea,ohairy,84399080
Marc,Barry,22182433
James,Smith,21435605
James,Angus,30458367
Lea,Barry,16294984
Harry,Ferguson,35027311
Beatrix,ohairy,35123095
Lea,ohairy,60637195
James,Smith,12573604
James,ohairy,38093304
Harry,ohairy,49298990
James,Barry,68675148
Beatrix,Angus,14580769
Charlotte,Barry,11455808
Harry,Angus,17957891
Marc,Mcintosh,28723730
Harry,Ferguson,54487325
Beatrix,Barry,19638616
Lea,Mcintosh,15160813
Lea,Barry,81336082
Charlotte,Barry,52028714
Marc,Ferguson,83702175
Harry,ohairy,73960431
Charlotte,Mcintosh,75345670
Marc,Ferguson,54652633
James,Smith,51531899
James,Smith,28197248
Charlotte,Mcintosh,32362734
Marc,Ferguson,45247973
Beatrix,Barry,18698583
Lea,ohairy,46246583
James,ohairy,71078492
Harry,ohairy,80758291
Charlotte,Barry,34596343
James,ohairy,59066853
Beatrix,Smith,25363231
Harry,Barry,62228167
James,Ferguson,87781927
Charlotte,Mcintosh,33850897
Lea,Ferguson,15524415
Lea,ohairy,26159770
Beatrix,Ferguson,25375088
Marc,Mcintosh,81831717
Harry,Mcintosh,18326770
Charlotte,Smith,82743550
Harry,ohairy,34628192
Charlotte,Mcintosh,54139192
Charlotte,Ferguson,43916155
Beatrix,Smith,13175741
Harry,Barry,22654636
Beatrix,Smith,22437291
Beatrix,Smith,79114647
Marc,Mcintosh,24665297
Marc,Mcintosh,45397948
James,Angus,20895290
James,Smith,28349458
James,Angus,71735434
Lea,Angus,53781328
Lea,Angus,38007437
Harry,Angus,69306456
Charlotte,Angus,33146467
Charlotte,Ferguson,39113688
James,Mcintosh,61230518
Charlotte,Mcintosh,85574642
Charlotte,Smith,40502536
Marc,Angus,58016308
Charlotte,Smith,12861617
Lea,Smith,85400391
Lea,Barry,20368363
Marc,ohairy,32787459
Beatrix,ohairy,47282079
Lea,Smith,32015954
Beatrix,Mcintosh,69593568
Beatrix,ohairy,59694100
Harry,Angus,61989749
Lea,Ferguson,62082645
Charlotte,Angus,28888725
Marc,Ferguson,53331845
Charlotte,Mcintosh,55511452
Harry,Smith,43665098
Beatrix,ohairy,84755437
Harry,Barry,65472919
