First Name,Last Name,Matriculation
Marc,Barry,67769975
Charlotte,Smith,33170140
Lea,Barry,66884467
Charlotte,ohairy,60497122
Harry,Angus,38092944
Harry,ohairy,78794274
James,Smith,85079955
Beatrix,ohairy,10491366
Harry,ohairy,82411514
Harry,Mcintosh,25249354
Marc,Ferguson,69945992
James,Smith,62059306
Lea,Angus,55652468
Lea,Ferguson,66562045
Charlotte,ohairy,35180625
Marc,ohairy,55979908
Lea,Angus,45515114
Beatrix,Angus,88446468
Lea,Smith,25160551
James,Barry,25950017
Beatrix,Mcintosh,80302485
Lea,Barry,61037818
Harry,Angus,70340219
James,Barry,75736872
Charlotte,ohairy,22355244
Lea,Angus,23345669
Charlotte,Smith,72152378
James,Mcintosh,47782923
Beatrix,ohairy,84466300
Lea,ohairy,36996218
Marc,Barry,66621565
Beatrix,Smith,30370179
James,Mcintosh,80835191
Marc,Barry,65590530
James,Angus,73519275
James,ohairy,22775360
Charlotte,Mcintosh,18193412
Beatrix,Angus,33367995
Lea,Ferguson,38174892
James,ohairy,74683310
Marc,Angus,50827782
Charlotte,Mcintosh,39056595
Beatrix,Smith,50765183
Charlotte,Mcintosh,70630193
Charlotte,Ferguson,56815155
Charlotte,Mcintosh,77453990
Beatrix,Ferguson,81924003
James,ohairy,41105043
Harry,Angus,82866246
Harry,Angus,18563878
Charlotte,Ferguson,33532356
James,Barry,38391364
Lea,Mcintosh,28745607
Beatrix,Ferguson,85801814
Charlotte,Angus,37572993
Beatrix,Smith,56776730
Lea,Mcintosh,84198448
Beatrix,Angus,61471984
Beatrix,Mcintosh,70154274
Beatrix,Barry,58041040
James,ohairy,43933298
Marc,ohairy,83695566
James,Smith,16368064
Marc,Mcintosh,84593687
Marc,Angus,73417463
James,Smith,77855655
Marc,Ferguson,86360153
Lea,Mcintosh,87336182
Marc,Mcintosh,40472266
Lea,Barry,59981035
Harry,Mcintosh,75385521
Lea,Barry,46276496
Beatrix,Angus,48191479
Marc,Barry,24148965
James,Smith,57961970
James,ohairy,66374693
Lea,Barry,24236832
Beatrix,Ferguson,17863517
Beatrix,Ferguson,80289021
Lea,Smith,40420354
James,Barry,63882554
James,ohairy,87887200
Charlotte,Angus,86856397
Lea,Barry,15659316
Lea,Smith,59640930
Charlotte,ohairy,40149620
Harry,ohairy,14982579
James,Ferguson,83368007
Charlotte,Mcintosh,46172714
Harry,Mcintosh,89593065
Beatrix,Smith,68990371
Lea,Smith,71444787
Marc,ohairy,28015065
Beatrix,Barry,47703292
Beatrix,Smith,24738117
Beatrix,Smith,19346404
Beatrix,Barry,78838135
Lea,Angus,37401686
Charlotte,Ferguson,78537169
Beatrix,Mcintosh,16512947
