First Name,Last Name,Matriculation
James,Ferguson,86430926
Lea,Smith,31708690
Beatrix,ohairy,63754714
Charlotte,Angus,83514443
Charlotte,Smith,73672866
Beatrix,Smith,19328795
Marc,Angus,37861394
Marc,Angus,29839744
Harry,Ferguson,26507915
Marc,Angus,88790412
James,ohairy,68306400
Harry,Barry,12813051
Marc,Barry,43602847
Charlotte,Mcintosh,69813793
James,Barry,66025514
Lea,Mcintosh,69626586
James,Barry,87551634
James,Ferguson,75060662
Marc,Barry,18066500
Beatrix,Angus,27620357
James,ohairy,18219047
Harry,Ferguson,77739018
Lea,Smith,28986109
Charlotte,ohairy,39712244
Marc,Smith,60839334
Marc,Ferguson,40703769
Charlotte,Barry,84107378
James,Ferguson,50103365
Lea,Barry,57906162
Charlotte,Angus,20742012
Harry,Barry,34395641
Harry,Mcintosh,54274413
Charlotte,Ferguson,79907256
Marc,Smith,75529608
Lea,Smith,26065914
Harry,Smith,36591004
Harry,Mcintosh,26791156
Harry,Mcintosh,84408301
Charlotte,ohairy,57874879
Beatrix,Angus,41848066
Lea,Barry,33452311
James,ohairy,76753203
Lea,Mcintosh,32068667
Harry,Mcintosh,31952270
Lea,ohairy,74920101
Marc,Smith,36233838
Beatrix,Mcintosh,29993683
Harry,Ferguson,86060643
Marc,Angus,58771234
Charlotte,ohairy,71313436
Lea,ohairy,66184418
Marc,Mcintosh,63902816
Beatrix,Ferguson,51608162
James,Smith,58246225
Lea,Angus,52778722
Marc,Mcintosh,40992340
James,Barry,85674447
Charlotte,Barry,19539869
Charlotte,ohairy,52389243
Harry,Smith,46214921
James,Smith,59227534
Harry,ohairy,19059051
James,ohairy,68049903
Charlotte,Ferguson,63663138
Lea,Angus,68789286
Beatrix,ohairy,85366601
Marc,Barry,23063176
Marc,Mcintosh,66424588
Charlotte,Smith,13827655
Beatrix,Smith,85642943
Lea,Ferguson,24105301
James,ohairy,10691707
Beatrix,ohairy,84477387
James,Smith,42692726
Harry,Smith,14331606
Harry,Angus,80759596
Lea,Mcintosh,78860098
Lea,Angus,66138281
Beatrix,Barry,23485489
Lea,ohairy,81565792
Beatrix,Smith,52125966
Marc,Ferguson,87661348
Beatrix,Ferguson,85971345
Lea,Ferguson,21805219
Beatrix,Smith,67760883
Lea,Barry,69508346
James,Smith,22151130
Beatrix,Mcintosh,37440488
Marc,ohairy,10507012
Lea,Barry,50572936
Beatrix,Ferguson,21298515
Charlotte,Ferguson,59111222
Beatrix,Barry,53978319
Marc,Barry,46560630
Lea,Smith,56017734
Charlotte,Ferguson,13622858
Charlotte,Mcintosh,87288567
Marc,Ferguson,77786599
Charlotte,ohairy,32397181
James,Ferguson,20053435
