First Name,Last Name,Matriculation
Lea,ohairy,10776889
Beatrix,Mcintosh,79203023
Marc,Smith,55991202
Beatrix,Angus,64650555
Beatrix,Ferguson,16150021
Marc,Angus,88717524
Harry,Mcintosh,84742162
Lea,Smith,67415401
Marc,Barry,57059454
Lea,Smith,86879266
Charlotte,Angus,12142651
Charlotte,Barry,19359560
Marc,Angus,40599610
James,Smith,11669936
Beatrix,ohairy,15674618
Lea,Barry,76678614
Harry,Smith,44078984
Lea,Angus,68501976
Marc,ohairy,29509789
Marc,Smith,53665396
James,Mcintosh,59906464
James,Smith,31211900
James,Angus,20327458
Charlotte,Smith,21710106
Beatrix,Mcintosh,11252573
James,Mcintosh,61254848
Marc,Mcintosh,42515810
Marc,Barry,24095116
Beatrix,Angus,33405599
Marc,Ferguson,48283883
Lea,Mcintosh,54640610
Charlotte,Angus,17805003
Harry,Mcintosh,51767188
James,Ferguson,47004780
James,Ferguson,33371530
Harry,Barry,22965421
James,Ferguson,19928652
Harry,Ferguson,49248839
Marc,ohairy,24128467
Harry,Mcintosh,59280608
James,Barry,13797011
Beatrix,Smith,53257342
Charlotte,Barry,17896668
Beatrix,ohairy,70529757
Lea,Angus,78336123
James,Barry,11160327
Lea,Mcintosh,45586179
Marc,Angus,19514122
Marc,ohairy,61284813
Marc,ohairy,62492545
Beatrix,Smith,39110209
Harry,Mcintosh,44397366
Harry,Barry,21452010
Marc,Smith,58145937
Beatrix,ohairy,35263891
Beatrix,Ferguson,44452649
Lea,Barry,81094541
Charlotte,ohairy,66454904
James,Angus,39320772
Harry,Smith,62218054
Lea,Angus,22449215
Harry,Barry,69356830
Marc,Angus,63942288
James,Smith,42024587
Lea,Smith,66763838
James,ohairy,17863558
Beatrix,Ferguson,52487395
Charlotte,Angus,72997762
Charlotte,Barry,15025845
James,ohairy,49924322
Charlotte,Ferguson,51519363
Harry,Ferguson,34227951
James,Smith,80544177
Marc,Mcintosh,41069548
Charlotte,Angus,61595371
Lea,Smith,41458892
Beatrix,Smith,42695550
Charlotte,Barry,36546389
Beatrix,Mcintosh,74078941
Lea,Smith,32574986
Beatrix,ohairy,19380289
Lea,Angus,19995447
Beatrix,Angus,29229970
Charlotte,Barry,33733134
Harry,Angus,47561887
Lea,Barry,29270525
James,Ferguson,45901114
Marc,Mcintosh,62113653
James,Mcintosh,17472555
Marc,Smith,43648153
James,ohairy,13546388
Marc,Angus,19199086
Harry,Smith,27855254
Harry,Ferguson,10429606
Harry,ohairy,77627017
James,Smith,22597164
Lea,Smith,69245704
James,Smith,47817408
Beatrix,Ferguson,26829652
Marc,ohairy,13006843
