First Name,Last Name,Matriculation
James,Mcintosh,71707247
Lea,ohairy,30395008
James,Ferguson,47683722
Beatrix,Mcintosh,59850928
Harry,Mcintosh,75866397
James,Smith,79464475
Marc,Mcintosh,77172402
Beatrix,Ferguson,25976487
Beatrix,Smith,41246967
Harry,ohairy,24073877
Beatrix,Smith,18222272
Lea,Ferguson,52064755
Lea,Mcintosh,41827567
James,Angus,66559047
Harry,Barry,33165782
Marc,Angus,77341526
James,Smith,41301699
Beatrix,ohairy,69653362
James,Angus,20105095
Marc,Angus,75351468
James,Mcintosh,36608823
Lea,ohairy,49199563
Beatrix,Angus,48078470
James,Mcintosh,60524047
Charlotte,Barry,71528370
Marc,Mcintosh,36441703
Harry,Smith,49947041
Lea,Barry,32647547
Charlotte,Ferguson,63351380
James,Smith,49691027
Marc,ohairy,35473956
Lea,ohairy,75932812
Charlotte,ohairy,58809546
Marc,Mcintosh,88132102
Charlotte,Ferguson,85301967
Harry,ohairy,67619092
James,Angus,42804309
Lea,Mcintosh,49572531
James,Ferguson,45617194
James,Angus,60618273
Lea,Mcintosh,84911076
Lea,Mcintosh,68727834
Marc,ohairy,39179820
Harry,Barry,32773371
Charlotte,Angus,23558195
Marc,Ferguson,79794394
Beatrix,Ferguson,29186194
Beatrix,Barry,72917923
Beatrix,Mcintosh,66299327
Beatrix,Angus,44126844
Lea,Angus,24542066
Harry,Mcintosh,89710173
Lea,ohairy,23661633
Harry,Barry,31761240
James,Angus,75175496
Lea,ohairy,44119388
James,Mcintosh,82226986
James,Angus,39389511
Charlotte,Smith,29880577
Beatrix,Barry,72459566
Beatrix,Ferguson,57043960
Marc,Angus,87156767
Marc,Barry,83570597
Lea,Angus,67167907
Charlotte,Mcintosh,83429711
Beatrix,Mcintosh,46987109
James,Smith,64745145
Lea,Angus,70126047
Lea,Barry,84210800
Harry,Angus,35664891
Beatrix,Angus,87164358
Beatrix,Ferguson,89394782
Beatrix,Mcintosh,68522055
Marc,Ferguson,12588456
James,ohairy,37897931
James,Mcintosh,63903871
Harry,Angus,23764676
Beatrix,Barry,21943507
Charlotte,ohairy,12412683
Lea,Mcintosh,25230566
Beatrix,Angus,86070860
Lea,Smith,21731754
Lea,Smith,63567609
Marc,Angus,57478827
Lea,Mcintosh,55354341
Lea,Ferguson,19440777
James,Smith,57097201
Lea,Ferguson,80350543
Harry,ohairy,64737570
Marc,Barry,27143183
Marc,Angus,74661280
Marc,Smith,60462010
Lea,Ferguson,20325190
Lea,Barry,11528156
Marc,Angus,35783890
James,ohairy,14789156
James,ohairy,64713009
Marc,Barry,47294822
Marc,Barry,70245576
Beatrix,Angus,47088774
