First Name,Last Name,Matriculation
James,Angus,54381886
Beatrix,Barry,48133332
James,ohairy,68398530
Marc,Smith,87604564
Beatrix,Ferguson,87074085
Lea,Ferguson,83960212
James,Ferguson,38665794
Harry,ohairy,80740431
Beatrix,Mcintosh,66985126
Marc,Smith,19298945
Lea,Angus,73323081
Lea,Smith,71240201
Beatrix,Barry,15123015
Harry,Angus,33699191
Harry,Smith,23494313
Beatrix,Smith,30519241
Lea,Mcintosh,78168185
Lea,Ferguson,55192510
Lea,Smith,15276054
Harry,Ferguson,29208348
James,ohairy,39034935
Lea,Barry,39929359
Marc,Mcintosh,37238746
Marc,Ferguson,36446935
Harry,ohairy,66598440
Harry,Ferguson,86654835
Harry,Mcintosh,81590508
Beatrix,Smith,60100567
James,Barry,40076881
Charlotte,Barry,44600157
Harry,ohairy,55144711
Harry,Barry,56155641
Harry,Barry,12177100
Marc,Angus,52110005
Charlotte,Mcintosh,75272382
Marc,Ferguson,48348729
Charlotte,Ferguson,68685483
James,Angus,12221764
Beatrix,Mcintosh,30938437
Marc,ohairy,38952157
Harry,Ferguson,10572898
Beatrix,Smith,76885498
Charlotte,Barry,40359013
Charlotte,Angus,48700681
James,Mcintosh,73520645
Beatrix,Angus,85491080
James,Barry,40960520
Beatrix,Barry,62699703
James,Angus,15550496
Beatrix,Barry,11569405
James,Ferguson,21960812
James,ohairy,53212907
Lea,Mcintosh,56923832
Beatrix,Barry,81870588
James,Ferguson,10955935
Harry,Smith,36024013
Harry,Barry,52908072
Beatrix,Mcintosh,77321846
Charlotte,Mcintosh,24540598
Harry,Smith,57964848
Marc,ohairy,19810000
Charlotte,Mcintosh,19342422
Marc,Ferguson,75937545
Harry,Ferguson,74271470
Marc,Ferguson,14431214
Marc,Ferguson,41574879
Charlotte,ohairy,17655089
Harry,ohairy,37659466
Charlotte,Mcintosh,50657962
Charlotte,Smith,61252766
Charlotte,Angus,85309442
Beatrix,Angus,70918284
Lea,ohairy,53005923
Marc,Barry,14896545
Lea,Barry,63061808
Beatrix,Angus,26143298
Lea,Ferguson,40313297
Harry,Angus,83082060
James,Smith,64268027
Harry,Barry,34516839
Lea,Ferguson,40670803
Marc,ohairy,16918723
Charlotte,Barry,38404395
Harry,Mcintosh,44753219
Charlotte,Angus,59657340
Harry,Mcintosh,73535736
Charlotte,Ferguson,64873488
Marc,Mcintosh,37544858
Beatrix,Ferguson,84266645
Marc,Angus,78273585
Marc,Smith,66998891
Marc,Barry,59904447
Lea,Ferguson,50746363
Charlotte,Smith,16528492
Beatrix,Smith,46852375
Harry,Ferguson,21202312
Beatrix,ohairy,33913727
Marc,Ferguson,78034463
Beatrix,ohairy,57658083
Beatrix,Mcintosh,71270639
