First Name,Last Name,Matriculation
Marc,Barry,85420271
Lea,Ferguson,31985992
Harry,Smith,28751012
James,ohairy,88684538
Marc,Barry,56224768
Harry,ohairy,32907414
James,Barry,41802482
Beatrix,Mcintosh,11033064
Beatrix,Mcintosh,23360614
Lea,ohairy,22997665
Harry,Mcintosh,66972994
Charlotte,Ferguson,40709884
James,Angus,72426657
James,Angus,75947874
Harry,Angus,73844220
Charlotte,Barry,19292915
Beatrix,Barry,15398129
Harry,Smith,60499280
James,ohairy,68723575
James,ohairy,55196959
Lea,ohairy,60888586
Marc,Angus,67467726
Charlotte,Angus,61481724
Harry,Angus,83651544
Charlotte,Ferguson,23948082
Lea,ohairy,25910633
James,Ferguson,45755228
Lea,ohairy,72039877
Charlotte,ohairy,35663563
Harry,Angus,71228212
Beatrix,Smith,31683545
James,Mcintosh,56275013
Lea,ohairy,15307344
James,ohairy,29692162
Marc,Barry,31958100
Beatrix,Ferguson,20251415
Marc,Angus,51741833
Lea,ohairy,82381657
Lea,ohairy,32608302
Marc,Ferguson,28322212
Lea,Barry,55099802
Lea,Barry,26999675
Harry,Ferguson,22899316
Lea,Angus,35934086
Charlotte,Smith,45732451
Charlotte,Ferguson,87890984
Harry,ohairy,76066698
Charlotte,ohairy,86004257
Lea,Ferguson,44204182
Harry,ohairy,20563688
James,Mcintosh,34618582
Lea,ohairy,20925247
James,Mcintosh,19839427
James,ohairy,16764105
Lea,Ferguson,18372736
Beatrix,Smith,88048017
Harry,Barry,22449361
Lea,Ferguson,42849086
Lea,Mcintosh,32802120
Charlotte,Angus,85294114
Marc,Angus,65201925
James,Angus,27223930
Harry,ohairy,75165695
Marc,Barry,79834922
Lea,ohairy,73981705
Beatrix,Angus,46564719
Charlotte,Mcintosh,45055324
Lea,Mcintosh,45070528
James,ohairy,18714234
James,ohairy,48012655
Charlotte,Ferguson,69159971
Lea,ohairy,44470573
Marc,Angus,28450050
Harry,Smith,81909075
Beatrix,Smith,64207801
Charlotte,ohairy,22924534
Beatrix,ohairy,52377529
James,Angus,26158965
Charlotte,Ferguson,44429725
James,Ferguson,24562807
James,ohairy,61801149
Charlotte,Mcintosh,61021852
James,ohairy,19663892
James,Smith,61901235
Marc,Angus,18605086
James,ohairy,25592558
Beatrix,Mcintosh,77667788
Lea,Ferguson,46223104
Harry,Angus,48516905
Beatrix,Angus,26773001
James,Angus,14557448
Marc,Smith,66680563
Charlotte,Smith,20947364
James,Barry,32531221
Charlotte,Ferguson,20327831
Marc,ohairy,19640637
Beatrix,Smith,16385789
James,ohairy,65201477
Harry,Barry,40273179
Lea,Smith,37435709
