First Name,Last Name,Matriculation
Charlotte,Mcintosh,46377693
Marc,Smith,56318192
Charlotte,Mcintosh,50462493
Charlotte,Angus,83475067
Marc,Barry,13798105
Lea,Mcintosh,36558130
James,Angus,60606615
Harry,Mcintosh,86419783
Beatrix,Angus,48014125
Harry,Mcintosh,81007951
Marc,ohairy,62108898
James,Angus,10473566
Lea,Mcintosh,49918478
Harry,Smith,37761420
James,Angus,73201404
Beatrix,Mcintosh,37427511
Marc,Angus,65948042
Beatrix,Angus,65913502
Beatrix,ohairy,31686100
Harry,Angus,76705799
Beatrix,Mcintosh,73063061
Beatrix,Angus,60056412
Marc,ohairy,83104834
Lea,ohairy,78058720
Beatrix,Smith,83135650
Lea,Barry,46228599
Harry,Angus,82120438
Lea,Ferguson,41496822
James,Ferguson,39600768
Harry,Angus,22505674
Beatrix,Ferguson,31283892
Marc,ohairy,60217106
Lea,Ferguson,46022666
Charlotte,Angus,41292499
Marc,Ferguson,44998124
Harry,Barry,80404412
Marc,ohairy,70718280
Harry,Ferguson,25045965
Lea,Barry,66603386
Beatrix,Barry,18837403
Marc,Angus,48326244
Beatrix,Barry,37424508
Marc,Barry,39477043
Lea,Smith,53789357
Harry,ohairy,18411460
Charlotte,Mcintosh,37531369
Charlotte,Barry,75078227
Lea,Mcintosh,53599269
Harry,Barry,60821734
Harry,ohairy,70637991
James,Mcintosh,39057053
Charlotte,ohairy,20171618
James,Mcintosh,67674451
James,Mcintosh,51781712
James,Mcintosh,65720237
Harry,Angus,13335745
Beatrix,Ferguson,60052834
Harry,Ferguson,24352706
James,Ferguson,80653596
James,Ferguson,80978350
Harry,Ferguson,53670726
Marc,Barry,40416232
Charlotte,ohairy,85429925
Beatrix,Angus,69916053
Lea,Angus,36077168
Charlotte,Smith,56197870
Lea,Barry,54810866
James,Barry,61579678
Lea,Smith,13530920
Charlotte,Mcintosh,19706792
Charlotte,Ferguson,56314193
Charlotte,Ferguson,31639113
James,Angus,56703841
Harry,ohairy,15309846
Beatrix,Ferguson,19479954
James,Barry,71188017
Lea,ohairy,62009678
Charlotte,Smith,69527243
Beatrix,ohairy,28708357
Beatrix,Ferguson,31363115
Charlotte,Mcintosh,19420521
Lea,Ferguson,82433524
James,Mcintosh,30248152
James,ohairy,52148626
Charlotte,Mcintosh,11360455
Marc,ohairy,15009255
Charlotte,ohairy,70472392
Lea,Barry,72436034
Harry,ohairy,44420905
Charlotte,Angus,16979267
Lea,ohairy,15891657
Marc,Mcintosh,26180353
Charlotte,Ferguson,16006753
Charlotte,ohairy,28270018
Marc,ohairy,13677031
Charlotte,Ferguson,88698813
James,Smith,65574049
Charlotte,Smith,84516096
James,Barry,74916021
Harry,Angus,24191135
