First Name,Last Name,Matriculation
Harry,Angus,57040072
Marc,Mcintosh,12800430
Marc,Mcintosh,17917408
Harry,Smith,86755327
Harry,Barry,61810346
Charlotte,ohairy,56828218
Harry,Angus,29265602
James,Angus,55052660
Beatrix,Barry,17689456
Lea,ohairy,41989190
Beatrix,Ferguson,35347608
Marc,Barry,48684780
James,ohairy,18492263
Harry,ohairy,87181021
Lea,Angus,67662527
Charlotte,Mcintosh,53796034
Charlotte,Smith,88982232
Harry,Angus,51913803
Lea,Angus,88167353
Marc,Barry,10146117
Beatrix,Mcintosh,49502747
Charlotte,Ferguson,68904149
Lea,Angus,32991449
Marc,Barry,14458833
James,ohairy,46244057
Harry,Barry,13115231
James,Mcintosh,49321197
Harry,Mcintosh,28613565
Beatrix,ohairy,28409825
Charlotte,Mcintosh,27915041
James,ohairy,25548452
Marc,Barry,33103116
Beatrix,Ferguson,40154312
Lea,ohairy,63624739
James,Ferguson,66791695
Charlotte,Mcintosh,14332175
Lea,Mcintosh,15594964
James,Mcintosh,53865769
Lea,Smith,31129918
Beatrix,Barry,39658549
Harry,Angus,22445201
James,Ferguson,68703567
Marc,ohairy,26654572
Harry,Mcintosh,59393109
Harry,Mcintosh,43842972
Lea,Ferguson,79204433
Harry,ohairy,49073321
James,Smith,81590605
Beatrix,Angus,59613133
Lea,Angus,80369069
Harry,Barry,63739288
Lea,Smith,47856163
Lea,ohairy,82145320
James,Ferguson,33611474
Charlotte,ohairy,85037940
Charlotte,ohairy,81162263
Beatrix,ohairy,42902323
Charlotte,Mcintosh,69364678
Charlotte,Ferguson,72214755
Marc,Ferguson,88058794
Beatrix,ohairy,26324357
Lea,ohairy,26743038
Beatrix,Barry,59252936
James,Smith,89563008
James,Smith,40430231
James,Barry,85880492
James,Ferguson,19203220
Beatrix,Smith,37275607
James,Ferguson,68836138
James,Smith,25048802
Marc,Smith,75362884
Beatrix,Angus,15253869
James,Barry,29186407
Harry,Smith,11043895
Charlotte,Ferguson,82792025
Beatrix,Mcintosh,85870489
Beatrix,Smith,83485726
Beatrix,ohairy,71583345
Harry,Mcintosh,83816541
Marc,Barry,67257685
Marc,ohairy,19861054
Harry,Mcintosh,51711502
Beatrix,Angus,14793246
Charlotte,Barry,56005145
Lea,Mcintosh,64441930
Charlotte,Smith,38981161
Charlotte,Angus,63395447
Beatrix,Barry,38612247
Charlotte,ohairy,77813493
Marc,Angus,22860119
James,Barry,76593613
Harry,Ferguson,11816162
Marc,Mcintosh,78707313
Beatrix,Angus,42983388
Lea,Smith,41431382
Harry,ohairy,34857136
Marc,Angus,85753314
James,Angus,22427739
Harry,Ferguson,56943173
Harry,Smith,82789039
