First Name,Last Name,Matriculation
Beatrix,Smith,73342995
Marc,Mcintosh,70979547
Charlotte,ohairy,21041065
Lea,Smith,43290322
James,Barry,45539264
Harry,Mcintosh,54124693
Harry,Barry,53856840
James,Mcintosh,40047308
Harry,Ferguson,29593931
James,Smith,34520279
Harry,ohairy,66037564
Charlotte,Mcintosh,57702391
Lea,ohairy,66968295
Beatrix,Barry,31513623
James,Mcintosh,56043773
Beatrix,Angus,80256715
Lea,Ferguson,43638049
Marc,Angus,50603726
Charlotte,Barry,39271429
Charlotte,Smith,44867450
Lea,Angus,83548126
Charlotte,Mcintosh,61599651
Lea,Ferguson,41121590
Lea,Smith,49471593
Marc,Angus,49871866
Marc,Mcintosh,20293528
Charlotte,ohairy,64567010
Beatrix,Mcintosh,28850919
Charlotte,Mcintosh,29163133
Beatrix,Smith,56149982
Beatrix,Angus,38182278
Marc,Ferguson,79775613
Lea,ohairy,88117314
Harry,Barry,87568638
Harry,Barry,86067993
Lea,Mcintosh,26607299
James,Ferguson,37445790
Beatrix,Smith,50875216
Lea,Angus,55830292
Harry,Ferguson,79287887
Lea,Angus,88817649
Beatrix,Barry,75144693
Beatrix,ohairy,45830240
Charlotte,Smith,27654316
Marc,Ferguson,11806029
Lea,ohairy,57112117
Marc,Ferguson,89647170
Beatrix,Barry,33525587
Beatrix,Smith,78583462
Charlotte,Barry,35066833
Harry,Angus,76315725
Marc,Mcintosh,82031509
Harry,Ferguson,34239016
Charlotte,Angus,80212575
James,Smith,46588823
Lea,Mcintosh,72499522
Marc,ohairy,10101947
Beatrix,Mcintosh,52537472
Charlotte,Angus,52776109
James,ohairy,88106015
Marc,Barry,10773730
Charlotte,Angus,75502803
James,Smith,48399136
James,Smith,16684817
Harry,Ferguson,40010227
Beatrix,Barry,24118585
Lea,Angus,45771035
James,Mcintosh,49376845
Harry,Barry,19331691
Lea,Angus,38673495
James,Angus,75569185
Lea,Ferguson,62987838
Harry,ohairy,78482870
Marc,Barry,10715904
Lea,Mcintosh,35517595
Lea,Smith,42111219
James,Angus,20145751
Harry,Smith,83133863
Charlotte,Angus,82604484
Harry,Smith,70417509
Beatrix,Angus,22184868
Lea,ohairy,39259118
Charlotte,Barry,85463603
James,Mcintosh,73550803
Charlotte,Angus,40700859
Charlotte,Ferguson,13206219
Lea,Barry,18565333
Lea,Ferguson,30141105
Lea,Smith,42896467
Marc,Barry,27890735
Marc,Barry,54760750
Charlotte,Mcintosh,84332531
Lea,Angus,47165740
Lea,Mcintosh,50478467
Lea,Barry,16150463
Marc,Barry,70458361
Harry,Mcintosh,54700453
Marc,ohairy,63480618
Harry,ohairy,18479970
Charlotte,ohairy,11003289
