First Name,Last Name,Matriculation
Beatrix,Ferguson,15566056
Harry,ohairy,75354349
Harry,Mcintosh,41163688
Harry,Mcintosh,73001110
Lea,Angus,47497663
James,Smith,54043357
Beatrix,ohairy,37945412
Marc,Mcintosh,26770027
Charlotte,ohairy,61619640
Beatrix,Mcintosh,64758457
Charlotte,Angus,61095383
Charlotte,ohairy,72558937
Harry,Ferguson,76519359
Beatrix,Angus,20489059
James,Smith,75064717
Charlotte,Mcintosh,16055566
Lea,Angus,25311917
Marc,Mcintosh,66660034
Lea,ohairy,89251239
Harry,ohairy,20766476
Lea,Smith,45633926
Lea,Barry,56790847
Harry,Ferguson,53342017
Charlotte,ohairy,74577381
Lea,Smith,61514639
Beatrix,Angus,16350381
James,Ferguson,38465651
Beatrix,Mcintosh,11503997
Charlotte,Smith,12320489
Lea,Barry,37669521
Beatrix,Barry,22781072
Charlotte,ohairy,58498066
Marc,Angus,22466534
Marc,Angus,58700216
Charlotte,Smith,32581224
Lea,ohairy,73029520
Marc,Barry,59604935
Marc,Smith,17531532
James,ohairy,64258120
Harry,Mcintosh,57445500
Harry,Ferguson,14677174
Marc,Ferguson,86323092
Lea,Angus,44105411
Charlotte,ohairy,70108345
Charlotte,Angus,56967383
Harry,Smith,33733157
James,Ferguson,54230717
James,ohairy,55068567
Lea,ohairy,38965640
Charlotte,Ferguson,29963441
James,Barry,23722166
James,Barry,68719386
James,Mcintosh,17882291
Marc,Barry,50232254
Beatrix,Smith,34851653
Charlotte,Angus,47736734
Marc,ohairy,75903382
James,Mcintosh,54552877
Charlotte,Barry,29976005
Marc,Barry,71385932
Beatrix,Angus,26768632
Harry,Smith,78453459
Beatrix,Mcintosh,60937952
Lea,Mcintosh,20024304
Marc,ohairy,64388835
James,Ferguson,13940038
Marc,Mcintosh,87811933
Beatrix,Barry,48782088
Lea,Angus,10279987
Charlotte,Barry,52618722
Marc,Ferguson,42258298
Lea,Ferguson,58337000
Marc,Barry,33155996
Beatrix,ohairy,27733702
Beatrix,Angus,31889518
James,Barry,73411448
Harry,Ferguson,61675806
James,Angus,15680154
Beatrix,Barry,46082759
Lea,Angus,43805715
Harry,Smith,42388115
Marc,Barry,18262021
Marc,Smith,52722474
Beatrix,Ferguson,82165295
Marc,Ferguson,75759607
Lea,Angus,58369288
Marc,Ferguson,14561534
Harry,Ferguson,84374247
Marc,Barry,47605647
Marc,ohairy,43055229
Harry,Smith,51298677
Harry,Mcintosh,88217179
Beatrix,Barry,59371611
Harry,Angus,67309535
James,Barry,74644628
Harry,Smith,61099544
Beatrix,ohairy,57830341
Beatrix,Smith,42572203
Charlotte,Mcintosh,23050606
Harry,Mcintosh,38816115
