First Name,Last Name,Matriculation
Harry,Mcintosh,88961093
Lea,Smith,66664368
Beatrix,Barry,72983112
James,Ferguson,43153919
Charlotte,Angus,88052991
Marc,Angus,78896599
James,Angus,89749834
Charlotte,Angus,26557924
Marc,Ferguson,77474391
Charlotte,ohairy,55816421
Marc,Barry,36483336
Beatrix,ohairy,17547991
Lea,Ferguson,64656139
Beatrix,ohairy,19188193
Beatrix,Mcintosh,13167394
Harry,Barry,50475005
Marc,Ferguson,55088785
Marc,ohairy,30741743
Marc,Barry,61284097
Harry,Barry,75553822
Lea,Mcintosh,55564779
Harry,Mcintosh,59826135
Marc,Mcintosh,64462753
Marc,Ferguson,22440185
Marc,Mcintosh,16098351
Beatrix,ohairy,37392417
Lea,Mcintosh,24057610
Beatrix,Ferguson,64948721
Charlotte,ohairy,31530254
Beatrix,ohairy,13195176
Harry,Angus,46232920
Lea,Angus,14251352
Charlotte,Mcintosh,66115329
James,Ferguson,44254386
Charlotte,Angus,78234072
Marc,Barry,48818902
Marc,Ferguson,49510476
Marc,ohairy,76364159
Lea,ohairy,89435549
Marc,Angus,41263023
Harry,Smith,19193184
James,ohairy,44713720
Charlotte,Barry,27178171
Marc,Mcintosh,48428087
Charlotte,Smith,67681969
Lea,ohairy,77479120
Marc,Mcintosh,37613924
Lea,ohairy,25152235
Charlotte,Barry,82507795
Beatrix,ohairy,60029259
Marc,Barry,28925254
Charlotte,Mcintosh,68792747
Charlotte,Mcintosh,33424303
James,Mcintosh,10435498
Beatrix,Smith,18436136
Marc,Ferguson,11439815
Charlotte,Mcintosh,46820708
Harry,Smith,72800912
Harry,Mcintosh,73932571
Marc,Ferguson,66216025
Lea,Angus,21842044
Harry,Angus,29264413
Charlotte,Ferguson,53589253
James,Ferguson,81021557
Harry,Barry,59820138
Marc,Ferguson,49210538
Marc,Mcintosh,80992594
Charlotte,Mcintosh,50760853
Lea,Barry,81413512
Beatrix,Mcintosh,29221969
Beatrix,ohairy,27635842
Beatrix,ohairy,63706614
Beatrix,Ferguson,74735028
Charlotte,Barry,75882994
Marc,Mcintosh,23921165
James,Angus,10944592
Beatrix,Smith,36223401
Charlotte,Smith,10832558
Marc,ohairy,57356822
Lea,Smith,82595026
Marc,Mcintosh,61639633
Harry,ohairy,21031199
Lea,ohairy,82399778
Harry,Mcintosh,20090463
Beatrix,Smith,64661689
Beatrix,Barry,34641385
James,Angus,74581126
Harry,ohairy,70087441
Charlotte,ohairy,39920052
Marc,Barry,16480594
Beatrix,Angus,44497035
Beatrix,Ferguson,54062204
Harry,Smith,77645989
James,Barry,14632775
Harry,Mcintosh,24857001
Harry,Angus,46040526
Beatrix,ohairy,24562067
Harry,Mcintosh,11643010
Marc,Angus,37141481
Beatrix,ohairy,28964676
