First Name,Last Name,Matriculation
Beatrix,Mcintosh,62442888
Beatrix,Mcintosh,45767340
Harry,Mcintosh,38458757
Beatrix,Smith,75304148
Beatrix,ohairy,33804680
Charlotte,ohairy,19596719
Charlotte,Ferguson,64256521
Beatrix,Barry,74604628
Harry,Mcintosh,81555471
Marc,ohairy,89032646
Marc,ohairy,67433166
Lea,Mcintosh,35010056
James,Mcintosh,16852440
Charlotte,Mcintosh,52094152
Harry,Smith,61387357
James,Smith,61514431
Beatrix,Smith,80600296
Marc,Mcintosh,26190366
Charlotte,Barry,84544913
Marc,ohairy,65633213
Charlotte,ohairy,23518622
Lea,ohairy,75336191
James,Smith,70007473
Lea,Mcintosh,16156387
Lea,ohairy,43987999
James,Ferguson,45682541
Marc,Ferguson,76271817
Charlotte,Mcintosh,61310860
Beatrix,Mcintosh,84037350
Harry,Smith,88697836
Harry,Ferguson,40929183
Marc,Angus,74655959
Marc,Angus,13856304
Harry,Angus,73616837
Harry,Ferguson,52939138
Harry,Mcintosh,17295718
Marc,ohairy,42951029
Charlotte,Mcintosh,55519017
James,Mcintosh,34704879
Marc,Smith,46461130
Beatrix,Angus,41294139
Beatrix,Ferguson,17582868
Charlotte,Mcintosh,32140383
Marc,Smith,43781283
Charlotte,Mcintosh,73021606
Marc,Angus,14499395
James,Mcintosh,83619961
Marc,Angus,42978613
Lea,Ferguson,60793340
Beatrix,Smith,70660275
Beatrix,Smith,11954187
Charlotte,Mcintosh,30605123
Marc,Smith,53746199
Harry,ohairy,45213138
Charlotte,Smith,16678911
Marc,Ferguson,85119280
James,ohairy,84542247
Lea,ohairy,66160716
Charlotte,Mcintosh,35871602
Marc,ohairy,86179331
Marc,ohairy,36352748
James,Ferguson,81169492
James,Mcintosh,16358734
Lea,Mcintosh,53388870
Beatrix,Mcintosh,34987937
Lea,Angus,74064694
Charlotte,ohairy,89182158
Harry,Ferguson,61041215
James,Mcintosh,45733519
Charlotte,Mcintosh,86074856
Charlotte,Angus,62158763
Marc,Mcintosh,41454007
James,Barry,66441404
Lea,Angus,88699845
Lea,Mcintosh,72470554
Beatrix,ohairy,13283797
Beatrix,Angus,65168246
Marc,Mcintosh,10226596
Charlotte,ohairy,14741076
Lea,Mcintosh,28250106
Marc,Ferguson,17085067
Charlotte,Angus,55230592
James,Barry,38109315
Charlotte,Mcintosh,67540669
Beatrix,Angus,88027793
Charlotte,Barry,61568407
Marc,Ferguson,66186950
Lea,Ferguson,54080571
Marc,ohairy,47499280
Charlotte,Smith,47329582
Lea,Ferguson,70337345
Beatrix,Ferguson,83983437
Beatrix,ohairy,80626660
Harry,ohairy,83211844
Marc,Smith,18323710
Marc,ohairy,66630111
Beatrix,ohairy,30512174
Charlotte,Angus,60967542
Harry,Smith,10857866
James,ohairy,22536943
