First Name,Last Name,Matriculation
Beatrix,Smith,22977735
Charlotte,Smith,57367246
Marc,Mcintosh,46561264
Charlotte,Barry,81442863
Charlotte,Barry,46648267
Beatrix,Ferguson,64375048
James,ohairy,80450484
Charlotte,Ferguson,53107502
Lea,Barry,42726585
Marc,ohairy,68171606
Lea,Angus,21325490
Beatrix,Smith,72285787
Beatrix,Barry,11798139
Marc,Mcintosh,88900029
Harry,Smith,39352541
Lea,Angus,81442953
Marc,Barry,17403572
Harry,ohairy,77481555
Lea,Barry,82261266
Beatrix,ohairy,75107049
Charlotte,Mcintosh,25262010
Lea,Ferguson,63096490
Marc,Barry,63503445
James,Ferguson,52999897
Charlotte,Barry,43731570
Beatrix,Mcintosh,70341022
James,Smith,11368158
Lea,Mcintosh,13076615
Beatrix,Smith,79046374
Beatrix,Angus,50765983
James,Mcintosh,11768622
Beatrix,Ferguson,13290512
Charlotte,Barry,59625735
Charlotte,Ferguson,27296062
Harry,Smith,27951902
Lea,Barry,82943462
Beatrix,Ferguson,40857473
Beatrix,Smith,67016459
Charlotte,Barry,52377414
Lea,Barry,80054052
Lea,Mcintosh,54460841
Lea,Smith,43206691
Charlotte,ohairy,30490324
James,ohairy,23005079
Marc,ohairy,49307777
Lea,Mcintosh,14592123
Lea,Angus,55500484
Beatrix,Ferguson,55524589
Harry,Angus,21433417
Lea,Ferguson,25809142
Harry,Barry,54620381
Charlotte,Ferguson,74236037
Lea,Ferguson,84465045
Charlotte,Barry,67609583
Harry,ohairy,74101390
James,Angus,58057202
Beatrix,ohairy,58513722
Lea,Mcintosh,53833141
Harry,Ferguson,45192640
Charlotte,Ferguson,77415968
James,Ferguson,30572770
Lea,Smith,25559193
Beatrix,Angus,49449727
Marc,Mcintosh,34672744
Lea,Angus,85079624
Charlotte,Barry,74122895
James,Smith,57487974
Charlotte,Smith,50349148
James,Smith,52319492
Marc,Smith,45384536
Charlotte,Barry,13343588
Harry,ohairy,49921813
James,Mcintosh,24442079
Beatrix,Smith,65583883
Charlotte,Smith,87871547
Marc,Mcintosh,46718951
James,Mcintosh,18992085
Marc,Ferguson,34503212
James,Barry,53241176
Charlotte,Mcintosh,75236464
Harry,Angus,63576731
Charlotte,Barry,52823770
Marc,Smith,19460458
Lea,Ferguson,38592489
Beatrix,Angus,45997565
Lea,Ferguson,64233401
Beatrix,Ferguson,61975654
James,ohairy,33477524
Lea,Smith,65116038
Charlotte,Mcintosh,24291102
James,Smith,64773491
Harry,Angus,64932294
Harry,Ferguson,48676998
Charlotte,Mcintosh,22123794
Charlotte,Ferguson,17671208
James,Barry,83942849
Marc,Ferguson,18895669
Marc,Barry,41286797
Marc,Mcintosh,33530721
Beatrix,Smith,21688396
