First Name,Last Name,Matriculation
Charlotte,Mcintosh,56461726
Harry,Barry,38334754
Lea,ohairy,83707661
Lea,Mcintosh,11009135
Harry,Angus,25209315
Harry,ohairy,57633863
James,Ferguson,51329175
Marc,Angus,81659536
Charlotte,Barry,50667554
Lea,Angus,65004603
Beatrix,ohairy,86180953
Charlotte,Mcintosh,72172941
Marc,Ferguson,84878996
James,Barry,22426556
James,Barry,63253130
Beatrix,Smith,20464371
James,Angus,45389066
James,Mcintosh,21814189
Charlotte,Barry,86419295
Charlotte,Barry,17921095
Beatrix,Barry,58079336
Beatrix,Smith,36413973
Beatrix,ohairy,20745835
Marc,ohairy,50273707
Harry,Smith,77553740
Marc,Angus,16938335
Marc,Smith,76242919
James,Mcintosh,23845632
Charlotte,Mcintosh,55034408
Charlotte,Ferguson,61641905
Lea,Mcintosh,86161248
Beatrix,Smith,22329149
Marc,Barry,14255079
Harry,ohairy,39163886
Charlotte,ohairy,69046155
Harry,Mcintosh,59544265
Harry,Ferguson,60750928
Harry,Angus,73311412
Charlotte,Angus,65118246
Charlotte,Ferguson,60831283
Beatrix,Angus,20940283
Lea,Angus,61192421
Marc,Barry,78492713
Marc,Angus,54930688
Harry,Ferguson,17355458
James,ohairy,57988316
Charlotte,ohairy,50961415
Marc,Angus,25954052
Charlotte,Mcintosh,67086816
Lea,Mcintosh,36857475
Charlotte,ohairy,44195277
James,Barry,82210895
Marc,Barry,17223220
Charlotte,ohairy,37380913
Beatrix,Angus,36790636
Harry,Ferguson,73250104
Lea,Barry,56208998
Lea,Angus,22422364
Marc,Barry,81922943
Lea,Ferguson,75669405
Lea,ohairy,79621259
James,Mcintosh,78312356
Lea,Angus,41815198
James,Mcintosh,57409249
James,Smith,73971254
Marc,Smith,59594817
Beatrix,Mcintosh,87166995
Charlotte,Smith,22213585
James,ohairy,78238300
Beatrix,Angus,13091981
Harry,Mcintosh,63234322
Beatrix,Angus,14232480
James,Ferguson,32194704
Harry,Barry,78087796
Beatrix,Angus,28041427
Lea,Angus,59650604
Charlotte,ohairy,71183707
Lea,Mcintosh,58193349
Beatrix,Barry,25990917
Marc,ohairy,41976517
Lea,Smith,15625639
Harry,Barry,74289281
Harry,Barry,65872187
James,Mcintosh,53690140
James,Mcintosh,58258346
James,Mcintosh,39711479
James,Angus,66036720
Beatrix,Smith,22040175
Lea,Angus,51013466
James,Barry,19470262
Lea,Angus,49985218
Marc,ohairy,10246313
Beatrix,Angus,59135581
Harry,Smith,50792915
Charlotte,Ferguson,89948181
Beatrix,Mcintosh,88519021
James,ohairy,58711988
Lea,Mcintosh,35772359
James,Angus,35580161
Beatrix,Angus,79659316
