First Name,Last Name,Matriculation
Marc,ohairy,53884494
Harry,Ferguson,75083329
Beatrix,ohairy,68941130
Lea,Smith,54107585
James,ohairy,46899970
Charlotte,Angus,30622465
James,Ferguson,44564091
Harry,ohairy,53405869
Beatrix,Angus,35071234
James,Barry,61877963
Charlotte,ohairy,55920744
Lea,Mcintosh,44579613
Lea,Ferguson,40453567
Beatrix,Barry,72798610
Lea,Barry,67122396
Marc,Angus,35238040
Harry,Ferguson,82512585
Beatrix,Smith,66783872
James,Mcintosh,79739215
Lea,Angus,34107223
Charlotte,Smith,14831591
Charlotte,Angus,71512055
Lea,ohairy,13329675
Charlotte,Ferguson,44576516
Harry,Mcintosh,35144375
James,Mcintosh,58186337
Lea,Smith,80579407
Charlotte,Mcintosh,40994978
James,ohairy,83450971
Charlotte,Ferguson,44874053
Lea,ohairy,63482569
Lea,Mcintosh,47440824
Charlotte,Smith,81411026
Beatrix,Smith,35766084
Beatrix,Angus,52967504
Beatrix,Smith,17157215
Lea,ohairy,26269224
Lea,Smith,63893058
Beatrix,Barry,52331301
Marc,Ferguson,48392733
James,Smith,25711400
Beatrix,Smith,32854708
Beatrix,Barry,74259321
Marc,Mcintosh,81195015
Charlotte,Barry,34857721
Harry,Mcintosh,38184379
James,Ferguson,41872308
James,Angus,54776267
Harry,Mcintosh,30133183
Lea,Angus,54299717
James,Angus,79684028
Harry,Ferguson,22253260
James,Barry,18447744
Marc,Mcintosh,62094607
Harry,Ferguson,34283263
Marc,Smith,63635579
Marc,Mcintosh,22471109
Marc,ohairy,60446298
Harry,Barry,48067119
James,Mcintosh,84007284
James,Angus,10969698
Marc,Mcintosh,52537269
Charlotte,Barry,47283565
Charlotte,Angus,77233926
Harry,Barry,40933518
James,Mcintosh,78200811
Lea,Barry,24836254
Beatrix,ohairy,78646944
James,Smith,54424312
Marc,Ferguson,78739259
Charlotte,Barry,68369161
Harry,Ferguson,59722200
Beatrix,ohairy,19472861
Harry,Barry,58259508
Charlotte,ohairy,74924404
Charlotte,ohairy,87898309
Harry,Smith,17370106
Charlotte,Smith,68893770
James,Barry,16323557
Charlotte,Ferguson,86051658
Lea,Mcintosh,31905770
James,Barry,30205739
Charlotte,Ferguson,42857390
Marc,ohairy,58200136
Beatrix,Smith,37092782
Charlotte,ohairy,12834008
Marc,Barry,24097841
James,Mcintosh,23544369
Charlotte,Barry,41593796
Marc,Ferguson,43910015
James,ohairy,48103619
Harry,ohairy,49735011
Beatrix,Smith,55335556
Beatrix,Ferguson,47560305
Harry,Ferguson,33838278
Lea,ohairy,43011214
Charlotte,Mcintosh,61149344
James,Barry,57859638
Lea,Smith,77886779
Beatrix,Smith,73548931
