First Name,Last Name,Matriculation
Beatrix,Mcintosh,83331880
Charlotte,ohairy,83217598
Marc,ohairy,23311014
Charlotte,ohairy,63223704
Marc,Mcintosh,37114070
Lea,Angus,67512455
Beatrix,ohairy,64218475
Harry,ohairy,55029029
James,Ferguson,26756498
Harry,Barry,80994891
Harry,Barry,40341932
Marc,Angus,32171013
Beatrix,Angus,58594767
Harry,Mcintosh,10278445
Harry,Barry,49743230
Beatrix,Ferguson,12588496
Beatrix,Mcintosh,10621170
Lea,Angus,47825815
Beatrix,Barry,30119476
James,ohairy,10313171
Harry,Ferguson,56609932
Harry,Ferguson,46278540
Marc,Barry,73281508
Harry,Barry,59223756
Charlotte,Angus,63420725
Beatrix,Angus,34953198
Marc,Ferguson,77648667
Charlotte,Mcintosh,43529123
Beatrix,Angus,66165771
Charlotte,Angus,38949540
James,ohairy,57793710
Charlotte,ohairy,39853028
James,Mcintosh,44244518
James,Angus,89024601
Marc,Angus,75164508
Lea,Smith,86533694
Charlotte,Angus,65166035
Charlotte,Mcintosh,48709702
Harry,Ferguson,36343167
Charlotte,Angus,22708173
Harry,Barry,47981162
Harry,ohairy,64318297
Charlotte,Ferguson,80222625
Marc,Smith,58023234
Harry,Mcintosh,52659570
James,Mcintosh,88033205
Beatrix,ohairy,53693468
Beatrix,Mcintosh,60341070
James,Mcintosh,72672034
Marc,Mcintosh,75934570
Lea,ohairy,21364118
Marc,Angus,28102637
James,Angus,63536640
Marc,ohairy,43795383
Marc,Smith,64544805
Charlotte,Barry,53671259
Marc,Smith,84359271
Charlotte,ohairy,20200176
Beatrix,Angus,63261802
James,Smith,78675148
Beatrix,Ferguson,18889444
Charlotte,Ferguson,35164163
Charlotte,ohairy,20808771
Lea,Smith,41980333
Marc,ohairy,43135208
Harry,ohairy,22122449
Harry,Mcintosh,33852773
Marc,Ferguson,41623281
Beatrix,Smith,52172928
Beatrix,Smith,67441956
Harry,Ferguson,14514220
Marc,Angus,65217593
Charlotte,Ferguson,71851022
Harry,Smith,18727069
Charlotte,ohairy,11442775
James,Ferguson,34528799
Lea,Mcintosh,27286937
Harry,Barry,63613845
James,Mcintosh,63630772
Beatrix,Smith,79874811
Beatrix,Ferguson,20373476
James,Mcintosh,35072114
James,Angus,43263758
James,Smith,27004866
Charlotte,Mcintosh,78316362
Beatrix,Ferguson,62914974
Charlotte,ohairy,62854706
Harry,ohairy,56652379
Charlotte,Barry,51624707
Lea,Ferguson,53344254
Charlotte,ohairy,87892461
Lea,Ferguson,33309230
Beatrix,Mcintosh,32271250
Harry,Angus,85784976
Charlotte,Smith,70343486
Charlotte,Mcintosh,33584758
Harry,Mcintosh,47541955
Beatrix,Angus,88197373
Harry,Ferguson,19174636
Lea,Angus,68766468
