First Name,Last Name,Matriculation
Marc,ohairy,88567906
James,ohairy,88290247
Charlotte,Barry,77787207
James,Mcintosh,85769221
Charlotte,ohairy,73987467
James,Smith,65563797
Beatrix,Barry,38140405
Harry,Angus,66301110
James,Mcintosh,43650657
Charlotte,Mcintosh,20195743
James,Smith,61734710
Harry,Angus,74605471
Beatrix,Smith,19319165
Marc,ohairy,23105874
Harry,Ferguson,16799165
Marc,Barry,54683949
Marc,Angus,80071798
Lea,ohairy,84433016
Charlotte,Ferguson,29231938
James,ohairy,80474168
Lea,Smith,81901569
Charlotte,Mcintosh,18249654
Marc,Ferguson,17314826
Charlotte,ohairy,35472025
Marc,Smith,23795039
Marc,Ferguson,22181302
Marc,Smith,88433745
Lea,Mcintosh,30024901
James,Mcintosh,51320367
James,Barry,66612291
Harry,Smith,23866287
Charlotte,Angus,62408619
Beatrix,Smith,39209401
Charlotte,Angus,82419978
Marc,Ferguson,52551903
Marc,Ferguson,30131063
Beatrix,ohairy,48345432
Lea,Barry,57914458
Charlotte,Smith,31911552
Marc,Mcintosh,70290784
Beatrix,Smith,29850832
Beatrix,Ferguson,27368345
James,Ferguson,89283068
Harry,Mcintosh,75429944
Lea,Ferguson,11255266
Beatrix,ohairy,76240257
Beatrix,Smith,80665669
Marc,Angus,21829540
Lea,ohairy,23108635
Marc,ohairy,12276942
Beatrix,ohairy,36470231
Lea,ohairy,54905956
Marc,Angus,15702555
James,Ferguson,51967759
Beatrix,Ferguson,74615038
Beatrix,Angus,74227690
Harry,Ferguson,85900637
Charlotte,Smith,67564446
Beatrix,Smith,79833942
Beatrix,ohairy,26316252
James,ohairy,86359768
Lea,Smith,11543372
Harry,Barry,26021884
Beatrix,Smith,63959936
Marc,Barry,74879647
James,Barry,81972553
Harry,Smith,41448369
James,Barry,40046425
Marc,ohairy,39264750
James,ohairy,56721394
Charlotte,Barry,48897033
James,Barry,16586014
James,Mcintosh,58359706
Charlotte,Barry,85074297
James,ohairy,34445749
Marc,Smith,53587455
Charlotte,Angus,75788355
Harry,Smith,32237815
Marc,Smith,56523592
Lea,Barry,21817082
Marc,Angus,68244627
Harry,Smith,40903079
Charlotte,Ferguson,43460549
Lea,Ferguson,82376739
Harry,ohairy,52951824
Harry,Mcintosh,76981285
James,Angus,82185164
Beatrix,Angus,54195831
Marc,Mcintosh,54070130
Marc,Angus,70824762
James,Mcintosh,55794820
Marc,Ferguson,85077527
Marc,Smith,30347402
Lea,ohairy,47709034
Harry,Ferguson,34607384
Beatrix,Ferguson,38811066
Charlotte,Ferguson,84723333
Marc,Ferguson,64041630
Harry,Smith,13998853
Lea,Angus,82124056
