First Name,Last Name,Matriculation
Harry,ohairy,17049460
Charlotte,Mcintosh,44175211
Lea,Mcintosh,79629286
Harry,Angus,65353342
Lea,ohairy,88856406
Harry,Ferguson,59073982
Beatrix,ohairy,31294460
Charlotte,ohairy,46380148
Charlotte,Smith,27436425
Beatrix,Mcintosh,27043828
Lea,ohairy,39688131
Harry,Ferguson,79550201
Beatrix,ohairy,65372838
Marc,Mcintosh,44922570
Charlotte,Ferguson,39944452
Charlotte,Ferguson,24855796
Marc,Mcintosh,49449564
Harry,Mcintosh,53921750
Charlotte,Ferguson,36400040
Lea,Barry,77328856
James,Barry,32929586
Harry,Smith,88763806
Beatrix,Ferguson,10487873
Beatrix,Angus,73357627
Marc,Smith,49714004
Harry,Smith,26012580
Charlotte,Barry,34487014
Harry,ohairy,43556753
Harry,ohairy,46064572
Harry,Smith,55686011
Lea,ohairy,50128082
Beatrix,ohairy,26802524
Charlotte,Barry,37109777
James,Barry,29316920
Charlotte,Mcintosh,44247220
Harry,Angus,42852969
Lea,Barry,38263801
Beatrix,Ferguson,10953413
Beatrix,Angus,87568598
Beatrix,Ferguson,50952463
Marc,Smith,44964889
Marc,Ferguson,64759555
Harry,Mcintosh,37589746
Lea,Angus,31388911
Beatrix,Barry,14002647
Marc,Barry,62373564
Beatrix,Ferguson,31106517
Marc,ohairy,81586015
Harry,ohairy,51760219
James,ohairy,54535421
Lea,Mcintosh,54059719
Marc,Ferguson,24915285
James,Angus,61857153
James,Mcintosh,74688855
Marc,ohairy,44861820
Lea,Barry,36912950
Marc,Barry,23159025
Beatrix,ohairy,82534833
Lea,Ferguson,42254442
Marc,Angus,40529113
Marc,Smith,76976299
Charlotte,Ferguson,78672033
Charlotte,Ferguson,71546539
James,Barry,52134426
Marc,Ferguson,88765204
James,Ferguson,19704150
Lea,ohairy,49958980
Lea,Ferguson,61454319
Beatrix,ohairy,11175299
Harry,Angus,35264144
Harry,Mcintosh,24785033
Lea,Angus,52988968
Lea,Angus,51765959
Charlotte,Barry,40931218
Lea,Angus,47595946
Lea,ohairy,67489122
Charlotte,Mcintosh,28316649
Beatrix,Mcintosh,85926533
Lea,Smith,51666414
James,Smith,26273885
Beatrix,Barry,60419020
Marc,Mcintosh,43205674
Marc,Ferguson,88443176
Lea,Barry,60399427
Beatrix,Mcintosh,15145817
Marc,Barry,77796842
Beatrix,Angus,62073969
Beatrix,Barry,33984777
Beatrix,Barry,79665211
Marc,ohairy,70777652
Charlotte,Ferguson,80660322
Marc,Mcintosh,46709944
Charlotte,Mcintosh,22287398
James,Ferguson,43010119
Beatrix,Angus,46828389
Marc,Ferguson,51717753
Beatrix,Mcintosh,45155409
Harry,ohairy,82861028
Beatrix,ohairy,34845638
Lea,Ferguson,57527632
