First Name,Last Name,Matriculation
Marc,Angus,68764139
Beatrix,Mcintosh,14306194
Marc,Angus,63786507
Marc,ohairy,84830096
James,Mcintosh,64215078
Lea,Mcintosh,61138228
Beatrix,Mcintosh,50778162
Lea,Smith,25596027
Charlotte,Ferguson,25798548
Harry,Angus,61384079
James,Ferguson,79580101
Lea,ohairy,16560584
James,ohairy,28501485
Harry,Mcintosh,40791831
Beatrix,Barry,74794366
Marc,ohairy,67788847
Marc,Mcintosh,57244357
Beatrix,Mcintosh,50867620
Charlotte,Smith,81482251
Marc,Mcintosh,89797888
Marc,Angus,60486547
James,Ferguson,51815564
Charlotte,ohairy,25309053
Marc,ohairy,63939133
Lea,Angus,27529120
Marc,Smith,31626552
Harry,Smith,33843862
Charlotte,Ferguson,19730345
Lea,Smith,72783984
Marc,Mcintosh,23874788
Harry,Barry,33818323
Lea,Angus,83122745
Beatrix,Mcintosh,28868566
Beatrix,Barry,49618657
James,Smith,52506974
Marc,Smith,40689986
James,Barry,28803709
Lea,Barry,72224588
Lea,Angus,12871098
James,Smith,78110926
Lea,Barry,86624578
Marc,Smith,38644736
Charlotte,Ferguson,46666740
Marc,ohairy,11631150
Marc,Barry,44425926
Charlotte,Smith,18177649
Charlotte,Ferguson,46298679
Marc,Ferguson,19430739
Charlotte,Angus,32362179
Charlotte,Mcintosh,37155628
Lea,Smith,39247649
Beatrix,Mcintosh,54205032
Beatrix,Ferguson,48974644
Marc,Smith,19747519
Charlotte,Angus,81578308
Beatrix,Smith,81076952
Beatrix,Mcintosh,77293383
Beatrix,Mcintosh,82464863
Lea,Smith,60195088
Beatrix,Barry,86032542
Harry,ohairy,44894336
Beatrix,Mcintosh,21088671
Harry,Smith,18294167
James,Ferguson,79694827
Lea,Mcintosh,63840506
Charlotte,Ferguson,89660937
Lea,Smith,85334368
Marc,ohairy,27434426
Charlotte,Angus,34980623
Beatrix,Ferguson,85716402
Marc,Barry,66885472
Beatrix,Mcintosh,75183179
James,Smith,66281088
James,Barry,43733248
Marc,Ferguson,85135926
Lea,Ferguson,29478850
James,Smith,40120599
Lea,ohairy,24183748
Lea,Mcintosh,55108318
James,ohairy,75742367
Charlotte,Mcintosh,46447968
James,Angus,31361367
Marc,Angus,84155400
Marc,Smith,58298314
James,ohairy,27534479
Harry,Smith,62265489
Harry,Ferguson,17134330
Marc,Ferguson,64983036
Harry,Ferguson,64154386
Marc,Ferguson,57191469
Lea,Angus,89529823
Lea,Angus,32855551
Beatrix,Smith,17074562
Beatrix,Ferguson,34018392
Marc,Angus,13161711
Lea,Ferguson,27266659
Charlotte,Angus,20593098
James,Barry,23227261
Marc,ohairy,59583097
Beatrix,Smith,15491216
