First Name,Last Name,Matriculation
Beatrix,Mcintosh,56754339
Charlotte,Angus,36365451
Harry,Mcintosh,68247428
James,Barry,89072576
James,Angus,85219326
Charlotte,Ferguson,48265188
James,Smith,33527178
Marc,Angus,51196584
Lea,Ferguson,59934034
Harry,ohairy,63208218
Harry,Smith,35982600
Lea,Angus,19954916
James,Barry,68093530
Harry,Angus,28641624
Lea,Mcintosh,44852147
Charlotte,Smith,59545988
Beatrix,Ferguson,87000596
Beatrix,ohairy,68233703
James,Barry,84490396
Charlotte,ohairy,34097731
Charlotte,ohairy,67058596
Beatrix,Mcintosh,42256904
James,ohairy,35258319
Marc,ohairy,17269461
Lea,Ferguson,81819976
James,Barry,79073930
Charlotte,Ferguson,25952537
Beatrix,ohairy,45756816
James,Mcintosh,45183332
Beatrix,Angus,17125903
Lea,ohairy,39283129
Beatrix,Angus,57164147
Beatrix,Smith,87758041
Beatrix,Ferguson,29258730
Harry,Barry,19172566
Charlotte,Ferguson,88851855
James,Barry,17229367
Marc,Ferguson,57862635
Lea,Smith,43383668
Beatrix,Angus,12075734
James,ohairy,63091522
Beatrix,Ferguson,23169481
Lea,Smith,50206873
Lea,Barry,80950657
James,ohairy,78795739
Harry,Mcintosh,72519372
Beatrix,Mcintosh,54095731
Harry,Angus,32346302
Beatrix,Ferguson,57333503
Harry,Angus,54194865
Charlotte,ohairy,43605508
Charlotte,ohairy,10788348
Lea,ohairy,29571742
Lea,Barry,67349903
Beatrix,Smith,12462282
Lea,Angus,84363984
Marc,Ferguson,84192069
Marc,Ferguson,50991548
Charlotte,Mcintosh,76572141
James,ohairy,75761337
Harry,Smith,15824785
Charlotte,Mcintosh,26555392
Charlotte,Angus,54673159
Lea,Ferguson,60020096
Marc,ohairy,68031597
Marc,Angus,65233997
Charlotte,Barry,63789821
Marc,Barry,35175940
Harry,Barry,47257025
James,Mcintosh,27499345
Marc,Mcintosh,50603380
Beatrix,Smith,44150965
Beatrix,Mcintosh,72175570
Beatrix,Smith,15795423
Beatrix,Angus,11451757
Marc,Ferguson,16435739
James,ohairy,87930497
Charlotte,ohairy,34959836
Lea,Mcintosh,14125974
Beatrix,Mcintosh,30047732
Harry,Barry,36785582
Lea,Barry,28880921
Lea,Barry,53958919
Lea,Ferguson,68249797
Harry,Barry,37399405
Lea,Angus,24506533
Lea,Angus,66629197
Charlotte,Ferguson,89308658
Beatrix,Mcintosh,32721012
Lea,ohairy,82321065
Harry,ohairy,35371096
Charlotte,Ferguson,46177360
Harry,Barry,86773205
James,Angus,16310598
Marc,ohairy,86958529
James,ohairy,65163887
Lea,Smith,80056890
Beatrix,Ferguson,60671070
Marc,Ferguson,88738927
Harry,ohairy,49650967
