First Name,Last Name,Matriculation
Lea,Angus,42021845
Charlotte,Ferguson,75887713
Charlotte,Angus,39542552
Marc,Barry,37979776
Harry,Mcintosh,89421097
James,Smith,51330278
Charlotte,Angus,62429898
Marc,Angus,88048522
Lea,Ferguson,44345618
Charlotte,ohairy,57423935
James,Barry,11319490
Harry,Barry,32400685
Harry,Ferguson,71623703
Beatrix,ohairy,84407365
Marc,Angus,84199867
Harry,Angus,59309456
Harry,Barry,84958266
Harry,Smith,13127184
Marc,Mcintosh,70307197
Charlotte,Mcintosh,62663639
Harry,ohairy,24189274
James,Barry,89829217
Beatrix,Mcintosh,65903507
Lea,ohairy,65868047
Beatrix,Ferguson,47141538
Lea,Smith,86107037
Charlotte,Angus,24012728
Harry,Barry,36617245
James,Ferguson,74704764
Beatrix,Smith,10121682
Harry,ohairy,44758683
Marc,Smith,85338262
Lea,Mcintosh,61761759
Marc,Smith,40236437
Harry,Barry,25029736
Beatrix,Ferguson,30548826
Marc,Smith,42033644
James,ohairy,20563449
Lea,Ferguson,62321124
Beatrix,Mcintosh,55847153
Harry,Mcintosh,69606300
Marc,ohairy,39478293
Charlotte,Smith,35695619
James,Smith,48966926
Marc,Barry,80547259
James,Mcintosh,25577783
Beatrix,ohairy,39245316
Harry,ohairy,29608445
Marc,Barry,19243079
Lea,Barry,14875649
James,Mcintosh,18425511
Harry,Mcintosh,83295100
Beatrix,Mcintosh,46818771
Harry,Ferguson,67668498
Harry,Ferguson,72656225
Charlotte,Mcintosh,69865102
Charlotte,Mcintosh,46188097
Harry,Ferguson,42798081
Charlotte,Mcintosh,17744810
Charlotte,Ferguson,52915338
James,ohairy,74449846
Marc,Smith,30152725
Marc,Smith,23292191
James,Barry,83658524
Lea,Smith,21274991
Beatrix,ohairy,30378538
Lea,Ferguson,60044273
Marc,Angus,25524349
Lea,Mcintosh,78433663
Lea,Ferguson,49444147
James,Smith,45456016
Marc,Barry,47852586
Lea,Barry,89685896
Harry,Ferguson,51024857
Beatrix,Smith,78242152
Harry,Ferguson,18976431
Marc,Smith,19134891
Lea,Ferguson,25264954
Charlotte,Angus,28654829
Marc,Ferguson,32943270
James,ohairy,30379533
Lea,Barry,61745769
James,Ferguson,69646056
Beatrix,Barry,11095791
Beatrix,Barry,77249025
James,Mcintosh,59303802
James,Ferguson,53449110
Marc,Angus,74392976
Charlotte,Mcintosh,18625580
James,Barry,82344122
Beatrix,Smith,78507797
Marc,ohairy,30311708
Lea,Mcintosh,18163775
Charlotte,Mcintosh,71455872
Beatrix,Angus,71291228
Charlotte,Barry,48182159
Marc,Mcintosh,33946073
James,Mcintosh,11864467
Lea,Ferguson,84521086
Harry,Smith,59265079
