First Name,Last Name,Matriculation
Marc,ohairy,45187322
Harry,ohairy,40590543
Beatrix,Angus,64302727
James,Smith,36868274
Marc,ohairy,42548509
Harry,Ferguson,26181566
Marc,Mcintosh,88704347
Lea,Barry,51665209
Harry,Ferguson,39257101
Harry,Smith,89997652
Lea,Ferguson,71409814
Harry,Angus,17914473
Lea,Mcintosh,54508376
Harry,ohairy,12557261
Marc,Smith,29633577
Harry,Angus,49227046
Charlotte,Barry,75968826
Beatrix,Ferguson,80566517
Charlotte,Angus,52005519
Lea,Angus,26659824
Charlotte,Mcintosh,50307147
Lea,Angus,87051841
Lea,Ferguson,89943922
Lea,Barry,54355979
Lea,Angus,89334407
Marc,Mcintosh,74471014
Marc,Angus,70396128
James,Smith,89303844
Beatrix,ohairy,62112097
James,Angus,54443372
Harry,Angus,67809424
Charlotte,ohairy,61398756
Lea,ohairy,89778700
James,Smith,88415678
James,Barry,64676818
Marc,Smith,47581646
Beatrix,Ferguson,24992180
Beatrix,Angus,84946625
James,ohairy,19986708
Marc,ohairy,86933958
Lea,Ferguson,88549640
Harry,Angus,51485311
Lea,Smith,26907640
Charlotte,Smith,72765297
Charlotte,Barry,68688484
Marc,Mcintosh,76488612
Marc,ohairy,65370721
Lea,Smith,42769632
Marc,Angus,89694783
Beatrix,Angus,64832742
Beatrix,Smith,31484240
Marc,Smith,14768553
Lea,Smith,55273118
Beatrix,Mcintosh,45079439
Marc,Barry,65440377
Lea,Angus,48123803
James,Barry,40285845
Harry,Mcintosh,12527947
Beatrix,Ferguson,26924908
Marc,Smith,17358368
Marc,ohairy,69011532
Charlotte,Ferguson,56619819
Lea,Mcintosh,15405581
James,Smith,57520161
James,Angus,46788970
Marc,Ferguson,71562273
Beatrix,Angus,50635869
Lea,ohairy,45890431
Harry,ohairy,26485173
Harry,ohairy,26126798
Beatrix,Ferguson,14397914
Marc,Mcintosh,35529626
Marc,ohairy,66861978
Charlotte,ohairy,37961658
Marc,Ferguson,10448529
James,Smith,11616824
Beatrix,Smith,82017643
Beatrix,ohairy,59912888
James,Ferguson,27810656
Charlotte,Ferguson,65408824
Harry,Ferguson,58572640
James,Angus,75971088
James,Ferguson,78225451
Marc,Barry,47677398
Charlotte,Barry,83988488
Charlotte,Mcintosh,15247077
Marc,Barry,62848685
Harry,Mcintosh,69792961
James,Barry,19197655
James,Mcintosh,37123958
Marc,Angus,48817161
Marc,Ferguson,23136846
Marc,Barry,80587478
Charlotte,Barry,52274173
Lea,ohairy,40515515
Marc,Barry,56680976
Charlotte,Barry,59024059
Lea,Smith,83798106
Marc,Smith,15518456
Marc,ohairy,54225644
