First Name,Last Name,Matriculation
James,Barry,85844808
Harry,Barry,54161351
James,ohairy,11942936
Beatrix,Barry,60332801
James,Angus,61348316
Beatrix,Smith,37644949
Charlotte,Smith,80716341
Charlotte,Barry,23886164
Marc,Barry,38824502
James,ohairy,17207645
Beatrix,Ferguson,13237269
Marc,Barry,36892886
Beatrix,Angus,73165169
Lea,ohairy,76462315
Lea,ohairy,39943032
Beatrix,ohairy,73376176
Beatrix,Smith,44452923
Harry,Ferguson,12979481
Charlotte,Ferguson,24671942
James,Angus,45760544
James,Mcintosh,65919238
Charlotte,Ferguson,78964806
Marc,ohairy,82762744
James,Smith,47866375
Beatrix,Barry,49719791
Lea,Ferguson,25184613
James,Angus,71544044
Marc,Smith,24691468
Beatrix,Ferguson,11681825
Harry,Smith,38283609
Harry,Mcintosh,14478093
Beatrix,Ferguson,13791542
Marc,Angus,10607413
Harry,Mcintosh,79277601
Marc,Angus,70840784
Harry,ohairy,36969966
Lea,Barry,62636589
Beatrix,Angus,34419769
James,Mcintosh,14399804
Harry,Barry,34480820
Lea,Angus,89394398
Marc,Angus,35799382
Harry,Barry,23649727
Harry,Angus,55897846
James,ohairy,88455485
James,ohairy,34951164
Beatrix,Mcintosh,54485350
Marc,Angus,27908135
James,ohairy,36886745
Beatrix,Mcintosh,71586042
Lea,Barry,11769221
James,Mcintosh,79917898
Charlotte,Barry,55460285
Lea,Angus,22251744
Lea,ohairy,38674970
Marc,Ferguson,44632917
Lea,Barry,54319422
Charlotte,Angus,89596151
Charlotte,Mcintosh,19732149
Charlotte,Angus,47815089
James,Smith,84074693
Harry,Smith,33077547
Lea,Angus,43267715
Beatrix,Smith,22157165
Charlotte,Ferguson,46860243
Beatrix,Ferguson,10805549
Lea,Ferguson,20471802
Charlotte,Angus,57543065
Marc,Barry,16779158
Beatrix,Angus,74987687
Beatrix,Barry,55969083
Lea,Angus,50412135
James,Angus,22391962
Beatrix,Smith,42147866
Marc,Smith,14670163
Harry,ohairy,30848902
Beatrix,Angus,53679956
Harry,Mcintosh,45754163
Lea,Mcintosh,57814782
James,Barry,13937536
Charlotte,ohairy,48420345
Lea,Smith,73620927
Harry,Barry,35643202
Lea,Barry,74407399
Beatrix,Mcintosh,60295654
Charlotte,Barry,86732798
Marc,Angus,84283148
Beatrix,Angus,58149176
Lea,Ferguson,86928075
Lea,ohairy,81223524
James,ohairy,28680628
Charlotte,Smith,61195524
Lea,Smith,44896143
James,ohairy,60431502
Beatrix,Ferguson,29622684
Marc,ohairy,60950358
Marc,Smith,57756044
Marc,Angus,69260211
James,ohairy,29793628
James,ohairy,64233364
