First Name,Last Name,Matriculation
James,Mcintosh,61759801
Harry,Barry,72675246
James,Angus,19136864
Lea,Mcintosh,43021475
Charlotte,Angus,48864631
James,Mcintosh,61182561
Harry,Angus,75444668
Harry,Mcintosh,68954657
Marc,Smith,71073934
Charlotte,Smith,31946177
Lea,ohairy,43933849
Marc,Angus,59062798
Charlotte,Ferguson,86428563
Harry,Ferguson,19336073
Charlotte,Mcintosh,62298945
Harry,Smith,24279970
Charlotte,ohairy,24748622
Lea,Angus,84844040
Lea,Smith,36724843
Charlotte,ohairy,84555893
Charlotte,Smith,54548541
Lea,Barry,63677182
Marc,Mcintosh,48299217
Marc,Smith,67868395
James,Ferguson,80784167
Beatrix,ohairy,43031295
Beatrix,Angus,58938203
Harry,Ferguson,48074959
Lea,Barry,47853677
Beatrix,Barry,88055311
Harry,Angus,77835352
Beatrix,Smith,13574012
Lea,Barry,51024799
Marc,Barry,66720722
Lea,Ferguson,39914655
Charlotte,Ferguson,19003186
Charlotte,Angus,46826338
James,Mcintosh,56889687
Marc,Ferguson,52357355
Charlotte,Barry,57241693
Harry,ohairy,52400220
James,Ferguson,46058235
Marc,Barry,51108554
Charlotte,Smith,14580707
James,ohairy,68195033
Marc,Mcintosh,85776564
Harry,Angus,39683199
Lea,Angus,37289838
Marc,Angus,43523459
Marc,Smith,83142539
Lea,Mcintosh,89981627
Lea,Angus,67881906
Charlotte,Ferguson,26240082
Harry,ohairy,75717528
James,Angus,50337747
Beatrix,ohairy,68285311
Charlotte,Mcintosh,77981592
Beatrix,Angus,47873794
Beatrix,Ferguson,17858050
Lea,Barry,35604089
Beatrix,Angus,43075371
Marc,Ferguson,65138539
Harry,Mcintosh,63716334
Lea,Ferguson,89984038
Harry,Barry,62950942
Beatrix,Mcintosh,30693815
Harry,Mcintosh,62301616
Beatrix,Ferguson,73656421
James,Barry,53225927
James,Barry,10239673
James,Angus,56805879
Beatrix,ohairy,24322730
James,Ferguson,85679033
Beatrix,Smith,20880237
Beatrix,ohairy,50226116
Lea,Barry,89124633
Harry,Mcintosh,24123226
Lea,ohairy,62854484
Charlotte,Angus,84627799
Marc,Angus,55428960
Marc,Angus,51618398
Harry,Smith,67203658
Harry,ohairy,49710476
Harry,Smith,81628712
Beatrix,Angus,36200241
James,Smith,33253148
Marc,Mcintosh,65386745
Beatrix,Ferguson,18388010
Harry,ohairy,56836857
Beatrix,Ferguson,89999719
Lea,Barry,19360699
Lea,Smith,16685163
Lea,Ferguson,49907890
Harry,ohairy,64386894
Harry,Angus,84154498
Charlotte,Angus,64017580
Charlotte,Barry,39061208
Harry,Mcintosh,20319593
Lea,Smith,42586081
Marc,Angus,19415393
