First Name,Last Name,Matriculation
Charlotte,Smith,21545206
Marc,Ferguson,83798349
Marc,Angus,18191975
Charlotte,Smith,17838954
Charlotte,Smith,62942468
Harry,Ferguson,63781591
Beatrix,Barry,30856090
Beatrix,Barry,46049328
Beatrix,ohairy,70864552
Charlotte,Smith,32444103
Harry,ohairy,46850696
Charlotte,Angus,52350054
Beatrix,Angus,89733318
James,Mcintosh,55509232
Charlotte,Barry,29654717
Harry,Mcintosh,41782459
Lea,ohairy,17052460
Harry,Barry,68387050
Beatrix,Mcintosh,53665909
Beatrix,ohairy,20602484
Charlotte,Barry,22386445
James,Smith,21320517
Beatrix,Ferguson,52020264
Harry,Ferguson,73434497
Harry,Smith,88570524
Charlotte,Smith,57212349
James,Smith,62983587
Charlotte,Mcintosh,16464556
Lea,Mcintosh,39985494
Beatrix,Ferguson,70694871
Lea,ohairy,75407943
Beatrix,Angus,65014255
Marc,Angus,71933139
James,ohairy,47808449
Lea,Smith,48111070
Lea,Ferguson,44201888
Beatrix,Barry,39552059
Lea,ohairy,25046681
Charlotte,Angus,54516164
James,Smith,28980921
Lea,Mcintosh,76832716
Marc,Smith,24865075
Marc,Angus,27191313
Lea,Ferguson,55808146
Marc,Barry,62000192
Harry,Angus,85648414
Beatrix,Mcintosh,30687355
Beatrix,Ferguson,12408801
Lea,ohairy,79365189
Charlotte,Angus,10008522
Marc,Ferguson,52742028
Beatrix,Barry,70056833
Harry,ohairy,62220819
James,Ferguson,34101906
Charlotte,Ferguson,20402535
James,Mcintosh,30798469
Lea,Barry,62339632
Harry,Angus,75092721
Harry,ohairy,33834164
Marc,Mcintosh,52944367
Beatrix,ohairy,87135650
James,Mcintosh,76971280
Marc,Mcintosh,27150770
Lea,Smith,44795648
Charlotte,Mcintosh,81516217
Charlotte,Barry,23688028
Beatrix,Smith,37549710
Marc,ohairy,18479961
James,Smith,41518590
Marc,Mcintosh,83978869
Charlotte,Mcintosh,33374074
Marc,Smith,57432101
Charlotte,Barry,82368914
Harry,Barry,14873670
Beatrix,Smith,12584329
James,Ferguson,63596130
James,Mcintosh,59937785
James,Mcintosh,81880117
James,Smith,39591975
Lea,Barry,68335884
Harry,Barry,86743393
Marc,Ferguson,73540309
Lea,Ferguson,32005053
Beatrix,Ferguson,67341928
Marc,Angus,76752689
Charlotte,Angus,82036501
Harry,Angus,82496209
Beatrix,Smith,79806404
Marc,Ferguson,49710218
Marc,Ferguson,17630074
Beatrix,Mcintosh,83449256
James,Ferguson,89750123
Lea,ohairy,13683255
Charlotte,Smith,51593145
Harry,Smith,39036353
James,ohairy,16154417
Marc,Angus,39552534
Harry,Barry,16897514
Charlotte,Mcintosh,35959701
Harry,Mcintosh,77370225
