First Name,Last Name,Matriculation
Charlotte,Ferguson,30462584
Marc,Barry,72919592
Lea,Smith,70801099
Charlotte,Barry,56416822
Beatrix,ohairy,18007952
Lea,Smith,89111632
Lea,Mcintosh,82440771
Beatrix,Smith,26242358
Marc,Ferguson,50998553
Harry,ohairy,39526503
James,Mcintosh,26779988
Marc,Smith,31921027
Marc,ohairy,42789495
Marc,Angus,38454520
Lea,Ferguson,12860966
Beatrix,Ferguson,18141024
Marc,Angus,12328222
Lea,Smith,50892815
Marc,Angus,86673836
Lea,ohairy,42740154
Beatrix,Ferguson,70635575
Marc,ohairy,46767933
James,Smith,34278917
Marc,Mcintosh,43375596
Marc,Angus,16172146
James,Angus,20739754
Marc,Ferguson,50828827
Lea,ohairy,61972690
Charlotte,Mcintosh,31623576
Beatrix,ohairy,77434517
Harry,Barry,43001718
Beatrix,Barry,44594221
Marc,Ferguson,69351451
Harry,Barry,32311607
Marc,Mcintosh,67218593
Lea,Ferguson,79168504
Harry,ohairy,59321482
Beatrix,ohairy,55196458
Harry,Barry,53082592
Charlotte,Mcintosh,12823991
Lea,Mcintosh,15963426
Charlotte,ohairy,21683808
James,Mcintosh,56194194
James,Smith,12350449
Lea,Barry,35343405
Charlotte,Smith,32836640
James,ohairy,25057942
Lea,Barry,70525362
Marc,Barry,88004388
Charlotte,Ferguson,77435717
James,Ferguson,22685758
Marc,Mcintosh,45571366
Beatrix,Ferguson,67442883
Charlotte,Smith,83430150
Charlotte,Barry,14057356
Charlotte,Barry,15573296
James,Ferguson,49024269
Marc,Smith,17075417
Lea,Ferguson,16807738
James,Barry,54786560
Marc,Ferguson,50090896
James,Smith,53392122
James,Barry,48875893
James,Ferguson,18925517
Harry,ohairy,72980071
James,Smith,27941886
James,Angus,25732835
James,Smith,80410775
James,Angus,53990256
Marc,Smith,89232495
Beatrix,Mcintosh,59326036
Beatrix,Barry,81807680
Beatrix,ohairy,54772938
Beatrix,Smith,33308988
Charlotte,Ferguson,72389700
Marc,ohairy,38835455
James,Barry,22344747
Charlotte,Smith,57682434
Beatrix,Ferguson,86447230
Marc,Angus,57559774
James,Barry,57731220
Harry,Angus,26616179
Harry,Angus,89195290
Harry,Smith,88851378
Marc,Ferguson,38434215
Harry,Ferguson,48041084
Charlotte,Mcintosh,29663945
Charlotte,ohairy,44169761
Marc,ohairy,53809058
Marc,Ferguson,55962246
Lea,ohairy,49258479
James,ohairy,74573127
Lea,Smith,50086772
Lea,ohairy,12757485
Lea,ohairy,36575876
Marc,ohairy,27284896
Lea,Barry,56956239
Harry,Angus,42102139
Charlotte,Ferguson,74299353
Charlotte,Angus,49399120
