First Name,Last Name,Matriculation
James,Angus,71716800
Marc,Ferguson,19752068
Beatrix,Angus,18805581
James,Ferguson,37901973
James,Angus,20187500
Beatrix,Barry,15990207
Marc,Angus,59664995
Lea,Mcintosh,39504001
Beatrix,Angus,68626615
Charlotte,ohairy,59675334
Marc,Barry,61936888
Lea,Ferguson,41585041
Beatrix,Mcintosh,69448333
James,Barry,32836374
Charlotte,Smith,85222519
Lea,Smith,55489256
Beatrix,Mcintosh,62088360
Charlotte,Barry,35605728
Marc,Mcintosh,35670612
Lea,Barry,34560942
Beatrix,Mcintosh,25111082
Marc,Smith,81584169
Charlotte,Ferguson,40324656
Marc,ohairy,24791366
Marc,Ferguson,49168501
Lea,Barry,51425942
Charlotte,Angus,44622443
Lea,Angus,87407126
James,Ferguson,21596910
Charlotte,Smith,72958501
Charlotte,Angus,82101154
James,Smith,35235568
Charlotte,Smith,84822052
Charlotte,Ferguson,43890574
Beatrix,ohairy,22596077
Charlotte,Mcintosh,63547616
Marc,Angus,78320184
Harry,ohairy,64492277
Harry,Mcintosh,33463316
Beatrix,Barry,25277937
Beatrix,Smith,42206224
Marc,Ferguson,58815461
Beatrix,Angus,86412018
Marc,Mcintosh,62703853
James,Ferguson,66427537
James,Ferguson,77268039
James,ohairy,11832483
Beatrix,Mcintosh,63676458
Lea,Barry,37981441
Lea,Barry,81652072
Harry,Ferguson,18791654
Beatrix,Angus,33032486
Lea,Barry,59447132
Marc,Angus,50633219
James,Mcintosh,43130002
Charlotte,Mcintosh,52867066
Marc,Ferguson,54206859
Charlotte,ohairy,54065776
Harry,Mcintosh,58070622
Harry,Mcintosh,87204055
Charlotte,Barry,37469966
Harry,Smith,22480331
Marc,Smith,65194181
Harry,Barry,15366970
Beatrix,Smith,45379667
Charlotte,Mcintosh,35007386
Charlotte,Ferguson,75650825
Charlotte,ohairy,59791940
Harry,Barry,75731509
Marc,Smith,17287508
Lea,Barry,34805913
Harry,Smith,67435260
Lea,ohairy,24367520
Charlotte,Angus,50162846
Beatrix,Barry,70591122
Beatrix,Smith,29113382
Lea,Angus,54022570
Charlotte,Mcintosh,41504108
Lea,Ferguson,45143847
Harry,ohairy,27648611
Harry,Ferguson,31445214
Charlotte,Smith,56440612
Lea,Barry,48101782
James,Angus,10573126
James,Mcintosh,41586325
Marc,Barry,79924851
Beatrix,Mcintosh,71951435
Lea,Smith,58411317
Beatrix,Smith,43637125
Charlotte,Angus,51193028
James,Smith,26257158
Harry,Angus,38246059
Harry,Ferguson,80919104
Lea,Ferguson,63465541
Beatrix,Mcintosh,39382726
Beatrix,Mcintosh,21237751
James,Ferguson,53943892
Lea,Ferguson,67707069
Beatrix,Angus,76922489
Harry,Smith,84224487
