First Name,Last Name,Matriculation
Marc,Angus,89762021
Lea,Ferguson,13494845
Marc,Angus,24210389
Marc,Barry,78347171
Charlotte,Ferguson,83140225
James,Angus,66778613
James,Ferguson,83635735
James,Ferguson,67215501
Beatrix,ohairy,10810768
Marc,Angus,11361075
Marc,Ferguson,34647971
James,Mcintosh,74979684
Charlotte,Smith,48214627
James,Barry,17367567
Marc,Smith,11568245
James,Angus,58820976
Marc,Angus,24848982
Marc,Smith,56859984
Charlotte,Mcintosh,76562520
James,Ferguson,12671894
Lea,Barry,47751298
Harry,Ferguson,80781307
Lea,Barry,27679768
Harry,Mcintosh,12297957
Charlotte,Smith,71702690
Charlotte,Smith,43308392
Lea,Ferguson,62732992
Beatrix,Angus,75242576
Charlotte,Ferguson,80797502
Harry,Barry,88683842
Beatrix,Barry,18048653
James,Angus,25939899
Beatrix,Smith,64896877
Charlotte,Ferguson,37330759
Harry,Angus,64671594
Beatrix,Ferguson,59502519
Charlotte,Smith,49325948
Marc,ohairy,76667951
James,ohairy,64268858
James,Barry,27247733
Marc,Smith,50954396
Beatrix,Ferguson,29871900
Harry,ohairy,32795224
Charlotte,ohairy,47607623
Charlotte,ohairy,54660696
James,Smith,29877978
Lea,Mcintosh,71983286
Charlotte,Ferguson,71223229
Charlotte,Mcintosh,83871845
Charlotte,ohairy,40294993
Harry,Angus,49699952
Beatrix,ohairy,45645150
Charlotte,ohairy,62007290
Charlotte,Ferguson,51875296
Harry,Ferguson,29567482
Charlotte,ohairy,82334477
Charlotte,Smith,15535885
Marc,Ferguson,37814875
James,Barry,56244974
Lea,ohairy,85807122
Lea,ohairy,70624574
Charlotte,Mcintosh,36988131
Harry,Smith,55529633
Lea,Smith,40775609
Harry,Barry,18469166
Harry,Mcintosh,61199365
Charlotte,Smith,15187500
Harry,Angus,86591629
Marc,Angus,86939980
Beatrix,Angus,89720941
Charlotte,Ferguson,58414629
Charlotte,Barry,72460621
Marc,Mcintosh,16414177
James,Mcintosh,58922527
Marc,Mcintosh,53443218
Harry,Barry,78079741
Harry,Barry,43142285
Harry,Ferguson,10595619
James,ohairy,36359977
Charlotte,Mcintosh,54895175
James,Smith,55920815
Harry,Ferguson,26831634
Beatrix,ohairy,21137350
Marc,ohairy,30928373
Beatrix,Angus,39287118
Marc,Smith,69484055
Harry,Smith,35080136
Lea,Angus,89255204
Harry,Mcintosh,41316229
Lea,Ferguson,64923240
Marc,Barry,72556022
Beatrix,Smith,72803600
Marc,Ferguson,37537690
James,Barry,26530935
Harry,Angus,67022423
Marc,Ferguson,85890971
Lea,Mcintosh,53102295
James,Ferguson,74389395
James,Smith,25177687
Charlotte,Barry,85763395
