First Name,Last Name,Matriculation
Lea,Smith,63396763
James,ohairy,66269006
Charlotte,Barry,62695900
Charlotte,Angus,73350772
Lea,Angus,41849446
Beatrix,ohairy,78615583
James,Mcintosh,17836331
Marc,Mcintosh,42118086
Charlotte,Angus,13611159
Beatrix,ohairy,65390650
Charlotte,Smith,32580495
James,Ferguson,36172646
Beatrix,Smith,42550415
Charlotte,Smith,79769639
Charlotte,ohairy,45683358
Beatrix,Smith,58948018
Harry,Barry,52516383
Harry,Barry,12766685
James,ohairy,26751230
Beatrix,Ferguson,88458254
Charlotte,Angus,12583780
Charlotte,Ferguson,61906309
Harry,Mcintosh,77201372
Charlotte,Barry,23710801
Beatrix,Angus,74309171
Charlotte,Mcintosh,84485748
Beatrix,Smith,52345692
Charlotte,Barry,26952054
Lea,Barry,78097961
Charlotte,ohairy,67146361
Beatrix,Mcintosh,59778583
Marc,ohairy,86266339
Charlotte,Mcintosh,33903677
Harry,ohairy,33403423
Harry,Mcintosh,13218829
Marc,Ferguson,44841505
Lea,Mcintosh,50739199
James,Angus,62962071
Marc,Smith,41568253
Marc,Angus,70322351
Beatrix,Barry,55959717
Harry,Mcintosh,70696800
James,ohairy,30539559
James,Mcintosh,24623987
Charlotte,Smith,14014391
Marc,ohairy,74805038
Lea,Ferguson,62729336
Beatrix,Barry,15548980
Harry,Angus,23525030
Beatrix,ohairy,87333095
Marc,Ferguson,41064181
Harry,Ferguson,81466535
James,Mcintosh,19655959
James,ohairy,29418435
Harry,Angus,52020204
Charlotte,Smith,84548734
Lea,Angus,44893379
Marc,Barry,55318730
Lea,Mcintosh,44792475
Harry,Ferguson,29552038
Beatrix,Mcintosh,64186310
Harry,Mcintosh,88944375
Charlotte,Smith,53670155
Charlotte,Angus,59192787
James,Barry,39563517
Charlotte,Angus,61784426
James,ohairy,51174264
Beatrix,ohairy,60381571
James,ohairy,49471370
Lea,Barry,66687143
Marc,Mcintosh,62732562
James,Smith,27267942
Charlotte,ohairy,83124942
Marc,Angus,79912166
Lea,Smith,80598759
Charlotte,Angus,12850893
Harry,ohairy,30092147
Lea,Mcintosh,69342484
James,Ferguson,21955420
Charlotte,ohairy,68497352
Charlotte,Smith,68225484
Charlotte,Mcintosh,26466318
Beatrix,Angus,15168474
Beatrix,Smith,30448410
Beatrix,Mcintosh,75991728
Harry,Angus,69077962
Harry,Angus,60220330
James,Mcintosh,41757057
Lea,Barry,26692563
James,ohairy,19447373
Harry,Ferguson,69257767
Harry,Smith,49034042
Marc,Ferguson,47918089
Charlotte,Barry,28725563
Charlotte,Smith,75432853
Marc,Smith,81125781
Lea,Smith,44592618
Charlotte,Angus,71163341
Lea,Angus,30706262
Harry,Smith,88211673
