First Name,Last Name,Matriculation
Harry,Mcintosh,75045752
Marc,Angus,19617093
Charlotte,Angus,51544679
Marc,Barry,55218010
Marc,Smith,34231657
James,Smith,77686202
Harry,Mcintosh,65036632
Lea,Angus,83898364
Harry,Ferguson,14278592
Harry,Ferguson,35575787
Beatrix,Angus,31486888
James,Smith,67093175
Lea,Ferguson,29760393
Beatrix,Angus,53398226
Charlotte,Mcintosh,23861825
Lea,Mcintosh,35571453
Harry,Smith,44772694
Beatrix,Barry,86799756
Beatrix,Barry,70656531
Charlotte,Smith,10007893
Lea,Mcintosh,73977482
Beatrix,ohairy,11540722
James,Angus,57866568
Beatrix,ohairy,14433884
Beatrix,Smith,62564429
Harry,Mcintosh,45878060
Harry,Ferguson,33298477
Charlotte,Angus,66018039
Marc,Smith,16044628
Marc,ohairy,39628746
Marc,ohairy,66237891
Harry,ohairy,62145021
Charlotte,Angus,27623910
Lea,Mcintosh,44077928
Lea,Smith,79193732
Lea,Angus,72214797
James,ohairy,47877594
James,Barry,51745757
Lea,Barry,80929933
Lea,Ferguson,22017783
Beatrix,Mcintosh,29006790
James,Barry,24615054
James,Ferguson,86566354
James,Smith,11380098
Lea,Mcintosh,11307020
James,Mcintosh,24756343
James,Angus,14755622
Marc,Smith,75173173
Beatrix,Barry,54175935
Lea,Smith,14793772
Harry,Angus,35717296
Lea,Angus,42252552
Harry,Barry,45582339
James,Barry,35611864
Marc,Mcintosh,82496556
Charlotte,ohairy,19562320
Harry,ohairy,55603646
Charlotte,Mcintosh,57617133
Charlotte,Angus,27735215
Lea,Barry,30633935
James,Mcintosh,59008706
James,Smith,70072648
Charlotte,Angus,57903990
Harry,Mcintosh,41148233
Beatrix,ohairy,28434691
Marc,Ferguson,53883977
Charlotte,Angus,88396398
Harry,Barry,42491735
Charlotte,ohairy,24687694
James,Smith,66600617
James,Smith,44929592
Lea,ohairy,54876910
Charlotte,Ferguson,82232417
Charlotte,ohairy,81100553
Harry,Ferguson,41665149
Marc,Smith,37559791
Lea,ohairy,75995685
Lea,Ferguson,84231623
Charlotte,ohairy,62645073
James,Mcintosh,82330349
Harry,Mcintosh,60733968
Harry,Angus,39029159
Charlotte,Ferguson,43237503
Marc,Barry,78005690
Beatrix,Barry,73804574
Beatrix,Ferguson,66087676
Marc,ohairy,55187980
Lea,Mcintosh,28524302
Charlotte,Barry,51820340
Marc,Angus,39020531
James,Angus,42364833
Charlotte,Smith,18607093
Beatrix,Barry,58003253
Marc,Barry,54252646
Beatrix,ohairy,33338389
Lea,Barry,87500924
Lea,Smith,57173697
Marc,Ferguson,51036620
Lea,Ferguson,88545506
James,Ferguson,50404121
