First Name,Last Name,Matriculation
James,Smith,60861083
Lea,ohairy,64345796
Marc,Mcintosh,25505677
Charlotte,Mcintosh,23120760
Charlotte,Smith,49303488
James,Ferguson,40361278
Harry,ohairy,70904766
Beatrix,Smith,45532928
Lea,Barry,17449497
Marc,Smith,83268764
Charlotte,Barry,74618054
Harry,Smith,13162047
Charlotte,ohairy,37074596
Beatrix,Mcintosh,75577870
James,Smith,16748247
James,Ferguson,85465970
Charlotte,ohairy,35963147
James,Angus,65022667
Lea,Barry,55573266
Harry,Barry,71989098
Harry,Barry,76467478
Harry,Ferguson,38983005
James,ohairy,80296154
Marc,Angus,69972147
Charlotte,ohairy,31901153
Beatrix,Smith,65029771
Marc,Ferguson,33648201
Charlotte,Angus,66616371
Charlotte,Angus,48942619
Harry,ohairy,47760227
Beatrix,Barry,61863514
Harry,ohairy,43326841
Beatrix,Angus,74467090
Harry,Angus,80247768
Harry,Angus,61102730
Lea,Ferguson,32590827
Lea,Smith,86152093
Lea,Mcintosh,66995081
Harry,Barry,60300244
Beatrix,Barry,74847172
Beatrix,Barry,77955967
Beatrix,ohairy,10939203
Marc,Smith,62540385
Beatrix,Ferguson,14670823
Harry,Smith,73842056
Charlotte,Angus,89311031
Charlotte,Smith,45233299
James,Smith,86628011
Charlotte,Angus,45359152
Marc,Smith,40043521
Lea,Barry,23245617
Lea,Barry,41167665
Charlotte,Angus,71432936
Marc,Angus,79390664
Lea,Smith,60064646
Beatrix,Mcintosh,64718272
Lea,Barry,23256354
James,Angus,57958306
Charlotte,Ferguson,61474058
Charlotte,Smith,68688118
James,Smith,75278317
Lea,Mcintosh,88746050
Harry,Ferguson,13824477
Lea,Barry,48772493
Charlotte,Barry,83189072
Beatrix,Ferguson,18184768
Harry,Barry,55878247
Charlotte,Smith,12323563
Harry,Angus,18531657
Beatrix,Mcintosh,59370325
Lea,Ferguson,61170275
Marc,ohairy,47789167
Lea,ohairy,13894394
Harry,ohairy,15526751
Lea,Ferguson,32287999
Harry,Angus,77491029
Lea,Barry,55129744
Charlotte,Mcintosh,87331922
Beatrix,Angus,67547714
James,Barry,37747060
Marc,Angus,76626302
Harry,Ferguson,12336647
Marc,Ferguson,55249053
James,Mcintosh,75304749
Beatrix,Barry,58011388
Lea,Mcintosh,36823840
Lea,Angus,10109051
Beatrix,Smith,10813771
Charlotte,Barry,42771332
Beatrix,Smith,70237254
Charlotte,Ferguson,77615828
Harry,Angus,49635098
Beatrix,ohairy,41813846
James,Ferguson,13587982
Marc,ohairy,32451506
Charlotte,Angus,40435249
Lea,Mcintosh,19054538
Harry,ohairy,21126834
Lea,ohairy,49125993
Charlotte,Barry,43281323
