First Name,Last Name,Matriculation
Beatrix,Ferguson,25194932
Charlotte,ohairy,48783085
Charlotte,Mcintosh,51667818
Charlotte,Mcintosh,77438568
Beatrix,Smith,80358768
Charlotte,Smith,35069391
Lea,ohairy,63097026
Lea,Barry,50109955
Lea,Angus,49084635
Marc,Barry,28361925
Harry,ohairy,46167009
Marc,Mcintosh,87931658
Beatrix,ohairy,67315580
Marc,Angus,33514807
James,ohairy,87142919
Harry,Mcintosh,31878228
James,Barry,23000454
James,Smith,24104701
James,Angus,48449576
Beatrix,Angus,54579758
Lea,ohairy,45595804
Charlotte,Smith,89805860
Marc,Smith,18135606
James,Smith,31477928
Marc,ohairy,31192761
Marc,Barry,44660113
Marc,Angus,35224483
Beatrix,ohairy,40955489
Charlotte,Mcintosh,18990208
Marc,ohairy,78315714
Lea,Ferguson,15003192
Beatrix,Smith,60444298
Harry,Mcintosh,44708322
Harry,Angus,55430210
Harry,Smith,30242937
James,Angus,27232787
Harry,Angus,79553336
Marc,ohairy,71058615
Harry,Smith,32025967
Marc,Smith,77303651
Marc,Ferguson,10253467
Charlotte,Angus,60427553
Lea,ohairy,89158219
Harry,Barry,49765131
James,Ferguson,32569660
Marc,Smith,86778050
Harry,Smith,12387010
Harry,Barry,14437626
Marc,ohairy,68083970
Marc,Ferguson,43335383
Harry,Mcintosh,30935225
Beatrix,ohairy,76085448
Charlotte,Angus,74378255
Charlotte,Angus,63926894
Charlotte,Barry,46368923
Lea,ohairy,39415197
Charlotte,Barry,58592159
Beatrix,ohairy,13594840
Harry,Angus,67693226
James,Smith,44558522
Beatrix,ohairy,65846878
Lea,ohairy,81630509
Beatrix,Ferguson,78623752
Beatrix,Barry,17088498
James,Mcintosh,55194002
Marc,Mcintosh,54789930
Harry,Smith,77383232
Beatrix,Barry,50365393
Marc,Barry,53495986
James,Mcintosh,86644649
Harry,Mcintosh,21265321
Harry,Ferguson,57538833
Beatrix,Ferguson,61798782
James,ohairy,30825131
James,Ferguson,17982022
Beatrix,Mcintosh,56282219
James,Ferguson,65649180
James,Ferguson,85135344
Beatrix,Smith,51773107
Charlotte,Mcintosh,50939262
Harry,Smith,60335064
Charlotte,Angus,14398818
Charlotte,Ferguson,86301202
Marc,ohairy,19086904
Harry,Mcintosh,89861692
James,Smith,68842361
James,Angus,41863770
Beatrix,Angus,65337568
James,Mcintosh,86272183
James,Ferguson,37087076
Lea,ohairy,29963020
Lea,Barry,51903860
Harry,Ferguson,59297593
Charlotte,Ferguson,31656186
Lea,Smith,83625901
Lea,Ferguson,17740245
Charlotte,Ferguson,85018341
James,ohairy,53644721
Marc,Smith,12938664
James,Ferguson,14618240
