First Name,Last Name,Matriculation
James,Mcintosh,78197143
Beatrix,ohairy,20739162
Lea,Barry,11173609
Charlotte,Ferguson,26130542
Beatrix,Mcintosh,41713941
James,Mcintosh,31295571
Beatrix,Ferguson,82436028
Beatrix,Angus,15335345
Lea,Ferguson,52902782
Lea,ohairy,62640899
Harry,ohairy,12585040
Charlotte,Barry,65417873
Beatrix,Angus,21153812
Lea,Smith,23209124
Lea,Mcintosh,64516975
Marc,Mcintosh,48222742
James,Ferguson,24844376
Charlotte,Ferguson,86005261
Marc,ohairy,60310955
Beatrix,Angus,42292677
Beatrix,ohairy,14288199
Harry,Mcintosh,73559117
Harry,Barry,59504541
Marc,Smith,84303376
Lea,Angus,76797559
Harry,Mcintosh,79269625
Harry,Barry,83083205
Beatrix,Angus,38031345
Beatrix,Angus,16591516
Beatrix,Barry,48403678
Lea,Smith,89308644
Harry,Angus,31809685
Charlotte,Ferguson,25927909
Harry,Barry,34948252
Harry,Barry,59802438
James,Barry,66956615
Charlotte,Angus,58694442
Harry,Barry,27337100
James,Mcintosh,52750985
Lea,Smith,63558203
Charlotte,Smith,57943572
Beatrix,ohairy,46344486
Lea,Ferguson,34631051
Beatrix,Mcintosh,24628560
James,Mcintosh,38741507
Lea,Smith,64939788
Charlotte,Mcintosh,36345357
Harry,Angus,58063914
Charlotte,Mcintosh,65633131
Marc,Mcintosh,43246889
Lea,ohairy,57109719
Beatrix,Mcintosh,45975108
James,ohairy,62331732
James,ohairy,27432155
Harry,Ferguson,84699267
Beatrix,Smith,23986024
Lea,Ferguson,85477637
Harry,Mcintosh,45638175
Harry,Angus,55247854
Charlotte,Mcintosh,23829905
Charlotte,Smith,78739165
Lea,ohairy,41560630
Beatrix,ohairy,69323402
James,Mcintosh,65252108
Harry,Smith,71902377
Charlotte,Ferguson,76526646
Charlotte,Angus,89433156
Charlotte,Barry,85294409
Charlotte,Angus,26372856
James,Angus,17338370
Harry,Mcintosh,83583992
James,Ferguson,16106429
Marc,Smith,12601160
Lea,Barry,71746911
Charlotte,Barry,30441501
Lea,ohairy,71293341
James,ohairy,33277951
James,ohairy,79506934
Beatrix,Mcintosh,55597209
Marc,Angus,66390740
James,Mcintosh,51037715
Beatrix,Smith,72198135
Harry,Ferguson,20164721
Marc,Angus,19683596
Marc,Ferguson,52422131
Marc,Mcintosh,20630866
Harry,Barry,28679566
Marc,ohairy,82460331
Beatrix,Barry,77346321
Marc,Mcintosh,51374672
James,Barry,73737808
James,ohairy,62741791
Beatrix,Smith,12914699
Beatrix,Barry,84291163
Beatrix,Mcintosh,87340436
Marc,Barry,32685039
Lea,Angus,58437557
Beatrix,Ferguson,86565496
Harry,Ferguson,66903270
Charlotte,Ferguson,47476527
