First Name,Last Name,Matriculation
Harry,Angus,89082938
Beatrix,Smith,70899042
James,Smith,38159645
James,Angus,40490810
Marc,Barry,38904949
Harry,Barry,45296414
James,Barry,65541981
Lea,Mcintosh,64239056
Lea,Ferguson,39208401
James,Mcintosh,27448080
Beatrix,Barry,82488848
James,Ferguson,80682246
Harry,Barry,14283392
Marc,ohairy,18523938
Marc,Smith,88790123
Beatrix,Mcintosh,74723348
Harry,Smith,51071662
Charlotte,Ferguson,56157745
Beatrix,Angus,23976196
Lea,Angus,35377039
James,Barry,73835004
Harry,Smith,82837744
Charlotte,Angus,84506780
Charlotte,Barry,12722062
Beatrix,Ferguson,79203438
Marc,Angus,20102516
Lea,Smith,75630753
James,Mcintosh,33804328
Beatrix,ohairy,77844639
Beatrix,ohairy,65799551
James,Smith,38494480
Lea,Smith,60820259
Beatrix,Barry,35731322
Charlotte,Smith,25050415
Beatrix,Ferguson,83006318
Marc,Smith,74152098
Marc,Barry,57081675
Beatrix,Mcintosh,47027766
Harry,Angus,23653064
Harry,ohairy,18870003
Beatrix,Smith,13584479
Charlotte,Ferguson,74018981
Lea,Angus,19738598
Marc,Mcintosh,30476416
Harry,Ferguson,21405485
Lea,Smith,68358084
Beatrix,ohairy,87195958
Marc,Angus,70913181
Harry,Barry,30630823
James,Smith,86910400
James,Barry,20109883
Beatrix,Angus,70662334
James,ohairy,42463389
Marc,Ferguson,68121139
Lea,Mcintosh,60108313
James,Barry,56561557
Harry,Smith,71913187
Harry,Barry,38757101
Lea,Barry,44844419
James,Smith,77965395
Lea,Smith,69569129
Harry,ohairy,41030504
Charlotte,ohairy,75930016
Marc,Ferguson,36763174
Marc,Barry,71523532
Lea,Mcintosh,10344801
Harry,Barry,21570552
Harry,Smith,31761477
Charlotte,ohairy,16450593
James,ohairy,16184273
Marc,Barry,79311049
Harry,Angus,26070816
James,Barry,57450439
James,Angus,44373442
James,Smith,87474981
Marc,Ferguson,23215449
Beatrix,Barry,31038715
James,Smith,10198745
Harry,Barry,74147287
James,Angus,22268931
Beatrix,Angus,43400977
Marc,Mcintosh,10314821
Marc,Angus,59105572
Lea,Ferguson,50068068
Harry,Smith,34216028
Lea,Ferguson,86087510
Lea,Mcintosh,80000062
James,Angus,47255686
Harry,Smith,79975909
Harry,Mcintosh,60916988
Beatrix,Barry,52967447
Charlotte,Angus,44239789
James,ohairy,20286170
Marc,Barry,73690954
Marc,Ferguson,39133935
Harry,Mcintosh,17920698
Harry,Barry,34974090
Charlotte,Barry,82384681
Charlotte,Smith,55841338
Harry,Ferguson,51684856
