First Name,Last Name,Matriculation
Harry,Angus,36449673
Lea,Ferguson,75485443
James,Ferguson,37051751
Marc,Angus,17029579
James,Angus,75005784
James,Mcintosh,59088800
James,Barry,51726026
Beatrix,Smith,51917623
Marc,Angus,75376171
Marc,Smith,89714766
Charlotte,Barry,84661671
James,ohairy,16792178
Harry,Angus,24906772
Marc,Barry,68533140
Marc,Barry,58081938
Charlotte,Barry,24216870
Charlotte,Barry,43763850
Marc,Barry,43944762
Marc,Barry,11189849
Lea,Barry,59013474
James,Mcintosh,44843965
Marc,Angus,52964620
James,Smith,50891461
James,Ferguson,48433946
James,ohairy,84741599
Lea,Ferguson,14535737
James,ohairy,80075849
Marc,Ferguson,13666016
Lea,Angus,65792973
Lea,Barry,65396958
Beatrix,Mcintosh,39464862
Marc,Ferguson,57835487
Charlotte,ohairy,24478336
James,Mcintosh,15205376
Lea,Smith,83218334
Charlotte,ohairy,22680336
James,ohairy,10584302
Harry,Mcintosh,52769019
Harry,Ferguson,21400078
James,Smith,68980066
James,Barry,48563206
Charlotte,Ferguson,63547095
Beatrix,ohairy,69485304
Charlotte,Smith,81360907
Charlotte,Barry,66467968
Lea,Ferguson,69533733
Beatrix,Angus,12326011
Harry,Angus,18365587
Lea,Angus,83909750
James,Ferguson,14132068
Lea,ohairy,54567425
Marc,Mcintosh,15134363
James,Smith,86879539
Marc,ohairy,27954940
Charlotte,Barry,15511595
Harry,Ferguson,33348382
Lea,Ferguson,55846411
Harry,Ferguson,20054051
Charlotte,Angus,31592876
Beatrix,Barry,83670866
Harry,ohairy,24252317
Charlotte,Angus,14131522
Charlotte,Smith,31326795
Harry,Smith,77621710
Lea,Ferguson,41456702
Marc,Smith,77373406
Beatrix,Ferguson,69706250
James,Barry,67434753
Harry,Ferguson,72192939
James,Angus,59898547
Lea,Smith,54067265
Lea,Mcintosh,77614435
Harry,Mcintosh,44991081
Lea,Angus,72089255
James,Barry,19778796
Beatrix,ohairy,34290301
Marc,ohairy,24272922
Marc,Mcintosh,80999454
Charlotte,Smith,87826866
Marc,ohairy,87396309
Harry,Angus,79185259
Charlotte,ohairy,28839180
Marc,Smith,39206347
Beatrix,Smith,28636239
Harry,Barry,65638282
Beatrix,Angus,16531266
Harry,Barry,13248301
Charlotte,Ferguson,75805653
Marc,Smith,72903391
James,ohairy,69358895
James,ohairy,81431705
James,Barry,64232465
Marc,ohairy,26485863
Charlotte,Mcintosh,31502416
Marc,ohairy,19415723
Charlotte,Ferguson,77638375
Beatrix,Mcintosh,23771795
Charlotte,Smith,83994087
Lea,Mcintosh,57237469
Charlotte,Mcintosh,79367308
