First Name,Last Name,Matriculation
Marc,Smith,54523788
Beatrix,Smith,57407720
Beatrix,Angus,63164126
Harry,Barry,83305328
Beatrix,Smith,40371201
James,Barry,41187819
James,Smith,58855987
Harry,ohairy,37913322
Lea,Angus,50667690
Charlotte,Angus,39567893
Lea,Angus,68669737
Charlotte,Ferguson,34735059
Charlotte,Ferguson,32845747
James,Angus,69885396
Harry,Mcintosh,59059014
Beatrix,Mcintosh,55938660
Charlotte,Mcintosh,33509967
Beatrix,Mcintosh,12176542
Marc,Ferguson,40613226
James,Angus,86582187
James,ohairy,15881001
Charlotte,Angus,76866570
Charlotte,Barry,83369251
Beatrix,Smith,10023110
James,Smith,20996335
Charlotte,Barry,26774472
Harry,Barry,22757167
Harry,ohairy,54806940
Lea,Angus,59380014
Beatrix,Ferguson,88303358
Charlotte,ohairy,67261295
Lea,ohairy,49497541
Charlotte,Ferguson,12232170
Lea,Ferguson,76677936
Charlotte,Mcintosh,34229460
Beatrix,Mcintosh,43594932
Beatrix,Angus,39984258
Marc,Mcintosh,24445594
Charlotte,Angus,44269200
Lea,Barry,83729915
Beatrix,Angus,81162387
Harry,Angus,81605123
Lea,Ferguson,23406019
James,Barry,19399017
Harry,Mcintosh,27857287
James,Barry,34154841
James,Smith,49769368
Beatrix,ohairy,33214418
Marc,Mcintosh,58374269
Beatrix,Mcintosh,63082773
Charlotte,Smith,57983758
Beatrix,Ferguson,37473242
Harry,ohairy,13399827
Lea,Angus,20737614
Harry,Smith,89400849
Lea,Angus,55214014
Beatrix,Smith,35167580
Harry,Barry,85589210
Harry,Smith,47997352
Beatrix,Mcintosh,50656420
Charlotte,Angus,60223095
James,Barry,80727031
Lea,Barry,16126350
Marc,Barry,30421386
Charlotte,Ferguson,16266640
Marc,Ferguson,27379332
Charlotte,Mcintosh,10170607
Lea,Ferguson,38892862
Charlotte,ohairy,53333797
Beatrix,Barry,67818138
James,Smith,84697078
Lea,Smith,78979197
Charlotte,Smith,56532447
James,Mcintosh,19889712
Charlotte,Smith,82311472
Marc,Barry,25891411
James,Smith,45851012
James,Mcintosh,74092849
Harry,Mcintosh,28418747
Lea,Smith,22837725
Charlotte,Barry,54475374
Lea,Mcintosh,52953632
Harry,Angus,51033574
Charlotte,Ferguson,60980879
Lea,Ferguson,78519856
Harry,ohairy,29454339
Beatrix,Barry,80058529
Charlotte,ohairy,66248208
Charlotte,Angus,58870247
Beatrix,Ferguson,14493895
Harry,ohairy,24336359
Beatrix,Barry,62535409
Charlotte,Ferguson,48458944
Beatrix,ohairy,26844172
Beatrix,Barry,82713323
Beatrix,Barry,48332225
Lea,ohairy,67943522
Lea,Mcintosh,85535352
Beatrix,ohairy,11939394
James,ohairy,77339547
