First Name,Last Name,Matriculation
Charlotte,Smith,78767762
Beatrix,Barry,68455333
Beatrix,Mcintosh,81951518
James,ohairy,43228714
Lea,Mcintosh,48855715
Harry,Ferguson,23320326
Beatrix,Barry,77073810
Charlotte,Ferguson,52595020
James,ohairy,71539370
James,Barry,71911889
Harry,Mcintosh,22478920
Marc,Barry,36827218
Harry,Smith,27814845
Beatrix,Barry,68075210
Lea,Angus,88391923
Beatrix,Angus,19764027
Marc,Angus,20472566
Charlotte,Angus,88855307
Lea,ohairy,26309443
Marc,Angus,18888693
Lea,Barry,38575488
Harry,Ferguson,36342364
James,Ferguson,77977549
James,Angus,32399613
Beatrix,Smith,71987464
Beatrix,Smith,47201323
Charlotte,ohairy,66533333
Marc,Smith,54307547
Lea,Angus,70172361
Marc,Ferguson,50563231
Harry,Ferguson,23489699
Lea,Ferguson,84973022
Charlotte,ohairy,16417942
Lea,Mcintosh,35526862
Marc,Angus,47491126
Beatrix,Angus,81690358
Harry,ohairy,76006068
Harry,Barry,20550530
Harry,Mcintosh,40934879
Marc,Smith,73435557
James,Ferguson,21575490
Marc,Smith,68423885
James,Barry,34803856
Charlotte,Barry,10784876
Marc,Smith,50906134
Harry,Smith,14884058
Harry,Smith,11596335
James,Smith,69453718
Harry,Smith,42906126
Marc,ohairy,75940359
Lea,Ferguson,14302041
James,ohairy,56404712
Lea,Smith,83393455
Charlotte,Mcintosh,80725824
Charlotte,Barry,59694978
Harry,Ferguson,84739836
Beatrix,ohairy,86567663
James,Angus,28898698
Harry,Smith,60168570
Beatrix,Ferguson,77344274
Marc,Mcintosh,76549999
Beatrix,ohairy,86605946
Marc,ohairy,61636896
Lea,Barry,88271537
James,ohairy,84594331
James,Barry,32193594
Harry,Ferguson,12398313
Lea,Mcintosh,78200249
Charlotte,Smith,71396125
Harry,Mcintosh,51351651
Harry,Mcintosh,21176508
Marc,Barry,49675775
Charlotte,Angus,50987417
Charlotte,Mcintosh,85908757
Charlotte,Smith,21055699
James,Smith,88079979
Charlotte,Mcintosh,10078863
Lea,Mcintosh,81198808
Marc,ohairy,58385234
Beatrix,Angus,66166714
Marc,Angus,51947180
Beatrix,Ferguson,12077156
Lea,Ferguson,28284633
Harry,ohairy,49569271
Beatrix,Barry,78821446
Harry,Barry,40806977
Marc,Smith,64433996
Harry,Angus,74999644
Marc,Smith,87419865
Harry,Ferguson,28662589
James,Mcintosh,43263826
Charlotte,Ferguson,63019838
Marc,Smith,38715891
Beatrix,ohairy,50236825
Lea,Barry,56830105
Marc,Angus,39116179
Charlotte,Mcintosh,72798065
Marc,Mcintosh,36739423
James,Angus,73396033
Marc,Smith,57506039
