First Name,Last Name,Matriculation
Marc,Angus,72785123
James,ohairy,39041517
James,Mcintosh,89607428
Lea,Ferguson,89308890
Charlotte,Angus,82214553
Beatrix,Angus,77062184
James,Barry,30767675
James,Ferguson,34559637
Charlotte,Ferguson,87014595
Harry,Smith,31379110
Charlotte,Mcintosh,47812582
Harry,Mcintosh,51688345
James,Smith,45223916
Harry,Mcintosh,38650412
Marc,Barry,48512627
Lea,Ferguson,34412106
Charlotte,Smith,87118656
Marc,Smith,82708076
Marc,Barry,56891070
Charlotte,Mcintosh,45881671
James,Mcintosh,12719210
James,Barry,34403798
Charlotte,Smith,40087063
James,Ferguson,23343596
James,Mcintosh,27214416
Marc,ohairy,36055547
Harry,ohairy,34860279
Lea,Angus,70663947
Charlotte,ohairy,73429120
Charlotte,Smith,72298349
James,Ferguson,16406640
Charlotte,Mcintosh,19099251
Charlotte,ohairy,41377516
Charlotte,Angus,76228800
Marc,Mcintosh,75700232
James,Mcintosh,89861058
Harry,Mcintosh,44649204
Lea,ohairy,39514664
Lea,Mcintosh,63717240
Lea,Mcintosh,19058668
James,ohairy,63057957
Charlotte,Ferguson,18700127
Lea,Barry,41680767
Lea,Smith,53180000
Marc,Smith,35290399
Beatrix,Mcintosh,30048299
Marc,Smith,34502045
Charlotte,Angus,14314678
James,Barry,16384505
Harry,Barry,22903771
Beatrix,Barry,87628245
Harry,Mcintosh,61859882
Beatrix,Ferguson,38281484
Lea,Barry,10037220
Beatrix,Barry,83803643
Charlotte,Mcintosh,20048915
Beatrix,Smith,29337754
Marc,Barry,38516225
Marc,Barry,36429165
James,Barry,14854235
Charlotte,Mcintosh,68293750
Charlotte,Angus,33814836
Beatrix,Angus,38682319
Marc,Barry,82682210
Beatrix,Ferguson,58560918
Harry,ohairy,45603482
Charlotte,Barry,34372342
Beatrix,Angus,41436802
Harry,Ferguson,18019353
James,Smith,42182739
Marc,Ferguson,20879015
Lea,Ferguson,56703263
Charlotte,Mcintosh,89591757
Marc,Barry,76074986
Beatrix,ohairy,38958713
Charlotte,Ferguson,26373734
Marc,Ferguson,72111236
Harry,Smith,62029738
Beatrix,Mcintosh,28359328
Harry,Mcintosh,86782437
Beatrix,Angus,45262271
Marc,Angus,18962313
Harry,Barry,47455802
Lea,Angus,83445441
Lea,Barry,62288148
Harry,Angus,35654468
Beatrix,Smith,37663994
Marc,Ferguson,37745142
James,ohairy,82362284
Marc,Ferguson,62162414
Charlotte,Barry,64327572
Charlotte,ohairy,19404533
James,Smith,67943351
Beatrix,Smith,79184742
Marc,Ferguson,56260652
Marc,ohairy,26142099
Beatrix,Smith,54622200
Beatrix,ohairy,45615154
Beatrix,Mcintosh,28816120
Lea,ohairy,69162779
