First Name,Last Name,Matriculation
Lea,Barry,79698683
Beatrix,Mcintosh,17652442
Harry,Smith,63612209
Marc,Barry,65946395
Harry,Mcintosh,84531548
Harry,Smith,74571801
Marc,Mcintosh,34924594
Lea,Mcintosh,47322689
James,Barry,53526984
Harry,Ferguson,73789847
Charlotte,Ferguson,56595493
Beatrix,Mcintosh,70410631
James,Barry,40096837
Harry,ohairy,11360386
James,Angus,22059405
Charlotte,Barry,38684583
Harry,Barry,85529585
Marc,Mcintosh,21901795
Charlotte,Mcintosh,46761997
Marc,Barry,12505905
James,ohairy,71604625
Beatrix,Barry,74000027
James,Barry,18874629
Harry,Ferguson,49369566
James,Mcintosh,14138777
Harry,Smith,45376894
James,ohairy,18294743
Charlotte,ohairy,17017418
Harry,Angus,13686313
Marc,Angus,24030604
Beatrix,Smith,53868182
Lea,ohairy,42193281
Lea,Angus,17931530
Marc,Ferguson,18537530
Beatrix,Barry,85912190
Marc,ohairy,71470982
James,Ferguson,88086740
James,Mcintosh,78976761
Marc,Ferguson,14638911
James,Ferguson,28760199
Harry,Barry,82687720
Harry,Barry,33577869
James,Smith,24243534
James,Barry,89687302
Charlotte,ohairy,67914299
James,Smith,33371994
Marc,Mcintosh,24627798
Lea,ohairy,72204363
Lea,Mcintosh,85976907
Charlotte,Ferguson,42278012
Harry,Smith,25523432
Harry,Smith,84783561
James,Barry,50816693
Harry,ohairy,41518413
Harry,ohairy,71692084
Marc,Mcintosh,31642069
Charlotte,Smith,21905057
James,Ferguson,40462302
James,Smith,79502371
James,ohairy,12513234
Harry,Smith,42809378
James,Mcintosh,43313848
James,Ferguson,21143721
Beatrix,Smith,12131444
Marc,Angus,19222468
James,Smith,39137113
Harry,Mcintosh,10538639
Marc,Smith,70844312
Charlotte,Ferguson,37116661
James,ohairy,62073801
James,Barry,33423161
Beatrix,Mcintosh,46674595
Charlotte,Ferguson,86657632
Beatrix,Barry,70281578
Charlotte,Barry,14098785
Beatrix,Barry,43423317
Beatrix,Barry,24273410
Lea,Angus,28181082
James,Smith,25036428
James,Ferguson,24283931
Lea,ohairy,61001550
Charlotte,ohairy,50439858
James,Barry,83792733
James,Mcintosh,40530048
Charlotte,Mcintosh,13766565
Charlotte,Angus,55434848
James,ohairy,72917337
Lea,Angus,81144346
Charlotte,ohairy,10653704
Beatrix,Mcintosh,89500387
Beatrix,ohairy,30158990
Marc,ohairy,54083256
Beatrix,ohairy,54056488
Lea,ohairy,62422776
Charlotte,Mcintosh,70631431
Harry,Ferguson,22446362
Lea,Ferguson,17631043
Charlotte,Ferguson,12024230
Charlotte,Smith,84221980
Lea,Barry,52394473
