First Name,Last Name,Matriculation
Beatrix,ohairy,32235609
Charlotte,Mcintosh,69546625
Lea,Angus,53436892
James,ohairy,84708031
James,Mcintosh,25565918
Charlotte,Ferguson,21493858
Lea,Smith,35672045
Charlotte,Barry,13665450
Harry,ohairy,86821603
James,Mcintosh,24070970
Beatrix,Angus,27012051
Lea,Smith,44353371
James,Barry,20863065
Lea,Smith,55915136
Harry,Smith,73615936
Lea,Barry,88900911
Beatrix,Ferguson,41500924
Lea,Barry,44001572
Harry,Angus,31434271
Charlotte,Ferguson,64348818
Marc,Ferguson,61454301
Lea,Angus,89911845
Lea,Ferguson,87858369
James,ohairy,68192487
Charlotte,ohairy,55557867
Marc,Barry,58333321
Beatrix,Barry,87263671
Lea,Barry,11914864
James,Mcintosh,86854671
Harry,Mcintosh,14741254
Lea,Angus,29487952
Charlotte,Angus,89145627
Charlotte,Smith,65046373
Beatrix,ohairy,49986792
Charlotte,Mcintosh,13027765
Beatrix,Smith,25280507
Harry,ohairy,84042953
Charlotte,Barry,68023731
Marc,Smith,37840970
James,Barry,77557426
Charlotte,Angus,68599057
Beatrix,Angus,60385509
Lea,Ferguson,36591368
Lea,Ferguson,59994682
Charlotte,Smith,74763549
James,Angus,42874406
Lea,Smith,48982413
Harry,Ferguson,34064716
Lea,Mcintosh,77465518
Lea,Barry,23416841
Lea,Barry,75277660
Charlotte,Mcintosh,66386604
Charlotte,Barry,44386240
Marc,Mcintosh,59696411
Marc,ohairy,28170118
Charlotte,Barry,47756250
Harry,Mcintosh,81411053
Harry,Ferguson,11600321
Marc,Smith,22536069
Marc,Mcintosh,53713581
Beatrix,Ferguson,59293096
Charlotte,Barry,72790907
Marc,Angus,71241970
Lea,Mcintosh,67076881
Lea,Smith,44467466
James,Mcintosh,15841914
Beatrix,Smith,47855854
Charlotte,Angus,22038836
James,Mcintosh,83416181
Lea,ohairy,73593008
Charlotte,ohairy,49768964
Charlotte,Angus,70964111
James,Smith,30610725
Marc,Angus,14775571
James,Mcintosh,56977895
Marc,Ferguson,43421012
Lea,Mcintosh,53756767
Beatrix,ohairy,13860585
Marc,Barry,70354502
Lea,Smith,22011685
James,Smith,61087406
Harry,Smith,76327085
Lea,ohairy,13861592
Lea,Ferguson,58919337
Beatrix,Barry,41424677
James,Smith,29181632
Lea,Angus,33102603
James,Angus,19923605
Harry,Mcintosh,44395504
Lea,ohairy,19799553
Marc,Mcintosh,19043891
Harry,Mcintosh,87048520
Marc,Mcintosh,33020840
Harry,Ferguson,60834208
Harry,Smith,79384386
James,Barry,29861906
Charlotte,ohairy,27776651
Marc,Ferguson,28799311
Marc,Barry,79521816
Lea,Mcintosh,76692686
