First Name,Last Name,Matriculation
Marc,Angus,19069956
Charlotte,Barry,50054062
James,Mcintosh,29316328
Lea,ohairy,28660768
Charlotte,Barry,82090486
Beatrix,Ferguson,83476073
Charlotte,Smith,84526273
Lea,Ferguson,76775182
Harry,Mcintosh,37253830
James,Barry,74537645
Harry,Angus,53103072
Lea,Angus,77534975
Charlotte,ohairy,15386366
Charlotte,Smith,22387078
James,Ferguson,59945995
Marc,Ferguson,60479889
Marc,Ferguson,61597145
Harry,Barry,43024436
Harry,Angus,36453703
Charlotte,Mcintosh,63609328
Charlotte,Barry,16723368
Harry,Smith,70741406
Lea,ohairy,51170127
Beatrix,Barry,76146673
James,Angus,80839928
Marc,ohairy,62247610
Lea,Ferguson,21178254
Harry,Ferguson,63915502
Lea,Smith,11192134
Beatrix,Ferguson,26739151
Marc,Angus,49836992
Charlotte,Smith,55743915
Beatrix,Smith,85824792
Charlotte,Smith,55384865
James,Ferguson,27536080
Charlotte,ohairy,58668088
James,Angus,15072159
Charlotte,Ferguson,51358158
James,ohairy,84163917
Charlotte,Ferguson,22146252
Marc,Mcintosh,61847388
Lea,Angus,29030799
Lea,Barry,84727903
Charlotte,Angus,15491418
Beatrix,Barry,30256545
James,Barry,40580848
James,Smith,43261636
James,Smith,18087916
Beatrix,Smith,68976262
James,Barry,19380079
Charlotte,Ferguson,33313837
Marc,Ferguson,63143838
Harry,Smith,87179153
Harry,Angus,57160838
Harry,Barry,66507877
Charlotte,ohairy,70005623
Marc,Smith,23351913
Harry,Barry,40557111
Harry,ohairy,27365916
Beatrix,ohairy,33437218
Beatrix,Barry,82826278
James,Mcintosh,32458016
Charlotte,Barry,52360127
Charlotte,Mcintosh,67712286
James,Angus,58794438
Beatrix,Barry,81150050
Beatrix,Smith,33356112
Beatrix,Mcintosh,31741506
Harry,Barry,84084187
Marc,Mcintosh,38292004
Lea,Smith,41067031
Marc,Smith,66947366
Lea,Ferguson,50893764
Marc,Mcintosh,76396463
Lea,Ferguson,72855796
Beatrix,Ferguson,34636473
Lea,Angus,53536673
Beatrix,Barry,86640327
James,Ferguson,41415827
Harry,Smith,49233696
Beatrix,ohairy,78953391
Beatrix,Mcintosh,43972033
Lea,Barry,17562525
Marc,Ferguson,21784228
Lea,ohairy,25753264
Charlotte,ohairy,47606736
Beatrix,Barry,55235657
Harry,Mcintosh,38689101
Lea,Angus,47652697
Harry,Ferguson,46486506
Harry,Ferguson,37792842
Harry,Smith,86200500
Harry,Mcintosh,19124705
Beatrix,Angus,26042546
Marc,Smith,31690741
Charlotte,Ferguson,37351714
Harry,Mcintosh,11488591
Harry,ohairy,65138810
Charlotte,Angus,81400340
James,Smith,36920836
