First Name,Last Name,Matriculation
Charlotte,Mcintosh,81907228
Charlotte,Smith,27548653
Marc,Mcintosh,13518612
Charlotte,ohairy,51253227
Charlotte,Smith,37852406
Harry,Angus,11895736
Lea,Smith,50507001
Harry,Smith,71672725
Lea,Ferguson,20778681
James,ohairy,53222308
Harry,Angus,88033752
James,Angus,69210778
James,Barry,73359944
Beatrix,Ferguson,59545872
Lea,Smith,40050877
Lea,ohairy,62204043
Lea,Ferguson,18523907
Beatrix,Smith,46455987
Harry,ohairy,64065120
Charlotte,Smith,39436062
Charlotte,Barry,21973791
Lea,ohairy,65907467
Lea,Barry,57449477
James,ohairy,89498910
Marc,Ferguson,56838862
Beatrix,Angus,36811197
James,Barry,63257968
James,Ferguson,80272912
Charlotte,Mcintosh,87408453
Marc,Barry,40472858
Lea,Angus,57407879
Charlotte,Angus,24209528
Lea,Barry,44600490
Marc,Mcintosh,52523557
Lea,Smith,54582170
Charlotte,Mcintosh,44647206
Lea,Smith,79654445
Lea,Mcintosh,64570660
Charlotte,Barry,79616860
Beatrix,Angus,89090505
Marc,Ferguson,40518982
Lea,Mcintosh,62914401
Marc,Barry,26486729
Charlotte,ohairy,19172727
Charlotte,Ferguson,18221731
Charlotte,Smith,41995040
Charlotte,Ferguson,87514652
James,Angus,86885865
Lea,Barry,74424049
James,Barry,78062250
Marc,Angus,84149452
Harry,Angus,68340437
Charlotte,Smith,14337934
Beatrix,ohairy,14516688
James,Smith,13077670
Marc,Ferguson,35579576
Lea,Mcintosh,52329965
James,Ferguson,86645745
Charlotte,Barry,46781455
Beatrix,Angus,47535088
James,ohairy,70517041
Lea,ohairy,74407192
Beatrix,ohairy,48787085
James,ohairy,32571985
Beatrix,ohairy,73558500
Marc,ohairy,70734895
Lea,Smith,43014084
Charlotte,ohairy,35443789
Marc,Ferguson,25878598
Marc,ohairy,68609144
Lea,Angus,39244177
James,Barry,62658417
Beatrix,Angus,41785341
James,Smith,13637749
Beatrix,Ferguson,75091343
James,Angus,47924150
James,Angus,81667038
Charlotte,Mcintosh,75848620
James,ohairy,49086901
Charlotte,Ferguson,46444584
Marc,Smith,45203086
James,Mcintosh,51460051
Harry,Ferguson,47474047
Marc,Smith,46519591
Beatrix,Angus,11765483
Beatrix,Angus,17915173
Marc,Mcintosh,18983064
Charlotte,ohairy,70986725
Marc,Barry,22128988
Harry,ohairy,11917275
Beatrix,ohairy,48655430
Harry,Smith,26358632
Harry,Ferguson,89054865
James,ohairy,69764932
James,Smith,33646272
James,Angus,83537557
Lea,Angus,82325758
Beatrix,Barry,82718014
Marc,Mcintosh,31726894
Harry,Smith,12520293
