First Name,Last Name,Matriculation
Beatrix,Ferguson,75110956
Harry,Barry,47005185
Harry,Angus,68678172
James,Barry,36699297
Charlotte,Smith,55203535
Charlotte,Mcintosh,12040874
Charlotte,Smith,84682222
James,ohairy,56158451
Charlotte,Angus,73494649
Marc,Angus,66597404
James,Barry,55895646
Charlotte,Angus,38617007
Lea,Smith,58817933
Harry,Angus,23279223
Lea,Smith,65444044
Marc,Angus,63905912
Charlotte,Ferguson,62743414
Harry,Angus,50189477
Marc,Mcintosh,56495472
Harry,Angus,79230776
Marc,ohairy,27600944
Charlotte,Smith,18809381
Beatrix,ohairy,52063769
Harry,Mcintosh,13559079
Marc,Barry,57023676
Lea,Smith,49641917
Harry,Ferguson,19838564
Harry,Angus,81266676
Beatrix,Smith,32942012
Marc,Angus,66066846
Beatrix,Smith,48874927
James,Barry,26517374
Beatrix,Barry,12584061
Charlotte,Ferguson,66758306
Lea,Ferguson,15863471
Harry,Angus,43383521
Harry,Smith,75652410
Lea,Angus,47309606
Marc,Ferguson,55163189
Beatrix,Ferguson,44762764
Lea,Ferguson,60634147
Beatrix,Smith,12867409
Marc,Angus,45843270
Marc,ohairy,88124543
James,ohairy,88046956
Harry,Smith,86144674
James,Ferguson,69147190
James,Smith,60163372
Lea,Ferguson,58342623
Beatrix,Ferguson,28685462
Harry,Smith,55259412
Beatrix,Barry,10686194
Lea,ohairy,66582135
Charlotte,ohairy,32991391
Harry,Mcintosh,13528229
Lea,Angus,18192796
James,Mcintosh,67111359
James,ohairy,25571192
James,Mcintosh,72107028
Harry,Smith,53515297
Lea,Ferguson,43623400
Beatrix,Ferguson,14351768
Harry,ohairy,33720008
Lea,Barry,83054856
Charlotte,Ferguson,34631273
James,Mcintosh,69400446
Beatrix,Angus,16605044
Harry,ohairy,59923110
Beatrix,Angus,33019395
Charlotte,ohairy,34232970
Charlotte,Mcintosh,81915438
Charlotte,ohairy,35036569
James,ohairy,53303888
Lea,Angus,31009223
Charlotte,Smith,41004930
Harry,Smith,18902772
Beatrix,Barry,58800293
Lea,Barry,52813953
Harry,ohairy,15626735
Marc,Smith,27377182
Beatrix,Smith,43255253
Harry,ohairy,44460849
Charlotte,Ferguson,87302670
James,Mcintosh,39083697
Harry,Mcintosh,52825000
James,Smith,60173783
Lea,Mcintosh,82994066
Harry,Angus,18904855
Harry,ohairy,55071290
Lea,Angus,67357257
Marc,Angus,70792204
Marc,Angus,55331534
Lea,Ferguson,77344527
Charlotte,Mcintosh,85474347
Lea,ohairy,14581548
James,ohairy,49169659
Lea,ohairy,76469673
Beatrix,Angus,23542504
Charlotte,ohairy,42587808
Charlotte,Mcintosh,24064515
