First Name,Last Name,Matriculation
James,Smith,89211147
Harry,Mcintosh,87580878
Marc,ohairy,48946214
Harry,ohairy,41518577
Marc,Smith,31570302
James,Barry,83230410
Marc,Smith,46246807
Lea,ohairy,54813606
Beatrix,Ferguson,37990716
Harry,Ferguson,37110787
Lea,Angus,75605898
Charlotte,Angus,66192772
Charlotte,ohairy,51940228
James,Barry,75458108
Lea,Smith,58510557
Lea,Smith,78945958
Charlotte,Barry,40033549
James,Barry,80260234
Charlotte,Angus,35696635
Charlotte,Angus,54873397
Beatrix,Mcintosh,54640208
Beatrix,Mcintosh,70004504
Lea,Mcintosh,73571204
Beatrix,Angus,51540075
Charlotte,ohairy,38282700
Harry,Ferguson,27890982
Harry,ohairy,32135790
Marc,ohairy,87216016
Marc,Barry,76075650
Beatrix,ohairy,33590648
Beatrix,Smith,89888570
Lea,Smith,76029269
Beatrix,Smith,84321833
Charlotte,ohairy,80474061
Lea,Barry,63814684
James,Ferguson,48909428
Harry,Smith,83894716
James,Barry,45403343
Harry,Ferguson,49948234
Lea,Ferguson,52776484
Harry,ohairy,20447054
Marc,Smith,87674261
Beatrix,Angus,23571691
James,Ferguson,22611227
Harry,Mcintosh,69527847
Charlotte,ohairy,68018500
Beatrix,Smith,83966001
Harry,Smith,67582723
Lea,Barry,22005210
Harry,Smith,14070747
James,Smith,55950764
Marc,Barry,16358046
Beatrix,Ferguson,72339223
James,Ferguson,79770520
James,Barry,75926615
Charlotte,ohairy,85962928
Harry,Smith,45937181
Harry,Barry,85478616
Beatrix,Smith,65906562
Marc,Angus,78232209
Beatrix,ohairy,86799869
Charlotte,Barry,38371295
Beatrix,Ferguson,76689794
Harry,Ferguson,31163163
Lea,Barry,55121744
Marc,Ferguson,37010959
Marc,Smith,55344634
Beatrix,Ferguson,88149080
Marc,Ferguson,24617616
Marc,ohairy,46645479
Lea,ohairy,10117507
James,Mcintosh,54236900
Charlotte,Barry,48607798
Beatrix,Mcintosh,79920246
Harry,Ferguson,23583441
James,ohairy,62063341
James,Smith,54571018
Beatrix,Angus,54338148
Charlotte,Ferguson,45599844
Charlotte,Barry,42435727
Charlotte,Barry,29652874
Beatrix,Mcintosh,56662519
Lea,ohairy,84625915
Lea,ohairy,54239371
Charlotte,ohairy,61308322
Charlotte,ohairy,32415552
Lea,Mcintosh,28312811
Harry,Mcintosh,70854508
Harry,ohairy,81819521
Beatrix,Mcintosh,73727636
Charlotte,Angus,30413014
Lea,Angus,19683193
Marc,ohairy,37408061
Beatrix,ohairy,30006976
Harry,Ferguson,65915929
Lea,Angus,76376424
Marc,Mcintosh,82328172
Marc,ohairy,28531098
Harry,Ferguson,12761609
Harry,Angus,13066436
