First Name,Last Name,Matriculation
James,Ferguson,33494364
Marc,Barry,37529009
Beatrix,Ferguson,36233457
James,Angus,84738179
Harry,Angus,64135140
James,Mcintosh,23040824
James,Barry,54338394
Harry,Smith,41347646
Harry,Angus,16140528
Lea,Angus,53868741
Harry,Barry,35174903
Harry,Barry,89059137
Charlotte,Smith,46507541
Beatrix,ohairy,14861293
Lea,ohairy,48885041
Lea,Smith,32384370
Charlotte,Ferguson,62894200
Beatrix,Barry,48042377
James,Mcintosh,13947951
Lea,ohairy,27227862
Harry,Angus,39517341
Lea,Mcintosh,21521095
Beatrix,ohairy,10522763
James,Mcintosh,30169886
Beatrix,Smith,62846267
James,Ferguson,38150064
Lea,Mcintosh,76815841
Harry,Ferguson,40852785
Charlotte,Smith,40649876
James,Angus,21013211
James,Angus,26422156
Charlotte,Mcintosh,70025862
Marc,Smith,34222564
Charlotte,Mcintosh,35559475
James,Smith,13150390
James,ohairy,40237748
James,Ferguson,10561303
Beatrix,Barry,46007280
Lea,ohairy,25835446
Harry,Ferguson,50218368
Charlotte,Ferguson,23685391
Lea,Ferguson,52069369
Beatrix,Barry,16115982
Charlotte,Mcintosh,67584246
Beatrix,Smith,14781864
Charlotte,Angus,23863376
Beatrix,Barry,76898084
Lea,Angus,29018863
Beatrix,ohairy,30197909
James,Mcintosh,41823744
Marc,Barry,11105196
Harry,Ferguson,26584632
Beatrix,Mcintosh,71398151
Beatrix,Mcintosh,38374221
Marc,ohairy,58535905
Lea,Mcintosh,81254806
Charlotte,Smith,38945754
Beatrix,Ferguson,65398608
Beatrix,ohairy,30155003
Charlotte,Ferguson,25443331
Marc,Ferguson,22052083
Lea,Mcintosh,89681139
Charlotte,Barry,72738178
James,Barry,62730868
Beatrix,Barry,67226485
Beatrix,Mcintosh,79230711
Harry,Smith,29998179
Lea,Barry,42744643
Marc,Smith,58071553
Harry,ohairy,53485899
Marc,Ferguson,75222135
Beatrix,ohairy,71030200
Lea,Mcintosh,82645418
Charlotte,Mcintosh,57870410
Harry,Smith,52908024
Lea,Mcintosh,72384439
Beatrix,Angus,26584913
Lea,Ferguson,74495102
Marc,Barry,13428615
Harry,ohairy,81967085
Charlotte,Ferguson,49302510
Marc,Angus,81077316
Beatrix,Angus,43140312
Marc,Mcintosh,43139254
Lea,Mcintosh,26101067
Beatrix,ohairy,47996562
Charlotte,Barry,21069250
Lea,ohairy,80104062
James,Angus,61868994
James,Angus,72600362
Marc,Ferguson,14238362
Lea,ohairy,25939197
Marc,ohairy,47541884
Beatrix,Angus,53995004
Lea,Barry,42018705
Harry,Ferguson,87273988
Marc,Barry,39303619
Marc,Smith,37634286
Beatrix,ohairy,12984268
Marc,Barry,84874139
