First Name,Last Name,Matriculation
James,ohairy,64982517
Beatrix,Smith,40851764
Marc,Angus,84982556
Charlotte,Barry,26988975
Charlotte,Ferguson,71487836
James,Mcintosh,65150162
Lea,ohairy,46940417
James,ohairy,51044057
Charlotte,Mcintosh,36628303
Charlotte,Ferguson,87918416
Charlotte,Mcintosh,84428923
Lea,ohairy,59733280
Marc,ohairy,23130397
Lea,Mcintosh,49104353
Harry,ohairy,32250676
Beatrix,Barry,19886503
James,Barry,45546437
Harry,Ferguson,54379456
Marc,Angus,22042773
James,Angus,62088056
Charlotte,Barry,49754136
James,ohairy,46678207
James,Ferguson,77665361
Marc,ohairy,87390765
Marc,Ferguson,45217687
Harry,Ferguson,27171758
Charlotte,ohairy,40136710
Marc,Mcintosh,72840345
Marc,Smith,30004466
Lea,Barry,85577046
James,Ferguson,76523874
Marc,Smith,58992782
Beatrix,Angus,14938215
James,Smith,27683821
Beatrix,Barry,77221250
James,ohairy,41310424
Charlotte,Smith,73628274
Beatrix,Angus,54261509
James,Angus,11337662
James,ohairy,89776820
Harry,Smith,33263430
James,Angus,61896200
Beatrix,Smith,52397676
Lea,ohairy,50155602
Marc,Smith,49758730
Lea,ohairy,66292711
Charlotte,ohairy,71670891
Marc,Mcintosh,66598386
Beatrix,Angus,35588738
James,Ferguson,71697780
Harry,ohairy,66823657
Charlotte,Mcintosh,63853018
Charlotte,Smith,60720694
Harry,ohairy,75056981
Charlotte,ohairy,76310598
Marc,Mcintosh,12710991
Charlotte,ohairy,20575404
Marc,Ferguson,45480327
Lea,Mcintosh,42738966
James,Ferguson,34325304
Beatrix,Ferguson,30018444
Lea,Barry,29267305
Lea,Barry,50253445
James,Angus,65137003
Harry,Angus,60867647
Lea,Ferguson,35395339
Marc,ohairy,18530261
Harry,Barry,33096766
Marc,Smith,48435202
Harry,Mcintosh,39238547
Lea,Angus,52667112
Harry,Mcintosh,52697362
James,Smith,68855085
James,ohairy,38547235
James,ohairy,84359042
Lea,Smith,38485057
Beatrix,ohairy,24945971
Harry,Ferguson,65489741
Marc,Ferguson,24040912
Marc,ohairy,13998016
James,Ferguson,17466755
Charlotte,Ferguson,60846535
Marc,Mcintosh,42589284
Harry,Mcintosh,37002821
Marc,ohairy,43627276
James,Ferguson,36641727
Charlotte,Barry,40417275
Harry,Smith,45497403
Harry,Angus,74256681
James,Mcintosh,32851399
James,Angus,63633182
James,Ferguson,89303862
James,Ferguson,19395301
Beatrix,Barry,73211716
James,ohairy,30715002
Beatrix,Smith,70156925
James,Angus,66662996
Harry,Smith,45948917
Charlotte,ohairy,88602740
Lea,ohairy,34068185
