First Name,Last Name,Matriculation
Beatrix,Angus,72989087
Charlotte,Ferguson,29400847
Beatrix,Barry,56745355
Marc,Angus,12607475
Charlotte,Ferguson,26232295
Marc,Angus,26034960
Beatrix,Mcintosh,53837844
Charlotte,Angus,45679619
Lea,Angus,66197693
Beatrix,Barry,52466277
Charlotte,Ferguson,75277679
James,Ferguson,80474860
Marc,Angus,72152437
Charlotte,Angus,83982511
Marc,Barry,57771275
Marc,Ferguson,16989631
Harry,Smith,87305929
Lea,Mcintosh,28363966
Beatrix,Smith,76398203
Marc,Ferguson,47867977
Beatrix,Barry,88563511
Beatrix,Mcintosh,76192943
Lea,Mcintosh,34485979
Beatrix,Angus,63759621
Charlotte,Mcintosh,23600736
Lea,Smith,48892527
Lea,Angus,47808399
Harry,Ferguson,40900365
Beatrix,Barry,46853353
Lea,Barry,49119752
Harry,ohairy,55728445
Marc,Barry,85566091
James,ohairy,77524301
Harry,Smith,33100411
Charlotte,Barry,16664927
James,Barry,38097478
James,Smith,14158510
Marc,Angus,89958801
James,Ferguson,17605779
Beatrix,ohairy,11649378
Charlotte,Barry,17896849
Charlotte,Barry,56019185
Lea,ohairy,68129741
Harry,Barry,73152434
Beatrix,Mcintosh,26560063
Lea,Barry,28326215
Marc,Mcintosh,18324869
Marc,Smith,63659286
Charlotte,Barry,73719894
Lea,Smith,14078703
James,Angus,17811689
Beatrix,Mcintosh,21619158
Marc,ohairy,87798980
Harry,Mcintosh,83634170
James,Smith,16570572
Marc,Mcintosh,44140058
Harry,ohairy,79609634
Lea,Barry,70443949
Harry,ohairy,88135683
Harry,Angus,65542846
Lea,Barry,18903462
James,ohairy,57514602
James,Mcintosh,73527637
Marc,Ferguson,23333227
James,Smith,18134891
Beatrix,Ferguson,71348212
Beatrix,Smith,62920098
Lea,ohairy,85476705
Marc,ohairy,83028091
Harry,Smith,89029811
Marc,Smith,23131261
Charlotte,Angus,65897217
Beatrix,ohairy,81736224
Marc,Barry,55371733
Harry,Smith,42470244
Lea,ohairy,30946091
Marc,Smith,53184638
Harry,Barry,24623237
Marc,Smith,26921650
Marc,Barry,27938131
James,Angus,37546627
Marc,Barry,24592229
Charlotte,ohairy,49968291
James,Smith,68209621
Marc,Angus,44979907
James,ohairy,18561672
Harry,ohairy,73612177
Lea,Barry,35656444
Marc,Smith,76362888
Charlotte,ohairy,59438876
Beatrix,Barry,22824074
Harry,Ferguson,69314447
Charlotte,Smith,16619777
Beatrix,Smith,44611024
James,Angus,89300775
Harry,Barry,72352479
Marc,Barry,76121514
Charlotte,ohairy,18725788
Lea,Mcintosh,33871371
Marc,Smith,83278108
