First Name,Last Name,Matriculation
Lea,Mcintosh,41604395
James,ohairy,11614638
Marc,Mcintosh,59655450
James,Barry,63426216
Beatrix,Smith,88005580
Harry,Mcintosh,59071303
James,Smith,34138329
Beatrix,Smith,67076060
Lea,Mcintosh,44763727
Charlotte,Ferguson,38523362
Marc,Mcintosh,68432910
Charlotte,Smith,89078227
Harry,Mcintosh,73698130
Harry,Ferguson,82367928
Marc,Ferguson,29212990
Harry,Ferguson,51181144
Charlotte,Smith,77977146
Charlotte,Mcintosh,57457513
Lea,ohairy,56047843
James,Smith,41996512
Beatrix,ohairy,54965112
Beatrix,Mcintosh,19560861
Marc,Barry,21594312
Beatrix,Ferguson,36021547
Beatrix,Smith,10220696
Charlotte,Ferguson,28506407
Charlotte,Barry,72813194
Marc,Smith,49550039
Harry,Barry,25677599
James,Angus,30414326
Harry,Ferguson,15683647
Marc,Mcintosh,79303367
Lea,Angus,19776402
James,Mcintosh,87645364
Harry,ohairy,63108839
James,ohairy,87849022
Harry,Mcintosh,24892482
James,Barry,69108769
Harry,ohairy,23542819
Beatrix,ohairy,60125073
Charlotte,Angus,88009492
Beatrix,Angus,80319095
Beatrix,Smith,75138691
Charlotte,ohairy,17958325
James,ohairy,65510695
Harry,Ferguson,75420644
Beatrix,Barry,71500254
Marc,Mcintosh,72587368
Marc,Ferguson,23407983
Lea,Ferguson,16264398
Beatrix,Angus,71033821
Marc,ohairy,87357865
James,ohairy,44494912
James,Angus,15441005
Beatrix,Barry,54054309
James,Mcintosh,25293669
Lea,Ferguson,45034247
Harry,Mcintosh,27540206
James,Angus,20379999
Beatrix,Barry,87064642
Lea,Ferguson,79576844
Marc,Barry,65849484
Harry,Smith,80379775
James,Ferguson,66095495
Marc,Smith,62289024
Marc,ohairy,18046294
Lea,Angus,19822469
James,ohairy,70509322
Beatrix,Barry,46442991
Harry,Smith,19055533
Lea,Mcintosh,84197510
James,Smith,22671527
Beatrix,Smith,52776785
Charlotte,Ferguson,56802400
Beatrix,Angus,54265928
Lea,Ferguson,33499611
Beatrix,Ferguson,44516904
Charlotte,Mcintosh,61509112
Marc,Ferguson,71491554
Beatrix,Ferguson,44625503
Harry,Angus,66160053
Charlotte,Ferguson,28283681
Marc,Smith,85827451
Lea,Angus,15996174
Charlotte,Barry,49335992
Harry,Barry,28388850
Charlotte,Mcintosh,24069884
Beatrix,Barry,27405554
Lea,Smith,87846005
Harry,Mcintosh,66665839
Beatrix,Barry,39043851
Marc,Mcintosh,65327589
Harry,Ferguson,29835604
Charlotte,ohairy,41308557
Beatrix,Smith,20028108
Marc,Mcintosh,72468366
Beatrix,ohairy,20761486
Marc,Ferguson,85577837
Beatrix,Smith,41836253
Lea,ohairy,83420521
