First Name,Last Name,Matriculation
Lea,Smith,79596537
James,Angus,89191609
Charlotte,Angus,46986671
Charlotte,Smith,61934702
Lea,ohairy,87916060
Beatrix,Barry,68132729
Harry,Angus,21897774
Lea,Smith,10596548
Marc,Smith,50395069
Beatrix,Mcintosh,84591554
Charlotte,Mcintosh,73411419
James,ohairy,73584417
James,Smith,35079163
Marc,Mcintosh,20152332
Harry,Ferguson,23194701
Charlotte,Barry,43737700
Harry,Mcintosh,89461226
Harry,Mcintosh,63929555
James,Angus,64990474
Beatrix,Smith,57343002
Charlotte,Mcintosh,70495155
James,Ferguson,57991429
Lea,Mcintosh,44789104
Beatrix,Angus,33058762
James,Smith,22281361
Charlotte,ohairy,42304152
Marc,Angus,48582762
Charlotte,Ferguson,89411487
Beatrix,Ferguson,62381204
James,Mcintosh,29841404
Lea,Mcintosh,48083069
James,Ferguson,85671576
James,Angus,85962781
James,Angus,21146915
Beatrix,Smith,42669454
Lea,Angus,56402631
Beatrix,Barry,22477970
Charlotte,Smith,33404521
Harry,Mcintosh,27904606
Marc,Mcintosh,50986449
Lea,Angus,58353168
James,ohairy,11857746
Lea,Ferguson,14315309
Lea,ohairy,24048572
Marc,Barry,13433850
James,ohairy,60463794
James,Barry,85029582
Marc,Ferguson,39355967
Beatrix,ohairy,63131656
Charlotte,Barry,56472844
Beatrix,Smith,29108012
Charlotte,Barry,30535799
Harry,ohairy,11682359
Marc,ohairy,41919783
Harry,ohairy,44803420
James,Ferguson,79199159
Marc,ohairy,28800954
James,Ferguson,10469408
Marc,Barry,77109953
Lea,Angus,22410881
Charlotte,Mcintosh,35791359
Charlotte,Ferguson,75691098
Beatrix,Barry,42809009
Harry,Angus,10861750
Harry,Mcintosh,84091050
Harry,Barry,84155948
Charlotte,Ferguson,48466535
James,Mcintosh,50121564
Beatrix,Smith,31850213
Marc,Barry,69961543
Beatrix,Smith,10913975
Harry,Angus,67437916
Harry,Mcintosh,33959206
James,Mcintosh,70022258
Beatrix,Barry,80086722
James,Angus,29748845
Lea,Barry,86906703
James,ohairy,69093990
Lea,Ferguson,48590624
Harry,Ferguson,66018266
Harry,Mcintosh,53534038
James,Smith,33398508
James,Smith,79669556
Beatrix,Barry,75942850
Beatrix,Smith,89021666
James,Smith,84427137
Beatrix,Smith,83554712
Marc,Smith,88336652
Lea,Ferguson,71099494
James,Barry,65617752
Charlotte,Barry,11883429
Lea,Barry,47859503
Marc,Ferguson,45895680
Lea,ohairy,57078881
Marc,Ferguson,21539141
Charlotte,ohairy,22741615
James,ohairy,11484464
Beatrix,Angus,78530689
Beatrix,ohairy,34077178
Lea,Smith,71622904
