First Name,Last Name,Matriculation
Lea,Smith,42806546
Lea,Angus,43901317
James,ohairy,18133854
James,Smith,61596478
Harry,Smith,55356478
Lea,ohairy,31518335
Charlotte,Barry,74512358
Marc,Barry,62678440
Lea,Angus,80496765
James,Barry,77824143
James,Angus,11106827
Charlotte,Angus,22388626
Lea,Ferguson,28070656
Lea,ohairy,35348927
Marc,Mcintosh,38629959
Charlotte,Angus,81458217
James,Mcintosh,62553376
Lea,Ferguson,86912023
Beatrix,Barry,30284787
Charlotte,Mcintosh,39919788
Beatrix,Smith,75823256
Beatrix,Angus,11775167
Lea,Mcintosh,28986407
Charlotte,ohairy,86596306
Marc,Mcintosh,88675889
Charlotte,Smith,14449296
Marc,Smith,51321020
Harry,Smith,69885502
Lea,Angus,21446457
James,Angus,64014874
Beatrix,Angus,70505839
Beatrix,ohairy,41480833
James,Angus,52702450
Beatrix,Angus,75788806
Beatrix,Mcintosh,21960266
Lea,ohairy,17440979
Beatrix,Barry,39680226
Marc,Barry,84880850
James,Mcintosh,69704118
Harry,Mcintosh,67480166
Lea,Barry,31398954
Harry,Ferguson,20219841
James,Angus,57003400
Harry,Ferguson,47185451
Lea,Smith,89876764
James,Ferguson,37530661
Marc,ohairy,28479850
Harry,ohairy,88590323
James,Barry,21218768
Harry,Ferguson,17010594
Lea,Ferguson,30177219
James,Smith,11667313
Beatrix,Mcintosh,86177829
Charlotte,Smith,76356769
Marc,Mcintosh,28136698
Harry,Smith,23985164
Harry,Barry,70802170
Marc,Smith,87268701
Harry,Angus,37919715
Harry,Barry,21895550
Lea,Angus,11925412
Marc,ohairy,67235456
James,Smith,44647355
Beatrix,Angus,34316412
James,Mcintosh,29821851
Charlotte,Mcintosh,73363703
Beatrix,ohairy,48267150
Charlotte,Angus,70721086
Beatrix,ohairy,83378428
Charlotte,Angus,63170265
Harry,Angus,15868129
Beatrix,Smith,31848099
Lea,Mcintosh,14846170
Harry,Smith,21013741
James,Ferguson,80775272
Lea,Barry,29168347
Lea,Smith,58953915
Beatrix,Ferguson,82003798
Charlotte,Barry,60960511
Charlotte,Barry,62392449
Harry,Smith,63836114
Marc,ohairy,62347206
Harry,Smith,28795208
Harry,ohairy,82929098
Harry,Ferguson,25051969
Harry,Barry,13408175
Marc,Barry,45791482
James,Barry,60354769
Marc,Smith,79288106
Beatrix,Angus,58320351
James,Barry,11674275
Harry,Barry,38154736
Lea,ohairy,43934944
Charlotte,Smith,66755566
Beatrix,Mcintosh,18440289
Charlotte,Mcintosh,73366461
Harry,Ferguson,13320511
Harry,Angus,55870511
Lea,Smith,25805063
Marc,Smith,25097858
