First Name,Last Name,Matriculation
Lea,Ferguson,22374929
Harry,ohairy,16412471
Lea,Smith,73949354
Harry,Barry,64439418
Charlotte,Angus,24338528
Beatrix,Smith,59930736
Beatrix,ohairy,87599301
Beatrix,Smith,86477165
Lea,Ferguson,46246744
James,Mcintosh,64616009
Marc,Angus,86164706
Charlotte,Barry,68639532
Marc,ohairy,11154345
Marc,ohairy,72633606
Charlotte,Ferguson,55154591
Harry,Smith,42440232
Harry,ohairy,42033356
Marc,Ferguson,64059922
Charlotte,Smith,44766296
Charlotte,Barry,38492630
James,ohairy,10965736
Beatrix,Ferguson,14225508
Marc,Angus,12175315
Harry,Angus,45108362
Lea,Barry,22360866
James,Smith,46689179
Charlotte,Smith,39652013
James,ohairy,56589385
Marc,ohairy,38267126
Charlotte,Barry,46004197
Beatrix,Smith,28258458
Charlotte,Smith,52004856
Beatrix,Angus,59337166
Harry,Smith,43428595
Charlotte,Smith,30778335
Marc,Mcintosh,55454343
Lea,ohairy,70857119
Beatrix,Angus,83862901
James,Ferguson,57828486
Lea,Ferguson,66166218
James,Smith,39843512
Beatrix,Angus,85940594
Marc,Mcintosh,13631414
Beatrix,Smith,51684122
Charlotte,Smith,40108474
Harry,Ferguson,16443069
James,ohairy,22810549
James,Barry,63980460
James,ohairy,30485731
Charlotte,Smith,18098170
Charlotte,Mcintosh,20955882
Lea,ohairy,55341923
Lea,Mcintosh,28341756
Marc,Mcintosh,87794692
Beatrix,Barry,42349784
Beatrix,Ferguson,24566332
Beatrix,Smith,13044417
Marc,Smith,18065059
James,ohairy,85781618
Harry,Ferguson,29628004
James,Smith,71160958
Lea,Angus,78784540
James,Ferguson,70789620
Lea,Mcintosh,88176368
Charlotte,ohairy,22477639
Lea,ohairy,85700478
James,Mcintosh,17956938
Beatrix,Barry,69901281
Charlotte,Angus,86269894
Beatrix,Angus,53105816
Marc,ohairy,30013381
Marc,ohairy,48811667
Lea,Smith,32196225
James,Angus,69948431
James,Smith,68220913
Marc,Barry,81124438
Beatrix,ohairy,65003123
Beatrix,Barry,55141137
Charlotte,Mcintosh,77126777
Charlotte,Angus,86702145
James,ohairy,87627327
Harry,Angus,38106791
James,Ferguson,17391457
Lea,Smith,85339876
Charlotte,Angus,49828618
Charlotte,Barry,48637831
Charlotte,Barry,45014193
Harry,Smith,68788065
Beatrix,ohairy,63812712
Marc,Ferguson,84139900
James,Barry,86111794
Harry,Smith,78577623
Harry,Barry,53806677
Beatrix,ohairy,58097731
Harry,Mcintosh,17897325
James,Angus,80499810
Harry,ohairy,30919301
Lea,Ferguson,20252995
Beatrix,Angus,38177380
Harry,Angus,10420537
