First Name,Last Name,Matriculation
Beatrix,Ferguson,43663026
Beatrix,Ferguson,42534887
Charlotte,Ferguson,83798059
Lea,ohairy,16940504
James,Angus,84890562
James,Smith,11652752
Beatrix,Smith,58863170
Beatrix,Barry,80564815
Marc,Ferguson,88552305
James,Smith,33560387
Beatrix,Angus,48767894
Beatrix,Barry,71526588
Beatrix,Mcintosh,11708292
James,Barry,18380010
Marc,ohairy,88649544
James,Smith,86820975
Charlotte,Mcintosh,49621704
Beatrix,Ferguson,13767529
Beatrix,Angus,28112277
Charlotte,Ferguson,61838422
Harry,Mcintosh,74151478
Beatrix,ohairy,43724413
Beatrix,ohairy,66554282
James,Ferguson,73468304
James,Mcintosh,78935539
Lea,ohairy,86009556
Beatrix,Ferguson,58781968
Charlotte,Ferguson,54629808
Lea,Smith,17859449
Beatrix,Angus,32509264
Beatrix,Smith,36474003
Charlotte,Mcintosh,68917725
James,Barry,80660851
James,Barry,65031657
Charlotte,Angus,56734213
James,Ferguson,67323554
Harry,ohairy,15381671
Marc,Angus,47100210
Marc,Ferguson,54946649
Charlotte,Barry,83168189
Beatrix,ohairy,43584837
Charlotte,Barry,27828704
Harry,Barry,60289911
Harry,Barry,66786026
James,Mcintosh,70009586
Lea,Ferguson,79975128
Marc,Smith,89260102
Marc,Angus,34893860
Marc,Barry,20322170
James,Mcintosh,16309932
Harry,Ferguson,22516754
Harry,Smith,66985846
Marc,Barry,81661587
Marc,Smith,75726064
James,Mcintosh,81344818
Beatrix,Mcintosh,52608411
Charlotte,Angus,35062445
Charlotte,ohairy,66463597
Charlotte,Mcintosh,59124474
Beatrix,Mcintosh,42413758
Lea,Angus,75562871
Lea,Smith,81898639
Lea,Mcintosh,35043420
Charlotte,Barry,46478456
Harry,Angus,20594761
Beatrix,Angus,80303819
James,Mcintosh,45067021
Charlotte,Barry,19711106
Harry,Angus,15623811
Lea,ohairy,60607574
Lea,Barry,18408859
Marc,Mcintosh,57226219
Beatrix,Barry,35971308
Charlotte,Mcintosh,82134921
Marc,Angus,31794205
Lea,Mcintosh,59478969
Harry,Smith,59109347
Charlotte,Barry,78979430
Harry,Angus,19750023
Harry,Barry,41612645
Beatrix,ohairy,10597304
Lea,Angus,34564519
Lea,ohairy,82812599
Marc,Smith,14989991
Lea,Smith,47743812
Lea,Mcintosh,33434012
James,Ferguson,54354249
Charlotte,Ferguson,43975457
Marc,Angus,54718569
Beatrix,Ferguson,32147430
Marc,Smith,86978832
Harry,Mcintosh,78200763
Charlotte,Angus,24541613
Beatrix,Smith,34051318
Beatrix,Angus,89945088
Beatrix,Ferguson,30065886
Lea,ohairy,52417543
Lea,Smith,10905476
Harry,Mcintosh,66230893
Beatrix,ohairy,75244503
