First Name,Last Name,Matriculation
Lea,Barry,54340623
Harry,Smith,34958434
James,Ferguson,87354206
Beatrix,Smith,71721875
James,Ferguson,44153518
Lea,Barry,34769088
Charlotte,Barry,89639552
James,Smith,21712748
Harry,Barry,34736653
Beatrix,Mcintosh,38581372
Harry,Barry,25609116
Harry,ohairy,35331683
Charlotte,Mcintosh,57829195
Lea,Barry,23024522
James,Angus,72996515
Charlotte,ohairy,48468674
Charlotte,Angus,59031567
Charlotte,ohairy,21024995
Harry,Mcintosh,75435546
Marc,Smith,51721125
Beatrix,Smith,40351268
Charlotte,Mcintosh,57146440
Lea,Angus,46827228
Marc,Smith,63228918
Beatrix,Angus,81137832
Lea,ohairy,29448023
Harry,Smith,69498411
James,Barry,80363249
James,Mcintosh,40770673
Beatrix,ohairy,84017400
Beatrix,ohairy,37975838
Beatrix,Smith,37337205
Lea,Barry,40614237
Marc,Mcintosh,15140504
Charlotte,Barry,84695653
Beatrix,Ferguson,79504271
Marc,Mcintosh,68124381
Marc,Barry,37707071
Lea,Angus,84377136
Harry,Ferguson,65538579
Beatrix,ohairy,23300081
James,Smith,68509712
Harry,Smith,49834354
James,Smith,37700017
James,Mcintosh,23491760
Beatrix,Mcintosh,13823949
James,ohairy,15009623
Charlotte,Angus,68571667
James,Mcintosh,37006085
James,Mcintosh,25357075
Lea,Barry,57025803
Beatrix,ohairy,42611493
Charlotte,Mcintosh,20706596
Harry,ohairy,32281109
Charlotte,ohairy,27575638
James,Angus,46527402
Charlotte,ohairy,69805442
Harry,Mcintosh,28603380
James,ohairy,64340450
James,Mcintosh,32156301
Marc,Angus,38519044
Beatrix,Mcintosh,51259948
Beatrix,Angus,26943696
Charlotte,Mcintosh,81126606
Harry,ohairy,42758550
Charlotte,Angus,34618735
James,Barry,66397366
Beatrix,Barry,77129668
James,Smith,19923348
Harry,ohairy,86147243
James,Angus,15981267
Charlotte,Angus,10593222
Harry,Angus,24894708
Lea,Mcintosh,46911247
Charlotte,Angus,36272600
Harry,Angus,63887701
Marc,Smith,17745809
Beatrix,Barry,57415064
Marc,Angus,12141929
Marc,ohairy,37135153
Beatrix,Barry,72533082
Marc,ohairy,36814692
Marc,ohairy,43308388
Charlotte,Angus,39758417
Lea,Angus,49249463
Harry,Smith,65492376
Harry,Mcintosh,16530107
Charlotte,Mcintosh,52790822
Marc,Barry,56623630
James,ohairy,75689123
Beatrix,Angus,23429273
Beatrix,Mcintosh,16413050
James,ohairy,41669433
Charlotte,Barry,27256991
Harry,Smith,17971948
Harry,Barry,38608718
James,Mcintosh,40129015
Lea,Barry,29201750
Charlotte,ohairy,29204900
James,Mcintosh,37048883
