First Name,Last Name,Matriculation
James,Barry,83252028
Charlotte,Angus,22725853
Harry,ohairy,24387298
Beatrix,ohairy,30833467
Harry,ohairy,47142275
Marc,Angus,87269662
Harry,Angus,35738095
James,ohairy,50561892
Lea,Mcintosh,14540758
Beatrix,Mcintosh,53743686
James,Angus,55133231
Marc,Angus,62764957
Charlotte,ohairy,42260098
Harry,Barry,86644454
Marc,Smith,84671178
James,Barry,62672088
Marc,Ferguson,64840181
Charlotte,ohairy,21989512
Marc,Barry,22474487
Marc,Angus,82945660
Marc,Ferguson,47904329
Harry,Barry,75009725
Marc,Angus,69061173
Harry,Smith,46866050
Marc,Ferguson,63207693
Harry,ohairy,62090372
Charlotte,ohairy,40677451
James,ohairy,17726597
Marc,Mcintosh,12116250
Beatrix,Mcintosh,49321062
Beatrix,Ferguson,80913956
Marc,Barry,39824318
Lea,Ferguson,38458068
Marc,Mcintosh,33983835
Lea,Mcintosh,69194078
Marc,Barry,83395459
Lea,Ferguson,77859735
Marc,Angus,40778846
James,ohairy,37489988
Harry,Ferguson,73959928
Beatrix,Angus,64189623
Harry,Angus,20569690
Harry,Mcintosh,53776422
Charlotte,Ferguson,40413165
Charlotte,Mcintosh,34188271
Marc,Barry,58718259
Lea,Angus,84458869
Charlotte,Mcintosh,25937528
James,Ferguson,70737911
Marc,Barry,32565803
Marc,Angus,23722270
Marc,Ferguson,58679835
James,Ferguson,74610743
Marc,ohairy,41213671
Beatrix,Barry,74227736
Beatrix,Smith,72020613
Harry,Mcintosh,76186054
Marc,Smith,50430744
Marc,Angus,36001977
Beatrix,Ferguson,39280089
Beatrix,Mcintosh,47895646
Lea,Angus,23670111
Lea,Mcintosh,42988350
Beatrix,Smith,69434560
Harry,Mcintosh,26488508
Marc,Angus,13085740
Harry,Barry,55829283
Harry,Angus,66208321
Marc,Barry,34166274
Lea,Smith,57196824
Charlotte,Barry,31340974
Charlotte,Smith,45935460
Lea,Mcintosh,53628872
Charlotte,Mcintosh,58197199
Marc,ohairy,37074452
Charlotte,Mcintosh,79051184
Harry,ohairy,48798593
Harry,Angus,46749232
Lea,Smith,64499990
Beatrix,Smith,52558830
Marc,Angus,62373961
James,Ferguson,43636035
Harry,ohairy,43645627
James,Smith,84673008
Beatrix,Mcintosh,53393491
Beatrix,Smith,19145366
Harry,Barry,68031918
Harry,Smith,48090216
Lea,Barry,34636256
James,Angus,71622278
Charlotte,ohairy,25013887
Harry,Smith,72638821
James,Smith,71970544
Lea,ohairy,56655055
Beatrix,ohairy,42228429
James,Angus,60545167
Charlotte,Ferguson,51046661
Lea,Mcintosh,28111557
James,Mcintosh,57944242
Lea,Angus,26304789
