First Name,Last Name,Matriculation
Lea,ohairy,58849442
Marc,Angus,16785821
Charlotte,Barry,70435721
Marc,Mcintosh,23503999
Lea,Smith,39389444
Harry,Smith,32713329
Marc,Angus,15664346
Marc,ohairy,36667899
James,ohairy,62969037
Charlotte,ohairy,36481907
Beatrix,Ferguson,69348385
Lea,ohairy,39679852
Lea,ohairy,25838653
Lea,Mcintosh,63975878
Charlotte,Barry,15877798
Beatrix,Mcintosh,13913767
Harry,Barry,32381119
Beatrix,Ferguson,51272937
Harry,Angus,71473437
James,Barry,11519095
Beatrix,Smith,89244684
Charlotte,Barry,86523478
Lea,Mcintosh,76401348
Harry,Angus,88113620
Marc,Ferguson,33724920
Marc,Barry,21747155
Lea,ohairy,81470519
Beatrix,Mcintosh,51763836
Harry,ohairy,11913703
Beatrix,Barry,18081249
Lea,Smith,58062123
Lea,Ferguson,35555000
Harry,Smith,89205133
Harry,Barry,70448667
James,ohairy,51166486
James,ohairy,53991296
Lea,Barry,41305612
Lea,Smith,71407612
Beatrix,Ferguson,86708599
Beatrix,Barry,74893692
James,Angus,35782379
Charlotte,Ferguson,25459082
Lea,Smith,76761047
Marc,Mcintosh,36004818
James,Smith,21820926
Harry,Smith,49392725
Charlotte,Angus,74663204
Lea,Smith,39617319
James,ohairy,77178953
Marc,Angus,23303868
Marc,Mcintosh,86123123
Harry,Angus,47087105
Lea,Mcintosh,47280905
Lea,ohairy,88498265
Beatrix,Ferguson,15207112
Marc,Mcintosh,11379192
James,Barry,44861159
Beatrix,Smith,22651243
Beatrix,Smith,82973412
Charlotte,Angus,34931010
James,Smith,55455679
Marc,Ferguson,86700216
Lea,Barry,29220811
Beatrix,ohairy,51857674
Beatrix,Mcintosh,45651864
James,Angus,46323920
James,Ferguson,31320415
Beatrix,Barry,24700638
Charlotte,Barry,17551063
Beatrix,Barry,18027610
Lea,Mcintosh,27536005
Marc,Barry,52508667
James,Angus,85027423
Harry,ohairy,46713883
Harry,Smith,73146742
James,Smith,67773542
Lea,Smith,46237137
Marc,Smith,76489765
Lea,ohairy,54815674
Lea,Smith,67486431
Harry,Barry,39881708
Charlotte,Ferguson,63171625
Beatrix,ohairy,71610361
Beatrix,Mcintosh,38488936
Beatrix,Smith,43472891
Beatrix,Barry,70108960
James,Ferguson,48255013
Beatrix,Mcintosh,86055381
James,Mcintosh,14009804
Charlotte,Barry,82964087
Marc,ohairy,71615382
Beatrix,Angus,84699127
Charlotte,ohairy,78664316
Beatrix,Barry,10187261
Marc,Ferguson,54971112
Marc,Ferguson,71685285
Lea,Ferguson,25074118
Harry,Barry,41863344
Marc,Mcintosh,27993437
Beatrix,Angus,53429455
