First Name,Last Name,Matriculation
James,Angus,17980329
Lea,Mcintosh,78255696
Charlotte,ohairy,40182973
James,ohairy,80279180
Charlotte,Mcintosh,44880092
Lea,Ferguson,31053473
James,Ferguson,55364326
Beatrix,Smith,77867209
James,Ferguson,69601309
James,Barry,70965176
Beatrix,Angus,44684145
Charlotte,Mcintosh,32687385
Charlotte,Barry,59440666
Charlotte,Ferguson,84771942
Marc,Ferguson,16873850
James,Barry,76329284
Charlotte,Angus,22581907
James,Ferguson,59380334
Charlotte,Barry,44596277
Harry,Angus,87895920
Charlotte,ohairy,44205285
Marc,Smith,13110836
Charlotte,Barry,59978789
Charlotte,Ferguson,24577890
Lea,ohairy,80220799
Harry,Mcintosh,84964439
Lea,Smith,42005496
James,Barry,20061060
James,Ferguson,52039462
Beatrix,Barry,35520367
Charlotte,Ferguson,29157752
Marc,Mcintosh,34699527
Beatrix,Angus,63059810
Lea,Angus,22424249
Harry,Ferguson,34467174
Harry,Barry,48943105
Charlotte,Mcintosh,83964037
Beatrix,Smith,57047808
James,Barry,64115142
Charlotte,Barry,46540028
Lea,Smith,41888250
James,Barry,74547851
Charlotte,ohairy,55514308
Beatrix,Angus,65703586
Marc,ohairy,18793862
Charlotte,Ferguson,76562845
Beatrix,Mcintosh,56552599
Charlotte,Mcintosh,30666494
Charlotte,Ferguson,43073962
Beatrix,ohairy,38745260
Charlotte,Angus,76921743
Lea,Ferguson,14089771
Harry,Barry,13321942
Marc,Ferguson,53943771
Beatrix,Angus,52034739
James,Barry,58594552
Charlotte,Barry,86880525
Harry,Barry,18304838
Beatrix,ohairy,16556863
Harry,Barry,70449034
James,Barry,81939588
Harry,ohairy,42779606
James,Smith,52174451
Beatrix,ohairy,13630235
Beatrix,Angus,31024465
Lea,Smith,33088391
James,ohairy,80739110
Lea,Smith,41247916
Charlotte,Ferguson,23254193
Marc,Barry,58178360
Harry,ohairy,44379419
Beatrix,Barry,37605343
Beatrix,Barry,46281355
Beatrix,Ferguson,18265200
James,Mcintosh,32408339
Beatrix,Smith,44346457
Beatrix,Smith,76572559
Charlotte,Barry,87627857
Marc,Angus,77725335
James,Barry,22895809
Beatrix,ohairy,62267403
Lea,Ferguson,17969559
James,Barry,24619577
James,Smith,30410273
Charlotte,ohairy,21858104
James,Smith,21860998
Marc,Barry,62875228
Harry,Ferguson,66809345
Harry,ohairy,42256123
Lea,Smith,30831339
Charlotte,Ferguson,11058702
Harry,Barry,19590906
Marc,ohairy,10824587
Charlotte,Barry,85455985
Harry,Ferguson,69728840
Lea,Mcintosh,56048464
Lea,Ferguson,11167397
Lea,Angus,74837288
Lea,Smith,87458945
Marc,Angus,72347966
