First Name,Last Name,Matriculation
Charlotte,ohairy,77893777
Charlotte,ohairy,80568623
Charlotte,ohairy,56974928
Charlotte,Mcintosh,11032029
Marc,Angus,60759298
Charlotte,ohairy,68764924
Marc,ohairy,14146759
Marc,Smith,62669726
Charlotte,Barry,53298189
James,ohairy,62458918
James,Smith,54343747
Charlotte,ohairy,59603688
Beatrix,Barry,14976356
Lea,Smith,27598032
Beatrix,Smith,20801895
Marc,ohairy,85459963
Beatrix,Barry,32821601
Harry,Ferguson,33594325
Lea,Barry,15070885
Harry,Barry,73769550
Beatrix,Angus,40679135
Lea,Barry,42774815
Harry,Mcintosh,28633436
Harry,Ferguson,17335169
Charlotte,Mcintosh,81121799
Harry,ohairy,88659104
James,Barry,61762061
James,Mcintosh,30992665
James,Barry,46433598
Charlotte,Smith,19588267
Lea,ohairy,50186244
Harry,Mcintosh,54035875
Marc,Barry,89992469
Lea,Mcintosh,83351843
Harry,Angus,31677643
Lea,Mcintosh,48817041
James,Ferguson,47457434
Beatrix,Ferguson,70473692
Lea,Ferguson,57717791
Harry,Angus,72675078
Charlotte,Angus,89883486
Marc,Angus,49683004
Beatrix,ohairy,88462877
James,ohairy,88044256
Harry,Smith,65957499
Charlotte,Barry,34294564
Harry,ohairy,64818536
Marc,Angus,86957136
Beatrix,Barry,18156717
Harry,Smith,33206897
Beatrix,Mcintosh,87383810
Lea,Mcintosh,35040275
Lea,Barry,89936077
James,Ferguson,21501561
Lea,Smith,53915160
Charlotte,ohairy,76424442
Harry,ohairy,63082236
Beatrix,Ferguson,74906832
Charlotte,ohairy,43757673
Charlotte,Smith,21838587
Lea,Mcintosh,80407625
Harry,Mcintosh,30322887
Marc,Mcintosh,14761272
Charlotte,Barry,85061923
Marc,Mcintosh,12383450
Harry,ohairy,62300353
Lea,Barry,60621241
Beatrix,ohairy,40454674
Charlotte,Barry,22712398
James,ohairy,32856370
Harry,Smith,65507611
Beatrix,Ferguson,19355708
Lea,Angus,57691968
Harry,Ferguson,53733683
Harry,Smith,45221579
Beatrix,Mcintosh,80904252
Beatrix,Ferguson,66274753
Lea,Barry,35347272
Harry,Ferguson,48055403
Lea,Smith,45233499
James,Smith,83645428
James,Ferguson,50354774
Marc,Angus,48372588
Charlotte,Mcintosh,14993509
Marc,Ferguson,44367489
Beatrix,Barry,19792407
Beatrix,ohairy,11657514
Lea,Ferguson,27052794
Marc,Barry,59287967
Charlotte,Ferguson,58846401
Lea,Angus,34684025
Harry,Angus,38524046
Beatrix,Ferguson,28319116
James,Barry,35594021
Harry,Angus,70100571
Beatrix,Barry,27213906
James,Smith,65834662
Harry,Angus,72669921
Marc,Ferguson,49331927
Beatrix,Ferguson,82597507
