First Name,Last Name,Matriculation
Lea,ohairy,19671634
Marc,Ferguson,33853750
Charlotte,Smith,22480071
James,Smith,42654201
Beatrix,Angus,38196918
Marc,ohairy,26048254
Lea,Smith,64655317
Charlotte,Mcintosh,75194595
Lea,Smith,88616205
Charlotte,Smith,59943120
James,Mcintosh,36561540
James,Smith,13501336
Beatrix,Angus,44887528
James,Mcintosh,84904541
Harry,Ferguson,19393999
Marc,Angus,74999853
Lea,ohairy,38424463
Charlotte,Barry,42440751
Beatrix,Barry,14365828
Lea,ohairy,29231057
Beatrix,Smith,51521816
Marc,Barry,69166762
Harry,Ferguson,12830681
Charlotte,Angus,30849822
Beatrix,Barry,31311068
Harry,Angus,72175690
Charlotte,Barry,82390697
Harry,Smith,49043776
Beatrix,Mcintosh,16925294
Harry,Mcintosh,49517617
Marc,Ferguson,85245191
Lea,Mcintosh,21749933
Beatrix,Ferguson,88835990
Harry,Ferguson,18158387
Marc,ohairy,69368080
James,Ferguson,34742414
Lea,ohairy,22919671
Lea,Mcintosh,34345658
Marc,Barry,76322100
Charlotte,Smith,55427374
Marc,Angus,28358542
Charlotte,Ferguson,57970618
Harry,Barry,40047219
Lea,Barry,81614558
Beatrix,Mcintosh,10991677
Harry,Smith,38885570
Charlotte,Angus,63943072
Beatrix,ohairy,51825207
James,Mcintosh,49283884
Marc,Ferguson,24739066
James,Ferguson,45355102
James,Ferguson,24749303
Harry,Barry,13858885
Charlotte,Smith,72403930
Lea,Ferguson,66306198
James,Mcintosh,19590208
James,Smith,20824038
Lea,ohairy,81547131
Lea,Mcintosh,82870286
Beatrix,Barry,50832986
Harry,ohairy,41500358
Marc,Ferguson,54370589
Beatrix,ohairy,23391313
James,Ferguson,41056139
Marc,Barry,80721862
Marc,Mcintosh,65538233
Charlotte,Angus,18638131
Charlotte,Barry,45610497
Marc,ohairy,48501314
Beatrix,Barry,38289877
Beatrix,ohairy,16295334
Lea,Angus,58021054
James,Mcintosh,17099844
Marc,ohairy,20808313
Harry,Mcintosh,66045798
Lea,ohairy,78833660
Harry,Mcintosh,24247058
Harry,Ferguson,59162976
Beatrix,Smith,75497873
James,Ferguson,51985761
James,ohairy,37010259
Charlotte,Angus,48082448
Charlotte,Smith,69743381
Beatrix,Barry,83793561
Harry,Smith,70621653
Beatrix,Mcintosh,28725622
Lea,Angus,21190198
Lea,Mcintosh,65745094
James,Angus,50314430
Lea,Smith,62687948
James,Barry,54071222
Charlotte,Mcintosh,71921806
James,Smith,44580756
Lea,Ferguson,68888120
James,ohairy,12294508
Lea,Smith,13051633
Beatrix,Barry,69877618
Marc,Angus,12957798
Charlotte,ohairy,13297383
Harry,Mcintosh,27533417
