First Name,Last Name,Matriculation
Charlotte,Angus,70262129
Harry,ohairy,81173175
James,Smith,27344194
Marc,Smith,39196650
Marc,Smith,81052327
Marc,ohairy,85844082
Lea,Angus,76503429
James,Ferguson,31134324
Charlotte,Smith,59786895
Lea,Barry,76280289
Marc,Barry,22873135
Lea,Ferguson,57549789
Charlotte,ohairy,87788754
Marc,ohairy,50077089
Lea,Smith,23531196
Marc,Mcintosh,60845191
Lea,Angus,87444605
James,Barry,77312878
Charlotte,Smith,54369519
Charlotte,Ferguson,39508711
Beatrix,Smith,12642706
Harry,Barry,53650080
Harry,Smith,54291883
Charlotte,ohairy,10215348
Lea,ohairy,78554218
Lea,Angus,79491404
Harry,Barry,86480379
Charlotte,Smith,46961339
Harry,Angus,72227357
Harry,Barry,51078914
Harry,ohairy,18262519
Lea,ohairy,89893699
Lea,ohairy,54671493
James,Smith,25307278
Beatrix,Mcintosh,16448321
Beatrix,ohairy,56402485
Harry,ohairy,23976341
Marc,Barry,86827540
Lea,ohairy,53960621
Marc,ohairy,74812246
James,Barry,11334896
Harry,Angus,41834964
Charlotte,ohairy,85603174
Beatrix,Angus,29453242
James,ohairy,65533005
Charlotte,Mcintosh,16341329
Lea,Smith,80825503
Beatrix,Barry,75617172
Beatrix,Mcintosh,62354563
Marc,Barry,87566038
Charlotte,Ferguson,31737639
Beatrix,ohairy,13802394
Charlotte,Angus,33568450
Charlotte,Angus,16295447
Lea,Barry,80497957
James,Mcintosh,69511097
Harry,Angus,57070673
Beatrix,Barry,63186096
Harry,Barry,77112351
James,Mcintosh,76823740
James,Mcintosh,15344755
Charlotte,Smith,82132309
James,Mcintosh,84235260
Beatrix,Barry,42016225
Beatrix,Ferguson,79269053
Marc,Angus,88060931
Marc,Ferguson,80252525
Lea,Mcintosh,36281700
James,Barry,12780555
Beatrix,Angus,17122800
Harry,Ferguson,36289689
Beatrix,ohairy,46316281
Charlotte,Mcintosh,86329616
Lea,Mcintosh,66605691
Lea,Ferguson,84408734
Beatrix,Smith,80060325
Lea,Angus,87746353
Harry,Ferguson,30191270
Lea,Ferguson,89691680
Lea,Mcintosh,29618524
Beatrix,Angus,78148370
Charlotte,Barry,18660935
James,Angus,43760852
James,Mcintosh,47131468
Harry,Mcintosh,50828044
Harry,Angus,23176390
Charlotte,Angus,35216378
James,Mcintosh,37447524
Marc,Ferguson,89320067
Harry,Barry,77038572
Lea,Barry,22361690
Charlotte,Ferguson,58131437
Charlotte,Barry,20006036
James,Angus,14807964
Charlotte,ohairy,53091483
James,ohairy,70766055
Beatrix,Angus,23491936
Marc,Smith,83964031
Lea,Ferguson,29556370
Marc,Mcintosh,41348391
