First Name,Last Name,Matriculation
Charlotte,ohairy,58851791
Marc,Ferguson,32069330
Harry,Smith,16334496
Charlotte,Smith,85629619
Marc,Smith,87780232
Lea,Mcintosh,81501896
Beatrix,ohairy,41761770
Lea,Ferguson,16087247
Charlotte,Angus,14962888
Charlotte,Mcintosh,51866425
Harry,Angus,69049954
Marc,Smith,21507573
James,Smith,66702297
Harry,Angus,88190138
Beatrix,Angus,45257926
Harry,Ferguson,23303666
James,Angus,32816642
Harry,Barry,60642531
Charlotte,Smith,57788275
Marc,Mcintosh,23047974
Beatrix,Angus,43754725
Marc,Barry,74604343
James,Angus,68870302
James,ohairy,53622356
Harry,Smith,41525260
James,Smith,88493748
Harry,Angus,22126152
Harry,Smith,10044934
Marc,Barry,52346866
Lea,ohairy,28024421
Lea,Smith,37852398
Marc,Angus,78926197
Marc,Ferguson,35668678
Beatrix,Barry,11113045
James,Barry,32198159
Harry,Smith,12035210
Beatrix,ohairy,28836791
James,ohairy,10356816
Marc,Smith,43558119
Harry,Smith,20836803
Marc,ohairy,52921851
James,Smith,60051998
Beatrix,Ferguson,71852539
Marc,Smith,63255901
Beatrix,ohairy,46346388
James,Smith,31553979
Charlotte,ohairy,74313304
James,Angus,41824889
Beatrix,ohairy,36350558
Harry,Angus,85019117
Marc,Smith,80091288
Harry,Angus,69223590
Harry,Ferguson,75961228
Harry,Ferguson,66048208
Lea,Smith,24608157
James,Ferguson,25764066
Beatrix,ohairy,17973977
Harry,Smith,65109954
Marc,Smith,36088262
Beatrix,ohairy,23755594
Charlotte,Angus,27921892
Beatrix,Angus,68200300
Harry,Angus,71594155
Marc,Ferguson,19794448
Marc,ohairy,70510051
James,Mcintosh,54856391
Charlotte,Smith,82224054
Charlotte,Mcintosh,83677693
Lea,ohairy,41832266
Lea,Angus,41326555
Lea,Mcintosh,61494102
Lea,Mcintosh,75157063
Lea,Barry,13603705
James,Angus,68998543
Beatrix,Mcintosh,52634503
Lea,Smith,20887376
Charlotte,Angus,55979913
Marc,Ferguson,37616079
Beatrix,Ferguson,59492035
Lea,Ferguson,25773709
Harry,Ferguson,58617346
Harry,Ferguson,35642682
Charlotte,ohairy,48652490
Beatrix,Barry,32740840
Beatrix,Angus,45620416
Lea,ohairy,63488843
Harry,Angus,54765714
Charlotte,Smith,40076075
Lea,Ferguson,17582648
Lea,Angus,32118866
Charlotte,Mcintosh,80417038
Marc,Smith,77916552
Harry,ohairy,48762466
Charlotte,Smith,86667864
Beatrix,ohairy,77086934
Lea,Mcintosh,39986503
James,Mcintosh,14735616
James,Mcintosh,41393337
Beatrix,Angus,57736174
Harry,Angus,71494082
