First Name,Last Name,Matriculation
Charlotte,Angus,69475711
James,Ferguson,44067988
Charlotte,Angus,36255294
Charlotte,Smith,11296310
Lea,Smith,36171859
Lea,Ferguson,55033918
Lea,Barry,56424328
Beatrix,ohairy,73711795
Harry,Smith,86103766
Lea,Mcintosh,55878158
Harry,Mcintosh,45644847
Charlotte,Ferguson,28124574
Charlotte,Mcintosh,74691366
James,Mcintosh,31860555
Marc,Smith,42963477
Lea,Smith,79651373
Charlotte,ohairy,31865562
Lea,Barry,36890469
James,ohairy,46886512
Charlotte,ohairy,20574224
Beatrix,Smith,15284455
Charlotte,Mcintosh,48156742
Charlotte,Smith,61692511
James,Ferguson,28392219
James,Smith,48122834
Harry,Smith,85671750
Marc,Mcintosh,89024883
Lea,Smith,19375203
Charlotte,Mcintosh,30653180
James,ohairy,27576364
Charlotte,Ferguson,33547666
Harry,Barry,84805172
Charlotte,Mcintosh,54139775
Charlotte,Mcintosh,42919605
Lea,Ferguson,43517265
Harry,Mcintosh,88740310
Lea,Mcintosh,40306323
Beatrix,Barry,33750794
Charlotte,Ferguson,76294482
Lea,Angus,45675618
Beatrix,Ferguson,31310963
Marc,Barry,59164002
Lea,Smith,22954741
Marc,Angus,72184313
James,Mcintosh,12000289
Beatrix,Angus,88209288
Marc,Ferguson,83876723
Lea,Smith,58446770
Harry,Barry,47546073
Harry,ohairy,84563079
Lea,Smith,29782655
Harry,ohairy,39636337
Beatrix,Mcintosh,38250592
Harry,Smith,52534810
Marc,Mcintosh,41086594
Harry,ohairy,25599499
Harry,Angus,85640948
Lea,Ferguson,70944204
Lea,Smith,18107387
Marc,Smith,58789116
Marc,Angus,61405396
Charlotte,Angus,54035621
Charlotte,Barry,56664441
Charlotte,Smith,24707753
Harry,Ferguson,49552767
Charlotte,Barry,20999025
James,Smith,51368008
Charlotte,Mcintosh,34336841
Lea,Ferguson,73630118
Marc,ohairy,70797741
Beatrix,Ferguson,85984595
James,Mcintosh,85533226
Beatrix,Angus,13463266
Beatrix,Angus,79364214
Beatrix,Ferguson,21691858
James,Smith,70445644
Lea,Barry,70277426
Charlotte,Angus,16904116
Marc,ohairy,17019015
Beatrix,Mcintosh,69713710
Lea,Mcintosh,52075443
Lea,Barry,62215145
Harry,Ferguson,75486679
James,Mcintosh,60196208
Marc,Ferguson,49371434
Marc,ohairy,51632053
Lea,Smith,22130864
James,Smith,27148224
Beatrix,Mcintosh,84633282
Harry,Angus,88121147
Charlotte,ohairy,77879873
Charlotte,Ferguson,45204537
James,Angus,59587975
Harry,Angus,74882791
Lea,Angus,20487069
Beatrix,Barry,19226413
James,Barry,48951434
Lea,Ferguson,40519842
Charlotte,Smith,52652251
Harry,Ferguson,68113438
