First Name,Last Name,Matriculation
Marc,Smith,23200687
Charlotte,Ferguson,71048180
Marc,Mcintosh,68534419
Beatrix,Ferguson,11310576
Beatrix,Smith,65209864
Lea,Barry,16292238
Marc,Ferguson,43483501
Lea,Angus,79751597
Lea,Ferguson,43301913
Lea,Ferguson,50893459
Harry,ohairy,67374112
Marc,Angus,37638473
Lea,ohairy,30565673
Lea,Mcintosh,70349508
Beatrix,Angus,39355517
Harry,ohairy,38804786
James,Smith,52269086
James,Barry,79090587
Lea,Barry,61982014
Beatrix,Ferguson,11689597
Harry,Ferguson,70652216
Harry,Barry,57287033
Beatrix,ohairy,77498552
Charlotte,Barry,61017111
Charlotte,Smith,29602282
Lea,Mcintosh,70425651
Harry,Angus,13266205
Charlotte,Angus,54655007
Beatrix,Mcintosh,14068225
Lea,Barry,35160537
Harry,Smith,85891795
Beatrix,Angus,85523368
James,ohairy,70405521
Marc,ohairy,88080320
Harry,Ferguson,22452301
Harry,Mcintosh,87981658
Marc,Smith,88782749
James,Ferguson,79273767
Charlotte,Ferguson,53008193
Charlotte,Smith,30762765
Charlotte,Barry,20617214
Beatrix,Barry,55704186
James,ohairy,83384633
Marc,Smith,10651772
Marc,Ferguson,10895553
Charlotte,Ferguson,78510328
Lea,Mcintosh,73941468
Harry,Ferguson,28663164
James,Ferguson,81869550
Marc,Smith,81937732
James,ohairy,75907830
Lea,Smith,80138904
James,Angus,37831982
Marc,Angus,12205687
Harry,Angus,13865730
Lea,Smith,56858846
Harry,Ferguson,89404984
Beatrix,Barry,33608186
Harry,Ferguson,37309055
Beatrix,Mcintosh,56718629
Marc,Angus,78615801
Harry,Smith,52397373
Harry,Ferguson,47009692
James,Ferguson,41888107
Harry,Ferguson,29130509
James,Ferguson,11179096
Marc,Angus,35810993
Beatrix,Angus,61347916
Lea,Ferguson,18326037
Beatrix,ohairy,41288836
Harry,Barry,55561115
Charlotte,Mcintosh,13008542
Marc,Ferguson,55490340
Harry,Angus,36776812
Harry,Mcintosh,46426737
James,Angus,40488224
Marc,Mcintosh,21528763
Lea,Mcintosh,73228973
Beatrix,ohairy,37184207
Marc,Ferguson,73247045
Beatrix,Smith,12715455
James,Mcintosh,42373874
Harry,ohairy,82944462
Charlotte,Smith,46855021
Marc,Angus,62968590
Harry,Barry,17187090
Lea,Angus,52929611
Marc,Barry,12268377
Harry,Ferguson,83347318
Lea,Ferguson,84575764
Marc,Angus,59291429
James,Barry,50260383
James,Smith,55384379
Charlotte,ohairy,58405024
Marc,ohairy,56517947
Lea,Barry,35993401
Lea,Mcintosh,68732963
Harry,Ferguson,13245458
Charlotte,Mcintosh,11195260
Marc,Angus,82183054
