First Name,Last Name,Matriculation
James,Angus,22638134
Harry,Mcintosh,63845307
Beatrix,Barry,85195140
Marc,ohairy,20143430
Lea,ohairy,49411427
Beatrix,Ferguson,40329050
James,Angus,79824146
Charlotte,Mcintosh,10806639
Charlotte,Ferguson,55763258
Charlotte,Smith,74257947
James,Mcintosh,42702485
Beatrix,Angus,44616283
Lea,Smith,38846372
Charlotte,Barry,31862570
Charlotte,Mcintosh,56065530
Marc,Smith,18391252
Beatrix,Ferguson,57737869
Lea,Ferguson,18139420
Beatrix,ohairy,33767842
Beatrix,Mcintosh,73382217
Harry,Mcintosh,74599834
Marc,Smith,46699995
Harry,Ferguson,44008008
Beatrix,Ferguson,84769235
Marc,Ferguson,85844275
James,ohairy,77379671
Beatrix,Barry,70942072
Beatrix,Angus,73453658
Charlotte,Ferguson,54359194
Harry,Barry,31286775
Beatrix,ohairy,87011283
Lea,Ferguson,36106139
Marc,Mcintosh,84371281
Beatrix,Barry,21961137
Charlotte,Angus,77222657
James,Barry,15470475
Beatrix,ohairy,13517110
James,Ferguson,16856549
Lea,Mcintosh,30087238
Charlotte,ohairy,82442403
Lea,Angus,49743053
Harry,Mcintosh,40639732
Charlotte,Barry,48003985
Marc,Barry,18298916
Beatrix,Ferguson,71377359
Beatrix,Smith,10518041
Harry,Angus,61942194
Charlotte,Ferguson,57049151
Beatrix,Mcintosh,17824074
Harry,Smith,63975320
Charlotte,Ferguson,12969894
Beatrix,Mcintosh,49489452
Beatrix,Barry,84379945
Beatrix,Ferguson,33266390
Lea,Mcintosh,65274658
Marc,ohairy,51746660
Marc,Ferguson,39068384
Marc,Mcintosh,83122463
Beatrix,Barry,43316798
Beatrix,Smith,85254447
James,Barry,54986301
Charlotte,Ferguson,44438931
Beatrix,Angus,17677825
Harry,ohairy,72207285
Beatrix,Ferguson,32739547
Beatrix,Mcintosh,16425788
James,Smith,24454251
Harry,Angus,71029291
James,ohairy,60391204
Marc,Mcintosh,10954418
Harry,Angus,68035617
Harry,Mcintosh,13209375
James,Smith,25716430
Charlotte,Ferguson,37362708
Harry,Ferguson,19316178
Lea,Angus,66586949
Charlotte,Angus,17702083
Harry,Ferguson,13727150
Lea,ohairy,51186225
Charlotte,Mcintosh,46715982
Beatrix,Ferguson,75152287
Lea,Angus,18251375
Beatrix,ohairy,70593785
James,Mcintosh,26407135
Beatrix,Mcintosh,39532031
Charlotte,Angus,78551577
Lea,Angus,72981425
Beatrix,Angus,25728678
Charlotte,Ferguson,20019967
James,ohairy,77057945
Beatrix,Smith,57426825
Harry,Barry,20733472
Lea,Smith,62941485
Charlotte,Mcintosh,53698349
Harry,Angus,56938540
James,Ferguson,28779854
James,ohairy,79668223
Marc,Angus,23232445
Charlotte,Smith,22165664
Harry,Mcintosh,34566270
