First Name,Last Name,Matriculation
Beatrix,Angus,55688228
Charlotte,ohairy,79967362
Marc,Angus,21171998
Beatrix,ohairy,49218913
Beatrix,Barry,10169951
Lea,Mcintosh,86305248
Beatrix,Smith,32008340
James,Mcintosh,23740009
James,Mcintosh,44896547
James,Ferguson,30482216
Harry,ohairy,27563162
Beatrix,Barry,27297731
Harry,Barry,77254331
Beatrix,Angus,35393967
Lea,ohairy,76632593
Marc,Smith,85383727
Lea,Smith,56136883
Harry,Angus,85952750
Beatrix,Barry,81602066
Lea,Barry,27734377
Lea,Mcintosh,13202639
Marc,Mcintosh,66039026
James,Ferguson,41452018
Charlotte,Ferguson,11719090
Charlotte,Smith,47986169
Lea,ohairy,62582232
Lea,Ferguson,57926841
James,Mcintosh,85115771
Charlotte,Ferguson,44144445
Harry,Ferguson,51879382
James,Smith,61308107
Charlotte,Mcintosh,30324794
James,Angus,19735277
Harry,Smith,53177747
James,ohairy,27537135
Lea,ohairy,54381273
Marc,Angus,30486147
Lea,Smith,79956621
James,Mcintosh,57244965
Harry,Mcintosh,75448357
Beatrix,ohairy,79096974
James,Ferguson,71757402
James,Angus,82892400
Harry,Smith,30681228
Beatrix,Smith,60085409
Harry,Smith,24739098
Beatrix,Ferguson,15707646
James,ohairy,55567301
Marc,Mcintosh,41274976
Beatrix,Ferguson,68231851
Beatrix,Barry,32805417
Beatrix,ohairy,56073608
Harry,ohairy,61758195
Marc,Mcintosh,48886628
Marc,Barry,36493420
Charlotte,Mcintosh,53300555
Harry,ohairy,70935217
Marc,Barry,72546772
Harry,Mcintosh,88321752
Beatrix,ohairy,27331728
James,Ferguson,34636617
Charlotte,Angus,75468652
Harry,Barry,60263332
James,Smith,66957479
Charlotte,ohairy,88451989
Beatrix,Mcintosh,58915752
James,Barry,77337250
Charlotte,ohairy,56560510
Charlotte,Smith,55024320
Charlotte,ohairy,84473261
James,Smith,65072036
Charlotte,Smith,69210395
Charlotte,Mcintosh,67297487
James,Smith,31121358
Charlotte,Mcintosh,24677394
Lea,Barry,47149438
James,Angus,87557792
Beatrix,Angus,89050579
James,Barry,40188397
Beatrix,Ferguson,51047293
Harry,ohairy,30567353
Charlotte,Angus,14487233
Charlotte,ohairy,53437686
Marc,Smith,83614720
Beatrix,Angus,56944656
Beatrix,Angus,37690870
Beatrix,Angus,87604909
James,Smith,29373495
Marc,Barry,20324155
Beatrix,Mcintosh,65574882
Harry,Mcintosh,26633508
Lea,Barry,46949094
James,Smith,12472735
Lea,Mcintosh,19797239
James,Mcintosh,76414875
Harry,Barry,36030809
Harry,ohairy,11032516
Beatrix,Angus,28766829
James,Ferguson,54571816
Lea,Smith,20973118
