First Name,Last Name,Matriculation
James,Barry,24639070
Lea,Barry,87398717
James,ohairy,30620171
Beatrix,Mcintosh,30434546
Charlotte,Ferguson,38575014
Harry,Barry,13215137
Lea,Angus,73121325
Marc,Smith,26775684
Marc,Mcintosh,69639785
Lea,Mcintosh,72002179
Lea,ohairy,37670804
Lea,ohairy,57051443
James,Angus,37358779
Lea,Mcintosh,84571468
James,Barry,83617960
Harry,ohairy,88146973
Beatrix,Barry,41154220
James,Mcintosh,24470127
Charlotte,ohairy,38343322
Beatrix,Smith,27528149
Harry,Mcintosh,13731195
Charlotte,Ferguson,78626262
James,Angus,87078312
James,ohairy,70257584
Beatrix,Barry,40123890
Harry,Barry,62093548
Charlotte,Barry,15226856
James,ohairy,86528195
Marc,Barry,36594813
James,Barry,28265567
Beatrix,Smith,85359556
Beatrix,Smith,72053138
James,ohairy,67886319
Marc,Angus,14055573
Harry,Ferguson,87079860
Harry,ohairy,85409593
Harry,Barry,88427875
Beatrix,ohairy,19091049
James,Smith,52998158
Marc,Angus,64134839
Beatrix,ohairy,27698836
Harry,Ferguson,35820566
Marc,Smith,87913507
Harry,ohairy,13273184
Harry,Smith,48685030
Marc,ohairy,13456306
Lea,ohairy,55452790
Marc,Smith,15756820
Charlotte,Angus,41372454
Charlotte,Smith,22451381
Charlotte,Smith,16045970
Charlotte,Angus,49667628
Lea,Ferguson,89895791
Lea,Ferguson,21313983
Marc,Barry,26754477
Lea,ohairy,86257073
Lea,Smith,22350161
Charlotte,Ferguson,74533822
James,Angus,45189331
Marc,Smith,14809632
James,Mcintosh,55305862
Beatrix,Ferguson,50944843
James,Ferguson,40255330
Lea,Barry,17673690
James,Angus,41723402
Lea,Ferguson,65051069
James,Barry,59289461
Harry,ohairy,56921005
Beatrix,Smith,22565789
Charlotte,Angus,18598487
Charlotte,Smith,14611388
Lea,Mcintosh,44583864
Harry,Smith,74779688
Harry,Barry,34998081
Lea,Angus,83533595
Charlotte,Barry,33153179
Harry,ohairy,30316707
Lea,Ferguson,44008670
Charlotte,ohairy,88717473
Harry,Angus,67659665
James,Smith,43018604
James,Mcintosh,74223244
James,Angus,16380230
Harry,Barry,16783958
Marc,Angus,59475396
Lea,Smith,63964352
Harry,Ferguson,27413878
Marc,Smith,50275668
Charlotte,Ferguson,54545006
Lea,Smith,17697109
James,Barry,81179558
Beatrix,ohairy,58976885
Harry,Ferguson,32710555
Lea,Mcintosh,65040793
Lea,Angus,87035618
Marc,ohairy,52743246
Harry,Angus,60530284
Charlotte,Angus,54778958
Charlotte,Mcintosh,19137405
Marc,Mcintosh,30141052
