First Name,Last Name,Matriculation
Charlotte,ohairy,72971461
James,Ferguson,31037079
Marc,Smith,21742514
Charlotte,Mcintosh,49973107
Lea,Ferguson,57331224
Harry,Mcintosh,77419872
James,Smith,84044791
Charlotte,Angus,24150843
Marc,Ferguson,14369897
Lea,Mcintosh,50131376
James,Smith,86696444
James,Ferguson,57368048
Lea,Mcintosh,41692414
Charlotte,Angus,20171192
James,Ferguson,49283650
Beatrix,Barry,11778033
James,Mcintosh,45998535
James,Angus,23560028
Charlotte,Smith,17909178
Beatrix,Mcintosh,34939619
Beatrix,ohairy,55164043
Beatrix,Barry,36094243
Charlotte,Smith,32270542
Harry,Smith,50715002
Lea,Mcintosh,12171328
James,ohairy,31120645
Marc,ohairy,78527459
James,Smith,80979635
Harry,Barry,30745566
Marc,Angus,58853182
James,Barry,53031100
Harry,Mcintosh,75022699
James,Angus,40304457
Charlotte,Mcintosh,22198665
Beatrix,Barry,84635990
James,ohairy,87089920
James,Mcintosh,29927273
Harry,Angus,26356613
Harry,Angus,56316324
Harry,ohairy,69250558
Beatrix,Ferguson,57564417
Lea,Mcintosh,56802258
Marc,Angus,31586546
Beatrix,Angus,44372049
Beatrix,Ferguson,62746864
James,Mcintosh,57992387
Charlotte,Ferguson,68680894
Lea,Smith,15211175
Beatrix,Barry,12119288
Lea,Angus,22861998
Marc,Ferguson,25581911
Beatrix,Smith,48902572
Harry,Smith,43638353
Beatrix,Smith,78341695
Beatrix,Angus,64963393
Lea,ohairy,63354859
James,Ferguson,85846891
Lea,ohairy,61863799
Marc,Barry,29155416
Charlotte,Ferguson,65904938
Charlotte,Barry,36293838
Beatrix,Barry,62303168
Lea,Barry,19580097
James,ohairy,68953009
Lea,Mcintosh,81775815
Harry,ohairy,67101477
Marc,Ferguson,19649032
Lea,Smith,37729134
Charlotte,Barry,89745749
Beatrix,Smith,33689060
James,Barry,57867714
Lea,Barry,63494141
Charlotte,Smith,45654180
Marc,Barry,40501876
Beatrix,ohairy,48214904
Charlotte,Angus,11903959
Charlotte,Ferguson,32045754
Lea,ohairy,65929032
Charlotte,Smith,23890939
Charlotte,Mcintosh,65324004
Marc,Angus,53186245
Lea,Smith,62989432
James,Smith,28145475
Lea,Mcintosh,22818903
Beatrix,Mcintosh,73449061
Harry,Angus,68203333
James,ohairy,46747927
Marc,ohairy,64266359
Marc,Smith,75143580
James,Ferguson,52756713
Marc,Smith,68996056
Marc,Barry,62647946
Charlotte,Smith,34776924
Charlotte,ohairy,70441754
Lea,Ferguson,43124828
Harry,Mcintosh,75840819
Charlotte,Angus,48523546
Harry,Mcintosh,66786291
Harry,Smith,81399894
Beatrix,Ferguson,21551789
