First Name,Last Name,Matriculation
Marc,Barry,89071908
Beatrix,Mcintosh,42789680
Harry,Smith,28235489
Beatrix,Angus,39717107
Charlotte,Ferguson,26965472
Marc,Angus,36758432
Harry,Ferguson,26392782
Charlotte,Smith,43035061
Charlotte,Ferguson,27480820
Charlotte,Smith,36034378
Marc,Barry,15789523
Lea,Smith,11623233
Beatrix,Barry,18219592
Beatrix,Angus,89699896
Charlotte,Mcintosh,47458646
Marc,Mcintosh,87203315
Beatrix,ohairy,67335487
Harry,Smith,50124978
Harry,Smith,47780401
Harry,Mcintosh,54500821
Charlotte,Mcintosh,27226860
Harry,Smith,11118426
Charlotte,Ferguson,42748450
Charlotte,ohairy,51282602
Marc,Ferguson,27162662
James,Mcintosh,49664471
Harry,Mcintosh,31526441
Harry,ohairy,41531405
James,Barry,22932667
Marc,Ferguson,42327113
Marc,Angus,37457849
James,Ferguson,67890101
Harry,Smith,20147734
Beatrix,Ferguson,60327134
James,Angus,61999448
Charlotte,Ferguson,11605437
Beatrix,Mcintosh,75159930
Harry,Ferguson,33998967
Marc,Mcintosh,49869992
Lea,Mcintosh,52870490
Harry,Smith,44075644
Marc,Mcintosh,81168319
Charlotte,Smith,65242564
Beatrix,ohairy,74792601
Lea,Angus,75533934
Harry,Mcintosh,47601679
Harry,ohairy,29206196
Beatrix,Ferguson,44176609
Harry,Mcintosh,35701376
Lea,Ferguson,52715962
Harry,Barry,35918971
Lea,Mcintosh,57395992
James,Ferguson,89295807
Marc,Barry,81337028
Harry,ohairy,26289835
Charlotte,Mcintosh,69723076
Marc,ohairy,37042312
Beatrix,Mcintosh,80139895
James,Smith,79602161
Harry,Barry,66220471
Marc,Ferguson,54339830
James,Smith,13598936
Marc,ohairy,44244288
Harry,Smith,50663499
James,Mcintosh,82618728
James,Mcintosh,78761252
Charlotte,Ferguson,47880616
Harry,Ferguson,81852795
James,Mcintosh,55832626
Lea,Ferguson,19205737
Charlotte,ohairy,48579627
Marc,Angus,10001331
Lea,Angus,71731411
Marc,Barry,47118987
Lea,Angus,88158982
James,ohairy,37920775
Charlotte,Smith,32599834
Marc,Barry,22072947
Lea,Smith,21417095
Charlotte,Barry,77491519
Charlotte,Mcintosh,78026568
Marc,ohairy,60541987
Charlotte,Angus,79317576
Harry,Barry,23519770
Marc,Barry,89490825
James,Ferguson,39768571
Lea,Ferguson,70738095
Beatrix,Barry,45113028
Harry,Mcintosh,42669706
Beatrix,Mcintosh,67700385
Beatrix,Angus,46717827
Beatrix,ohairy,50356009
Harry,Ferguson,61763311
Marc,Mcintosh,22050351
Harry,Barry,56195512
Charlotte,Angus,71419210
James,Ferguson,69922678
Beatrix,Barry,40915933
James,Mcintosh,70481373
Marc,ohairy,40896584
