First Name,Last Name,Matriculation
Lea,Ferguson,58490950
Charlotte,Mcintosh,71318724
Beatrix,Smith,13178657
Beatrix,Barry,87410548
Beatrix,Barry,54109461
James,Barry,76210157
James,Angus,34976405
Lea,Barry,50895233
Marc,Ferguson,20959707
Lea,Barry,54569992
Marc,Mcintosh,83855874
Beatrix,Mcintosh,78218429
Charlotte,Barry,56040760
Lea,Mcintosh,74413258
James,Mcintosh,55855869
Beatrix,Barry,30467872
Charlotte,Barry,44688249
Lea,Ferguson,86825476
Lea,Angus,68828072
Marc,Barry,38641838
Marc,ohairy,56595088
Charlotte,Ferguson,63813388
Lea,Angus,82407705
Lea,Ferguson,59824438
Harry,Ferguson,59957840
Harry,Smith,60326239
James,Angus,81347859
Charlotte,ohairy,66166607
Harry,Mcintosh,71545548
Lea,Mcintosh,65952610
Harry,Mcintosh,14563412
James,Angus,44209289
Lea,ohairy,82037952
James,Smith,84976291
Charlotte,Mcintosh,89376324
Harry,Angus,74562780
James,ohairy,12505479
Beatrix,Smith,62443439
Harry,Mcintosh,58375428
James,Angus,15378618
Harry,ohairy,80605480
Marc,Mcintosh,38790717
Beatrix,Angus,59998986
Lea,Mcintosh,62242132
Beatrix,Ferguson,81944341
Beatrix,Barry,80624539
Beatrix,Mcintosh,56350031
Lea,ohairy,42224557
Beatrix,Mcintosh,36068054
Harry,Barry,74736699
Lea,Mcintosh,14504721
Charlotte,Angus,89583690
Beatrix,Angus,68940650
Beatrix,Ferguson,80806300
Marc,ohairy,77426607
Charlotte,Barry,33442680
Beatrix,Smith,71925373
Charlotte,Barry,55125600
James,Ferguson,68975742
Harry,Smith,13793956
Beatrix,Angus,77550561
Charlotte,Barry,68664494
James,Smith,86519549
Harry,Ferguson,28133234
Marc,Mcintosh,50077727
James,Barry,41678865
Harry,Ferguson,86975545
Beatrix,Angus,77348931
Marc,Ferguson,82034925
Beatrix,Mcintosh,24112555
Beatrix,Barry,33714050
Charlotte,Ferguson,56758410
Harry,Barry,77806653
James,Barry,86264487
Beatrix,Mcintosh,28455406
Charlotte,Ferguson,38422719
Marc,Smith,46706682
Charlotte,Smith,74499653
James,Smith,80125286
Marc,Mcintosh,25796669
Lea,Ferguson,37813504
Harry,Smith,82942323
Marc,Ferguson,20234071
Beatrix,Mcintosh,56614544
Charlotte,Barry,50905294
Marc,Mcintosh,18428623
Beatrix,ohairy,66681811
James,Ferguson,48985996
James,Ferguson,64961859
Beatrix,Mcintosh,51733386
Charlotte,Barry,28313750
Marc,Ferguson,42063322
Marc,Ferguson,30462321
Marc,Angus,54100480
James,ohairy,48896671
Lea,Barry,82406994
Beatrix,ohairy,66731597
Charlotte,Barry,56577495
Beatrix,Angus,46064254
Harry,Ferguson,84774392
