First Name,Last Name,Matriculation
Marc,Ferguson,53143819
Charlotte,Barry,24294223
Charlotte,ohairy,86973945
Harry,Ferguson,49897783
Charlotte,Mcintosh,47409717
Marc,ohairy,59987296
Marc,Ferguson,12258216
Charlotte,Barry,13188900
Harry,ohairy,75100560
Charlotte,Mcintosh,38283417
Marc,Ferguson,46272106
Harry,Smith,48187123
Lea,Barry,40612829
Marc,Angus,16133687
James,Ferguson,30188047
Lea,ohairy,55135116
Beatrix,Angus,69022404
Beatrix,Angus,34055480
Lea,Angus,16938335
Charlotte,Angus,86656113
Lea,Ferguson,33649867
Harry,Angus,16254475
Lea,Barry,26360978
Harry,Smith,82617480
Charlotte,Mcintosh,13369207
Charlotte,Barry,63864491
Marc,Ferguson,13316998
Lea,Ferguson,63571355
Lea,ohairy,73725614
James,Mcintosh,53703023
Harry,Barry,63357334
James,Smith,48213452
Harry,ohairy,48808827
James,Mcintosh,15431959
James,Barry,43076952
James,ohairy,37093541
Charlotte,Mcintosh,53636958
Lea,Smith,49563188
Harry,ohairy,74573287
Lea,ohairy,12726777
Harry,Angus,58770340
Harry,Angus,57197102
Beatrix,Mcintosh,19216297
Lea,Mcintosh,49467002
Charlotte,ohairy,15155074
Marc,Ferguson,76954507
Charlotte,Mcintosh,62153160
James,Barry,82303313
Charlotte,Mcintosh,15518840
James,Angus,28985543
Beatrix,Mcintosh,72200658
Charlotte,Mcintosh,54427887
James,Barry,56141908
Charlotte,ohairy,21769534
James,Smith,25805754
Charlotte,ohairy,52458753
Beatrix,Mcintosh,49318776
Beatrix,Mcintosh,35969236
Charlotte,Smith,71772821
James,ohairy,58429501
Marc,Ferguson,19089051
James,ohairy,64338015
Lea,Ferguson,27752483
James,Angus,38430559
Harry,Barry,18268210
Charlotte,Ferguson,66401922
Lea,Smith,22378103
Harry,Angus,81168445
Lea,Barry,75481659
Beatrix,Ferguson,69594981
Marc,ohairy,21285867
Harry,Barry,42990791
Lea,Ferguson,37969882
Charlotte,Ferguson,12825336
Lea,Ferguson,16685627
James,ohairy,11335946
Charlotte,Ferguson,68377252
Harry,Ferguson,30579735
James,ohairy,84399739
James,Angus,60699556
Beatrix,Smith,77714267
Harry,Barry,65766573
Lea,Barry,70550242
Marc,Smith,37035422
Charlotte,Mcintosh,26524160
Lea,Ferguson,43488781
Beatrix,Barry,25969739
Lea,Angus,66389037
Marc,Barry,16387513
James,Smith,42230454
Charlotte,Angus,12904991
Lea,Ferguson,13325321
James,Barry,65828053
Lea,Angus,55218732
Charlotte,ohairy,26525100
Charlotte,Barry,21057835
Marc,Ferguson,72398100
Harry,Angus,68134040
James,Smith,38282455
Lea,ohairy,57006392
