First Name,Last Name,Matriculation
Lea,Angus,31156071
Harry,Barry,36995878
Harry,Smith,29818577
Beatrix,ohairy,68518659
Charlotte,Ferguson,88735044
Marc,Mcintosh,86867916
Lea,Angus,59852253
Marc,Ferguson,31978991
Marc,Angus,22524735
James,Ferguson,84735061
Harry,Smith,17844120
Marc,Ferguson,75362716
James,Ferguson,33323828
Harry,Barry,20641071
Beatrix,Angus,14765079
Marc,Barry,84288782
Beatrix,Angus,30983973
James,Smith,45740530
Beatrix,Angus,43799714
Beatrix,Smith,63786653
Lea,Mcintosh,34176258
James,Angus,67794815
James,Ferguson,23654239
Lea,Smith,24345754
Marc,Angus,85366135
Beatrix,Angus,21152902
Charlotte,Barry,89161904
Lea,Angus,78248892
James,Smith,35242865
Charlotte,Angus,21866286
Beatrix,Angus,33059024
Harry,Ferguson,61154333
James,ohairy,88351251
Harry,Barry,17871238
Beatrix,ohairy,41104507
Charlotte,ohairy,11370731
Harry,Angus,33658646
James,ohairy,89365667
Marc,Mcintosh,80402750
Beatrix,ohairy,62159395
Lea,ohairy,31565100
Charlotte,Smith,53173048
Beatrix,Angus,44856008
Lea,Smith,57053756
Marc,Smith,18386662
Charlotte,Mcintosh,35109470
Lea,ohairy,48485579
Harry,Mcintosh,27701045
James,Barry,30215232
James,Angus,55369434
James,Barry,38598609
Beatrix,Smith,46965491
Marc,Angus,58619423
Harry,Mcintosh,19636854
Harry,Barry,55057993
Harry,Barry,49688721
Marc,Smith,71109728
Charlotte,Smith,61878590
Beatrix,Angus,20577054
Lea,ohairy,59487203
Harry,Ferguson,41527184
Charlotte,Angus,18199232
Marc,ohairy,31745583
Harry,Ferguson,10306359
Beatrix,Angus,65290948
Charlotte,Barry,64372496
James,Ferguson,43507648
Charlotte,Ferguson,60688353
Charlotte,Angus,16848048
Harry,Smith,74172974
James,Angus,84719039
James,Angus,57817687
Charlotte,Ferguson,64361684
James,ohairy,35286327
James,Smith,32260614
Harry,Barry,34396653
Charlotte,Smith,40941537
James,Smith,27656290
James,Ferguson,70279254
Charlotte,Smith,81820813
Charlotte,Ferguson,73744656
Harry,Smith,17372384
Lea,Smith,86050837
Marc,Mcintosh,46500809
James,Mcintosh,37095740
Beatrix,Mcintosh,62082945
Charlotte,Mcintosh,47489625
Marc,Mcintosh,86115363
Charlotte,Ferguson,54853122
Harry,Ferguson,69817827
Charlotte,Angus,85719576
James,ohairy,83072163
Marc,Mcintosh,23440272
Lea,Ferguson,73309332
Beatrix,Mcintosh,46880782
Marc,ohairy,13482861
Lea,Angus,84032862
James,Smith,65623834
Lea,Ferguson,79857796
Harry,Smith,64670916
