First Name,Last Name,Matriculation
Marc,Mcintosh,15043493
Charlotte,Smith,88848037
Charlotte,Barry,77609512
James,ohairy,27655103
James,Ferguson,71652079
James,ohairy,28222124
Beatrix,Angus,23075451
James,Ferguson,85322333
Charlotte,Angus,56572567
Charlotte,Ferguson,53735480
Lea,Angus,63728830
Charlotte,Angus,89779268
Lea,Angus,63789101
Beatrix,ohairy,17490154
Lea,Mcintosh,68532651
Marc,Angus,44345399
Lea,Smith,10556329
Marc,Ferguson,29179222
Charlotte,Ferguson,61682861
Marc,Mcintosh,52241803
James,Angus,40348004
Beatrix,Smith,36783022
James,Barry,13469352
James,Smith,66743193
Harry,Angus,13179353
James,Mcintosh,44766771
Beatrix,Barry,69919952
Harry,Ferguson,45623036
Lea,Barry,45497806
Lea,Ferguson,59328349
Charlotte,Smith,86333864
Beatrix,Smith,39840057
Beatrix,Angus,37759901
Charlotte,Angus,50619151
Beatrix,Mcintosh,69687369
James,Angus,57305514
Beatrix,Barry,28704031
Charlotte,Mcintosh,19612288
Lea,Ferguson,48190807
Marc,Smith,34636086
James,Smith,46758973
Harry,Smith,68193082
Lea,Mcintosh,25554093
Charlotte,Mcintosh,77988908
Charlotte,Barry,67235329
Harry,Mcintosh,83892754
Marc,ohairy,35572147
Lea,ohairy,51128934
Charlotte,Barry,48693278
Charlotte,Barry,26638091
Lea,Smith,66784433
Charlotte,Mcintosh,36491992
Charlotte,Barry,24527795
James,Barry,56943230
Lea,Ferguson,14388606
Harry,ohairy,45290656
Beatrix,Mcintosh,75796573
Marc,Barry,58319689
Lea,ohairy,25339782
Marc,Angus,84754876
Charlotte,Angus,79032532
Lea,ohairy,30119114
Beatrix,Barry,30670093
Marc,ohairy,14507700
Charlotte,Angus,66359679
James,ohairy,21271677
Beatrix,Barry,25136878
Lea,Angus,39847756
Marc,Ferguson,68439520
Lea,Smith,71455971
James,Angus,56554153
James,Angus,34103908
Lea,Angus,76691660
Beatrix,Angus,74286702
Charlotte,Mcintosh,24217128
James,Smith,58565316
Lea,Barry,73934608
Harry,Angus,43156036
James,Angus,70639875
Marc,Mcintosh,75162636
Harry,Angus,26078739
James,Mcintosh,61933679
Charlotte,Barry,15882639
Harry,Smith,43746031
Harry,Smith,25202411
Harry,ohairy,27793626
Lea,Ferguson,44764601
Harry,Ferguson,31050995
Beatrix,Angus,44786036
Beatrix,Smith,42623157
James,Mcintosh,20462076
James,Ferguson,43480034
Charlotte,Angus,20699546
Harry,ohairy,50474871
James,Smith,11292562
James,Barry,14275032
Charlotte,Mcintosh,62735440
James,Angus,47593391
Harry,Mcintosh,44784561
Charlotte,Barry,72694175
