First Name,Last Name,Matriculation
Charlotte,ohairy,15023369
Charlotte,Smith,85776542
Charlotte,ohairy,15618988
James,Angus,49712412
Marc,Barry,78353885
Charlotte,Ferguson,20582001
Charlotte,Ferguson,65895327
Charlotte,ohairy,16510188
Charlotte,ohairy,77611039
Marc,Ferguson,37209332
Marc,Smith,11485616
Beatrix,Ferguson,66716496
Lea,Mcintosh,25579651
Harry,Smith,38967872
Lea,ohairy,20545144
Lea,Angus,42785342
James,Mcintosh,83464128
James,Barry,87374723
Beatrix,Ferguson,30531845
Harry,Barry,54324231
Harry,Smith,82601687
Lea,Smith,64219412
Harry,Ferguson,76370968
James,Smith,80994920
Lea,Angus,53937772
Beatrix,Mcintosh,54382100
Marc,Smith,35541243
Beatrix,Ferguson,77414196
Beatrix,Mcintosh,12440876
Charlotte,Barry,42840697
Lea,Barry,12935365
James,Smith,61284915
James,Mcintosh,36477032
Beatrix,Smith,35832673
Charlotte,Ferguson,67655148
Harry,Mcintosh,20678731
Harry,Mcintosh,66696073
Charlotte,ohairy,84708656
Marc,Smith,72684237
James,Ferguson,12313780
James,Smith,52015686
James,Angus,64604370
Beatrix,ohairy,29022279
Lea,Mcintosh,80499287
Lea,Smith,86003088
James,Ferguson,80813840
James,Mcintosh,64814051
Charlotte,Angus,80710820
James,Ferguson,33016323
Beatrix,Ferguson,49535412
Lea,Barry,86453772
Marc,Mcintosh,77946322
James,Mcintosh,19468285
Marc,Smith,44310618
Lea,Barry,86443086
Marc,Ferguson,80280509
Lea,Angus,27174407
Lea,Barry,13811270
Harry,Barry,33501192
Marc,Mcintosh,85995182
James,ohairy,19244744
Beatrix,Barry,57016450
Lea,ohairy,53825474
Beatrix,Mcintosh,18739474
Beatrix,Ferguson,89915293
Marc,ohairy,20333091
Harry,Ferguson,63560554
Lea,Smith,47770350
Lea,Barry,86796443
Lea,Smith,47847125
Beatrix,Ferguson,23800284
Beatrix,Angus,60212355
James,Barry,52235499
James,Angus,38703659
Charlotte,Mcintosh,47727581
James,Barry,77563951
Harry,Smith,20607475
Lea,Barry,60384224
Harry,ohairy,68800057
Lea,Ferguson,88300121
James,Smith,84184341
Harry,Angus,19809853
James,Mcintosh,51590773
James,Smith,73108018
Beatrix,Mcintosh,65918235
James,Smith,16911947
Harry,Barry,43056545
Lea,Smith,14795494
Marc,ohairy,64255109
Harry,Barry,78938712
Marc,Barry,37929308
James,ohairy,68009379
Beatrix,ohairy,13969629
James,ohairy,36546623
Marc,ohairy,41054980
Charlotte,Smith,14564420
Lea,Smith,50406195
Charlotte,Angus,41319566
Lea,Smith,81096440
Charlotte,ohairy,63227833
