First Name,Last Name,Matriculation
Charlotte,Angus,68266583
Beatrix,Mcintosh,50392506
Charlotte,ohairy,64332730
Charlotte,Mcintosh,81977749
Lea,Ferguson,58113517
Harry,Mcintosh,12763994
Lea,Angus,45366800
Harry,Mcintosh,17809409
Charlotte,Barry,11600979
Beatrix,Smith,45024629
Lea,ohairy,65707502
James,Barry,15173883
Beatrix,Ferguson,25881294
James,Mcintosh,59562239
Harry,Barry,26061214
Beatrix,Ferguson,55592407
Marc,ohairy,54088174
Harry,Barry,38117749
Beatrix,Ferguson,81528165
James,Angus,13367236
Beatrix,Ferguson,81809221
Marc,Barry,39967359
Charlotte,Barry,62007590
Charlotte,Barry,22787036
James,Barry,53054983
Beatrix,Barry,62433525
Harry,ohairy,85140155
Beatrix,Smith,18726273
Lea,Angus,61535730
Harry,Smith,33638697
Lea,ohairy,32574331
Lea,Mcintosh,65299910
Beatrix,ohairy,59435233
James,Mcintosh,31799704
Charlotte,Angus,14611787
Beatrix,Barry,72805574
Marc,ohairy,57280055
Harry,Smith,21791651
Charlotte,Angus,75097555
Beatrix,Angus,78183997
Lea,Ferguson,35446738
James,Angus,44071798
Harry,Mcintosh,63630844
Harry,Smith,70137066
Harry,Smith,72811081
Beatrix,Mcintosh,84209537
Harry,Barry,54608494
Harry,Smith,24867643
James,Mcintosh,84682531
Harry,Barry,76173488
Marc,Ferguson,35614907
Beatrix,Mcintosh,84042948
James,ohairy,17612971
Beatrix,Smith,19375116
Harry,Barry,14920840
Harry,Ferguson,89998666
Marc,Angus,85597475
Harry,Smith,67752052
Harry,Barry,25806751
Marc,Mcintosh,13755827
Lea,Angus,33754189
Marc,Ferguson,16216428
Marc,Mcintosh,80178511
Lea,Angus,62864237
Charlotte,Mcintosh,83167814
Harry,ohairy,19211215
James,Smith,50322116
Marc,Smith,79664462
James,Angus,52474363
Marc,Barry,88801507
Lea,Angus,78539757
Charlotte,Ferguson,86595687
Charlotte,Angus,44058498
Lea,Smith,78306592
Lea,Barry,74230493
Charlotte,Barry,79973699
Lea,Smith,54587801
Marc,Angus,15585552
Harry,Mcintosh,19819756
Marc,Angus,88985895
Marc,Angus,15535289
James,ohairy,69126246
Marc,ohairy,38898584
Marc,Smith,69406731
Harry,ohairy,40267414
Charlotte,Ferguson,21893325
Harry,ohairy,30183314
James,ohairy,37010728
Lea,Angus,31808173
Charlotte,ohairy,52708288
Beatrix,ohairy,44753529
Harry,Ferguson,37744282
Lea,Smith,52898641
James,Smith,82870260
Harry,Angus,84327511
Charlotte,Barry,22529525
James,ohairy,22583705
Charlotte,ohairy,12849634
Harry,Ferguson,68815890
James,Barry,23841932
