First Name,Last Name,Matriculation
James,Angus,65221308
James,Barry,53577840
James,Mcintosh,82105684
Charlotte,Ferguson,84694701
Harry,Ferguson,35702837
Harry,Smith,85172447
James,Barry,69062233
Lea,ohairy,16818207
Lea,Ferguson,24489747
Marc,ohairy,40853144
Marc,Mcintosh,49212044
Harry,Smith,87303676
Beatrix,ohairy,44078690
Marc,Angus,19301379
Beatrix,ohairy,28366341
James,Barry,42105702
Charlotte,Ferguson,37947219
Harry,Barry,82153646
Charlotte,Barry,81668170
Marc,Mcintosh,28856441
Beatrix,Mcintosh,38447743
Beatrix,Barry,78997541
Marc,Angus,53945091
Lea,Ferguson,49229285
Harry,Angus,58031698
Marc,Barry,34594869
Charlotte,Ferguson,32232173
Marc,Angus,82541514
Charlotte,Smith,31853571
Beatrix,Angus,74927073
James,Ferguson,45280431
James,Ferguson,51525829
Lea,Angus,25122839
Beatrix,Mcintosh,61865674
Lea,Barry,84607438
James,Angus,39847425
Marc,Barry,48302431
Lea,Angus,73645651
Beatrix,Barry,69742940
Lea,ohairy,26681593
Charlotte,Ferguson,16628638
Beatrix,Angus,25041590
Harry,ohairy,22226618
Lea,Ferguson,46653679
Marc,ohairy,74879129
Marc,Angus,82881459
Marc,ohairy,48869852
Charlotte,ohairy,18770331
Charlotte,Barry,40915497
James,Angus,42885029
Beatrix,Smith,72214742
Charlotte,Ferguson,30190114
Beatrix,ohairy,31497401
Marc,Barry,73849586
Lea,ohairy,38122082
James,ohairy,72390758
Marc,Ferguson,23733970
Lea,Ferguson,19404214
Harry,Barry,81004749
Beatrix,Ferguson,88892148
James,Smith,13900204
James,Smith,79323805
Charlotte,Smith,40074947
James,Smith,66620841
Marc,Angus,75916188
Marc,Ferguson,13573540
James,ohairy,30320020
Charlotte,Mcintosh,54427669
James,Barry,73207136
James,Mcintosh,47076818
Marc,Ferguson,65065427
Harry,Smith,87147079
Charlotte,Barry,32391391
Harry,ohairy,30741542
Marc,Barry,50992627
Beatrix,ohairy,22276213
Harry,Mcintosh,47466635
Charlotte,ohairy,77426246
Harry,Barry,54071935
Charlotte,Mcintosh,22923681
Charlotte,Ferguson,64929157
Harry,Ferguson,76509651
Lea,Angus,87832251
Lea,Barry,42012265
James,Angus,67349559
Harry,Smith,17445324
Lea,ohairy,29747060
Harry,Angus,12972989
Marc,Smith,35993688
Charlotte,Angus,58250584
Harry,ohairy,65282656
Harry,Angus,67793841
Harry,Smith,67812679
James,Smith,34554733
Lea,Smith,54131395
Lea,Mcintosh,83947979
Lea,Smith,48837271
Lea,Ferguson,50536865
James,Smith,82754416
Lea,Angus,52168542
