First Name,Last Name,Matriculation
Harry,ohairy,14440807
Harry,Mcintosh,54472939
Harry,Mcintosh,42227457
Lea,Angus,45474291
Harry,Barry,76673921
Charlotte,ohairy,81994656
Harry,Ferguson,16247281
James,Ferguson,26896483
Harry,Angus,68016090
Harry,Mcintosh,37468112
Beatrix,ohairy,54902272
Harry,Ferguson,29341688
Harry,Angus,50385279
James,Angus,69355832
Charlotte,Barry,56670399
Marc,Angus,63460950
Marc,Barry,75148976
Marc,Ferguson,40971455
James,ohairy,67603813
Lea,ohairy,53332712
Charlotte,Angus,24087803
Harry,Smith,65643449
Charlotte,ohairy,53179801
Charlotte,Mcintosh,72948854
Lea,Barry,41208255
Harry,Smith,38337022
Harry,Ferguson,54639093
James,Barry,66261019
Lea,Angus,41761286
James,Mcintosh,34956957
Beatrix,Mcintosh,47804997
Marc,Smith,65259919
Harry,Angus,75957921
Harry,Mcintosh,27811481
Harry,Mcintosh,21250568
James,Smith,44980151
Lea,Mcintosh,20282192
Charlotte,Angus,13684506
James,Angus,41106377
Marc,Angus,48999874
Charlotte,Angus,10325756
Marc,Ferguson,75560466
Lea,ohairy,30102334
Lea,Ferguson,49847516
Beatrix,Ferguson,47142517
Charlotte,Ferguson,28824615
Marc,Angus,59612867
Harry,Angus,71220033
James,Smith,69866601
James,Smith,65050061
James,Smith,32193631
Lea,Barry,79044748
Beatrix,Angus,86407435
Marc,Mcintosh,76845412
Lea,Barry,74971311
Beatrix,Barry,17341029
Lea,Mcintosh,89448606
James,Mcintosh,64374702
Harry,Mcintosh,13643083
Charlotte,Mcintosh,39413849
Lea,ohairy,30377683
Harry,Barry,35845236
Beatrix,Angus,47775263
Charlotte,Mcintosh,34357768
Beatrix,ohairy,85929401
James,Barry,32643310
Harry,ohairy,31353093
Charlotte,Angus,47675262
Marc,Mcintosh,87841524
Marc,Smith,57056329
Beatrix,Ferguson,18602812
Marc,ohairy,78914181
Marc,Mcintosh,21147740
James,ohairy,79772454
Marc,Ferguson,74068441
Lea,Barry,35309251
Harry,Mcintosh,30843158
Lea,Mcintosh,10489586
Marc,Ferguson,84076942
James,ohairy,40869412
Charlotte,Ferguson,38295681
Beatrix,Mcintosh,52138616
Beatrix,Ferguson,50975746
Harry,ohairy,55052278
Harry,Mcintosh,36963129
Harry,Barry,79541253
Marc,Smith,87991003
Lea,Mcintosh,17406222
Charlotte,Smith,25927289
Charlotte,ohairy,84823172
Harry,ohairy,88799536
Harry,Barry,70832262
Beatrix,ohairy,23344205
James,Mcintosh,12069085
Marc,Ferguson,51327709
Beatrix,Smith,72465440
Harry,Ferguson,53388185
Lea,Ferguson,88799706
Beatrix,Angus,33020640
Harry,Mcintosh,57802876
