First Name,Last Name,Matriculation
James,ohairy,58344476
Beatrix,Ferguson,75251215
James,Barry,36456430
Marc,Mcintosh,44658288
Charlotte,Barry,71849112
Beatrix,ohairy,65912356
Lea,ohairy,64174112
Charlotte,Mcintosh,80881152
Lea,ohairy,73797038
James,Ferguson,62269065
Beatrix,Mcintosh,79219403
James,Ferguson,71938681
Charlotte,Smith,76864129
James,Barry,60218681
Beatrix,Mcintosh,55006954
Beatrix,Ferguson,37662104
Beatrix,Mcintosh,12865542
Harry,ohairy,55729510
Beatrix,Mcintosh,44082470
Lea,Smith,26654086
Beatrix,ohairy,59389773
Harry,Angus,44145402
James,Ferguson,71553110
Charlotte,Mcintosh,62982159
James,Mcintosh,80706084
Harry,Barry,59200455
Charlotte,Ferguson,51360208
Harry,Smith,89392035
Lea,Ferguson,67725752
Beatrix,Barry,10514535
Charlotte,ohairy,14075498
Charlotte,Barry,88120707
James,Angus,80930157
Beatrix,Angus,89402036
Charlotte,Angus,33459549
Harry,Mcintosh,41847571
James,ohairy,17860126
Beatrix,Ferguson,36152438
Harry,Ferguson,73631079
Beatrix,ohairy,24219136
Harry,ohairy,58635884
Harry,Angus,75457184
Charlotte,Mcintosh,79028881
Harry,Mcintosh,50745359
Lea,Barry,43374563
Beatrix,Angus,79822480
Beatrix,Ferguson,78458367
Charlotte,Mcintosh,31868181
Marc,ohairy,31131987
Harry,ohairy,71134268
Lea,Smith,16490383
Harry,Ferguson,28599273
James,Ferguson,82531817
Lea,Ferguson,87726952
Harry,Smith,40061543
Lea,ohairy,83507204
Beatrix,Ferguson,63607243
Lea,Angus,70178219
James,Ferguson,44337041
James,Barry,81340375
Lea,ohairy,51295277
James,Angus,89752810
Beatrix,Mcintosh,26840231
Beatrix,Smith,77935928
Charlotte,Angus,86560698
Beatrix,Ferguson,33880140
Lea,Angus,81947024
Charlotte,Angus,42233224
Harry,Mcintosh,61785969
Charlotte,Mcintosh,21502899
Beatrix,Angus,84914323
Harry,Ferguson,47922017
Beatrix,Mcintosh,51049788
Lea,Ferguson,46875430
Charlotte,Barry,26513187
James,Barry,80694738
Marc,Ferguson,60969350
Charlotte,Smith,62610150
Charlotte,ohairy,75061744
James,ohairy,28054764
Marc,Ferguson,28875207
Charlotte,Smith,78838653
Marc,Angus,40471693
Beatrix,Ferguson,26658175
Marc,Mcintosh,23397037
Beatrix,Ferguson,45406893
James,Mcintosh,58526309
Marc,Ferguson,57735659
Lea,Mcintosh,87279515
Lea,Barry,31738965
Beatrix,Angus,42800717
Harry,Ferguson,67599449
James,Barry,17470292
Marc,Barry,21894739
James,Barry,40125066
James,Barry,63901779
Lea,ohairy,73897809
Beatrix,Mcintosh,22127739
Marc,Ferguson,55932315
Beatrix,Angus,27446030
