First Name,Last Name,Matriculation
James,Angus,70563650
Marc,Angus,21041662
Harry,Ferguson,82169193
Marc,Angus,80567027
Lea,ohairy,33132713
Lea,Smith,75496573
Lea,ohairy,34088578
Charlotte,Ferguson,36027915
Beatrix,Barry,21184758
Charlotte,Ferguson,41703003
James,ohairy,41318080
Marc,Ferguson,46090473
Lea,Ferguson,72664945
Marc,ohairy,15361558
Beatrix,Smith,25227706
James,Angus,83736929
Marc,ohairy,81214828
Charlotte,Ferguson,88848554
Beatrix,Mcintosh,33656429
Harry,Barry,13263369
Marc,Angus,88654666
Charlotte,Ferguson,53107503
James,Angus,77487199
James,Barry,16221207
Beatrix,Mcintosh,60278065
Lea,Angus,35369401
James,Barry,46650669
Charlotte,Ferguson,10996762
Lea,ohairy,41368852
Lea,Angus,18282951
Charlotte,Ferguson,16915397
James,Smith,22894583
Harry,Mcintosh,11950916
James,ohairy,24177921
Marc,ohairy,70999596
Beatrix,Angus,28928728
Lea,Mcintosh,85192542
Lea,Smith,87045509
James,Ferguson,35624869
James,Ferguson,17245216
Harry,Angus,72439386
Marc,Smith,76346524
Beatrix,Angus,83051020
Harry,Ferguson,80771443
Lea,Smith,82750286
Marc,Barry,21644026
Lea,Angus,81426509
Marc,Barry,81345463
Harry,Angus,14510539
Beatrix,Barry,42436379
James,Angus,60007644
Charlotte,Angus,44961514
Marc,Ferguson,22458848
Lea,Ferguson,24541414
Beatrix,Ferguson,49445986
Harry,Mcintosh,17301949
James,Smith,71533221
Beatrix,Smith,11703798
Harry,Barry,39783351
Marc,Ferguson,80554834
Beatrix,ohairy,89330859
James,Barry,16447630
Charlotte,Smith,39900872
James,Smith,86641284
Lea,Angus,37200172
Lea,ohairy,60676069
Harry,Smith,39533395
James,ohairy,22244095
Beatrix,Ferguson,48700124
Charlotte,Smith,32091352
Beatrix,ohairy,83859893
Lea,Mcintosh,49775012
Beatrix,Barry,88530538
James,Mcintosh,49761134
Charlotte,ohairy,56371568
Beatrix,Smith,45484180
James,Barry,48894471
Lea,Angus,65666003
James,Smith,65880366
Lea,Smith,21524348
James,Smith,10688626
Marc,Mcintosh,19032170
Charlotte,Barry,53030734
Charlotte,Barry,29689394
Beatrix,ohairy,46157622
James,ohairy,14128210
Lea,Ferguson,52851830
Beatrix,Mcintosh,18736008
Charlotte,Smith,63748916
James,Smith,35357273
Harry,Ferguson,69694302
Lea,Mcintosh,69097834
Lea,Smith,27483234
Lea,Smith,10428694
Harry,Smith,88586280
Beatrix,Ferguson,70896321
Charlotte,Mcintosh,14805345
James,Ferguson,72176206
Lea,Angus,47654918
Harry,Ferguson,35084403
