First Name,Last Name,Matriculation
Beatrix,Smith,48541933
Charlotte,ohairy,11713129
Beatrix,Angus,75251262
Marc,Ferguson,30850796
Charlotte,Mcintosh,37397839
Harry,Angus,64315309
Marc,ohairy,38744868
James,ohairy,84337083
Beatrix,Barry,73783536
Beatrix,Smith,67441827
Lea,Barry,37451442
Lea,Angus,27590522
Charlotte,Smith,77833741
James,Angus,50938515
Harry,Angus,31750012
Harry,Ferguson,65194395
Charlotte,Angus,54156427
Beatrix,ohairy,29081633
Charlotte,Angus,48757319
Lea,Angus,66252621
Harry,Smith,47479144
Beatrix,Mcintosh,54837480
Charlotte,ohairy,71584570
Harry,ohairy,25651300
Harry,Ferguson,50561854
Lea,Ferguson,31844315
Marc,Barry,27687688
Harry,Ferguson,79598536
Charlotte,Smith,88565980
Lea,Barry,79052197
Charlotte,Smith,75694176
Lea,Barry,75624015
James,Angus,89385327
Harry,Mcintosh,79569885
Harry,ohairy,80626144
Charlotte,Ferguson,87810144
James,Smith,22501668
Harry,Ferguson,71681007
James,Ferguson,45473369
Marc,Barry,16489752
Marc,Barry,19051142
Lea,Mcintosh,41724002
Lea,ohairy,72487888
Marc,Mcintosh,55833443
Lea,Angus,65787197
Charlotte,Ferguson,68400006
Charlotte,Mcintosh,35069852
James,Smith,57608200
Charlotte,Mcintosh,21607870
James,Smith,70867956
Beatrix,ohairy,29073192
Harry,Barry,69237299
Beatrix,Angus,26819371
James,Mcintosh,28075119
James,Ferguson,19480726
Lea,Smith,57374251
Lea,Mcintosh,33527545
Marc,Angus,60689383
Marc,Smith,81119596
Marc,Mcintosh,65409605
Charlotte,ohairy,75936917
Harry,Mcintosh,21513549
Harry,Mcintosh,87550445
Marc,Barry,28231837
Beatrix,Smith,50391630
Harry,Barry,47301063
Marc,Mcintosh,61783580
Charlotte,Barry,13372374
Lea,Angus,74974012
Charlotte,Ferguson,56383742
James,Ferguson,37437545
Lea,Barry,10353851
Harry,ohairy,35871179
Beatrix,Smith,33551490
James,Smith,43028077
Harry,ohairy,41704163
Lea,Angus,70385493
Lea,Ferguson,56061416
Marc,ohairy,86576215
Harry,Angus,51761103
Beatrix,ohairy,41076355
Harry,Barry,12893261
Marc,ohairy,53791677
Harry,Ferguson,19439556
Charlotte,Smith,88796908
Marc,Angus,58786967
Marc,Smith,49687831
Marc,Smith,49809729
Beatrix,Mcintosh,89357586
Charlotte,Mcintosh,37343869
Beatrix,Barry,82284542
Lea,Mcintosh,75597820
Marc,Smith,14381624
Charlotte,Angus,21837210
James,Mcintosh,58264129
Beatrix,Ferguson,73809602
Charlotte,Barry,16604103
Marc,Barry,70347617
Lea,Mcintosh,64602723
James,ohairy,13688584
