First Name,Last Name,Matriculation
James,Angus,41225350
Charlotte,Barry,23146561
Lea,Ferguson,77178222
Charlotte,Mcintosh,20884238
Charlotte,Ferguson,48644545
James,Angus,34262902
Charlotte,Angus,16876446
Lea,Smith,89685198
Lea,Ferguson,70906787
Beatrix,Ferguson,29851372
James,ohairy,65966126
Lea,ohairy,27922360
Lea,Ferguson,29784050
Harry,Ferguson,22651594
Marc,Barry,34774855
Marc,Barry,28491101
Beatrix,Barry,37932227
James,Barry,15309742
Lea,Ferguson,50322934
Lea,Mcintosh,52568668
Marc,Mcintosh,27665169
James,ohairy,22889462
Harry,Smith,62515645
James,Barry,46891641
Beatrix,Mcintosh,77440138
Lea,Ferguson,60885062
Harry,Mcintosh,50462797
Harry,Ferguson,47414005
Charlotte,Ferguson,38354741
Harry,ohairy,87148727
James,Angus,29806890
Charlotte,Ferguson,55355337
Marc,ohairy,83312699
Beatrix,Angus,41539860
Marc,Angus,49168787
Charlotte,ohairy,57647166
James,Barry,19932313
Beatrix,Angus,17333304
Lea,Barry,84556667
James,Smith,81327340
James,Ferguson,29523701
Lea,Barry,32270185
James,ohairy,66742107
Marc,ohairy,50720657
Lea,ohairy,78588077
James,Angus,53993731
Marc,Smith,16312807
Marc,Smith,32526218
Harry,Smith,52337417
Lea,Barry,11163764
Charlotte,Barry,60544524
Harry,ohairy,57624215
Charlotte,ohairy,68839890
Marc,Mcintosh,81841335
James,Mcintosh,56608319
Charlotte,Barry,36200341
Marc,Smith,82716116
Lea,Barry,24612768
James,ohairy,78769444
James,Mcintosh,20167001
Charlotte,ohairy,75622558
Harry,Angus,46845810
Beatrix,Smith,40388558
Beatrix,Smith,66232079
Charlotte,Smith,51076932
Marc,Smith,34414375
Charlotte,Angus,27907170
Charlotte,Ferguson,28948554
Marc,ohairy,41561731
Beatrix,Smith,69716921
Charlotte,Angus,34326530
Harry,Ferguson,86762150
Lea,Ferguson,65059579
Marc,Ferguson,29418474
James,Ferguson,44133004
Lea,Mcintosh,12462341
Lea,Mcintosh,48433999
Charlotte,ohairy,74071428
Charlotte,Ferguson,83767847
James,Mcintosh,59756345
Marc,Smith,35249471
Harry,Ferguson,66957457
Charlotte,Smith,20301904
Marc,Smith,16940127
Harry,Barry,20787642
Harry,Barry,15360463
Lea,ohairy,66660797
Beatrix,Smith,13157527
Marc,Ferguson,70187300
Harry,ohairy,46444857
Beatrix,Angus,35072704
Harry,Barry,35556308
Harry,ohairy,79906204
Harry,Mcintosh,52751438
James,Barry,51467345
Beatrix,Ferguson,13242367
Marc,Ferguson,40107346
James,Ferguson,36794450
Charlotte,Smith,53361722
Charlotte,Mcintosh,43285422
