First Name,Last Name,Matriculation
Beatrix,Barry,88930642
Charlotte,Ferguson,48260068
James,Ferguson,89333076
Harry,Mcintosh,48513976
Charlotte,Ferguson,11478120
James,Ferguson,87823196
Beatrix,Smith,32763445
Harry,Mcintosh,83400097
Marc,Angus,80846109
Beatrix,ohairy,88048861
Charlotte,ohairy,61653680
Beatrix,Mcintosh,78037788
Marc,Smith,66348141
Beatrix,Barry,16874742
Harry,Mcintosh,35263772
Beatrix,Ferguson,23759074
Lea,Smith,11280548
Charlotte,Barry,65526069
Charlotte,Smith,10808362
Lea,Smith,17622070
James,Ferguson,89274758
Beatrix,Mcintosh,25819578
Marc,Barry,63492886
Beatrix,Barry,31709697
James,Angus,57104774
James,Mcintosh,12338938
Charlotte,Smith,26480697
Marc,Barry,20973571
Charlotte,Ferguson,21734034
Lea,ohairy,51006997
James,Smith,24518010
Beatrix,Ferguson,48199462
Charlotte,Smith,83161918
Charlotte,Angus,77363992
Charlotte,Smith,56975680
Charlotte,Mcintosh,72323519
Marc,Angus,65402524
Charlotte,Angus,73006212
Charlotte,ohairy,32156423
Marc,ohairy,10916424
Beatrix,Mcintosh,27098998
Charlotte,Mcintosh,29169057
Harry,Barry,23614939
Charlotte,Mcintosh,29328890
Marc,Ferguson,38441543
Harry,ohairy,25350238
Charlotte,Angus,40904219
Beatrix,Angus,29522013
Charlotte,Angus,86798401
Lea,Smith,61078580
Charlotte,Angus,71442953
Lea,ohairy,77821443
Harry,Angus,53115144
Harry,Mcintosh,54817063
Marc,Smith,43005275
James,Angus,16396309
Harry,Barry,53246664
Lea,ohairy,80405662
Beatrix,Angus,28277537
Beatrix,Barry,76361520
Charlotte,Ferguson,34796813
Marc,Mcintosh,24568550
Beatrix,Angus,63322585
Lea,Angus,58969790
Charlotte,Mcintosh,29925656
Beatrix,Ferguson,38690224
Lea,Angus,54083870
Beatrix,ohairy,43930376
Charlotte,Angus,85083175
Charlotte,Angus,68248248
Marc,Barry,87590724
Beatrix,Barry,20950883
Harry,Ferguson,79924956
Lea,Mcintosh,36226902
Lea,Mcintosh,56967945
Marc,Barry,16520793
Marc,Angus,18424054
Charlotte,Smith,24909875
Marc,Angus,13050439
James,Smith,69567482
Harry,Ferguson,36601473
Marc,Ferguson,38735747
James,Smith,13528961
Harry,Ferguson,52960745
Lea,Mcintosh,57926080
Harry,Angus,86116787
Marc,Angus,41389757
Charlotte,Barry,52970928
Charlotte,Mcintosh,14277890
Beatrix,Barry,23784873
Beatrix,ohairy,41844389
James,Barry,53054316
Charlotte,Barry,30984702
Charlotte,ohairy,82442934
Beatrix,ohairy,18921207
Lea,Angus,21517255
Marc,ohairy,26894463
James,Mcintosh,50338693
James,Ferguson,72469167
Charlotte,Ferguson,50934592
