First Name,Last Name,Matriculation
Marc,Mcintosh,34758182
Marc,Ferguson,70616537
Marc,Angus,14633449
Lea,Barry,77103003
Harry,ohairy,44346162
Lea,Ferguson,61149857
Marc,ohairy,18122468
Beatrix,ohairy,51671674
Harry,Smith,60638748
James,Ferguson,53867883
Beatrix,Ferguson,43931311
Beatrix,Barry,89399560
Charlotte,Mcintosh,54863093
Marc,ohairy,83521916
Beatrix,Ferguson,83179853
Marc,Barry,67225796
Lea,Smith,30958944
Harry,Angus,64497985
Beatrix,Smith,82413795
Marc,Barry,28097834
Charlotte,Ferguson,36155404
Harry,Angus,52432526
Beatrix,Ferguson,28730731
Harry,Barry,31351793
Charlotte,Ferguson,47217245
James,Barry,32190476
Beatrix,Ferguson,48511575
Marc,Ferguson,55299994
James,Mcintosh,58489266
Harry,Smith,65849774
Marc,Angus,88403023
James,Barry,74642366
Harry,Ferguson,73416446
Charlotte,ohairy,42216770
Marc,Barry,52591605
Marc,Smith,47317533
Beatrix,Mcintosh,21385807
Lea,Ferguson,72714492
Marc,Angus,41728552
Marc,ohairy,66030492
Lea,Barry,49262445
James,Smith,25406893
Lea,Mcintosh,19992886
Marc,Ferguson,74806836
Harry,Angus,65894712
James,Angus,47474994
Lea,Ferguson,53872635
James,Angus,67753110
Beatrix,Angus,67244082
Harry,Smith,43188726
Marc,Angus,21624389
Marc,Ferguson,41598164
Charlotte,ohairy,72899033
Beatrix,Barry,31616589
Charlotte,ohairy,69687008
Charlotte,Smith,84029982
Beatrix,ohairy,46266362
Lea,Barry,20524875
James,Mcintosh,58162276
Marc,ohairy,48099802
Beatrix,Ferguson,77128704
James,Smith,53436543
Harry,Ferguson,52513266
Beatrix,ohairy,57126606
Charlotte,Ferguson,63405209
Lea,Ferguson,17263747
Marc,Ferguson,70323053
Beatrix,Barry,62828305
Marc,Ferguson,76175005
Marc,Angus,88600750
James,Angus,38973682
Marc,Ferguson,40473305
Beatrix,Ferguson,46577797
Charlotte,ohairy,84032615
Harry,Mcintosh,36146612
Charlotte,Mcintosh,19709793
Marc,Smith,65983720
James,Barry,50514220
Lea,ohairy,38616245
James,Barry,78639720
James,Mcintosh,44376795
Charlotte,Ferguson,58921389
Lea,Angus,64687303
Charlotte,Barry,86195094
Lea,Smith,70571198
Marc,Smith,72779513
Marc,Mcintosh,17971972
Harry,Smith,19482565
James,Smith,57629181
Harry,Mcintosh,62077713
Charlotte,Barry,45350926
Charlotte,Barry,61254107
Charlotte,Smith,24140313
Harry,Mcintosh,34342374
Charlotte,ohairy,32290891
James,Mcintosh,81024569
Lea,ohairy,73003143
Marc,Barry,45721773
Marc,Angus,36744443
Lea,ohairy,43344480
