First Name,Last Name,Matriculation
Marc,ohairy,11521032
Charlotte,Smith,16144115
James,Ferguson,51978739
Lea,Mcintosh,51872434
James,ohairy,82902731
Charlotte,Mcintosh,40259814
James,Ferguson,26647525
Beatrix,ohairy,39479682
James,Ferguson,70353679
Lea,Barry,15922440
Lea,Smith,19791056
Marc,Angus,85774670
Harry,Angus,67090247
Marc,Angus,80687456
James,Angus,22418955
Charlotte,Barry,59642640
Beatrix,Ferguson,12972417
Lea,ohairy,36960860
Charlotte,Ferguson,39324139
Charlotte,Ferguson,31892262
James,Barry,54549885
Marc,Barry,85971127
James,Angus,73678941
Marc,Mcintosh,43533443
Harry,Mcintosh,79116755
Harry,Barry,28318894
Lea,ohairy,44683594
Charlotte,Angus,75567956
Charlotte,Ferguson,28427212
James,Barry,13020048
Marc,Angus,12929629
Charlotte,Barry,34311464
Beatrix,Smith,56757124
Charlotte,Angus,42514227
Beatrix,Smith,25631573
Harry,Smith,52851258
James,Angus,54665394
Beatrix,Mcintosh,58413854
Harry,Barry,53015476
Marc,Ferguson,83725775
Lea,ohairy,58605524
James,Barry,41120058
Beatrix,Barry,37104698
Harry,ohairy,48025423
Harry,Smith,62300461
Marc,Angus,32305068
Marc,Mcintosh,29940171
Lea,Angus,73004482
Charlotte,ohairy,25462922
James,Mcintosh,79023811
Charlotte,ohairy,45792784
Beatrix,ohairy,30520207
Charlotte,ohairy,17797650
James,Angus,48779094
James,Smith,60453512
Marc,Angus,49711866
James,Ferguson,50139671
Charlotte,Ferguson,54318663
Beatrix,Smith,16142327
Charlotte,Ferguson,34918451
Charlotte,Angus,53692782
Charlotte,ohairy,69375660
James,Smith,29024799
Harry,Angus,55426410
Marc,Barry,50633589
Harry,Barry,53453605
Harry,ohairy,16328155
Marc,Angus,73250068
Charlotte,Ferguson,60160027
Charlotte,Barry,29303496
Beatrix,Smith,83225543
James,Smith,16818632
Beatrix,Ferguson,18091582
James,Ferguson,19391653
Beatrix,Ferguson,81651476
Charlotte,Barry,51966089
Marc,Mcintosh,55505116
Beatrix,Ferguson,47610488
Charlotte,Mcintosh,41568390
Charlotte,ohairy,86063413
James,ohairy,46789655
Charlotte,Mcintosh,84656561
Marc,Ferguson,89662673
Charlotte,Barry,40609335
Marc,Angus,54984679
Beatrix,Smith,62368219
Beatrix,Mcintosh,26276197
Charlotte,Ferguson,70217280
Marc,Smith,43911199
Charlotte,Angus,30367132
Beatrix,Angus,32019445
Harry,Mcintosh,74406514
Beatrix,ohairy,32697806
James,Barry,55523317
Harry,Angus,30390691
Beatrix,Ferguson,22533952
James,Barry,70389477
James,Angus,11627530
Marc,Ferguson,36279684
Marc,Smith,51612821
