First Name,Last Name,Matriculation
Lea,Barry,79505603
Harry,Ferguson,54771877
Beatrix,Angus,25349654
Marc,Angus,26649646
Charlotte,ohairy,40158821
Lea,Angus,23663847
Beatrix,Smith,33818230
Lea,Ferguson,83659049
Beatrix,Mcintosh,32763448
Harry,ohairy,38576258
Marc,Smith,50073667
Charlotte,Mcintosh,27820543
Marc,Angus,19458911
Harry,Barry,70227607
James,Angus,16755761
James,Mcintosh,13717885
James,Barry,25008738
Lea,Smith,71749609
Charlotte,Angus,80511787
Beatrix,ohairy,75357568
Beatrix,Smith,43930431
Charlotte,Smith,25958000
Marc,ohairy,80085533
James,Smith,40616511
Harry,ohairy,74260386
Marc,Angus,31128501
Marc,ohairy,62612947
Marc,ohairy,72989707
Harry,Angus,23714996
Lea,ohairy,78875231
Charlotte,Mcintosh,37009944
Harry,Ferguson,73551291
Harry,Ferguson,81793189
Harry,ohairy,30631696
Lea,Angus,48804333
Harry,Smith,55667036
Beatrix,Ferguson,66649585
James,Ferguson,18838448
Charlotte,Barry,61394470
Marc,Smith,44758413
Charlotte,Angus,38270708
Lea,ohairy,49005224
Marc,Smith,65141751
Charlotte,ohairy,73170248
Marc,Smith,36598008
Lea,Barry,21659079
Marc,Barry,47998589
Beatrix,Mcintosh,75027985
Beatrix,Barry,33239739
Lea,Angus,82007290
Charlotte,Smith,38413813
James,ohairy,13629640
Marc,Smith,89675353
Lea,Angus,58864236
Harry,Mcintosh,86939593
Marc,Ferguson,11469673
Charlotte,Ferguson,80599464
Marc,Smith,13811428
Harry,Barry,72724907
Beatrix,Ferguson,57139878
Harry,Mcintosh,18368563
James,Mcintosh,33617889
Harry,Ferguson,69767888
James,ohairy,35988953
Charlotte,ohairy,41977570
Charlotte,ohairy,30840396
James,Smith,78942574
Charlotte,Barry,42476897
Charlotte,Ferguson,32255187
Charlotte,ohairy,79606091
Lea,Mcintosh,26455925
Charlotte,Mcintosh,17059812
Harry,Ferguson,29868998
Harry,Barry,29825117
Marc,Mcintosh,61041990
Lea,Barry,52438518
James,Angus,56793585
Lea,Angus,46934448
Lea,Angus,68185102
Harry,Smith,82967133
Charlotte,Angus,52100331
James,Ferguson,17236434
Harry,Angus,19854088
Marc,Mcintosh,79595113
Beatrix,Ferguson,85333707
Charlotte,Smith,20940070
Marc,ohairy,53400019
Marc,Ferguson,12951164
Marc,Barry,70785945
Charlotte,Mcintosh,10320682
Charlotte,Mcintosh,47158827
Harry,Barry,48461231
Lea,Barry,14358805
Lea,Ferguson,42098271
Harry,Ferguson,89791500
James,Mcintosh,42731781
Marc,Angus,56501669
James,Ferguson,35894777
Harry,Ferguson,13132651
Beatrix,Barry,55340173
