First Name,Last Name,Matriculation
Charlotte,Ferguson,42984426
Harry,Angus,75019188
Harry,ohairy,41666031
Harry,Mcintosh,33843766
James,Angus,68380552
James,Smith,65586469
James,Barry,87095081
Lea,Barry,43417335
Lea,Smith,31583976
Lea,Smith,61978414
Beatrix,Ferguson,28534598
Harry,Angus,13018405
James,Smith,19903643
Marc,Smith,34874158
Lea,Angus,79058874
Beatrix,Mcintosh,44970497
Harry,Angus,76654659
Lea,Barry,12409989
Lea,Angus,25780349
Beatrix,Angus,62396790
Beatrix,Angus,15521270
Charlotte,Barry,32226981
Beatrix,Ferguson,73322146
Beatrix,ohairy,83867372
Harry,ohairy,43909218
Charlotte,Smith,38347684
Harry,Smith,54636744
Lea,Ferguson,84766349
Marc,Smith,67216215
Charlotte,Barry,84961176
James,Angus,78220218
Lea,Mcintosh,61232261
Lea,Mcintosh,17309589
Lea,Barry,47766507
Harry,Ferguson,25080316
James,Barry,39568370
Charlotte,Mcintosh,12959807
Charlotte,Ferguson,36227761
Charlotte,Ferguson,71256321
Harry,Mcintosh,52838874
James,Smith,60718239
Lea,Ferguson,82790475
Charlotte,Ferguson,83394443
Marc,Angus,61742865
Lea,Smith,87717934
James,Smith,88203360
Beatrix,Barry,41174325
Marc,Barry,37314766
Lea,Ferguson,63324050
Lea,Barry,58414849
Marc,Mcintosh,52474861
Lea,ohairy,39591621
Lea,Ferguson,45645743
Beatrix,Barry,10916217
Harry,ohairy,12626419
Harry,Smith,21336109
Lea,ohairy,64177288
Harry,Angus,25067933
Beatrix,ohairy,45064561
Beatrix,Smith,14127528
Lea,Ferguson,10527890
Beatrix,ohairy,46101007
Charlotte,Ferguson,78005854
Beatrix,Angus,11388079
Marc,Barry,52060077
Beatrix,Mcintosh,80016744
Marc,Ferguson,72620852
Lea,Angus,41909627
Marc,Smith,84299195
Lea,Mcintosh,39878464
James,ohairy,67295484
Marc,Ferguson,78798378
Charlotte,Ferguson,64350516
Harry,Barry,63264223
Beatrix,Mcintosh,73356042
James,Barry,20918476
Harry,Smith,80351001
Lea,Barry,29026718
Marc,Ferguson,82851912
Lea,ohairy,13355653
Charlotte,ohairy,78212783
James,Ferguson,32586968
James,Smith,42736752
Harry,Barry,13099385
Beatrix,Mcintosh,19236194
Marc,Mcintosh,52377437
Marc,Angus,37055328
Charlotte,Barry,19089517
Beatrix,Angus,44954523
James,Mcintosh,19134264
Lea,Mcintosh,76445066
Marc,Barry,81349346
Lea,Barry,70460542
Harry,ohairy,43101898
James,Mcintosh,59448550
Marc,Angus,59847258
James,Angus,48709773
James,Mcintosh,25387589
James,Mcintosh,17579193
Beatrix,Mcintosh,22901476
