First Name,Last Name,Matriculation
Harry,Angus,51485744
Beatrix,ohairy,79825036
Charlotte,ohairy,10278039
James,Mcintosh,32564630
Lea,Angus,50579311
Harry,Smith,69433788
Charlotte,Barry,60404569
Beatrix,Smith,70415765
Marc,ohairy,36304968
Lea,Angus,16028419
Harry,Barry,68000461
Harry,Barry,24483153
Charlotte,Angus,11174407
Charlotte,Angus,57798853
James,Barry,89302383
Beatrix,Mcintosh,88491203
Charlotte,ohairy,64496561
Charlotte,Ferguson,57179803
Beatrix,Smith,71799821
Lea,Angus,62311479
Harry,Mcintosh,25645146
James,Barry,49615804
Lea,Ferguson,88676400
Charlotte,Angus,13189294
Beatrix,Barry,22039141
Lea,Mcintosh,61127783
Charlotte,Mcintosh,55325939
Harry,Ferguson,88645403
Charlotte,Mcintosh,67041902
Beatrix,Barry,79328010
Marc,ohairy,83014547
Charlotte,Ferguson,20813057
James,Mcintosh,64694037
Harry,Barry,59392002
Marc,ohairy,75437781
Lea,Mcintosh,47128355
Lea,Angus,25914527
Lea,Angus,31824128
Marc,Mcintosh,59112397
Charlotte,Mcintosh,83767438
James,Smith,86709473
Harry,ohairy,50122950
Harry,Angus,42508546
Charlotte,Smith,44247095
Charlotte,Smith,26480706
Harry,Ferguson,41759655
Beatrix,Angus,16982616
Lea,Smith,30660016
Beatrix,Mcintosh,70688899
James,Ferguson,67043374
Marc,Barry,65075716
James,Angus,25060372
Charlotte,Angus,34273843
Beatrix,Mcintosh,82201150
Charlotte,Angus,22361141
James,Angus,71226844
Harry,Ferguson,47649897
James,Mcintosh,15967304
James,ohairy,87358540
Lea,Barry,29796664
Charlotte,ohairy,14737955
Beatrix,Mcintosh,77671295
Lea,Smith,14718296
Charlotte,Ferguson,25800644
Charlotte,Angus,79746301
Harry,Ferguson,78918002
Beatrix,Ferguson,11846130
Marc,Smith,81637203
Beatrix,Ferguson,67828990
Harry,Ferguson,19480523
Marc,Ferguson,89392074
James,Ferguson,24055671
Beatrix,Smith,86843446
Beatrix,Angus,41237205
James,Ferguson,16939566
Charlotte,Smith,62515244
James,ohairy,67658823
Harry,Angus,82800416
Marc,Ferguson,69249962
James,Ferguson,61260874
Beatrix,Smith,19770221
Charlotte,Barry,21497683
James,Mcintosh,86364096
Lea,Smith,20876006
Charlotte,Ferguson,70322851
Harry,Barry,41843154
Lea,Angus,82600590
Beatrix,Mcintosh,49247614
Lea,Angus,69299516
Marc,Angus,36213350
Marc,ohairy,48347703
Harry,Smith,63057824
Marc,Ferguson,36703609
Charlotte,Angus,39466038
Harry,Smith,80483669
Harry,Smith,75403500
Lea,ohairy,12665865
Lea,Mcintosh,24259437
Beatrix,Mcintosh,61874758
Marc,Ferguson,20387785
