First Name,Last Name,Matriculation
Beatrix,Barry,18687608
Charlotte,Mcintosh,27092680
Harry,Ferguson,51030285
Marc,Smith,31043636
Beatrix,Smith,26024388
Beatrix,Angus,44499729
James,ohairy,84089030
Harry,Angus,17498439
Harry,Barry,51259146
James,ohairy,67157888
Harry,Ferguson,74670644
Beatrix,Barry,25691721
Lea,Barry,62933903
Marc,Ferguson,89871577
Charlotte,Angus,29326726
Charlotte,ohairy,36402786
Charlotte,Barry,67248615
Lea,Smith,34403987
Charlotte,Mcintosh,76620080
Lea,Angus,61884169
Lea,ohairy,42691766
Harry,Ferguson,53011784
Lea,Barry,20687431
Beatrix,Mcintosh,26795494
Marc,Mcintosh,42974334
Marc,Mcintosh,20856667
Marc,Smith,83830655
Charlotte,Ferguson,72709869
Charlotte,Mcintosh,48864113
Lea,Smith,71597916
James,ohairy,72790198
Beatrix,Ferguson,62879493
Marc,Angus,57446875
James,Smith,49308049
Lea,Ferguson,50833925
Harry,Barry,55273881
Beatrix,Mcintosh,34861227
Harry,Barry,45636552
Charlotte,Ferguson,42963583
Charlotte,Ferguson,34891442
Beatrix,Ferguson,47042143
Harry,ohairy,86554551
Lea,Angus,76385769
Lea,Mcintosh,57246171
Harry,Smith,31174198
Marc,Smith,29652811
Lea,Mcintosh,25845707
Lea,Barry,23617993
Marc,Mcintosh,81942060
Beatrix,Ferguson,40896075
Harry,Smith,69615070
Beatrix,ohairy,28529008
Beatrix,Ferguson,70025245
James,Mcintosh,24038247
Marc,Smith,79561362
James,ohairy,56655188
Harry,Ferguson,56790624
Lea,Ferguson,44074475
Beatrix,Angus,32194839
James,Ferguson,35018756
Harry,ohairy,67654900
Charlotte,Mcintosh,35667402
Beatrix,Mcintosh,82760828
Marc,Barry,15434900
Charlotte,Angus,37973525
Marc,Barry,24172408
Lea,ohairy,58871610
Marc,Angus,68123901
Harry,Ferguson,69254332
Marc,Ferguson,38241945
Marc,ohairy,79872912
Harry,Smith,44331171
Harry,Angus,81745570
Charlotte,Angus,48236639
Marc,Smith,10733934
Lea,Barry,18553954
Charlotte,Mcintosh,65103476
Harry,ohairy,67230604
Harry,Smith,70183355
James,Ferguson,60427767
Beatrix,Smith,28295564
Lea,ohairy,22037465
Charlotte,ohairy,40501515
Beatrix,Angus,24320827
Lea,Barry,20951816
Beatrix,Smith,52128913
Marc,Smith,17426180
Marc,Barry,60190359
Beatrix,Ferguson,69440738
Lea,Mcintosh,60998517
Marc,Barry,79709524
Harry,Ferguson,74199506
Charlotte,Mcintosh,21223272
Beatrix,Ferguson,63920122
James,Angus,80273583
Beatrix,ohairy,66931914
Beatrix,Mcintosh,24370605
Charlotte,Mcintosh,51925785
James,Smith,24754253
Charlotte,Ferguson,89243676
