First Name,Last Name,Matriculation
James,Smith,59332263
Harry,Mcintosh,75573707
Beatrix,ohairy,68204116
Marc,Barry,51981506
James,Barry,13302171
Beatrix,Angus,41087847
Marc,Smith,30892588
Harry,Barry,62101355
Charlotte,Angus,39946464
Marc,Angus,48448713
Charlotte,Angus,80485198
Harry,Mcintosh,52945799
Lea,Smith,89476461
Lea,Barry,52466129
James,ohairy,20442249
Marc,Barry,15074965
Harry,ohairy,56882116
Beatrix,Angus,79396058
Beatrix,Barry,60793899
Lea,Ferguson,51612395
James,Barry,46135025
James,ohairy,26642641
Lea,ohairy,40731188
Lea,Barry,79245386
James,Mcintosh,31029972
James,Ferguson,50495636
Beatrix,Angus,31254961
Marc,Angus,37209399
Beatrix,Angus,13112300
James,Ferguson,56032399
Charlotte,Mcintosh,23549721
Harry,Smith,48863913
Harry,Angus,52269281
Marc,Barry,59736342
Lea,Smith,57305515
Charlotte,Smith,28573930
Harry,Mcintosh,30825036
Harry,Smith,60457633
Beatrix,ohairy,57626183
Beatrix,Smith,47508831
James,Mcintosh,41272983
Marc,Smith,11874481
Beatrix,Ferguson,13519593
Charlotte,Angus,57803807
Marc,Smith,50875002
Marc,Mcintosh,54661158
Beatrix,Angus,73789006
Lea,Smith,69508032
Marc,Ferguson,20262976
Lea,Angus,73695243
Harry,Mcintosh,66515255
Lea,Angus,67381460
Charlotte,Angus,16476748
Harry,Mcintosh,46249976
Charlotte,Mcintosh,34371703
Harry,ohairy,24730213
Charlotte,Smith,47404576
Marc,Mcintosh,25221662
Harry,Barry,70534754
Marc,Mcintosh,41591169
James,Barry,58007327
Charlotte,Angus,55708704
Harry,Mcintosh,15116046
Harry,Ferguson,13559903
Harry,Smith,40087949
Charlotte,Ferguson,71445991
Harry,Barry,77280800
Marc,Mcintosh,75781251
Marc,Ferguson,82457961
Beatrix,Ferguson,20269633
Marc,Angus,83097626
James,Smith,48903878
Marc,ohairy,57166702
Beatrix,Barry,62156015
Lea,Angus,35208616
Marc,Mcintosh,89073100
Marc,Mcintosh,26452262
Lea,ohairy,55897145
Beatrix,Barry,43234557
James,Ferguson,43378688
Charlotte,Smith,75897979
Lea,Angus,78848097
Marc,Smith,54005487
Lea,Smith,49693555
Lea,Smith,21039937
Marc,ohairy,21650031
Marc,Barry,74511233
Charlotte,Barry,46903201
Lea,Barry,61525981
James,Barry,14363475
James,Angus,89825070
Lea,Smith,14528949
Charlotte,Angus,37924523
Marc,ohairy,52282268
James,Smith,60804439
James,Mcintosh,83294690
James,Mcintosh,82868869
Charlotte,Angus,87484858
Charlotte,Mcintosh,29895620
Beatrix,Smith,83750512
