First Name,Last Name,Matriculation
Beatrix,Ferguson,31038431
Charlotte,Barry,87469941
Lea,Mcintosh,24216474
James,Mcintosh,67489351
Lea,Barry,56352503
Harry,Barry,48910506
Charlotte,Mcintosh,64702121
Harry,ohairy,51186939
Charlotte,Mcintosh,74826156
Lea,ohairy,51355902
James,Ferguson,29233314
Beatrix,Mcintosh,58153014
Lea,Angus,67433234
James,Mcintosh,68280191
Marc,Angus,72733899
Beatrix,Mcintosh,87805676
Marc,Ferguson,87457047
Beatrix,Ferguson,77729823
Marc,Barry,62131579
Harry,ohairy,72541704
Charlotte,Smith,73623692
Lea,ohairy,39215210
Harry,Ferguson,53937476
Charlotte,Ferguson,74212456
Harry,ohairy,12873718
Harry,Barry,37360986
Lea,Mcintosh,46214294
Beatrix,Mcintosh,31475765
Marc,Mcintosh,32364962
Beatrix,Angus,75201532
Harry,Angus,22030732
Beatrix,Barry,47411224
Harry,Ferguson,38788253
Marc,Ferguson,81456829
James,Angus,59244043
Charlotte,Angus,15109777
James,Angus,26826903
Harry,Smith,54325926
Beatrix,Ferguson,48644245
Beatrix,ohairy,40136348
Lea,Mcintosh,44693119
Beatrix,Angus,52885698
Charlotte,Smith,13760417
Harry,Barry,78631590
Beatrix,Barry,27712289
Charlotte,Smith,53402175
Beatrix,Mcintosh,29575146
James,Barry,43098266
Lea,Ferguson,85052834
Marc,Angus,39601898
Beatrix,Barry,19051732
Lea,ohairy,80234870
Lea,Smith,46380200
Charlotte,Angus,85324874
Harry,Mcintosh,35265147
Charlotte,Smith,51493719
Beatrix,Mcintosh,59228767
James,Ferguson,27203641
Charlotte,Barry,49102820
Charlotte,Smith,42599225
Charlotte,ohairy,23132783
Lea,Ferguson,23650330
Charlotte,Ferguson,46554675
Lea,Smith,22350411
Beatrix,Smith,39088089
Marc,Ferguson,10525159
Lea,Ferguson,46995426
Beatrix,ohairy,56885499
Marc,ohairy,45707254
Beatrix,ohairy,83414010
Harry,Smith,75706254
James,Angus,72233125
Marc,ohairy,58975441
Charlotte,ohairy,38187772
Harry,Barry,59798161
Beatrix,Mcintosh,29435356
James,Barry,87922687
Charlotte,ohairy,48843659
Harry,Angus,85337331
James,Smith,18971401
Harry,Angus,22843513
Charlotte,Angus,60347346
Beatrix,Ferguson,24904512
Lea,Barry,55529080
Marc,Mcintosh,33616642
Beatrix,ohairy,74464993
Harry,Ferguson,78982156
Marc,Ferguson,87790827
Charlotte,Barry,57399629
Lea,ohairy,14279763
Beatrix,Mcintosh,47175171
Harry,Mcintosh,47824501
Marc,Smith,28946613
Marc,ohairy,61431868
James,Barry,54465154
Charlotte,Mcintosh,23064920
Harry,Ferguson,88485711
Marc,Angus,26180962
Lea,Ferguson,21007725
Harry,Mcintosh,89264750
