First Name,Last Name,Matriculation
Harry,Smith,72252408
Lea,Ferguson,49543109
Beatrix,Ferguson,34887208
Beatrix,Smith,66306332
James,Angus,43264801
Harry,ohairy,60653543
Harry,Barry,47083226
Marc,Ferguson,52614888
Harry,Mcintosh,78920723
James,Ferguson,62311276
Charlotte,ohairy,45783518
Charlotte,ohairy,72830351
Charlotte,Ferguson,86823795
Harry,ohairy,13442467
Charlotte,Angus,66635547
Charlotte,Smith,77004985
Harry,Barry,16877978
James,Angus,82087500
Marc,Smith,38432917
Lea,Ferguson,62022085
James,Ferguson,61860869
Charlotte,Angus,48546941
Beatrix,Ferguson,68559544
Beatrix,Angus,79549609
Lea,ohairy,78443687
Lea,Ferguson,31213634
Charlotte,Ferguson,71443556
Beatrix,ohairy,76397817
Charlotte,Barry,54222117
Lea,Angus,27850261
Charlotte,Barry,50676951
Charlotte,Smith,24346758
Lea,Barry,86890711
James,ohairy,83054019
James,Barry,32400650
Harry,Ferguson,52687575
Lea,Angus,84509399
Harry,Mcintosh,38308435
Harry,Ferguson,55391180
Harry,Smith,87911466
Harry,Barry,46208744
Charlotte,Ferguson,81661652
Charlotte,ohairy,72294406
James,ohairy,50678427
James,Ferguson,19838264
Marc,Ferguson,79213087
Marc,Smith,39118239
Charlotte,Smith,76545104
Lea,Barry,38059882
Lea,Smith,14742988
Charlotte,Mcintosh,72488742
Lea,Angus,78889928
Beatrix,Barry,44884963
Marc,Angus,58206225
Marc,Barry,25979406
Marc,Ferguson,68306888
James,ohairy,18424084
Harry,Smith,31349491
Charlotte,Barry,17375441
Marc,Smith,74829177
Harry,Barry,73440652
Harry,ohairy,51665449
Beatrix,Angus,78304003
Harry,Smith,13734479
James,Angus,22025158
Beatrix,Angus,56846764
Lea,Barry,86578650
James,ohairy,32256561
Harry,Ferguson,74135701
Marc,Mcintosh,39775465
Charlotte,Barry,86811855
Lea,ohairy,48736552
Marc,Mcintosh,58779779
James,Angus,35808807
Charlotte,ohairy,52323078
Beatrix,Mcintosh,70553494
Harry,Smith,34218583
Lea,Ferguson,41816285
Beatrix,Angus,26311614
Lea,Angus,33152708
Harry,Angus,12695024
Lea,Angus,12100335
Beatrix,Ferguson,52165970
Marc,ohairy,85394145
Harry,Smith,86714558
Beatrix,Ferguson,37728966
Lea,Mcintosh,74957274
James,Mcintosh,88362579
Charlotte,Angus,41064112
Lea,Mcintosh,39259544
Lea,Angus,83945960
Charlotte,Angus,87050574
James,Smith,71936856
Lea,ohairy,30181256
Marc,Ferguson,39279853
Lea,Ferguson,62829556
Beatrix,Smith,34870882
Charlotte,Barry,18677356
James,Angus,53289594
Charlotte,Ferguson,88381959
