First Name,Last Name,Matriculation
Marc,Mcintosh,74485530
Lea,Smith,56107307
Charlotte,Mcintosh,34346709
Charlotte,Smith,46590290
James,Ferguson,27921719
Charlotte,Ferguson,73732285
James,Smith,52997413
Harry,Angus,58897384
James,ohairy,35109296
Charlotte,Ferguson,39855661
Charlotte,Smith,29371042
Marc,Ferguson,71073291
Harry,Ferguson,46950447
Lea,Ferguson,43414861
James,Mcintosh,34694425
Harry,Smith,80992607
Marc,Angus,28872570
James,Ferguson,27856822
Marc,Angus,83883233
Lea,Barry,84285467
James,Mcintosh,53139960
James,Angus,31725235
Lea,Mcintosh,17280983
James,Smith,47524954
Beatrix,Ferguson,59527053
James,Smith,45522414
Marc,ohairy,28958170
Harry,Smith,50310802
Lea,Angus,25199384
Harry,Smith,16434405
Marc,Barry,52389971
Harry,Mcintosh,65213363
Harry,ohairy,53670677
Marc,Barry,14511259
Beatrix,Angus,10723549
Charlotte,ohairy,27013188
Marc,Angus,58122129
Charlotte,Smith,77105635
Beatrix,ohairy,25902302
James,Barry,19092308
Charlotte,Mcintosh,21289633
Beatrix,ohairy,26914142
Marc,ohairy,47459712
Lea,ohairy,41534053
James,Angus,75828320
James,Angus,44419414
Beatrix,ohairy,18056655
Marc,Mcintosh,65262846
Harry,Smith,50142909
Charlotte,ohairy,51217589
James,Angus,13505073
Marc,Angus,41438987
Charlotte,ohairy,33842650
Beatrix,Barry,83772376
James,ohairy,17145858
James,Angus,23073415
James,Angus,54658956
Lea,Angus,35914513
Harry,Smith,16834648
Charlotte,Mcintosh,47096679
Beatrix,Smith,62119899
Lea,Smith,68636074
James,Smith,33677001
James,Smith,69624637
Marc,Ferguson,40132298
Harry,ohairy,42938721
Beatrix,ohairy,50135143
Lea,ohairy,22846060
Lea,Smith,82867020
Harry,Smith,65439916
James,Smith,80557801
Beatrix,Angus,58173313
Harry,Mcintosh,29629714
Beatrix,Barry,81327295
Harry,Angus,69434289
Beatrix,ohairy,70632451
Harry,ohairy,84783297
Beatrix,Barry,21662134
Charlotte,Mcintosh,36155920
Lea,Angus,24013025
James,ohairy,77349587
Charlotte,ohairy,11532719
Beatrix,Smith,24812876
Lea,Smith,10376824
Harry,Angus,41124626
Lea,Ferguson,55680624
Harry,ohairy,20978842
Marc,Mcintosh,81319987
Harry,Mcintosh,39296444
Marc,ohairy,43857263
Beatrix,Angus,57195867
Charlotte,Barry,70879899
Lea,Smith,34419849
Charlotte,Ferguson,80665789
Harry,Angus,52498422
Harry,Angus,83685465
Charlotte,Barry,24652676
Beatrix,Barry,83398648
Lea,Ferguson,13575880
Lea,Mcintosh,82584085
