First Name,Last Name,Matriculation
James,Angus,53239147
Marc,Ferguson,70397896
Marc,Angus,38121980
Lea,ohairy,73695332
Harry,Mcintosh,40887547
Charlotte,Smith,59964766
Marc,Mcintosh,30270598
Charlotte,Ferguson,20649202
Beatrix,Angus,86724098
Charlotte,Angus,76562241
James,ohairy,38906822
Beatrix,Smith,79922838
Harry,ohairy,37208469
Marc,ohairy,47490981
Beatrix,Barry,46789903
Charlotte,Smith,54772979
Harry,Barry,89986851
Lea,ohairy,54584348
Lea,Mcintosh,22942869
Charlotte,Barry,22369649
James,Mcintosh,47758744
James,Mcintosh,70181905
Lea,Mcintosh,85082019
Marc,ohairy,57328052
Harry,Angus,39656774
Beatrix,Mcintosh,33182134
James,Mcintosh,68447111
Lea,Angus,85098368
Lea,Smith,65516717
Marc,Ferguson,24855005
Harry,Ferguson,47654998
Lea,Smith,61790487
Lea,Barry,74511813
James,Angus,42937218
Charlotte,Barry,21102377
Beatrix,Mcintosh,88743818
Lea,Ferguson,67348622
Harry,ohairy,29056026
Harry,Smith,18837958
James,Barry,15028966
Beatrix,Mcintosh,52001004
Charlotte,Barry,84849989
Harry,Barry,83573865
Charlotte,Angus,23475309
Marc,Ferguson,36616297
James,Mcintosh,48661394
James,ohairy,83906045
James,Ferguson,77331599
Lea,Ferguson,46157421
Lea,Mcintosh,40187471
Lea,ohairy,26685514
Beatrix,Smith,47179025
James,Mcintosh,28095248
Charlotte,Barry,31126926
Marc,Mcintosh,49710786
Beatrix,Ferguson,73555633
Lea,Mcintosh,71120832
Harry,ohairy,78026082
Beatrix,Mcintosh,34571112
Charlotte,Ferguson,26559970
Lea,ohairy,53614373
Beatrix,Angus,45332355
Harry,Mcintosh,19230790
Marc,Smith,42967818
Lea,Smith,42427571
Beatrix,ohairy,59460127
Harry,Ferguson,18624850
Charlotte,ohairy,45667553
Harry,Ferguson,18807902
Beatrix,Mcintosh,23174350
Lea,ohairy,48580977
Marc,Angus,26234792
Marc,ohairy,38684584
Lea,Ferguson,52956440
James,ohairy,37232579
Charlotte,Mcintosh,88553090
Marc,Barry,59443615
Charlotte,Ferguson,15415041
James,ohairy,21294759
Charlotte,Mcintosh,53030255
Harry,ohairy,10165817
Harry,Angus,69344216
Beatrix,Mcintosh,82096505
Marc,Angus,53815559
Beatrix,ohairy,48482266
Harry,ohairy,73239977
Marc,Smith,65695356
Lea,Barry,76258786
Charlotte,Ferguson,18380752
Harry,Smith,58339194
Lea,Smith,48162178
Charlotte,Mcintosh,17837780
Beatrix,Barry,45081005
Marc,ohairy,11042698
Marc,Angus,35268103
Charlotte,Smith,39393830
Marc,ohairy,87157878
Lea,ohairy,50718540
James,Smith,50990942
Lea,Smith,67722864
