First Name,Last Name,Matriculation
Charlotte,Smith,78242302
Harry,Barry,84937580
Lea,Angus,66117688
Harry,Mcintosh,51427403
Charlotte,Smith,83876536
Charlotte,Smith,72680862
Charlotte,ohairy,56858344
Beatrix,Smith,41062353
Harry,Barry,38809071
Beatrix,Mcintosh,42001409
Marc,Barry,84134155
Lea,Angus,64221588
Lea,Smith,49438680
Charlotte,Smith,72714904
Charlotte,Ferguson,25905202
Harry,ohairy,11911028
Charlotte,Ferguson,82193298
Marc,Smith,11678117
Beatrix,Mcintosh,33212242
James,ohairy,64417129
Beatrix,Barry,26991597
Charlotte,Barry,45416505
Beatrix,Barry,26964380
Charlotte,Ferguson,74925022
Beatrix,Mcintosh,75713409
Marc,ohairy,15960321
Charlotte,Smith,87040702
Charlotte,Angus,14663769
Beatrix,Mcintosh,27137444
Beatrix,ohairy,87654852
Harry,Angus,15936231
Charlotte,Ferguson,45238207
Charlotte,Barry,26069889
Harry,Barry,22802487
James,Mcintosh,37128875
Charlotte,Ferguson,23005561
Marc,Mcintosh,73410558
Marc,Ferguson,18190079
James,Mcintosh,20275655
Harry,Ferguson,87602430
James,Angus,86397367
Beatrix,ohairy,40338624
Beatrix,Barry,45573312
Harry,Ferguson,43899636
Charlotte,Barry,47948151
Charlotte,Ferguson,63178977
Harry,Barry,33092369
Lea,Barry,52788949
Marc,Smith,84619648
James,Ferguson,33628711
Marc,ohairy,41991363
Charlotte,Barry,65782559
Harry,Ferguson,66814255
Beatrix,ohairy,21473040
Charlotte,Ferguson,31568920
Charlotte,Angus,16980239
Marc,Ferguson,78818740
Marc,Barry,69480394
Marc,Ferguson,81011920
Beatrix,Smith,51593170
Harry,Angus,34500017
Harry,Barry,65187403
James,Barry,14322154
Harry,Barry,41159997
Beatrix,ohairy,21163689
Marc,Barry,10931415
James,Mcintosh,77589732
Harry,Angus,59583085
Lea,ohairy,44394542
Marc,Smith,87823480
Lea,Mcintosh,26800839
James,Smith,59534406
Beatrix,ohairy,88783714
James,Barry,70095583
James,Ferguson,66908014
Lea,Mcintosh,65718134
Charlotte,ohairy,80360922
Charlotte,Ferguson,65129091
Charlotte,Barry,53604095
Harry,ohairy,84746075
Marc,ohairy,63268586
Charlotte,ohairy,51866731
James,Smith,35276904
James,Mcintosh,69744603
Beatrix,Smith,80713392
Marc,Smith,11708943
Charlotte,Smith,74581895
Lea,Mcintosh,78503065
James,Angus,11127471
Lea,Angus,37410887
Charlotte,Barry,30639818
Charlotte,Smith,55556219
Lea,ohairy,38401310
Marc,Barry,84512381
Harry,Ferguson,45952738
Beatrix,Angus,63761111
Charlotte,Mcintosh,43048175
James,Barry,56513657
Marc,Mcintosh,29917828
Marc,Mcintosh,76424403
