First Name,Last Name,Matriculation
James,Mcintosh,10651286
Lea,Smith,77877280
Marc,ohairy,13050457
Marc,Barry,61850932
Charlotte,Mcintosh,17961402
Lea,Smith,85637882
Beatrix,Ferguson,30254321
Marc,Barry,25661586
Marc,ohairy,72713834
Lea,Barry,22125935
Lea,ohairy,16952542
Marc,Barry,26086078
James,Ferguson,20184594
Marc,Smith,63724145
Lea,Ferguson,24900448
Beatrix,Barry,46604282
Harry,Ferguson,45398843
Harry,Ferguson,81498365
James,Ferguson,50487288
Lea,ohairy,46260733
Lea,Smith,22462585
Marc,Mcintosh,14183910
Lea,Ferguson,50359202
James,ohairy,11173823
Beatrix,Smith,54584498
James,Angus,30978879
Harry,Ferguson,66037533
Harry,ohairy,18188674
Lea,Angus,30722880
Harry,ohairy,69519363
Lea,Ferguson,39242653
James,ohairy,33124156
Beatrix,Barry,71344213
Harry,Ferguson,69072562
Beatrix,Ferguson,87464936
Charlotte,Ferguson,82559614
Lea,ohairy,89969926
Beatrix,ohairy,25644164
James,Smith,14421173
Marc,ohairy,20683848
Charlotte,Barry,44692219
Lea,Ferguson,11643983
Beatrix,Ferguson,40116304
Beatrix,Mcintosh,42093742
Charlotte,Ferguson,87256220
Harry,Ferguson,72120948
Marc,Mcintosh,67371326
James,Smith,80354424
Beatrix,Smith,85923058
Lea,Mcintosh,85271372
Marc,Mcintosh,29776639
Beatrix,Ferguson,80713348
Harry,Barry,27326729
Charlotte,Smith,52286646
Lea,Smith,42882796
Beatrix,ohairy,75828101
James,Mcintosh,50009266
Charlotte,Mcintosh,16599678
Charlotte,Barry,31095458
Marc,Barry,41481452
Harry,ohairy,89710431
Charlotte,Ferguson,24051648
Marc,Barry,38087182
Charlotte,ohairy,84928481
Harry,Smith,66897214
Harry,Smith,85949908
Lea,ohairy,64769179
Charlotte,Angus,60620860
Lea,Ferguson,44413214
James,Ferguson,22435429
Beatrix,Smith,88582279
Harry,Angus,22673187
James,ohairy,18585135
Charlotte,Angus,34025356
James,ohairy,15072590
Beatrix,Mcintosh,52108439
Charlotte,Angus,28592102
Harry,Smith,46400067
Beatrix,Smith,37849651
Lea,ohairy,15842764
Harry,Barry,37895237
Charlotte,ohairy,83062974
Marc,Ferguson,73029613
Harry,Smith,78008929
Charlotte,Mcintosh,36485956
Charlotte,Smith,52327053
Lea,Angus,25577131
James,ohairy,58176242
Charlotte,Smith,23909882
James,Ferguson,75494989
Charlotte,Smith,83521660
Beatrix,ohairy,75926503
Charlotte,Barry,72342795
Lea,Angus,11978551
Lea,ohairy,84306000
Marc,Angus,20477603
Charlotte,ohairy,27563991
Marc,ohairy,49880248
James,Smith,29477172
Marc,Angus,18922914
