First Name,Last Name,Matriculation
Lea,Smith,67682565
Harry,Smith,58383686
Harry,Ferguson,25378682
Harry,Angus,78110667
James,Barry,74471711
Beatrix,ohairy,68504285
Lea,ohairy,79601524
Beatrix,Smith,45821615
Lea,Mcintosh,42876160
Marc,Smith,37243404
Charlotte,ohairy,16155360
Marc,Ferguson,47991658
Harry,Barry,12533408
Beatrix,Angus,24998473
Charlotte,Barry,51724124
Lea,Mcintosh,14075543
Beatrix,Mcintosh,52993904
Charlotte,Ferguson,49557438
Lea,Smith,62493126
James,Angus,28112060
Beatrix,Ferguson,39685093
Marc,Barry,65266310
Charlotte,Angus,82238479
James,Ferguson,40903259
Harry,Mcintosh,58718964
James,Ferguson,29296702
Marc,Mcintosh,38418854
Harry,Smith,26726000
Marc,Mcintosh,40370228
Beatrix,Barry,89718976
Lea,Smith,13555407
Lea,Angus,73998362
Charlotte,Ferguson,80469326
Marc,Barry,12742317
Marc,Mcintosh,38395136
Harry,Mcintosh,20359718
Marc,Ferguson,12683659
Charlotte,Smith,46354357
James,Ferguson,10251391
Marc,Mcintosh,30910501
Harry,ohairy,43041806
Charlotte,ohairy,44587708
Lea,Mcintosh,50832325
Beatrix,Angus,74521152
Harry,Mcintosh,79551549
Lea,Ferguson,34817439
Lea,ohairy,71011617
Beatrix,ohairy,23843517
James,Ferguson,44380167
James,Barry,44299322
Harry,Mcintosh,18858894
Harry,Mcintosh,64906722
James,ohairy,48982790
James,Mcintosh,81545750
Charlotte,ohairy,20993073
Beatrix,ohairy,40374760
James,Angus,82935935
Marc,Smith,81316914
Beatrix,Smith,74920209
Marc,Ferguson,39557836
Beatrix,Smith,78815661
James,Barry,59929593
Marc,Ferguson,52189463
James,Mcintosh,68130602
Marc,ohairy,81827768
James,Ferguson,17822821
Harry,ohairy,38804209
Charlotte,Mcintosh,43900309
Harry,Smith,87646672
Charlotte,Ferguson,50385040
Charlotte,Barry,29747778
Beatrix,ohairy,22836922
Harry,Smith,18771447
Marc,Angus,56775291
James,Mcintosh,64283714
Beatrix,Barry,84407782
James,ohairy,16209363
Marc,Mcintosh,15065896
Lea,Mcintosh,56034250
James,Ferguson,77149421
James,Angus,24181775
Beatrix,Mcintosh,37294791
James,Ferguson,31786464
Beatrix,Ferguson,31860493
Marc,Ferguson,34602172
Charlotte,Barry,28289705
Charlotte,Ferguson,40602734
Harry,Ferguson,36004526
Marc,Ferguson,26941640
Charlotte,Angus,31884940
Harry,Mcintosh,49960603
Harry,Mcintosh,79636839
James,Angus,22376262
Marc,Ferguson,21817665
Charlotte,Angus,40870410
Lea,Angus,82260310
James,Ferguson,45607100
Lea,ohairy,63411179
Beatrix,Smith,72248665
Lea,Ferguson,47583710
