First Name,Last Name,Matriculation
James,Mcintosh,69355614
Lea,ohairy,44144930
Beatrix,Angus,43500521
Lea,Smith,65115653
Marc,Angus,75504988
Harry,ohairy,80280301
Lea,Barry,32356661
Lea,ohairy,23124380
Lea,Barry,17297681
Charlotte,Smith,19922796
Harry,ohairy,10583499
Charlotte,Barry,50826827
Marc,Barry,71507018
Beatrix,Barry,69494143
Charlotte,ohairy,79616775
Marc,ohairy,32714690
Marc,Mcintosh,71451244
Beatrix,Smith,55039712
Marc,Mcintosh,46053752
James,Smith,43437532
Charlotte,Barry,46959984
Harry,Angus,72954515
Lea,Ferguson,72467159
James,Ferguson,56390996
Harry,Smith,49431944
Lea,Mcintosh,29345560
Marc,Angus,76931595
James,Barry,51417606
Charlotte,Angus,77122481
Lea,Ferguson,74767855
Beatrix,Angus,85908429
Harry,Angus,85532027
Lea,ohairy,48395432
Marc,Smith,71570906
Harry,Barry,68019666
Harry,Mcintosh,23949027
James,Angus,27801006
James,Angus,40623061
Beatrix,Mcintosh,22693317
Harry,Angus,35479878
Lea,Angus,41618861
James,Smith,35459245
Beatrix,ohairy,80147450
Lea,Barry,58305679
Beatrix,ohairy,66232862
Lea,Angus,44066605
James,Angus,26808840
Charlotte,ohairy,43860412
James,Mcintosh,82732399
James,Barry,38607278
James,Mcintosh,72343833
Marc,Ferguson,77251333
Beatrix,Mcintosh,16572646
Beatrix,Smith,52772469
James,Ferguson,45432602
Charlotte,Barry,55905784
Harry,Smith,15214354
Lea,Smith,30217595
James,Ferguson,37013250
Beatrix,Barry,40575529
Beatrix,Angus,84431246
Charlotte,Ferguson,10725184
Beatrix,ohairy,46935728
Charlotte,Ferguson,42226345
Beatrix,Mcintosh,46854530
Charlotte,Smith,82630776
Marc,Ferguson,64677943
Marc,ohairy,68699446
Harry,Ferguson,82006717
James,Ferguson,60686646
Harry,Mcintosh,11434526
James,Mcintosh,35211179
Lea,Barry,33981934
Beatrix,Smith,11865957
James,Ferguson,17629297
James,Angus,83867417
Lea,ohairy,50078859
Charlotte,Ferguson,33104387
Marc,Mcintosh,27761554
Charlotte,ohairy,72520105
Harry,ohairy,79142610
Lea,ohairy,86388288
James,Ferguson,62399623
Harry,Barry,23162927
Lea,Smith,70181221
Beatrix,Smith,35394885
Beatrix,Ferguson,27628661
Lea,Barry,22388129
Lea,Angus,61847562
Charlotte,Mcintosh,71260872
Lea,Ferguson,86055948
Marc,ohairy,60794968
Charlotte,Mcintosh,83805976
Harry,Ferguson,18055270
Harry,ohairy,17825247
Charlotte,Mcintosh,38885281
Harry,ohairy,48996985
Charlotte,Mcintosh,31338960
Harry,Ferguson,13769554
Beatrix,Angus,72798104
