First Name,Last Name,Matriculation
Beatrix,Mcintosh,47230407
Marc,Ferguson,72066677
Harry,Ferguson,82982796
Harry,Angus,20648430
Beatrix,Barry,30211757
Beatrix,Ferguson,82661338
Charlotte,ohairy,27353953
Harry,Ferguson,44601415
Charlotte,Smith,59038588
Lea,Barry,55211099
Marc,Barry,10138767
Beatrix,Angus,11263179
James,Angus,24224104
Lea,ohairy,67089236
Lea,Smith,75635606
Beatrix,ohairy,62987753
James,Mcintosh,39157271
Charlotte,Mcintosh,83495775
Beatrix,Mcintosh,79593410
Harry,Ferguson,41763574
Lea,Smith,68511896
Lea,Angus,29944673
Charlotte,Smith,40816879
Marc,Angus,14653502
Harry,Barry,70675128
Beatrix,Mcintosh,45376200
Beatrix,Smith,37212722
Beatrix,Barry,28317394
Charlotte,ohairy,85085351
James,Smith,24744229
Beatrix,Angus,19763322
Charlotte,Angus,86582835
Beatrix,Angus,72392281
Beatrix,ohairy,84740411
James,Angus,13893964
James,Angus,85980241
Charlotte,Angus,48087754
Lea,Smith,13169897
Marc,Barry,20696760
Lea,Barry,37426733
Lea,Angus,77788762
Marc,Mcintosh,79951679
Harry,ohairy,18797293
James,Ferguson,48146010
Beatrix,Mcintosh,38275649
Harry,Mcintosh,87833128
Harry,Barry,87056283
Harry,Barry,31916604
Beatrix,Ferguson,25829508
Marc,ohairy,82511432
Beatrix,Barry,69335918
Harry,Barry,18113904
Charlotte,Angus,86443445
Charlotte,Ferguson,21237372
Lea,Angus,89386851
Charlotte,Angus,47503996
Charlotte,Mcintosh,24222391
Harry,ohairy,24933744
Harry,Barry,43709808
Harry,Mcintosh,23557790
James,ohairy,25055024
Beatrix,Smith,19833053
Beatrix,Barry,88531977
Marc,Ferguson,83068984
Charlotte,Barry,24206233
Harry,Smith,50493964
Charlotte,Smith,41480513
James,Mcintosh,87170477
Harry,Barry,63477622
James,Mcintosh,49082231
Charlotte,Mcintosh,42073137
Lea,Angus,65564944
James,Smith,58734070
Harry,Mcintosh,64623830
James,Barry,88923568
Harry,Mcintosh,52064367
James,Smith,86121282
Charlotte,Ferguson,76003379
Charlotte,Barry,18138485
Harry,ohairy,35076104
Beatrix,Angus,69924251
Lea,ohairy,14778987
Marc,Ferguson,41203774
Marc,Angus,81679920
Harry,Ferguson,67142862
Lea,Mcintosh,78818333
Charlotte,Angus,54108792
James,Smith,40820881
James,Barry,49868515
Marc,ohairy,47175318
Charlotte,ohairy,57057819
Charlotte,Barry,80757968
Harry,Angus,25186655
Marc,Smith,37110418
Charlotte,Barry,30613421
Lea,Barry,31474499
Lea,Angus,47367316
Beatrix,ohairy,26510600
Harry,Barry,49350477
Beatrix,Ferguson,76059814
