First Name,Last Name,Matriculation
Charlotte,Smith,24441612
James,Mcintosh,40986916
Beatrix,Barry,30160572
Beatrix,Mcintosh,27184574
James,ohairy,35128616
Lea,ohairy,51665988
Marc,Barry,58642562
Beatrix,Angus,48056592
Lea,Barry,28804459
Harry,Ferguson,17094105
Marc,Barry,48077387
Lea,Angus,35779692
Charlotte,Ferguson,84791577
James,ohairy,59172272
Beatrix,Ferguson,48293167
Lea,Angus,28271212
Lea,Ferguson,87766618
Harry,Mcintosh,76863253
James,Angus,65609826
James,Mcintosh,56716172
Beatrix,Angus,34737114
Beatrix,Barry,36554270
Lea,Smith,29933674
James,Ferguson,78535732
Marc,Angus,46477511
Lea,Ferguson,86517520
Beatrix,Angus,53534816
Beatrix,Barry,25970942
James,Smith,66441438
Lea,Mcintosh,59303381
Lea,Barry,55996098
Harry,Ferguson,72383595
Beatrix,ohairy,78073230
James,Ferguson,25754638
Lea,Smith,50720355
Lea,Angus,20195975
Harry,ohairy,34263394
Marc,Smith,82169747
Beatrix,Ferguson,75397666
Marc,Smith,29925852
Beatrix,ohairy,35343456
Harry,Smith,31492002
Harry,Angus,49095440
Beatrix,Mcintosh,46856855
Charlotte,ohairy,69267555
Marc,Angus,85423610
Marc,Ferguson,77967644
Beatrix,Mcintosh,63957713
James,Mcintosh,83114638
Beatrix,ohairy,78361347
Beatrix,Smith,44569242
Lea,ohairy,32227330
Beatrix,ohairy,74094852
James,Mcintosh,53072545
Marc,Ferguson,10436050
Harry,Angus,83839658
Charlotte,Smith,88431482
Lea,ohairy,22689123
James,Angus,10476463
Beatrix,Mcintosh,30931526
Harry,Mcintosh,57324162
Beatrix,Mcintosh,22635853
Charlotte,Angus,10083755
James,Ferguson,46801478
Harry,Ferguson,81054192
James,Smith,25641222
Beatrix,Angus,35025538
Beatrix,ohairy,84714812
Charlotte,ohairy,18732175
Charlotte,Angus,66459863
Harry,Smith,23282955
Harry,ohairy,44825642
Marc,Barry,35206149
Charlotte,ohairy,23133784
Harry,Angus,65783000
James,Angus,27154039
Beatrix,Smith,17269493
James,ohairy,59736748
Lea,Ferguson,22049562
Beatrix,Barry,13248061
Marc,Smith,36531817
Harry,Smith,55530562
Beatrix,Smith,60035815
Charlotte,Smith,60491540
James,Barry,86973655
Charlotte,Barry,61747267
James,Barry,64225320
James,Mcintosh,14906315
James,Mcintosh,69892513
Lea,Mcintosh,22114974
James,ohairy,68685166
Lea,Ferguson,47511116
James,Mcintosh,56557637
James,Smith,68341837
Harry,Smith,75791503
Beatrix,Mcintosh,11033105
Lea,ohairy,67262941
Marc,ohairy,16643493
Lea,ohairy,72301620
Beatrix,Angus,76267166
