First Name,Last Name,Matriculation
James,Barry,85910106
Marc,Barry,66200294
Lea,Mcintosh,28393704
James,Angus,39270973
Harry,Mcintosh,50675501
Charlotte,Mcintosh,52690440
Beatrix,Ferguson,46584403
Charlotte,ohairy,19659966
Charlotte,Smith,10176513
Charlotte,Barry,89341471
James,Smith,50257752
Lea,Barry,69978978
James,Mcintosh,74422841
James,Barry,64661966
Harry,Ferguson,51092984
Charlotte,ohairy,36896483
Lea,Smith,31802086
Charlotte,Angus,73610605
Harry,Mcintosh,27449478
Charlotte,Ferguson,73338168
James,Mcintosh,77166456
James,Smith,18243264
James,Smith,47630597
Charlotte,Barry,10505546
Charlotte,ohairy,72516075
James,ohairy,56123634
Lea,Ferguson,69002829
Charlotte,Barry,19714161
Beatrix,Mcintosh,65779413
Lea,ohairy,72196660
James,Barry,88378040
Beatrix,Angus,45921243
Lea,Mcintosh,73410047
James,Ferguson,26226596
Beatrix,Mcintosh,84735124
Harry,ohairy,55432329
James,Ferguson,57924887
Harry,Barry,45643784
Lea,Mcintosh,44925284
Marc,Smith,28795236
Beatrix,Ferguson,57666861
James,Angus,73985365
James,ohairy,81391835
James,Barry,85424100
James,Ferguson,87007834
Charlotte,Mcintosh,30499266
Charlotte,ohairy,86912313
Marc,ohairy,64875513
Lea,ohairy,23895493
Charlotte,Smith,61080050
Beatrix,Smith,44507627
Lea,Barry,36207656
Charlotte,Angus,34463720
Marc,Barry,18969853
Beatrix,ohairy,54586086
James,Mcintosh,74614626
Charlotte,Smith,52448502
Beatrix,ohairy,40191395
Beatrix,Ferguson,44917727
Lea,Ferguson,14230109
Lea,ohairy,23099321
Marc,ohairy,78677006
Harry,ohairy,42970158
Charlotte,Angus,67510825
James,ohairy,68960532
Lea,Mcintosh,49718730
Beatrix,ohairy,26179456
James,Angus,59148460
Beatrix,Barry,33592091
Lea,Barry,69583713
Marc,Mcintosh,10522725
Harry,Smith,12389193
Marc,Angus,71234054
Harry,Smith,63299295
Beatrix,Ferguson,70127174
Marc,Ferguson,89305009
Lea,Mcintosh,25425058
Marc,Mcintosh,60335916
Marc,Smith,80594703
Marc,Ferguson,68537525
Lea,Mcintosh,58115502
Lea,Ferguson,79795466
Marc,Smith,59236121
Marc,ohairy,73682933
James,Angus,64078167
Harry,Barry,53018720
Charlotte,Angus,79628115
Marc,Ferguson,21969249
Marc,Barry,46513455
Charlotte,Ferguson,18649532
James,Barry,82422266
James,Barry,86495259
James,Barry,28349977
Beatrix,Mcintosh,76005052
James,ohairy,49871526
James,Mcintosh,11147675
Harry,Mcintosh,80241770
James,ohairy,13470538
Beatrix,ohairy,86321489
Harry,Smith,74884003
