First Name,Last Name,Matriculation
Marc,ohairy,66598563
James,Ferguson,52217460
Charlotte,Ferguson,71781673
James,Angus,19754827
Marc,Barry,49473576
Charlotte,Smith,20786439
Charlotte,Angus,20401942
Charlotte,Smith,45220663
Beatrix,ohairy,39725953
Harry,Mcintosh,36294672
Beatrix,ohairy,74568883
James,Barry,61245499
Marc,Barry,20381055
Lea,Smith,65459293
Charlotte,ohairy,54368975
Lea,Barry,67801408
Charlotte,Angus,79079039
Beatrix,Ferguson,79594331
James,ohairy,11642881
Charlotte,Ferguson,80396762
Charlotte,Ferguson,30020952
Beatrix,Smith,24766659
Beatrix,Ferguson,68689668
Lea,Ferguson,77031959
James,Smith,12854701
Beatrix,Smith,35544147
Marc,ohairy,19068120
James,Barry,30167040
Lea,Barry,73872193
Harry,Angus,74280742
Beatrix,Angus,35150577
Lea,Smith,62665872
Charlotte,ohairy,62563367
Marc,Ferguson,63171767
Harry,Barry,42523978
Charlotte,Mcintosh,13567762
Charlotte,ohairy,16066964
Beatrix,Barry,72996150
Charlotte,Barry,42778164
Marc,Barry,63029092
James,Smith,50722318
Beatrix,Mcintosh,16910489
Lea,Ferguson,81608313
James,Smith,48447692
Beatrix,Angus,25841524
Beatrix,Angus,81541385
Harry,Angus,60446082
Harry,Barry,66668225
Charlotte,Ferguson,61365702
Beatrix,Barry,78565315
Lea,Angus,87190786
Harry,Smith,20047903
Marc,Smith,66143178
Lea,Barry,60761883
Beatrix,ohairy,16464888
Marc,Smith,61067634
Harry,Mcintosh,63027608
Charlotte,Mcintosh,70184779
Lea,Mcintosh,13891651
Marc,Angus,89607150
James,Angus,61398933
Harry,Barry,19917441
Charlotte,Barry,82091350
Lea,Smith,62461505
James,Ferguson,50147452
Marc,Smith,85757287
Lea,Barry,11152818
Beatrix,Barry,42709427
Beatrix,ohairy,54311788
Lea,Smith,66908454
Marc,Barry,60443718
Lea,Mcintosh,20733865
Beatrix,Mcintosh,84364545
Charlotte,Ferguson,14812219
Marc,Angus,22572555
Marc,Smith,85745947
Charlotte,Smith,28464594
Marc,Smith,20631573
Lea,Angus,74423378
Marc,Angus,19973690
Harry,Mcintosh,31560250
Beatrix,Smith,85672323
Lea,Ferguson,86880570
Beatrix,Ferguson,76627674
Harry,Angus,23035483
James,Ferguson,39953916
James,Angus,66625196
Beatrix,Angus,45008265
James,Mcintosh,26891855
Lea,Mcintosh,55682699
Charlotte,Angus,55447051
Lea,Smith,66727318
Charlotte,Mcintosh,74662344
Marc,Angus,37772104
Beatrix,Ferguson,63375675
Beatrix,Ferguson,30348812
Lea,Smith,28219334
James,Angus,39469796
Harry,Smith,53591303
Lea,Barry,27891644
