First Name,Last Name,Matriculation
Harry,Angus,38305096
Beatrix,ohairy,77133731
Charlotte,Smith,21121843
Marc,Mcintosh,54192908
Charlotte,Ferguson,41952693
Lea,Barry,26153636
James,Ferguson,72060158
Beatrix,Barry,85731092
Lea,Ferguson,12340476
Charlotte,Smith,30155790
James,Mcintosh,43031604
Marc,Mcintosh,65460492
Harry,Mcintosh,49870456
Beatrix,Ferguson,15312927
James,Smith,69000518
Charlotte,Barry,15080196
Beatrix,Mcintosh,31267408
Charlotte,ohairy,39650966
James,Barry,14144122
Marc,ohairy,34947440
James,Angus,69257983
Harry,Angus,12813853
Beatrix,Angus,62779983
Lea,Angus,49522240
Marc,ohairy,63641993
Harry,Ferguson,89578040
Beatrix,ohairy,58945549
James,Smith,65070489
Marc,Smith,28585840
Beatrix,Angus,85490436
Lea,Angus,42573278
Charlotte,Smith,83558159
Harry,Angus,63710121
Charlotte,Angus,69637592
James,Angus,11861849
Lea,Mcintosh,48899363
Harry,Smith,37235983
Marc,Mcintosh,17949468
Beatrix,Angus,34946523
Beatrix,Mcintosh,66910391
Harry,ohairy,47634496
Beatrix,Angus,26643445
Harry,Ferguson,75623608
Harry,Mcintosh,26639506
James,Angus,24986410
James,Smith,17852036
Beatrix,ohairy,22568822
James,Ferguson,22396686
Charlotte,Smith,14956437
James,Angus,56444567
James,Angus,54384458
James,Mcintosh,62841125
James,Barry,76094447
Charlotte,Mcintosh,53332230
Marc,Barry,28082062
Marc,Smith,34764338
Lea,Angus,20210452
James,Barry,23770975
Harry,Angus,47985423
Charlotte,Barry,45223460
Beatrix,Smith,54487554
Beatrix,ohairy,73208463
Charlotte,Angus,70981897
Marc,ohairy,67808221
James,ohairy,70084873
Marc,Angus,77971745
Beatrix,ohairy,63260528
Beatrix,Smith,86939732
James,ohairy,19560036
Beatrix,ohairy,52875452
Charlotte,Smith,39646043
Charlotte,Mcintosh,72603089
Beatrix,Smith,75764487
Charlotte,Angus,34961264
Marc,ohairy,27565654
Beatrix,Barry,51197614
Harry,ohairy,39913786
Harry,Angus,83849886
Charlotte,Barry,13492092
Marc,ohairy,31338956
Marc,Barry,57206282
James,Barry,20091449
Harry,Angus,87544819
Beatrix,Angus,31333792
Charlotte,Angus,84783957
Charlotte,Angus,45615826
James,ohairy,52749306
Harry,Smith,48913379
Beatrix,Mcintosh,62581477
Marc,ohairy,53452775
Beatrix,Mcintosh,15463644
Beatrix,Mcintosh,60863181
Harry,Mcintosh,45615704
Harry,Mcintosh,45772701
James,Mcintosh,69989773
Lea,Mcintosh,32432853
Marc,Angus,64214662
Harry,Smith,34121787
James,Angus,32463701
Lea,Smith,25418671
