First Name,Last Name,Matriculation
Lea,Barry,46528835
Lea,Barry,19947504
James,Mcintosh,46607294
Harry,ohairy,62284975
Marc,Barry,66320939
Lea,Smith,72132116
Harry,Smith,77479625
James,Smith,30454920
Beatrix,Mcintosh,45370903
Beatrix,ohairy,27696094
Beatrix,Smith,63469948
Charlotte,Ferguson,30939749
James,Smith,17476227
Lea,Barry,40196170
Lea,Smith,16795105
James,Ferguson,54975617
Charlotte,Ferguson,63892059
Harry,ohairy,84248135
Harry,ohairy,58600644
Lea,Ferguson,40057990
Lea,Ferguson,45996320
James,Barry,41015186
Beatrix,Barry,31416389
Harry,Ferguson,58840868
Harry,Angus,16512253
James,Angus,40628552
Marc,Smith,46918487
James,Mcintosh,48666111
Marc,Mcintosh,19138118
Beatrix,Mcintosh,48799804
James,Ferguson,46831464
James,Mcintosh,49062705
Marc,Mcintosh,28655164
James,Smith,74824836
Marc,Smith,26748096
Lea,Smith,20165577
James,Ferguson,50850938
Lea,Mcintosh,30917634
Harry,Mcintosh,76977844
Lea,ohairy,64023198
James,Ferguson,47904670
Lea,Ferguson,64412544
Marc,Ferguson,56870062
Beatrix,Smith,44997808
Charlotte,ohairy,79091983
James,Ferguson,51028195
Marc,Angus,65150055
Charlotte,Smith,32350892
Marc,Barry,83890043
Beatrix,Angus,85909060
Harry,Mcintosh,15835301
Harry,ohairy,42295068
Beatrix,Ferguson,82017958
Lea,Barry,83063693
Marc,Barry,63375598
Beatrix,Smith,71857150
Lea,Smith,79008006
Marc,Ferguson,67715120
Charlotte,Angus,12206943
Beatrix,Ferguson,23087637
Charlotte,Mcintosh,31325514
Charlotte,Smith,14531928
Charlotte,ohairy,51166346
Harry,Smith,34902463
Lea,Mcintosh,18208536
Harry,ohairy,85691036
Charlotte,ohairy,24170696
Beatrix,ohairy,26235402
Charlotte,ohairy,27802400
James,Smith,14471500
Harry,ohairy,39252695
James,Smith,26419865
James,Barry,51355883
Marc,Barry,14774651
Lea,ohairy,70220227
Beatrix,Angus,23064513
Lea,Angus,40592527
Charlotte,ohairy,40267933
Harry,Barry,54652769
James,Mcintosh,69290806
Lea,Mcintosh,64007704
Marc,Smith,30854868
Lea,ohairy,87280908
James,ohairy,31850362
Harry,ohairy,11494911
Harry,Ferguson,57729812
Charlotte,Mcintosh,79396826
Marc,Smith,86837511
Marc,Ferguson,36295357
James,Ferguson,25664608
Harry,Angus,47203144
James,Mcintosh,78943415
Charlotte,Ferguson,44881386
Beatrix,ohairy,34032056
James,Barry,50787922
Beatrix,Angus,38439466
Harry,Barry,74082125
Lea,Smith,54212910
James,Angus,70096532
Harry,Smith,76438170
