First Name,Last Name,Matriculation
Lea,Angus,76605143
James,Ferguson,69405389
Harry,Mcintosh,86342064
Lea,Ferguson,71362980
James,Ferguson,38728037
James,Barry,35519129
Charlotte,Angus,56510097
Lea,Angus,47812162
Charlotte,Smith,51558698
Beatrix,Angus,58711528
Lea,Mcintosh,45376477
James,Barry,33468244
Charlotte,Smith,52203092
Harry,Barry,46804263
Charlotte,Smith,63605892
Harry,Smith,50964351
James,Angus,43961588
Beatrix,Ferguson,88390106
Harry,Mcintosh,75887322
James,Mcintosh,20623832
Charlotte,Barry,80358565
Charlotte,Ferguson,39176936
Beatrix,Smith,36075078
James,Barry,41835594
Harry,Ferguson,25899317
Lea,ohairy,21021885
Harry,Ferguson,16263206
Lea,Mcintosh,57473725
Beatrix,Barry,11047405
Harry,Ferguson,50051619
Charlotte,Ferguson,46512169
Charlotte,Angus,77398306
Marc,Mcintosh,33036892
Charlotte,Ferguson,85496714
Marc,ohairy,72087350
Marc,Barry,79083744
Marc,Smith,21685418
Harry,Mcintosh,70221701
Harry,Angus,53669731
Harry,ohairy,72402770
Marc,ohairy,20814019
Beatrix,ohairy,79302240
Charlotte,Mcintosh,72709889
James,Barry,40652615
Charlotte,Smith,12745465
Marc,Smith,11408178
Beatrix,Mcintosh,28157646
Marc,Ferguson,84519171
Harry,Ferguson,40566725
Marc,Ferguson,12243959
Harry,Ferguson,83685774
Marc,ohairy,78790506
Marc,Smith,87664532
Marc,ohairy,18144107
Beatrix,Barry,80274226
Harry,Ferguson,59268639
James,ohairy,58112748
Beatrix,Mcintosh,88252715
Lea,Angus,48418312
Marc,Ferguson,47647356
James,Ferguson,40707688
Beatrix,ohairy,59736493
Beatrix,ohairy,17662729
Marc,Smith,24623218
Charlotte,ohairy,54567004
Beatrix,ohairy,81950164
Lea,Barry,50374460
Lea,ohairy,23317647
Beatrix,ohairy,63878333
James,ohairy,59144442
James,Angus,59719947
Lea,ohairy,74607195
Charlotte,Angus,45350878
Lea,Mcintosh,23304246
Marc,Mcintosh,42899871
Harry,Barry,27425968
Marc,Smith,65622171
Harry,Mcintosh,36257308
James,Mcintosh,26065077
James,Mcintosh,80209866
James,Barry,64137232
Harry,Angus,66003537
James,Angus,67063820
Charlotte,Barry,36317389
Harry,ohairy,28030525
James,Mcintosh,49065644
Beatrix,Angus,24491015
Marc,ohairy,52579641
Charlotte,Ferguson,44810375
Beatrix,Mcintosh,26010421
Charlotte,Mcintosh,83632089
James,Ferguson,31957809
Beatrix,Angus,37734733
Charlotte,ohairy,37453145
Lea,Ferguson,70782757
James,Smith,53561594
Marc,Mcintosh,46433406
Lea,Angus,88221498
James,Ferguson,76251764
Lea,Mcintosh,73568790
