First Name,Last Name,Matriculation
James,Mcintosh,21921235
Harry,Ferguson,10150662
Marc,Barry,52553812
Charlotte,Mcintosh,68823114
James,Ferguson,89863370
James,Smith,67641654
Harry,Mcintosh,62471064
Harry,Barry,80519990
Marc,Smith,44129896
Beatrix,Barry,27545573
Lea,Barry,25026773
Lea,ohairy,37183110
Marc,ohairy,28017090
Marc,Smith,67270465
James,Smith,70054921
Harry,Mcintosh,84120042
Lea,Smith,64768703
Beatrix,Barry,18606408
Charlotte,Barry,69088882
Marc,Ferguson,83019186
Marc,Barry,75727394
Charlotte,Angus,32877122
James,Barry,49200376
Beatrix,Smith,54535953
James,Smith,72395843
Beatrix,ohairy,27954724
Harry,Barry,23470133
Harry,Mcintosh,39947593
Marc,Ferguson,50258364
Marc,Ferguson,44497992
Charlotte,Smith,50575572
Harry,Ferguson,63475142
James,Barry,71926407
Lea,Ferguson,26625156
Lea,Mcintosh,19706819
James,ohairy,51804071
Marc,Barry,77663040
Beatrix,Angus,33613565
Marc,Ferguson,36156841
Beatrix,Mcintosh,70465819
Charlotte,Smith,51443991
Charlotte,Angus,81668523
James,Smith,71375155
Charlotte,Ferguson,49188839
James,Angus,30159991
Beatrix,Angus,65539972
Beatrix,Mcintosh,50483573
Beatrix,Mcintosh,49397041
James,Angus,82876511
Beatrix,Angus,44317035
Beatrix,Ferguson,15006533
James,Angus,71845084
Charlotte,Mcintosh,43526121
Harry,Mcintosh,14991327
Marc,Angus,21018664
Beatrix,Barry,80681197
Lea,ohairy,71678870
Beatrix,Ferguson,16042007
Beatrix,Smith,18648586
Marc,Ferguson,43754940
Charlotte,Mcintosh,45226426
Lea,Smith,63017940
Harry,Angus,67937434
Harry,ohairy,70259852
Charlotte,Angus,49341170
Lea,Ferguson,41393037
Lea,Barry,89786630
Lea,Barry,12258012
Charlotte,Angus,42629739
James,Smith,79906278
Charlotte,Smith,32626596
Harry,Angus,31436653
Lea,ohairy,63828107
Marc,Barry,31246874
Marc,Ferguson,70172826
Charlotte,ohairy,23548673
Lea,Smith,55881178
Marc,Angus,67992369
Charlotte,Mcintosh,24192945
James,Ferguson,12456624
Marc,Ferguson,48939365
James,ohairy,67074350
James,Angus,34087697
Charlotte,Smith,70431054
Marc,Angus,50469908
James,Smith,83802671
Lea,Smith,24749221
Beatrix,ohairy,43006939
Beatrix,Ferguson,36053654
Beatrix,Angus,88168551
Charlotte,ohairy,22896006
Beatrix,Smith,24917431
Beatrix,Angus,37067538
Charlotte,Angus,87921905
Lea,ohairy,26416358
Beatrix,Smith,23726133
James,Smith,22372344
Lea,Ferguson,19347427
Beatrix,Ferguson,15577619
Harry,Mcintosh,89082997
