First Name,Last Name,Matriculation
Harry,Ferguson,21883667
Lea,Angus,25664108
Lea,Ferguson,47675171
Beatrix,ohairy,64095569
James,Barry,24321717
James,Mcintosh,86946024
James,Barry,37383048
Marc,Ferguson,44338651
Charlotte,Angus,23266504
Harry,ohairy,59053856
James,Ferguson,64287260
Lea,Angus,71132028
James,Barry,27196367
James,Smith,83445977
Beatrix,Mcintosh,21302089
Marc,Ferguson,89423911
Charlotte,Barry,21266642
Lea,Smith,52002592
Lea,Angus,77428069
Lea,ohairy,12054148
Lea,Smith,85033393
Harry,Barry,14089121
Lea,ohairy,51437426
Lea,Barry,57925821
Charlotte,Smith,11588458
Marc,Smith,44267811
Marc,Angus,21030502
Marc,Ferguson,74861749
James,Smith,56784215
Lea,ohairy,81707862
Marc,Barry,83064746
Charlotte,Ferguson,32665601
Lea,Ferguson,73934053
Charlotte,ohairy,89380166
Marc,Ferguson,28791700
Marc,Ferguson,36302151
Marc,Mcintosh,44112989
Marc,Ferguson,64587622
Lea,ohairy,43550064
Lea,Angus,18574758
Charlotte,Angus,35839663
Beatrix,Smith,39238423
Marc,Barry,89670368
Marc,Smith,72001837
Beatrix,Smith,55580956
Beatrix,Barry,88632916
Harry,Barry,87629298
Charlotte,Angus,85244158
Lea,Angus,80416185
Marc,Mcintosh,56049373
Lea,Angus,53232770
Marc,Smith,35128283
Harry,ohairy,72729673
Beatrix,Smith,53675682
Beatrix,ohairy,81624075
Lea,Ferguson,43121596
Marc,Angus,76785142
Charlotte,Smith,83848727
Beatrix,Barry,37147138
Beatrix,Angus,35981245
Beatrix,Mcintosh,85613039
Lea,Smith,71536036
Lea,Ferguson,49099092
Charlotte,Barry,55203351
Charlotte,Mcintosh,24258753
Harry,Mcintosh,26073771
Beatrix,Mcintosh,68115353
Harry,Angus,15237947
Charlotte,Angus,70983022
Lea,Angus,42879845
Beatrix,Barry,13452388
Charlotte,Barry,12713121
James,Smith,83362817
Marc,Mcintosh,80026849
Charlotte,Angus,36671472
Charlotte,Ferguson,39570774
Harry,Angus,42326985
Marc,Smith,82289599
Harry,ohairy,42964347
Charlotte,Ferguson,74613027
James,Mcintosh,10171054
James,Angus,63343201
Marc,ohairy,21560525
Lea,Smith,25591426
Lea,Mcintosh,82097671
Beatrix,Barry,46639975
Charlotte,Mcintosh,54918899
Harry,Mcintosh,45705462
Marc,Smith,39858621
Beatrix,Ferguson,24751155
Harry,Ferguson,12613585
James,ohairy,33409679
Lea,Angus,49557931
Harry,ohairy,63834437
Beatrix,Smith,11137453
James,ohairy,25972694
Lea,Ferguson,88534407
Beatrix,Mcintosh,20661100
Marc,Ferguson,46256253
Beatrix,Angus,26666441
