First Name,Last Name,Matriculation
Harry,Smith,32422783
Harry,ohairy,38190575
Beatrix,Smith,85591465
Lea,Smith,27996997
Lea,Ferguson,39100166
Harry,ohairy,74432892
Marc,Mcintosh,74730874
Harry,ohairy,17764538
Beatrix,Smith,22568601
Beatrix,ohairy,14386718
Charlotte,Mcintosh,77461402
Marc,Smith,89807825
Marc,Ferguson,30613479
Beatrix,Smith,68518085
Charlotte,ohairy,43736787
Beatrix,Angus,39010727
Harry,Barry,37923939
Charlotte,Mcintosh,26773110
Charlotte,Smith,69923638
Beatrix,Angus,31981140
Charlotte,Mcintosh,88953366
Harry,Ferguson,64786956
Charlotte,Mcintosh,17162972
Charlotte,Barry,88957397
Charlotte,ohairy,35574984
Beatrix,Mcintosh,77032308
James,Mcintosh,70081598
Harry,Smith,21285102
James,Ferguson,13490880
Harry,Mcintosh,54623269
Beatrix,Mcintosh,66530888
Marc,ohairy,75653483
Beatrix,Ferguson,21087631
Marc,Ferguson,61169981
Beatrix,Smith,15572646
James,Ferguson,83417168
Marc,Angus,35710567
James,Mcintosh,86356003
Marc,ohairy,54243537
Harry,Mcintosh,48143861
Marc,Smith,57897161
Lea,Barry,16407977
Marc,Smith,61730979
James,ohairy,57599611
Charlotte,Angus,79868224
Beatrix,Ferguson,73623124
Lea,ohairy,46459050
Marc,ohairy,15721100
Harry,Angus,69348744
Beatrix,Barry,33912279
Harry,Barry,37956359
Charlotte,ohairy,22125371
James,Angus,48346007
Marc,Barry,79719934
James,Angus,30243747
James,Angus,21548564
Marc,Smith,48263397
Harry,Ferguson,73806659
Lea,Angus,19063256
Beatrix,Smith,15560434
Beatrix,Barry,47165655
Lea,Angus,29542521
Marc,Angus,83533362
Lea,Barry,15140927
Lea,Angus,89379224
Harry,Barry,48888426
Marc,Mcintosh,20485485
Charlotte,Barry,41308769
Lea,Angus,58117657
Beatrix,Smith,39673520
Marc,Smith,48949680
Lea,Smith,88708669
Charlotte,Barry,59876876
James,Mcintosh,83905482
Beatrix,Barry,70126663
Beatrix,Angus,79984012
Lea,ohairy,29575415
Charlotte,Smith,53230957
Beatrix,Mcintosh,65333521
Charlotte,ohairy,33647963
Marc,Ferguson,36823832
Lea,Mcintosh,16661706
James,Barry,66099892
Marc,Smith,69182215
Charlotte,Angus,63596143
Beatrix,Smith,87582110
James,Angus,84460650
Harry,Ferguson,73961631
Harry,Ferguson,46214510
Marc,Mcintosh,68044235
Harry,Ferguson,70087951
Harry,Smith,23137976
Lea,Mcintosh,32503008
Beatrix,Mcintosh,56840787
Charlotte,Ferguson,49703972
Lea,Mcintosh,51831276
Charlotte,Barry,22263266
Lea,Barry,14082647
Beatrix,ohairy,60788194
Harry,Smith,26104163
