First Name,Last Name,Matriculation
James,Mcintosh,77242720
Marc,Barry,20573461
Marc,Smith,44457270
Harry,Mcintosh,11873605
James,ohairy,67278458
James,Ferguson,78030295
Harry,Barry,82007987
Harry,Mcintosh,50712268
James,Ferguson,61648098
Marc,Barry,34967222
Harry,Smith,79728047
Charlotte,Ferguson,80815926
Beatrix,Barry,79128303
James,Barry,49034957
James,Mcintosh,34239404
Charlotte,Barry,28618628
Lea,Barry,45307529
Harry,Ferguson,21963197
James,Ferguson,16649555
Harry,Ferguson,61510464
James,Angus,32406284
Beatrix,Barry,65317689
Lea,Mcintosh,58870488
Marc,Barry,74727082
James,Smith,88281429
Charlotte,Ferguson,51842001
Lea,Angus,51092628
Marc,Mcintosh,11337076
Marc,Mcintosh,75814993
Beatrix,Angus,18320539
Lea,Ferguson,30076332
Lea,Mcintosh,31219649
Harry,Barry,41114168
Lea,Mcintosh,57270923
Harry,Smith,18520442
Harry,Smith,14901825
Marc,Angus,21406953
Beatrix,Smith,16891674
Marc,Mcintosh,45982246
Beatrix,Angus,15468665
Harry,Mcintosh,19440519
Beatrix,Ferguson,81639793
Marc,ohairy,32097019
Beatrix,ohairy,53916551
Lea,Mcintosh,60468085
Lea,Ferguson,82099911
James,Smith,32216329
Charlotte,Smith,73868419
Charlotte,Barry,63640009
James,Angus,78668201
Harry,Ferguson,44474907
Harry,Ferguson,11028128
Marc,Mcintosh,12141440
Charlotte,Mcintosh,62665461
Marc,Barry,78699292
James,ohairy,84313116
Charlotte,Barry,52688744
Marc,Mcintosh,80916211
Charlotte,Mcintosh,30696608
Beatrix,Barry,75595427
Beatrix,Barry,25097086
Marc,Barry,29989987
Beatrix,Smith,45179962
Marc,Barry,21431380
Lea,Ferguson,76756087
Beatrix,Barry,34102862
Marc,ohairy,64023117
Beatrix,Angus,58912974
Charlotte,Angus,25387637
Charlotte,ohairy,28613049
Beatrix,Ferguson,58141167
Harry,Smith,78982731
Beatrix,Ferguson,21897064
Marc,Mcintosh,82704304
Harry,Smith,15948121
James,ohairy,69507331
Lea,ohairy,16374052
James,ohairy,32143908
Charlotte,Barry,81220758
Marc,Smith,60837581
Harry,Barry,83373038
James,Angus,65414471
Charlotte,Barry,13727602
Lea,Angus,84928343
Beatrix,Angus,60086959
Charlotte,Ferguson,79216558
Charlotte,Mcintosh,33584829
Harry,Angus,19208164
Beatrix,ohairy,24575462
Charlotte,ohairy,68749486
Charlotte,Mcintosh,14867152
Beatrix,Ferguson,42838211
Charlotte,Smith,68927201
Lea,Mcintosh,89041529
James,Mcintosh,16848355
Harry,Barry,47509657
Marc,Barry,11589674
Lea,Smith,49921707
James,Barry,80497411
Lea,ohairy,38784008
