First Name,Last Name,Matriculation
Marc,Mcintosh,83414713
Lea,ohairy,72621783
Harry,ohairy,71685027
Lea,Smith,55799215
Beatrix,Mcintosh,11148105
Harry,Angus,73134371
Marc,Smith,87817280
James,ohairy,59172496
James,Barry,39450674
Marc,Ferguson,51677098
Lea,Mcintosh,70739589
James,Smith,47434569
Harry,Angus,83180589
Charlotte,Mcintosh,59560726
Lea,Ferguson,19192644
Lea,Ferguson,70268319
James,Smith,69726939
James,Smith,65848762
Lea,Ferguson,59228761
Charlotte,ohairy,80898048
Lea,ohairy,59043378
Lea,Smith,53921769
Beatrix,ohairy,49536039
Lea,Ferguson,53150488
Beatrix,Ferguson,43085689
James,ohairy,67466127
Charlotte,Mcintosh,44449454
Beatrix,Angus,23311737
James,Ferguson,22476943
Marc,Angus,76934870
Lea,Ferguson,83716078
Beatrix,Angus,88504913
Beatrix,Smith,87045795
Marc,Mcintosh,63015182
Charlotte,Barry,58657814
Marc,Smith,87315738
Harry,Mcintosh,12519118
Marc,Barry,57472811
James,Angus,66350673
Marc,Mcintosh,85996900
James,Mcintosh,33164756
Marc,Smith,31363634
Harry,Mcintosh,12235019
Harry,Angus,26293768
Harry,Smith,57433106
Marc,Barry,21951592
James,Ferguson,16595967
Beatrix,Barry,58200811
Marc,Smith,52004068
Lea,Smith,74643961
Charlotte,Mcintosh,13559500
Charlotte,Barry,86879638
Marc,ohairy,48941611
Marc,Ferguson,82491859
Beatrix,Ferguson,28665988
Marc,ohairy,64707645
Charlotte,Smith,84940307
James,Ferguson,74251926
Charlotte,Mcintosh,61143769
Charlotte,Barry,15385710
Lea,Smith,67514893
Marc,Mcintosh,16326893
Marc,Mcintosh,35315153
Beatrix,ohairy,22445104
James,Angus,24020258
James,Mcintosh,37104353
Charlotte,Ferguson,26462444
Harry,Ferguson,29649200
Charlotte,Smith,54020358
James,Mcintosh,63452429
Charlotte,Angus,44113171
Harry,Ferguson,28344551
Charlotte,Ferguson,11474613
Harry,ohairy,52662546
Harry,Mcintosh,13374929
Harry,Barry,45422400
Marc,Ferguson,82840228
Harry,Barry,89159483
Charlotte,Mcintosh,17897083
James,Smith,84654573
James,Smith,45691185
Harry,Mcintosh,40692948
Beatrix,Barry,39487101
Harry,Smith,18400750
Beatrix,Mcintosh,21436422
Marc,Ferguson,63146414
Lea,Mcintosh,18240033
Harry,Mcintosh,59166511
James,Smith,44950719
Harry,Smith,44776669
Marc,Barry,86582499
Marc,Angus,48280264
Marc,ohairy,70888259
Beatrix,Barry,23593330
Charlotte,ohairy,29241211
Harry,ohairy,52202642
Marc,Ferguson,48937702
Harry,Barry,63470869
Charlotte,Smith,57681727
Marc,Mcintosh,45118099
