First Name,Last Name,Matriculation
Lea,Smith,48661650
Beatrix,Mcintosh,31582462
Harry,ohairy,47426086
Beatrix,Mcintosh,42393686
Beatrix,ohairy,41457834
Harry,Mcintosh,72227662
Marc,Ferguson,31673284
Beatrix,Mcintosh,74971589
Beatrix,Angus,85404101
Harry,Ferguson,18601324
Beatrix,Angus,78514175
Charlotte,Barry,51750803
James,Mcintosh,14530782
James,Barry,19500281
Harry,ohairy,36229296
James,Ferguson,55142713
James,Smith,81107612
Marc,Angus,13637517
James,Smith,82134180
Beatrix,Barry,70230281
Harry,Smith,45718328
Harry,Mcintosh,45888441
Harry,Mcintosh,53842917
Marc,Angus,40056704
Marc,Ferguson,58693932
James,Ferguson,10312936
Marc,Angus,88662255
Charlotte,Mcintosh,33441763
Marc,Angus,60753801
Charlotte,ohairy,70250368
Lea,Ferguson,28240212
Harry,Mcintosh,58596080
James,ohairy,64551294
Beatrix,ohairy,53641791
Beatrix,Smith,51897475
Marc,Angus,56229454
Lea,ohairy,43897895
Charlotte,ohairy,15562603
Beatrix,Smith,72521397
Charlotte,Angus,89892479
Beatrix,Smith,89414330
Charlotte,Mcintosh,40300465
James,Angus,47759884
Beatrix,Mcintosh,49093180
Lea,Ferguson,18726303
Lea,Barry,87745693
James,ohairy,55739145
Charlotte,ohairy,41383141
Beatrix,Angus,62825975
Harry,Barry,14166590
James,Barry,48148295
James,Barry,26450027
Charlotte,ohairy,20008052
Charlotte,Barry,81491694
James,Ferguson,32646786
Lea,Ferguson,48583833
James,Smith,76953839
James,Smith,15220278
Lea,Barry,73886167
Marc,ohairy,32467566
James,Mcintosh,25286508
Harry,Barry,78931903
Marc,Ferguson,79262838
Beatrix,Smith,39870155
Marc,Angus,52410763
Beatrix,Angus,56789539
Marc,Angus,59423623
Harry,ohairy,81633341
Harry,Barry,76983948
Marc,Angus,48227392
Lea,Ferguson,27919633
James,ohairy,35797957
Harry,ohairy,24976371
Lea,Ferguson,67646157
Harry,Smith,59325278
Lea,ohairy,64948796
Beatrix,Ferguson,10582459
Marc,Angus,38370436
Lea,Barry,83205089
Harry,Barry,55605338
Beatrix,Angus,57569356
Beatrix,Ferguson,78309225
Beatrix,Ferguson,86627237
Harry,Ferguson,57798667
James,Mcintosh,30090264
Marc,Mcintosh,31318766
Harry,Angus,29369051
James,Smith,35939003
Beatrix,Ferguson,60283878
James,Barry,76630947
James,Mcintosh,89662095
Beatrix,Mcintosh,87164688
James,Barry,23922865
Lea,Angus,53953655
Harry,ohairy,21177661
Beatrix,Smith,80581699
Charlotte,Barry,37970824
James,Ferguson,11031499
Marc,Angus,43543186
Harry,Angus,21914860
