First Name,Last Name,Matriculation
Beatrix,Smith,24206212
Harry,ohairy,12184815
Harry,ohairy,61365704
Beatrix,Smith,89741989
Marc,ohairy,28023216
James,Mcintosh,49215865
Harry,Mcintosh,49274778
James,Ferguson,12021049
James,Smith,56294789
Harry,ohairy,69830023
Harry,Smith,52589335
Harry,Mcintosh,62738636
Marc,Angus,20098858
Beatrix,Mcintosh,76451360
Lea,ohairy,26211151
Beatrix,Angus,22768886
Marc,Smith,57111603
Marc,ohairy,41018038
Harry,Ferguson,20835629
Marc,Mcintosh,57917716
Charlotte,Smith,16337927
Charlotte,Ferguson,42184090
James,Barry,39067379
Marc,Barry,34406478
Charlotte,Mcintosh,18221220
Beatrix,Ferguson,21470858
Marc,Angus,61702437
Charlotte,Barry,59467220
Lea,Mcintosh,56056661
Charlotte,Barry,73972313
Lea,Angus,17827289
Marc,Ferguson,42462071
Lea,Ferguson,84973332
Beatrix,Angus,16209562
Harry,Ferguson,57573478
Charlotte,Angus,62264739
Marc,Angus,36531516
Harry,Smith,50152937
Lea,Ferguson,83281173
Charlotte,Angus,29286912
Charlotte,Mcintosh,30680657
Beatrix,Smith,81745535
Beatrix,Mcintosh,49119021
Marc,Ferguson,15878609
Harry,Mcintosh,79201530
Harry,Mcintosh,64177218
Charlotte,ohairy,32538082
Harry,Mcintosh,54160773
Harry,ohairy,10549910
Harry,Mcintosh,19186499
Beatrix,Ferguson,82478041
Beatrix,Smith,74425830
Lea,ohairy,32734594
Harry,Barry,24736781
James,Barry,16234552
Lea,Smith,52857061
Lea,ohairy,35862150
Harry,Barry,72231388
Charlotte,ohairy,45229343
James,Barry,51491995
Beatrix,Barry,87293104
Lea,ohairy,82156406
Lea,Barry,20018713
Marc,ohairy,24718953
James,Angus,44406966
Charlotte,ohairy,54110855
James,Ferguson,33383137
Charlotte,Smith,14916239
Charlotte,ohairy,64279238
Marc,Ferguson,82018398
Marc,Ferguson,28974875
James,Angus,47728674
James,Angus,81098898
Lea,ohairy,48962690
Charlotte,Angus,41287452
Charlotte,Mcintosh,27808408
James,Ferguson,32287502
Marc,Smith,64564256
Harry,Angus,18643603
Lea,Barry,65352244
Beatrix,Ferguson,69297539
Marc,Angus,50751692
Lea,Mcintosh,64559399
Marc,Barry,18918314
Beatrix,ohairy,74459587
Lea,Angus,35741680
Harry,Barry,24802314
Lea,Mcintosh,87951549
Charlotte,Smith,56772318
Charlotte,Smith,19552649
Charlotte,Barry,79046614
Marc,ohairy,58164181
Lea,Mcintosh,38707548
Lea,ohairy,37624737
Marc,Angus,80023405
Harry,Angus,87759474
Lea,Ferguson,63867024
Charlotte,ohairy,32525734
James,Angus,42618360
James,ohairy,63788591
