First Name,Last Name,Matriculation
Charlotte,Mcintosh,61835625
James,Smith,22166622
Harry,Barry,42189228
Lea,Angus,81567165
James,Ferguson,23421439
Lea,Ferguson,88549915
James,Smith,89891178
Beatrix,Barry,25128810
Charlotte,Smith,30948084
Marc,Smith,49500839
James,Smith,10638161
Lea,Ferguson,38122345
Beatrix,Ferguson,33271471
Marc,Ferguson,23820023
Marc,Angus,69406015
James,Barry,89504759
Lea,ohairy,66042427
James,Ferguson,76663728
Beatrix,Smith,33201106
Marc,ohairy,45620418
Marc,Smith,68555102
Charlotte,Barry,49706682
Marc,ohairy,57922046
Marc,Smith,30660343
James,Smith,35143949
Marc,Ferguson,26686850
Beatrix,Mcintosh,68305624
Lea,ohairy,84261135
Beatrix,Smith,63442521
James,ohairy,47023677
Beatrix,Mcintosh,55269481
Harry,Angus,13932106
Beatrix,Ferguson,68860614
Beatrix,Barry,46384600
Marc,Barry,14763374
Harry,Ferguson,16170797
Harry,ohairy,58029867
Harry,Ferguson,89457737
Lea,ohairy,18830264
Beatrix,ohairy,83133485
Harry,Barry,26492658
Lea,Ferguson,44218861
Marc,Ferguson,61551628
Beatrix,Ferguson,18856719
Beatrix,Ferguson,46491731
Lea,Mcintosh,33634970
James,Smith,36109707
Charlotte,Ferguson,87859681
Beatrix,Ferguson,59303421
Charlotte,Barry,32617879
Beatrix,Ferguson,11128852
Marc,Ferguson,69248841
Lea,ohairy,57124027
Harry,Angus,48951293
Marc,ohairy,71728776
Marc,Ferguson,64336274
Lea,Angus,74749234
James,Barry,25643726
Lea,Barry,30906855
James,Angus,46196783
Lea,Angus,22374983
Harry,Smith,37232845
Marc,Barry,70413860
Beatrix,Barry,38899580
Lea,Ferguson,70857442
Marc,Mcintosh,46454217
Marc,Smith,56685601
Charlotte,Barry,34793655
James,Mcintosh,31887206
Charlotte,Angus,49996484
Lea,ohairy,25693547
Lea,Mcintosh,86412156
Charlotte,Angus,54085592
James,ohairy,64619012
Lea,Barry,36475431
James,Barry,83268376
Marc,Angus,35242213
Beatrix,Ferguson,28703147
Beatrix,Barry,42451690
Harry,Angus,42915517
Lea,Mcintosh,66076675
Beatrix,Barry,29760159
Marc,ohairy,54678354
Harry,Ferguson,55903301
Charlotte,Smith,12690186
Harry,Barry,67045767
James,Mcintosh,57189523
Lea,Barry,37137639
James,ohairy,42390266
Marc,Barry,47608010
Marc,ohairy,23595737
Harry,Barry,73975248
Charlotte,ohairy,59981538
Charlotte,Smith,81558359
Charlotte,Barry,33857978
Lea,Barry,83409627
Beatrix,Smith,88630382
Harry,Angus,43274188
Lea,Angus,40145395
Marc,Barry,30009353
