First Name,Last Name,Matriculation
Lea,Smith,67449325
Lea,Mcintosh,77723845
Charlotte,Smith,15716291
James,ohairy,61930259
Harry,Barry,87189531
Lea,Smith,61259767
Lea,Barry,45322680
Marc,Angus,10124738
Beatrix,Barry,51207114
Beatrix,Mcintosh,49008829
Charlotte,Ferguson,89902302
James,Barry,10434877
Charlotte,Angus,72640636
Harry,Ferguson,75559951
Lea,Angus,72497948
Beatrix,ohairy,27363428
Marc,Angus,25816201
Charlotte,Ferguson,11192283
Harry,ohairy,59251113
Beatrix,Barry,86045920
Charlotte,Ferguson,17235426
Beatrix,Ferguson,46690514
Charlotte,Smith,26198922
James,Smith,73120616
James,ohairy,62413298
Charlotte,Smith,12150232
Harry,ohairy,85309871
James,Barry,32555534
Lea,Mcintosh,75707666
Harry,Smith,63311757
Beatrix,Barry,39960730
James,Mcintosh,86064196
Charlotte,Barry,74670481
Lea,Smith,48243732
Charlotte,Mcintosh,59551986
Lea,Angus,26148288
James,Barry,61955528
Marc,Mcintosh,35890471
Charlotte,Barry,58043081
Charlotte,Ferguson,80017250
Beatrix,Barry,84968759
Harry,ohairy,85010332
Marc,ohairy,82243545
Charlotte,Barry,70605950
Lea,Smith,59686199
Lea,Angus,34091621
Marc,Barry,36661841
Marc,Ferguson,37420949
Lea,Ferguson,47755999
Beatrix,Barry,83907022
Beatrix,Ferguson,29081128
Marc,Barry,64720741
Charlotte,ohairy,81035178
Beatrix,Barry,29098051
Marc,Mcintosh,77564828
James,Mcintosh,56143733
Harry,Smith,22774607
Lea,Barry,71701002
James,Angus,68472439
James,Ferguson,17204659
Marc,Mcintosh,19770105
Marc,Ferguson,28615112
James,Mcintosh,85967045
Beatrix,Barry,57330961
Charlotte,Barry,52572503
James,Mcintosh,14692870
Lea,Ferguson,74455262
Charlotte,Barry,58974889
Lea,Angus,19841152
James,ohairy,32699863
Lea,Ferguson,29373030
Marc,Angus,28126775
Beatrix,Barry,14650608
Harry,Angus,58007786
Harry,Barry,47363681
Charlotte,Barry,79662569
Marc,Mcintosh,88758795
James,Angus,34599949
Harry,Barry,41417505
Harry,Smith,30087337
James,Ferguson,81642079
Marc,Barry,61526131
Beatrix,Smith,82544658
Marc,Barry,45532756
Charlotte,Mcintosh,44394441
Harry,ohairy,75077511
James,Angus,12239034
Marc,Angus,81370798
Beatrix,Barry,16482680
Beatrix,Ferguson,36632107
James,Ferguson,81329582
Beatrix,Mcintosh,39633515
Lea,ohairy,88946390
Charlotte,Ferguson,39569331
Beatrix,Mcintosh,32810354
Charlotte,Ferguson,41730300
James,Angus,35757415
Beatrix,Ferguson,87441301
Lea,Ferguson,34140538
James,Smith,67279639
