First Name,Last Name,Matriculation
Harry,Ferguson,45850840
Marc,Smith,43560566
Marc,Angus,17996508
Beatrix,Angus,57820612
Lea,ohairy,34657389
Harry,Angus,60373563
Beatrix,Angus,19334768
Harry,Smith,85335357
Marc,Angus,88086650
Harry,Angus,71366517
Lea,Angus,87247006
James,ohairy,37880791
Lea,Ferguson,76827519
Marc,Barry,13455386
Harry,Mcintosh,28353076
Harry,Smith,60911809
Beatrix,Mcintosh,24642470
Beatrix,Ferguson,25104763
Charlotte,Mcintosh,56492752
Harry,Ferguson,75480321
Harry,Smith,18787926
Marc,ohairy,62305113
Charlotte,Ferguson,65324543
Beatrix,Barry,18054102
Charlotte,Mcintosh,35167344
James,Ferguson,23044370
Lea,Smith,75124591
Beatrix,Smith,70569079
Marc,Mcintosh,45032883
Harry,Smith,16107670
Beatrix,Angus,69706852
Marc,Mcintosh,25258887
Marc,Barry,65204764
Harry,Ferguson,89214657
Harry,Mcintosh,61173009
Harry,Mcintosh,27686893
James,Mcintosh,87019038
Harry,ohairy,71256260
James,Ferguson,20035905
Marc,Angus,30306129
Harry,Ferguson,13316576
Harry,Ferguson,36728204
Lea,Smith,23269205
Lea,Angus,19272567
Beatrix,ohairy,14940431
Charlotte,ohairy,39705861
Marc,ohairy,30493543
James,Mcintosh,35970324
Marc,Smith,47725489
Beatrix,Ferguson,23335155
James,ohairy,73551934
Charlotte,Ferguson,49685301
James,Mcintosh,78451463
Lea,Barry,79709304
Marc,Mcintosh,23807666
James,Ferguson,19223207
Charlotte,Angus,13871595
Charlotte,Mcintosh,79516521
Marc,Smith,39839153
Harry,Smith,68603954
Harry,Barry,72386124
Marc,Angus,15269099
Beatrix,Ferguson,34082276
Harry,ohairy,61330725
Lea,Smith,40966206
Beatrix,Mcintosh,88203264
Lea,Barry,56321738
Charlotte,Ferguson,49101428
Lea,Ferguson,44467852
Beatrix,Smith,26836273
Marc,ohairy,66422788
Harry,Mcintosh,70369965
Harry,ohairy,33131598
Harry,Smith,75769221
Marc,Mcintosh,56517051
Marc,Smith,44006260
James,Barry,40164414
Lea,Ferguson,25484990
Lea,Smith,73995610
Marc,Angus,17108795
James,Ferguson,48568176
Lea,Mcintosh,50160877
Beatrix,Barry,17627214
Charlotte,Angus,61692610
Beatrix,Barry,77542456
Beatrix,Angus,81337839
James,Barry,73965218
James,ohairy,86802936
James,Smith,32215236
Lea,ohairy,69930794
Beatrix,Ferguson,88937869
Lea,Barry,72334349
Charlotte,Mcintosh,53710660
Harry,Mcintosh,52990362
Marc,Angus,26299145
Marc,Barry,21091386
Harry,Ferguson,50200203
Harry,Ferguson,18549627
Charlotte,Smith,82127934
Harry,Mcintosh,50967021
