First Name,Last Name,Matriculation
James,Smith,35364342
Charlotte,ohairy,62794120
Marc,Mcintosh,49641451
Lea,Barry,70454409
Lea,Ferguson,65990572
Lea,ohairy,18216996
James,Smith,47863984
Marc,Smith,80451812
Marc,Ferguson,86202951
Charlotte,ohairy,10653639
James,Barry,84854513
Charlotte,ohairy,55757024
Marc,Smith,86648909
Beatrix,ohairy,12045267
James,Mcintosh,82971100
Beatrix,Smith,48603222
Lea,Angus,86817366
Marc,Barry,10619198
Lea,Ferguson,61794511
Marc,Angus,82920989
Beatrix,Smith,17207774
Lea,Ferguson,13462956
Harry,Mcintosh,16783103
James,Ferguson,29705671
Marc,Barry,30125103
Lea,Mcintosh,48782356
Charlotte,Ferguson,78250169
Beatrix,Ferguson,32767704
Beatrix,Barry,39101714
Charlotte,Barry,24690156
Marc,Ferguson,69006264
Marc,Smith,48918402
Harry,Ferguson,87215184
Harry,ohairy,32820174
James,Barry,79881487
Harry,Mcintosh,54593756
Charlotte,Barry,48308290
Beatrix,Barry,17439157
Harry,Angus,25228369
Marc,Smith,32595471
Lea,Smith,86214379
Lea,Ferguson,25667371
James,Angus,25426392
James,Barry,38210569
James,Smith,77074547
Harry,Smith,28873433
Marc,Mcintosh,30974049
Lea,Ferguson,47490566
Harry,Barry,60673468
Lea,Angus,72021492
Lea,Angus,69427262
Harry,Angus,70553240
Lea,Angus,41306451
Harry,Ferguson,84774268
Marc,Smith,87065562
James,Barry,36986365
James,Barry,13766055
James,Mcintosh,63613831
James,ohairy,63114697
James,Smith,85178068
Beatrix,Barry,79791293
Lea,Ferguson,50301547
James,Smith,40071694
Charlotte,Ferguson,18497192
Lea,Angus,39291125
Marc,Barry,64635555
Lea,ohairy,78111416
Harry,ohairy,65403749
Lea,Angus,51741205
Lea,Mcintosh,34390623
Harry,Barry,77121848
Lea,ohairy,33094344
Marc,Mcintosh,64665407
James,ohairy,65429388
James,Mcintosh,23083196
Beatrix,Angus,12938428
Marc,Barry,47125662
James,Ferguson,43587508
Marc,Smith,87302867
Lea,Smith,82125622
Harry,Ferguson,28424957
Lea,Smith,65410931
James,Mcintosh,50304739
James,Mcintosh,24929339
James,Smith,36652585
James,Angus,31801708
Beatrix,Ferguson,17920934
Marc,Barry,12977097
Harry,Mcintosh,46184129
James,Mcintosh,54694176
Lea,Ferguson,47499184
Harry,Barry,81685466
Harry,Ferguson,51263722
Harry,Smith,88824700
Charlotte,Smith,27281333
Beatrix,ohairy,55943023
Beatrix,Mcintosh,10024507
Harry,Smith,46977209
Beatrix,ohairy,49709608
Charlotte,ohairy,80162335
