First Name,Last Name,Matriculation
James,ohairy,13164513
Lea,Barry,88375824
James,Ferguson,47081945
Charlotte,Barry,14822161
James,Ferguson,14828819
Harry,ohairy,77031553
Charlotte,Barry,76928222
Marc,Mcintosh,48200498
James,Ferguson,51459128
Charlotte,Angus,40150314
Marc,Angus,63743658
Beatrix,Ferguson,74090095
Harry,Angus,12125294
Harry,Barry,58799267
Lea,Smith,47051442
Charlotte,Smith,83361234
Harry,Smith,27567081
Charlotte,Barry,88589484
Beatrix,Angus,71270337
Beatrix,Barry,31433170
Lea,Smith,43774605
James,Angus,18412819
Marc,ohairy,75139534
Lea,Angus,13019969
Charlotte,Smith,73597086
Charlotte,Angus,67889276
James,Angus,13948596
James,Ferguson,78487645
Lea,ohairy,47930187
Charlotte,ohairy,48181292
Lea,Barry,21533884
Lea,Ferguson,64053805
Harry,ohairy,60921509
Lea,Ferguson,33079301
Lea,ohairy,33440525
Marc,Angus,35498771
James,Mcintosh,87813200
James,Mcintosh,12321329
Charlotte,Barry,35018350
Marc,ohairy,34956554
Harry,Ferguson,11098693
Lea,Smith,78385938
Beatrix,ohairy,62545360
James,ohairy,16662097
Charlotte,Ferguson,28629546
Marc,Ferguson,48846297
Lea,Barry,10378296
Charlotte,Barry,22797066
Lea,Barry,82276420
Lea,Angus,24683608
James,Ferguson,18741771
James,Ferguson,77309711
Harry,Barry,29350193
Marc,Barry,76859287
Marc,Angus,19665091
Charlotte,Mcintosh,51445817
Charlotte,Barry,16483016
Harry,Ferguson,85481212
Charlotte,ohairy,82256913
James,Smith,39370104
James,Mcintosh,86672690
Harry,Angus,18772108
Lea,ohairy,81961694
Beatrix,Barry,32104628
James,Mcintosh,34880956
Charlotte,Ferguson,26027993
Charlotte,ohairy,24546345
Lea,Mcintosh,76664752
James,Angus,38678099
Harry,Ferguson,11572351
Harry,Smith,21028516
Beatrix,Barry,68705153
James,Smith,50005925
Charlotte,ohairy,85898612
Harry,Mcintosh,13570180
Harry,Smith,71497540
Marc,Ferguson,28373601
Marc,ohairy,19693299
Beatrix,Smith,11923138
James,Mcintosh,45085921
Harry,Ferguson,54181705
Beatrix,Mcintosh,37272948
Beatrix,Angus,40545693
Beatrix,Ferguson,31184257
Marc,Ferguson,73524100
Charlotte,Mcintosh,77967404
Lea,Barry,18535794
Charlotte,Angus,41897277
Beatrix,Barry,80309666
James,Ferguson,40302075
Beatrix,Barry,60451576
Marc,Barry,84684902
James,Barry,75215862
Marc,Angus,87308869
Beatrix,Ferguson,30080889
Marc,Ferguson,23731202
Marc,Ferguson,10143164
Marc,Barry,53877726
Harry,Smith,50375262
Marc,Smith,87745421
