First Name,Last Name,Matriculation
James,Barry,85889977
James,ohairy,19681477
Marc,ohairy,24342918
Lea,ohairy,82441653
Lea,Angus,34610427
James,Angus,23677282
Beatrix,Barry,62949515
Harry,Smith,64124989
Marc,Smith,15246195
Harry,ohairy,47079544
Beatrix,Barry,70370917
Beatrix,Mcintosh,18482705
Marc,Barry,84114991
Lea,ohairy,82668983
Charlotte,Angus,67570922
Marc,ohairy,37951199
Lea,Angus,66204163
Lea,Smith,81693760
Lea,ohairy,12382257
James,Ferguson,68242201
Harry,ohairy,27041345
Beatrix,Barry,80526925
Beatrix,Angus,62438344
James,Barry,26919172
Lea,Barry,68636354
Marc,Mcintosh,53384455
Lea,Barry,45376431
Beatrix,ohairy,54841956
James,Angus,60208618
Beatrix,ohairy,54023385
Lea,Smith,30577119
Lea,Smith,67880274
Harry,Barry,28722842
Marc,Mcintosh,85631545
James,Barry,48130592
Marc,Ferguson,53661922
Charlotte,Angus,36621649
Marc,Angus,27794983
Marc,ohairy,85376211
Marc,Angus,39198479
Beatrix,Smith,14016707
Harry,Mcintosh,89509984
Lea,Mcintosh,47474109
Beatrix,ohairy,80370402
Marc,Angus,44509974
Lea,Angus,76090814
Marc,Smith,78890772
Lea,ohairy,77745725
Lea,Angus,31215609
Harry,Mcintosh,18418833
Harry,ohairy,86014682
Harry,Ferguson,55276503
Beatrix,Smith,28891151
Beatrix,Smith,47288347
Marc,Smith,53000282
James,Barry,32563912
James,Angus,36515198
Beatrix,Angus,83523826
Lea,Ferguson,38674448
James,ohairy,42837033
Harry,Barry,39377703
Lea,Mcintosh,64965851
Charlotte,Barry,42973182
Charlotte,Mcintosh,26661548
Harry,Angus,52690792
Harry,ohairy,71463029
Harry,Angus,19954908
Charlotte,Angus,31815835
Lea,Mcintosh,66782078
Charlotte,Mcintosh,13362486
Lea,Ferguson,28957379
James,Barry,65336254
Marc,Ferguson,67333999
Lea,Mcintosh,86452419
Charlotte,Barry,14396716
Harry,Mcintosh,18114477
Marc,Smith,32467274
Marc,Smith,72176777
Charlotte,Smith,80889448
Beatrix,Barry,36659859
Beatrix,Mcintosh,38009875
Beatrix,Smith,22842792
Harry,Mcintosh,27421465
Marc,Ferguson,49516979
Charlotte,Ferguson,53042376
Harry,Ferguson,14385395
Beatrix,Ferguson,11809705
Beatrix,Angus,27902974
Harry,Ferguson,40211103
Beatrix,ohairy,33822671
James,Ferguson,73818232
Marc,Smith,19358301
Harry,Angus,44884622
Harry,Smith,40814392
Marc,Angus,77664050
Beatrix,Barry,36597722
James,Mcintosh,51225682
James,Mcintosh,73493350
James,Barry,50318311
Beatrix,Mcintosh,65895691
