First Name,Last Name,Matriculation
Charlotte,ohairy,37582123
Beatrix,Barry,37842386
Harry,Barry,78689189
Marc,Angus,72330042
Marc,Mcintosh,19603911
Lea,Smith,31927531
Marc,Barry,47014622
Harry,ohairy,49642023
Charlotte,Ferguson,62475263
Lea,ohairy,22436485
Beatrix,Smith,40571298
Beatrix,Mcintosh,50081534
Marc,Mcintosh,30866933
Marc,Smith,50992630
Beatrix,Mcintosh,61025685
Beatrix,Angus,38181137
Charlotte,Mcintosh,31566343
James,Mcintosh,21036332
Harry,ohairy,88664617
Beatrix,Smith,46795653
Beatrix,Angus,33081679
Charlotte,Barry,19049580
James,ohairy,16767050
Lea,Mcintosh,88847836
Harry,Angus,37912054
Beatrix,Barry,58201402
Harry,Angus,84301337
Lea,Barry,53949618
Beatrix,Ferguson,28189083
Charlotte,ohairy,57388642
Beatrix,Mcintosh,78002639
Marc,Smith,51020385
Charlotte,Barry,45774056
Marc,Ferguson,14655068
Lea,Angus,89083510
Harry,Smith,68685127
Lea,Ferguson,78671708
Marc,Barry,12243398
Marc,Mcintosh,81520180
Marc,Angus,68640018
Beatrix,Angus,29643706
Marc,ohairy,69841825
Harry,Mcintosh,78185235
Marc,ohairy,54238326
Lea,Angus,68629834
Marc,ohairy,16265099
Marc,Angus,70811598
Harry,Ferguson,46101412
Marc,Mcintosh,59202519
Lea,Smith,83994775
Harry,ohairy,41112906
Marc,Barry,11162832
Beatrix,Mcintosh,61812272
Marc,Mcintosh,30932190
Charlotte,Ferguson,84959851
James,Angus,15772066
James,Angus,53846707
Marc,ohairy,88984041
Beatrix,Mcintosh,79913800
James,Mcintosh,16474770
Marc,ohairy,87364551
James,ohairy,39476894
Marc,ohairy,88362816
Beatrix,Barry,11117168
James,Mcintosh,16791591
James,Ferguson,65836332
Harry,Smith,24447846
Harry,Ferguson,42318355
Beatrix,Mcintosh,29122476
James,ohairy,63113615
Charlotte,Barry,57884380
Beatrix,Barry,88035908
James,Angus,79872742
Charlotte,ohairy,54231093
James,Angus,45750450
Harry,Angus,73202355
Beatrix,Mcintosh,22640630
Marc,Angus,33120465
Lea,ohairy,36768893
Charlotte,Mcintosh,14840855
James,Ferguson,73485376
Beatrix,Mcintosh,28669855
Lea,Angus,76538350
Beatrix,ohairy,32676535
Beatrix,Angus,27505170
Lea,Mcintosh,39395601
Lea,ohairy,89269228
Charlotte,Angus,10640191
Harry,Angus,78693150
Charlotte,ohairy,16945176
Beatrix,Barry,83583593
James,Ferguson,30010750
James,Angus,66658042
Marc,Mcintosh,75413646
Harry,ohairy,50742825
Harry,Ferguson,62756163
James,Ferguson,29006318
Marc,ohairy,79375845
James,Barry,20190232
Marc,Ferguson,89395365
