First Name,Last Name,Matriculation
Lea,Ferguson,47498460
Charlotte,Angus,40808267
Marc,Smith,82115444
Harry,ohairy,32639730
Harry,Smith,87623532
Charlotte,Smith,85329746
Charlotte,Angus,67981973
Lea,ohairy,55108473
Charlotte,ohairy,10491130
Harry,Mcintosh,61022610
Beatrix,ohairy,81317136
Charlotte,Mcintosh,28512839
Harry,Mcintosh,64666648
James,Ferguson,87128094
Lea,Smith,76301286
James,Mcintosh,31394640
Charlotte,Ferguson,28029558
Harry,Smith,52557728
Harry,Barry,87917768
Beatrix,Ferguson,71161106
Beatrix,Barry,29686357
Harry,Ferguson,84633628
Charlotte,Barry,21770471
James,Smith,50180000
James,ohairy,34914645
Lea,Ferguson,41504334
Charlotte,Ferguson,18304279
James,Smith,24727361
Charlotte,Mcintosh,50322500
James,Angus,24457352
Beatrix,ohairy,47090470
Charlotte,Ferguson,20076545
Harry,Barry,42592337
Beatrix,Mcintosh,56680962
Lea,ohairy,11108929
Harry,Ferguson,39453560
Beatrix,Barry,49325597
Harry,Smith,48197437
Charlotte,Angus,32530669
James,Smith,51189912
Harry,Ferguson,28257917
Marc,Angus,54996671
Lea,Mcintosh,42781414
Marc,Angus,73410965
Marc,Mcintosh,62849502
Lea,ohairy,17494163
Beatrix,ohairy,68521486
Marc,Angus,53770174
Lea,Ferguson,31720090
Harry,Smith,23994820
Lea,Angus,62486237
Beatrix,Angus,25542219
Harry,Mcintosh,22323649
Lea,Ferguson,50358940
Beatrix,ohairy,89795443
Marc,Mcintosh,25115232
Harry,Smith,21561396
Marc,Smith,77142531
James,Angus,52023925
Beatrix,Angus,78059188
Beatrix,ohairy,33829543
Lea,Barry,40196617
Harry,Mcintosh,62016245
James,ohairy,33290217
Harry,ohairy,45437568
James,Ferguson,41326592
Charlotte,Smith,69245908
Marc,Smith,39784343
Marc,Ferguson,85249887
Marc,Mcintosh,10232991
Beatrix,Barry,18078339
Harry,Angus,31978406
Lea,Ferguson,54628926
Lea,ohairy,54646813
Charlotte,Smith,75745139
Harry,Mcintosh,79623562
Marc,Barry,83484332
Beatrix,Barry,11350726
Beatrix,Barry,75171684
Marc,Ferguson,12776390
Charlotte,Angus,15143085
Charlotte,ohairy,56935338
Beatrix,Angus,43348552
Marc,Angus,73271200
Marc,Barry,13024956
Marc,Ferguson,37816524
Harry,Barry,73707975
James,Angus,77671740
Charlotte,Barry,69688823
Harry,Smith,84207141
Beatrix,Mcintosh,14181701
Harry,Ferguson,51350296
Lea,Mcintosh,16399642
Lea,Ferguson,39525577
Lea,Barry,43232178
Beatrix,ohairy,87875937
Lea,Smith,77055916
Charlotte,Angus,87910967
Beatrix,Mcintosh,78659093
Lea,ohairy,48922869
