First Name,Last Name,Matriculation
Lea,Ferguson,64272842
James,Angus,63796052
Lea,ohairy,42651395
Lea,Smith,72302904
Lea,Angus,45597884
James,ohairy,41693659
Marc,Angus,37442124
Charlotte,Angus,25284756
Harry,Angus,11228943
Marc,Ferguson,52991115
Marc,Angus,66327370
Harry,Angus,55537105
Marc,ohairy,45824647
James,Mcintosh,37306171
Harry,Ferguson,57847410
Marc,Ferguson,33127311
Charlotte,Smith,87638019
Beatrix,Ferguson,42144902
James,Ferguson,26596422
James,Smith,12380887
Beatrix,Barry,59611418
Charlotte,ohairy,78746275
Beatrix,Angus,72344452
Charlotte,Smith,60887652
Lea,ohairy,36093456
Lea,Mcintosh,72065816
Marc,Mcintosh,53384944
Lea,Mcintosh,83311588
Beatrix,Barry,74323352
Lea,Mcintosh,23148564
Marc,Angus,73634270
Lea,Ferguson,41011381
James,ohairy,44509596
Beatrix,Angus,65191065
James,Smith,35096939
Charlotte,Mcintosh,14064770
Marc,ohairy,29573071
Harry,ohairy,62581120
Lea,Mcintosh,25658662
Lea,ohairy,37172766
Marc,Barry,29181301
Beatrix,Smith,20537994
Lea,Angus,45486165
Charlotte,Barry,22192032
Marc,Barry,30435046
Marc,Barry,54343374
Charlotte,Mcintosh,49278378
Lea,Smith,88671818
Beatrix,Ferguson,58708968
Charlotte,Angus,48423524
Harry,ohairy,31044256
Charlotte,Angus,21657486
James,Ferguson,32884207
Lea,Mcintosh,77539434
Lea,Angus,74920129
Marc,Mcintosh,63260142
Lea,Mcintosh,67802306
Lea,Mcintosh,44696987
Lea,Angus,19544374
James,Mcintosh,64763102
Lea,Mcintosh,58112494
Beatrix,Smith,59675605
James,Smith,30784326
James,Mcintosh,39853861
Marc,Angus,61376724
Charlotte,Angus,41016490
Lea,Ferguson,21082542
Marc,Smith,38868201
Harry,Angus,10910047
Beatrix,Mcintosh,71886300
Harry,Ferguson,76395677
Lea,Smith,59207300
Beatrix,Mcintosh,10741539
Beatrix,ohairy,87127282
Beatrix,Mcintosh,69074312
Lea,Angus,65872238
Marc,Barry,20623123
Harry,ohairy,77468348
Beatrix,Smith,54918622
James,ohairy,81181955
James,Smith,56868315
Beatrix,Angus,19850257
Harry,Mcintosh,85764986
Lea,Mcintosh,19401149
Lea,ohairy,32864176
Charlotte,Angus,58944759
James,ohairy,49790509
Harry,Mcintosh,66547377
Charlotte,Smith,53599242
Harry,Ferguson,50366888
James,ohairy,24217138
James,ohairy,44133051
Charlotte,Smith,51656861
Charlotte,Ferguson,55047555
Marc,Ferguson,70242768
Harry,ohairy,44203109
Lea,ohairy,74829150
Beatrix,Angus,65260944
Beatrix,Angus,29130208
Beatrix,Mcintosh,87860088
