First Name,Last Name,Matriculation
Charlotte,Mcintosh,79327984
Harry,Smith,21807696
Lea,ohairy,25528211
Harry,ohairy,59369583
Marc,Ferguson,25115981
Harry,ohairy,39349280
Beatrix,Mcintosh,73163234
Lea,ohairy,54536662
Harry,Angus,16290438
Harry,Barry,35995952
James,Mcintosh,71585400
Lea,Smith,38765429
Charlotte,Angus,63308212
Marc,Smith,40867073
Lea,Mcintosh,83709937
Lea,Smith,75446848
James,Angus,55851565
Lea,Ferguson,37409940
Beatrix,ohairy,40517887
Lea,Mcintosh,46062834
Lea,Barry,86501323
Harry,Barry,15297906
Harry,Angus,73721737
Charlotte,Barry,85225336
James,Smith,69713112
James,Barry,55350185
Harry,Smith,89508849
Lea,Smith,55930897
Harry,Angus,30503621
Charlotte,Angus,86159361
Beatrix,Mcintosh,44277115
Marc,Ferguson,72883510
James,Ferguson,11577196
Marc,ohairy,27275547
Harry,Ferguson,53931830
James,Ferguson,30660424
Harry,Ferguson,50216169
Harry,ohairy,82102539
Harry,Barry,55119867
Lea,Ferguson,40447375
Lea,Angus,81376116
James,Barry,68993433
Charlotte,ohairy,62719680
Lea,Barry,15873670
Marc,ohairy,41458052
Charlotte,Barry,57835233
Marc,Mcintosh,56054013
Beatrix,Smith,89905757
Beatrix,ohairy,60873484
Lea,ohairy,10667924
Beatrix,Mcintosh,66332402
Lea,Mcintosh,17039433
Beatrix,Mcintosh,48736896
Marc,Mcintosh,34588358
Lea,Mcintosh,88159055
Lea,ohairy,44731855
James,ohairy,83654562
James,Barry,76470815
Charlotte,Mcintosh,75912403
Lea,ohairy,39092898
Harry,Angus,78827710
Beatrix,Smith,66730717
Beatrix,Barry,50244958
James,Smith,34056325
Charlotte,ohairy,67942227
Marc,Ferguson,36167182
James,Smith,10100376
Marc,ohairy,59186570
Charlotte,Mcintosh,52611734
Marc,Mcintosh,74140148
Marc,ohairy,41793762
Marc,Mcintosh,61161191
Beatrix,Ferguson,15696440
James,Barry,68734671
Lea,Barry,26088036
James,Angus,69308267
Lea,ohairy,72830368
Lea,ohairy,54573635
Beatrix,Ferguson,22302832
Beatrix,Barry,51319724
Beatrix,ohairy,35024934
James,Mcintosh,56713430
James,Barry,11040588
Harry,Barry,73434434
Beatrix,Barry,54393064
Beatrix,Angus,20953236
Marc,Mcintosh,53966412
Lea,Ferguson,49467687
Charlotte,Barry,10548721
Charlotte,Smith,75505144
Marc,Mcintosh,61070594
Lea,Smith,75622821
James,Smith,85453185
Lea,ohairy,30421983
Charlotte,Mcintosh,34248242
Harry,Angus,39319797
Lea,Smith,29345975
Marc,Smith,60114296
Charlotte,Angus,10873655
Beatrix,Smith,74363995
