First Name,Last Name,Matriculation
Lea,Ferguson,65625494
Lea,Angus,19496357
Marc,Smith,55959069
Beatrix,Angus,57561459
Lea,Smith,61183666
Harry,Ferguson,36834008
Beatrix,Barry,37066247
Charlotte,ohairy,63587452
Charlotte,Barry,47667540
Harry,Barry,55405791
Harry,Mcintosh,41703422
Marc,Ferguson,86864491
Marc,Angus,11556068
Beatrix,ohairy,39606072
Lea,ohairy,70219138
Harry,ohairy,70341596
James,Barry,44290986
James,Mcintosh,83963187
James,Angus,47160296
Harry,Angus,84343646
Marc,Barry,19263941
Lea,Barry,33184843
Beatrix,ohairy,77525954
Harry,ohairy,40105630
Charlotte,Ferguson,24842429
James,Angus,75290038
Marc,Smith,54825659
James,Angus,79368967
Marc,Smith,17681561
Beatrix,Smith,22967124
Harry,Angus,35822666
Beatrix,ohairy,41536357
Lea,Barry,67298758
James,Angus,62295564
Harry,ohairy,72101337
Harry,Angus,70349909
Harry,Barry,73592556
Marc,Mcintosh,24541024
Charlotte,Mcintosh,43369373
Charlotte,Ferguson,48107686
Marc,Angus,71144348
James,Smith,21663714
Beatrix,Angus,10745293
Charlotte,Barry,58947461
Charlotte,Barry,25101431
Marc,Smith,20028643
Beatrix,Barry,61610556
Harry,Ferguson,77831617
Lea,Angus,62149813
Charlotte,Mcintosh,21959140
Beatrix,Mcintosh,24217804
Charlotte,Barry,22180679
Charlotte,Ferguson,36782943
Harry,Smith,22774581
Lea,ohairy,55227904
James,Smith,62799072
Harry,Barry,59432352
Beatrix,Angus,22591904
Lea,ohairy,76604930
Charlotte,Barry,30139371
Harry,Smith,49882367
Marc,Barry,53971280
Charlotte,Ferguson,17749045
Lea,Mcintosh,51505959
Harry,Angus,46535108
Beatrix,ohairy,71814227
Charlotte,Smith,81466603
James,Mcintosh,88209664
Lea,Mcintosh,26345711
Beatrix,Angus,89545486
Charlotte,Smith,26027464
Beatrix,Barry,58951819
Marc,ohairy,35106361
Harry,Ferguson,49037674
Lea,Ferguson,43316401
Lea,Angus,53754668
Beatrix,Mcintosh,12006022
Lea,Smith,60696700
Beatrix,Barry,30155741
Charlotte,Smith,40524094
Lea,Smith,50967963
Harry,Angus,78721502
Lea,Smith,28573807
Lea,ohairy,51525327
Lea,Barry,49540134
Lea,ohairy,28170256
James,Smith,22265663
Harry,Barry,76645685
Charlotte,Mcintosh,66081592
James,Angus,21738441
Beatrix,Barry,18476606
James,Smith,67201794
Beatrix,Ferguson,85670321
Lea,Ferguson,13789330
James,Angus,22703156
Marc,ohairy,11335965
Charlotte,Angus,72230830
James,Angus,53140536
Marc,Angus,65005458
Charlotte,Mcintosh,72990423
