First Name,Last Name,Matriculation
James,Mcintosh,85337049
Charlotte,Smith,12081028
Charlotte,Smith,57182853
James,ohairy,81151451
Lea,ohairy,85990349
James,Smith,20594970
Lea,Mcintosh,84517743
Charlotte,Mcintosh,60636911
Harry,Mcintosh,56896906
Lea,Angus,55792142
Charlotte,Ferguson,10985294
Lea,Angus,41147412
Marc,Mcintosh,47125597
Beatrix,Smith,36663269
Lea,Angus,48528283
Harry,Mcintosh,65859044
Beatrix,Barry,64541506
Beatrix,Angus,87199833
James,Angus,28219527
Harry,ohairy,31385653
Lea,Mcintosh,12381695
Harry,Mcintosh,25719099
Lea,Mcintosh,22743726
Beatrix,Barry,81594036
Marc,ohairy,27686845
Beatrix,Mcintosh,41095560
Harry,ohairy,77042058
Lea,Barry,25232534
Beatrix,Smith,75016219
Charlotte,Barry,42428308
Beatrix,Ferguson,88500908
Marc,Angus,41168212
Beatrix,Mcintosh,32674392
Lea,Barry,84186981
Beatrix,Mcintosh,44510527
Harry,Mcintosh,54523857
Marc,Ferguson,76383204
Beatrix,ohairy,39961234
James,ohairy,60886143
Lea,Smith,17103937
Marc,Mcintosh,46914550
Charlotte,ohairy,58461808
Marc,Angus,37957214
Lea,Smith,66610946
Lea,Ferguson,44640907
Marc,Barry,52719270
Charlotte,Mcintosh,16364763
James,Angus,52601329
Charlotte,Barry,41777726
James,Angus,46906880
James,Smith,16892974
Harry,Smith,40147943
Harry,Angus,27375469
Harry,ohairy,51717558
Beatrix,Smith,21872466
Beatrix,Smith,49660106
Charlotte,ohairy,67350254
James,Mcintosh,33190456
Harry,ohairy,43797502
James,Smith,54289259
Beatrix,Smith,76032202
James,ohairy,44316144
Marc,Angus,57998561
Charlotte,Mcintosh,79833941
Harry,Mcintosh,31647755
Marc,Angus,23176492
James,Ferguson,44205974
Harry,Angus,38497484
Lea,ohairy,12261382
Lea,Smith,46990629
Harry,Barry,84203840
Charlotte,Angus,31861356
Marc,Smith,53379412
Harry,ohairy,48202505
James,Mcintosh,43960113
Beatrix,Angus,40204179
Charlotte,Ferguson,25368213
Marc,Mcintosh,62027216
James,Angus,56084993
Beatrix,Smith,56089287
Harry,Smith,66386314
Marc,ohairy,43205805
Lea,Angus,76077726
Charlotte,Mcintosh,51505414
Lea,Ferguson,33284330
Marc,Smith,77863714
James,Barry,55589932
Lea,Ferguson,50185461
Harry,Angus,56702758
Harry,Mcintosh,69925208
Charlotte,Barry,23883288
James,ohairy,81608419
Beatrix,Mcintosh,37612385
Beatrix,Smith,64171773
Charlotte,Ferguson,48098230
Charlotte,Ferguson,85542413
James,Smith,48546109
James,ohairy,15265813
Marc,Barry,16986669
Marc,Smith,55238974
