First Name,Last Name,Matriculation
Harry,ohairy,53763878
Marc,Smith,15760867
Lea,Barry,29306000
Lea,Angus,57234069
Lea,Ferguson,50532048
Harry,Mcintosh,10640831
Charlotte,ohairy,76062667
Charlotte,Mcintosh,27173086
Beatrix,Angus,76760234
Marc,Barry,77644599
Charlotte,Smith,67823212
Marc,Smith,16608959
Marc,Angus,63379804
Marc,ohairy,84180351
Marc,Mcintosh,12343074
Marc,Ferguson,66070315
Marc,Smith,34557624
Lea,Mcintosh,86715939
Charlotte,Ferguson,49289376
Charlotte,Barry,42933901
Harry,ohairy,53164026
Marc,Ferguson,33545902
Harry,Angus,27260292
Marc,Mcintosh,21561546
Harry,Smith,62228784
Harry,Angus,75258639
Harry,Ferguson,65216533
Marc,ohairy,63417978
James,Mcintosh,73886445
Charlotte,Mcintosh,22568574
James,Barry,70951308
Beatrix,Smith,49840546
Harry,ohairy,15516926
Lea,Ferguson,13951382
Marc,Smith,25886195
Harry,Ferguson,87970524
Charlotte,Barry,73005575
Harry,Barry,15924038
James,ohairy,68957804
Marc,Barry,58062397
Lea,ohairy,77450544
Beatrix,Angus,56879140
Marc,Angus,81226810
Lea,Angus,42544358
Harry,Ferguson,69023752
Beatrix,Angus,12591867
Lea,Mcintosh,21154968
Marc,Angus,89188933
James,Angus,39265474
James,Mcintosh,60990177
Beatrix,Smith,86544344
Charlotte,ohairy,89667170
Beatrix,Mcintosh,31078683
James,Ferguson,10373087
Charlotte,Angus,23618204
Charlotte,Barry,15718058
Harry,ohairy,54575323
Harry,Barry,37501205
Marc,Barry,30692115
Lea,Barry,29465553
James,ohairy,67165418
Charlotte,Ferguson,80490475
James,Barry,23810931
James,Angus,54673229
James,Angus,35874485
Lea,Angus,63778371
James,ohairy,76033870
Beatrix,Ferguson,82446296
Beatrix,Barry,77920268
James,Barry,30489810
Harry,Angus,26947406
Lea,Smith,59695212
Lea,Ferguson,89503606
Beatrix,Ferguson,19110510
Harry,Smith,68556824
Beatrix,Ferguson,39590834
Lea,Angus,25049734
Harry,ohairy,35529882
Charlotte,Angus,80345543
Charlotte,Barry,31544348
Marc,Angus,43467400
Beatrix,Angus,66518081
Lea,Smith,85892135
Harry,Ferguson,76257085
Beatrix,ohairy,59854092
Beatrix,Ferguson,19329552
Beatrix,Barry,14322165
James,Mcintosh,73794310
Harry,Ferguson,81836476
James,Angus,38512454
Charlotte,ohairy,72431554
Lea,Mcintosh,33206037
Marc,ohairy,85719671
Lea,Smith,51817566
Lea,Ferguson,69995111
Charlotte,Mcintosh,67792398
Beatrix,Smith,12539460
Marc,Ferguson,24617014
Harry,Smith,65018174
Beatrix,Smith,62154919
