First Name,Last Name,Matriculation
James,Mcintosh,61175621
Marc,ohairy,32331931
James,Mcintosh,69633017
Beatrix,Mcintosh,84619828
Beatrix,Smith,41639122
Lea,ohairy,72261582
Charlotte,ohairy,10728852
Charlotte,Smith,45436633
Marc,ohairy,84886053
Lea,Smith,62228695
Lea,Ferguson,72502218
Charlotte,Ferguson,79290300
Harry,ohairy,59568940
Charlotte,Mcintosh,23186485
Harry,Angus,52206849
James,ohairy,58087504
Marc,Mcintosh,57622342
Beatrix,Mcintosh,63740199
Harry,Angus,70499521
Harry,Smith,72927682
Charlotte,ohairy,51401295
Lea,Smith,54431150
Beatrix,Ferguson,38647083
Marc,Angus,83794872
James,Smith,80149301
Marc,Smith,79162984
Harry,Barry,75934881
Beatrix,Ferguson,78178635
Harry,Ferguson,24565937
Charlotte,Mcintosh,59566204
Beatrix,Mcintosh,87874218
Beatrix,Smith,65650199
Charlotte,Barry,87851003
Beatrix,Angus,68246248
James,ohairy,63807236
Charlotte,Mcintosh,41670367
Harry,Ferguson,74133290
James,Smith,48889389
James,Barry,57171543
Harry,Smith,35552569
Beatrix,Smith,88213073
Harry,Smith,53528094
James,Smith,39236769
Lea,Smith,23480596
Marc,Ferguson,65232688
Lea,ohairy,57840473
Beatrix,Angus,86619453
Lea,Angus,67277047
Lea,ohairy,80557710
Marc,Angus,67073651
Lea,Angus,83164332
Lea,ohairy,62496576
Beatrix,Angus,43411858
Marc,Angus,57975977
Harry,Angus,26391121
Harry,Barry,80528441
Beatrix,ohairy,32052861
James,Barry,68021069
Harry,Angus,72922244
Harry,ohairy,15585656
Harry,Smith,63408539
Marc,Mcintosh,87751799
James,Barry,88052758
Marc,Angus,53996765
Lea,ohairy,10124404
Beatrix,Barry,64666348
Marc,Mcintosh,33449907
Lea,ohairy,85288440
Lea,Mcintosh,11420552
Harry,Barry,23113946
Marc,Angus,77688992
Marc,Mcintosh,65815287
Charlotte,Angus,31526032
James,Barry,71071470
Beatrix,ohairy,63289087
Lea,Mcintosh,65546090
Lea,ohairy,15129529
Lea,Mcintosh,63042758
James,Mcintosh,42223278
Harry,Angus,33171070
Beatrix,Barry,51662927
Marc,Angus,53240912
Marc,Angus,88535094
Beatrix,Barry,23106531
Lea,Ferguson,49011610
Charlotte,Angus,48769422
Lea,ohairy,59621376
Lea,Ferguson,16223396
Lea,ohairy,70221435
Charlotte,ohairy,41469749
Marc,Smith,45134304
Beatrix,Angus,61905427
James,Barry,70806289
James,Angus,78755264
Charlotte,Ferguson,38127944
Marc,Angus,57627686
Lea,Angus,69101347
Beatrix,Ferguson,89879391
Charlotte,Mcintosh,64728056
Beatrix,Smith,60033695
