First Name,Last Name,Matriculation
Harry,Smith,72909605
Lea,Smith,77653874
Harry,ohairy,61345227
Harry,Angus,34304894
Beatrix,Barry,19647265
Lea,ohairy,22187013
Marc,Ferguson,46233024
Harry,Mcintosh,33030697
Harry,Ferguson,50342678
Lea,Mcintosh,57622040
Harry,Ferguson,69888129
James,Smith,30339133
Lea,Angus,48393352
Beatrix,ohairy,50782249
Charlotte,Ferguson,35812972
Charlotte,Ferguson,11136528
Beatrix,ohairy,24392889
James,Mcintosh,47203578
Beatrix,Smith,54393113
James,Angus,44925567
Marc,ohairy,19341421
Harry,Smith,72795899
Harry,Mcintosh,75578307
Marc,Smith,47484553
Beatrix,ohairy,46372737
James,Barry,88501807
Charlotte,Smith,41107517
Charlotte,Angus,75084017
Harry,ohairy,80388299
Lea,Ferguson,21687641
Lea,Smith,69141726
Lea,Mcintosh,20942033
Marc,Smith,25325865
Charlotte,Angus,28781956
Lea,Barry,63525604
Beatrix,Mcintosh,62417615
Beatrix,Smith,51320549
Harry,Angus,77445095
Beatrix,Angus,48812264
Lea,Smith,42582215
Harry,Ferguson,46139174
Lea,Barry,48895010
Lea,Mcintosh,26661868
James,ohairy,56453173
Charlotte,ohairy,85798088
Lea,Mcintosh,22445445
Charlotte,Barry,67496445
Beatrix,Smith,21917466
Harry,Smith,25761162
Marc,Mcintosh,47924185
Marc,Angus,32621542
Beatrix,Barry,69511883
Harry,Angus,42453590
Marc,Ferguson,38321077
Lea,Smith,13166275
Beatrix,Mcintosh,53429416
Marc,Mcintosh,19467450
Beatrix,Barry,40061502
James,Barry,17398702
Harry,Smith,18466514
Beatrix,Smith,40338756
Harry,Angus,69183381
James,Ferguson,87210845
James,Angus,56555485
Beatrix,Barry,84195461
Beatrix,Mcintosh,28151834
Charlotte,Mcintosh,59432286
Beatrix,ohairy,82054854
Harry,Smith,86575645
Harry,Ferguson,72105768
Beatrix,Mcintosh,51775589
Beatrix,Mcintosh,86120634
Marc,ohairy,86743819
James,Smith,61055298
Beatrix,Angus,17150285
Lea,Barry,56613726
Beatrix,Mcintosh,84485250
James,Mcintosh,46808773
Harry,Smith,39568747
Lea,Barry,83566890
Lea,Barry,36993872
Marc,Barry,61198036
Charlotte,Angus,51391626
Marc,Angus,63161708
James,Ferguson,68121232
Lea,Angus,72084304
Lea,Angus,67156892
Marc,Smith,48505482
Beatrix,Angus,77163605
James,ohairy,13553454
Marc,Ferguson,87011073
Marc,Smith,42666631
Marc,Smith,28800133
Harry,ohairy,36291639
Charlotte,Smith,35432819
Beatrix,Barry,42646318
Beatrix,Angus,10472071
Lea,Barry,47247020
Marc,Smith,13581389
Harry,Ferguson,34546838
