First Name,Last Name,Matriculation
James,Mcintosh,83782592
James,Smith,50716744
Marc,Mcintosh,29315304
Harry,Smith,42873859
Beatrix,Ferguson,18454439
Harry,Ferguson,56170783
Marc,Ferguson,72514712
Lea,Mcintosh,30185925
Harry,Ferguson,54944273
Charlotte,ohairy,15477780
Harry,Angus,17949360
Lea,Ferguson,86758717
James,ohairy,80803064
Beatrix,Barry,18851812
Charlotte,Mcintosh,39002646
Marc,ohairy,49419194
Beatrix,Angus,57239790
Lea,Ferguson,13198087
James,Ferguson,41850200
Charlotte,Barry,18557576
Beatrix,Angus,29597019
Lea,Angus,62318702
Harry,Smith,87717476
Lea,ohairy,87820250
James,Ferguson,21924895
James,Ferguson,34281867
Harry,ohairy,83914678
Harry,Smith,37275437
Harry,Ferguson,60685102
Charlotte,Ferguson,89576346
Harry,Ferguson,45183471
Charlotte,Smith,12351037
Marc,Smith,64247799
Charlotte,Angus,81057813
Beatrix,Barry,70253616
Charlotte,Ferguson,59539152
Harry,ohairy,87727967
Harry,Mcintosh,69512327
James,Angus,69714259
Marc,Smith,53482084
Harry,Mcintosh,25759307
Charlotte,Ferguson,43876565
Marc,Mcintosh,42807299
Harry,Smith,67602129
Charlotte,Angus,49991576
Lea,Barry,83473957
Charlotte,Barry,32693241
Harry,Ferguson,84958918
James,Mcintosh,19456440
Marc,Smith,59128149
Lea,Barry,22317028
Marc,Mcintosh,47811551
Marc,Mcintosh,48636144
Charlotte,Angus,23220873
Lea,Angus,25508650
Charlotte,ohairy,65459999
Harry,ohairy,23292899
Marc,Ferguson,58375325
James,Smith,47975815
Lea,Angus,33984176
Lea,Ferguson,56602017
Marc,Smith,71929712
Lea,Smith,23646683
Lea,Barry,80009320
James,Barry,45176482
Lea,Smith,15652140
Marc,Mcintosh,87113275
Harry,ohairy,70078185
James,Smith,86382177
Marc,Mcintosh,72396185
Harry,Barry,55689108
Charlotte,Angus,81550025
Lea,Barry,40797735
Beatrix,Mcintosh,61995519
Lea,Ferguson,85054818
James,Smith,88214830
James,Angus,21137071
James,ohairy,61655649
Charlotte,Smith,71444416
James,Smith,34484826
James,Barry,28546547
Charlotte,Ferguson,23159261
Charlotte,ohairy,79580980
Charlotte,Angus,45634918
Beatrix,Angus,49314636
Beatrix,Barry,10829847
Harry,Smith,19660969
Lea,Mcintosh,18323353
James,ohairy,17504170
Harry,Angus,14362439
Charlotte,ohairy,72856064
Beatrix,Ferguson,35970281
Marc,ohairy,84072225
Beatrix,Barry,23963250
Lea,Angus,23862365
Beatrix,Ferguson,11406052
Marc,Angus,89837520
Beatrix,Ferguson,41765866
James,ohairy,79353423
Charlotte,Mcintosh,31552021
