First Name,Last Name,Matriculation
Marc,Smith,19857090
Beatrix,Mcintosh,50951382
Marc,Smith,58811241
James,Barry,16850669
Marc,Angus,69746352
Charlotte,Smith,88477390
James,ohairy,13448450
Lea,Barry,13166778
Beatrix,Ferguson,77468275
Marc,Barry,50187227
James,Smith,60487261
Charlotte,Angus,80179096
James,Angus,49516274
Marc,Smith,72840590
James,Barry,16311888
Marc,Smith,84291961
Harry,Angus,34525375
Charlotte,Smith,72656123
Charlotte,ohairy,13010425
Lea,Ferguson,63563075
Harry,Mcintosh,41426443
Marc,Angus,62804009
Beatrix,Barry,24332633
James,Barry,25863507
Harry,Smith,48161090
Beatrix,Smith,84991858
Charlotte,Barry,11667297
Lea,Ferguson,72446039
Harry,ohairy,10587745
Marc,ohairy,78214462
Marc,Ferguson,20383994
Charlotte,Angus,29972467
Marc,Barry,24806829
Lea,Smith,45629250
Lea,Mcintosh,41162158
James,Ferguson,20563904
Beatrix,Ferguson,16076579
Charlotte,Ferguson,84333690
Harry,Angus,57816038
James,Barry,68283481
James,Ferguson,41199541
Charlotte,Barry,12865505
Charlotte,Ferguson,29547222
Marc,Ferguson,82196592
Charlotte,Ferguson,13108844
Beatrix,Angus,78968838
Harry,Mcintosh,85698697
Beatrix,ohairy,21354447
Harry,ohairy,52874683
Lea,Barry,81173262
Charlotte,Mcintosh,52563210
James,Mcintosh,68614695
Marc,Ferguson,19791649
Marc,ohairy,35214802
James,Smith,77269773
Charlotte,Smith,44400178
Charlotte,ohairy,60457989
Harry,ohairy,59636337
Marc,Barry,17219689
Harry,Angus,50923166
Charlotte,Smith,54266870
Marc,Smith,82031457
James,Angus,79990847
Charlotte,Ferguson,84768077
Harry,Smith,35942500
James,Mcintosh,21688023
Charlotte,ohairy,12882984
James,ohairy,12207859
James,ohairy,42686420
Beatrix,ohairy,35350033
Charlotte,Smith,44553131
Charlotte,Smith,89312124
Beatrix,Smith,66219486
Charlotte,Smith,52330717
Marc,ohairy,51205086
Marc,Ferguson,37005297
Harry,ohairy,50718236
Beatrix,Ferguson,37340400
Charlotte,ohairy,46354539
Lea,Smith,51514372
Charlotte,Mcintosh,25768523
Lea,Angus,24779671
Marc,Barry,11752707
James,Smith,75121460
Harry,Barry,44695747
Marc,Mcintosh,35839061
Lea,ohairy,77439652
Marc,ohairy,61667004
Charlotte,Barry,45603462
Harry,Mcintosh,58210156
James,Barry,33678352
James,Mcintosh,23090498
Marc,Barry,12822801
Lea,Mcintosh,80589036
Beatrix,Ferguson,62320139
James,Mcintosh,62635931
Marc,Smith,14415770
Harry,Angus,73467915
Marc,Smith,73640854
Marc,Barry,30740243
