First Name,Last Name,Matriculation
Lea,Barry,63395915
Lea,ohairy,43414898
Lea,Mcintosh,81818842
Charlotte,ohairy,27474729
Charlotte,Ferguson,87409440
Marc,Mcintosh,39648702
Beatrix,Ferguson,16445619
Charlotte,Mcintosh,24312582
Beatrix,Mcintosh,41857746
Marc,Barry,46650342
Lea,Ferguson,15602647
Charlotte,Ferguson,65767292
Lea,Smith,34837379
James,Barry,76853928
Beatrix,Smith,37862615
Harry,Barry,32508315
Beatrix,ohairy,79389655
James,ohairy,44520061
James,Angus,33170294
James,ohairy,46894020
Beatrix,Barry,85999400
Beatrix,Smith,33382982
Marc,Angus,58167944
Marc,Ferguson,81714636
Harry,Smith,33690090
Marc,Barry,55487832
James,Barry,55208060
Harry,Angus,29616404
Marc,Smith,45282975
Harry,Smith,18093447
Lea,Ferguson,84045767
James,Smith,47974878
Lea,Angus,67771173
James,ohairy,29823270
Marc,Angus,38675512
Charlotte,Angus,83670653
Lea,Mcintosh,87218864
Lea,ohairy,42734843
Harry,Angus,70802965
Marc,Angus,89888384
Marc,Barry,74327862
James,Smith,38418783
Charlotte,Mcintosh,59550692
Beatrix,Barry,11908605
James,Barry,33647889
Charlotte,Smith,58506676
Marc,Smith,73161829
Marc,ohairy,49932873
Beatrix,Angus,46939413
Beatrix,Angus,37812367
Marc,Ferguson,23889372
Charlotte,Smith,21785393
Lea,Barry,56734319
Beatrix,Mcintosh,37928841
Marc,ohairy,47488422
Charlotte,Smith,72401187
Lea,Ferguson,69834214
James,Mcintosh,34478451
Lea,Angus,41997468
Charlotte,Angus,25446819
Charlotte,ohairy,83189393
James,Mcintosh,45637387
Lea,Angus,17515906
Lea,Mcintosh,87930765
Harry,ohairy,79008591
Charlotte,Mcintosh,43296422
Lea,Mcintosh,57451328
Lea,Barry,21122365
Lea,Barry,36183469
Marc,Smith,37036045
Beatrix,Smith,50614507
Charlotte,Smith,25742012
Harry,Angus,61913563
Lea,ohairy,63386313
Lea,Smith,87360185
Beatrix,ohairy,71808643
Charlotte,ohairy,56485388
Marc,Barry,39924547
Harry,Barry,17193105
Lea,Ferguson,11041498
Harry,Barry,42363264
Marc,Barry,78396972
Lea,Ferguson,39755051
Marc,ohairy,36820890
Lea,Barry,78768857
Harry,Mcintosh,88896434
Lea,Ferguson,10073584
Harry,Angus,10323016
James,ohairy,65405417
Beatrix,Ferguson,83404512
Marc,ohairy,36274004
Marc,Mcintosh,29870302
Lea,Angus,85645879
Harry,ohairy,79241610
Harry,Ferguson,51446388
Marc,Angus,70492955
Harry,Mcintosh,88197455
James,Barry,54675428
Marc,Angus,47406897
Beatrix,Mcintosh,53394661
