First Name,Last Name,Matriculation
James,Mcintosh,17321077
James,Angus,71074622
James,Angus,85107347
Charlotte,Ferguson,12656739
Charlotte,Smith,77819558
Lea,Ferguson,13289017
Beatrix,Smith,65482929
James,Ferguson,12334345
Marc,ohairy,77155610
Beatrix,Barry,76262916
Beatrix,Angus,44669742
Beatrix,Barry,73401338
Charlotte,ohairy,87492309
Harry,Angus,32650211
Lea,Angus,79365598
Marc,Ferguson,48874460
James,Ferguson,21359574
Charlotte,Mcintosh,63851251
Charlotte,Barry,17463843
James,Barry,41994504
Marc,Mcintosh,74114629
Marc,Smith,53134473
Charlotte,Barry,33390801
Charlotte,Angus,83569786
Charlotte,ohairy,34739144
Beatrix,Barry,86667192
Lea,Mcintosh,61376452
Lea,Ferguson,34673116
Harry,Barry,87764940
Charlotte,Angus,44718764
Marc,Smith,89458258
Lea,Angus,52717735
Harry,Angus,53589247
Marc,ohairy,47226136
Harry,Angus,12369453
Lea,Barry,73236207
Marc,Smith,24432951
Beatrix,Angus,48639274
Marc,Smith,64781947
Harry,Mcintosh,77628347
Charlotte,Angus,36161619
Beatrix,ohairy,58193986
Marc,Barry,43835198
James,Ferguson,52092799
Marc,Smith,67868629
Charlotte,Smith,77287010
Charlotte,Smith,77660134
Marc,Ferguson,76684192
Charlotte,ohairy,89190740
James,Ferguson,63081029
Beatrix,Smith,49924571
Beatrix,Barry,28854557
James,Mcintosh,50499760
Lea,ohairy,57935978
Beatrix,Angus,78019170
Beatrix,Ferguson,46023312
Charlotte,Ferguson,54909304
Marc,ohairy,16180555
Harry,Barry,40134331
Harry,ohairy,22876462
Harry,Barry,86328756
Beatrix,Barry,47813785
Beatrix,Smith,30746283
Harry,Angus,55466802
Lea,Angus,15593798
Lea,Angus,47682013
Marc,Angus,81709759
James,Angus,16942562
Beatrix,Angus,11808696
Lea,Angus,22799809
Beatrix,Ferguson,65071048
Harry,Angus,16877070
Beatrix,Angus,33201780
Beatrix,Angus,72931342
Harry,Smith,80981468
Marc,Mcintosh,80238376
Lea,ohairy,35491353
Beatrix,Ferguson,13658591
Charlotte,Mcintosh,30653595
Lea,Barry,16191954
Lea,Barry,67874750
Harry,Ferguson,87569762
James,Angus,35483199
Lea,Ferguson,10095719
Beatrix,Smith,59559557
Charlotte,Ferguson,60762883
Charlotte,Mcintosh,36395675
Lea,Smith,61098419
Beatrix,Smith,40906871
Harry,Barry,54520074
Lea,Ferguson,58632086
Harry,Barry,52478626
Charlotte,Smith,14160268
Beatrix,ohairy,52114129
Beatrix,Angus,65270465
Lea,Ferguson,65728166
Harry,Smith,87085991
Charlotte,Barry,43504256
Charlotte,Barry,70516789
Beatrix,Smith,18799483
