First Name,Last Name,Matriculation
Marc,Ferguson,81790677
Marc,Barry,59419911
Beatrix,Smith,89085301
James,Ferguson,10044918
Marc,Barry,25025601
Marc,Barry,40766607
Beatrix,Barry,83506097
Harry,Smith,45149152
Beatrix,ohairy,58520499
Charlotte,Smith,14860794
Harry,Angus,10585136
Lea,Mcintosh,59883530
Marc,Angus,73362417
James,Ferguson,68691377
Harry,ohairy,79071020
Marc,ohairy,60380842
Charlotte,ohairy,14723093
Lea,Mcintosh,71885614
James,ohairy,48257083
Marc,Ferguson,54909779
Lea,Barry,10537751
Lea,ohairy,59084482
Lea,Angus,29931415
Charlotte,Smith,42291182
Charlotte,Smith,83503072
Charlotte,Smith,43048514
Lea,Barry,82710462
Harry,Barry,78468455
James,ohairy,80375448
Charlotte,Mcintosh,40115405
Harry,Ferguson,78911767
Lea,ohairy,14540260
Marc,Angus,14235192
Beatrix,Ferguson,19258531
Harry,ohairy,74421705
Lea,Smith,28097676
Marc,Mcintosh,28327722
Lea,Angus,19896760
Beatrix,Mcintosh,89167070
Lea,Angus,35535083
Marc,Mcintosh,45370495
Lea,Barry,70643227
Lea,Ferguson,16344897
James,Smith,60495424
Lea,Ferguson,51319497
Marc,ohairy,88549370
Beatrix,Barry,47651823
Lea,Smith,20454056
Marc,Mcintosh,56827121
Harry,Barry,12602313
Beatrix,Mcintosh,43382213
Beatrix,Mcintosh,10649987
Marc,Mcintosh,29763562
Charlotte,Mcintosh,60618471
Charlotte,Barry,39905229
Marc,Smith,13437692
Marc,Mcintosh,25422600
Marc,Smith,66733576
Marc,Ferguson,15661493
Lea,Angus,87693699
Marc,Angus,21699552
James,Ferguson,24148009
Charlotte,Barry,42043738
Charlotte,Mcintosh,75536260
Marc,Mcintosh,84905362
Lea,ohairy,73388743
Charlotte,Mcintosh,54992727
Beatrix,Barry,30731419
Marc,Angus,48233356
Lea,Smith,33118226
James,Angus,29243085
Beatrix,ohairy,74858927
Charlotte,ohairy,45829298
Marc,Barry,27714693
Lea,Angus,36814020
James,Mcintosh,26366751
Charlotte,Mcintosh,12104073
Harry,Barry,56478327
Charlotte,Barry,76049457
Charlotte,Mcintosh,17090916
James,Angus,60184838
James,ohairy,45165940
Charlotte,Smith,39896022
Lea,Angus,49470721
Beatrix,ohairy,79551948
Beatrix,Mcintosh,59002484
Lea,Angus,57817768
Lea,ohairy,23920467
Harry,Mcintosh,85855736
Charlotte,Angus,67610532
Beatrix,Barry,66277314
Lea,Mcintosh,67469681
Marc,ohairy,29268564
Lea,Angus,37151678
James,Mcintosh,26805569
James,ohairy,23363358
Charlotte,Smith,20908446
Lea,Mcintosh,70385555
Lea,Mcintosh,74128898
James,Ferguson,76984254
