First Name,Last Name,Matriculation
Charlotte,Smith,49390701
Lea,ohairy,51531123
Harry,ohairy,72396639
Marc,Mcintosh,53876054
James,Smith,42025945
James,Ferguson,80191764
Lea,Ferguson,70625360
James,Angus,13985679
Beatrix,Ferguson,21740223
Marc,Ferguson,29838628
Lea,Ferguson,80990394
Marc,ohairy,30430991
Beatrix,Angus,81076470
James,Smith,76817424
Marc,Smith,64734747
Beatrix,Mcintosh,24859520
Beatrix,Smith,38776623
Charlotte,Smith,18018045
Lea,Angus,54466719
Harry,Ferguson,29550593
Marc,ohairy,62131110
Charlotte,Ferguson,54549526
Marc,Smith,71248875
Charlotte,Smith,20220921
James,ohairy,72672733
Beatrix,Angus,23972328
James,Angus,12171539
Charlotte,Ferguson,19154182
Charlotte,Ferguson,37824337
Beatrix,Mcintosh,79644352
James,Ferguson,20863925
Charlotte,Barry,70050819
Beatrix,Smith,19883715
Marc,Barry,63196209
Marc,Angus,66570409
Charlotte,Smith,55863834
Harry,ohairy,86843602
Beatrix,Smith,59964641
Marc,Angus,39391095
Beatrix,Barry,11758280
Harry,Barry,61058582
Beatrix,ohairy,76005750
Beatrix,ohairy,84017944
Marc,ohairy,44149454
Lea,Angus,49042604
Lea,Smith,13323271
Marc,Smith,61503839
Lea,Angus,52933164
Charlotte,Angus,79545340
Charlotte,Smith,54774690
Harry,Barry,22339962
Marc,Barry,34205850
Charlotte,Angus,41127385
Charlotte,Barry,31558651
Harry,Barry,48507638
Charlotte,ohairy,78572660
Marc,Smith,53847019
Beatrix,Angus,41250336
Charlotte,Smith,72067237
Charlotte,Angus,79114896
Marc,ohairy,10628744
Marc,Barry,77285354
Charlotte,ohairy,80620747
Marc,Angus,78450695
Beatrix,Ferguson,14093762
Beatrix,Barry,69151578
Harry,Ferguson,88228850
Harry,ohairy,52878139
James,Mcintosh,79976423
Marc,Smith,35450688
Harry,Mcintosh,59665633
Harry,Smith,12690410
Lea,Smith,48171587
Marc,Mcintosh,50591512
Beatrix,Mcintosh,22914043
James,Smith,50264782
James,Barry,20413744
James,ohairy,73845911
Charlotte,ohairy,47301983
Harry,Mcintosh,12480222
Beatrix,Barry,69330165
James,Ferguson,81444344
Lea,Mcintosh,74903335
Lea,ohairy,80142487
Charlotte,ohairy,71343539
James,Barry,75843647
James,Mcintosh,58731317
Lea,Mcintosh,13088782
Marc,ohairy,17339017
Marc,Barry,83653892
Harry,Ferguson,32350712
Harry,Angus,57754627
Lea,Angus,53042245
Harry,ohairy,88000493
James,Barry,61966593
Beatrix,Ferguson,53080031
Lea,ohairy,28525728
Marc,Smith,40489817
Charlotte,Barry,15566823
James,Angus,29940859
