First Name,Last Name,Matriculation
Lea,Angus,12084177
Charlotte,Ferguson,46810122
James,Barry,30672213
Charlotte,Angus,55444539
Lea,Mcintosh,58902985
Harry,Ferguson,25221417
Beatrix,Ferguson,40826702
Beatrix,Ferguson,58079844
Marc,ohairy,88686500
Lea,Ferguson,44360438
Marc,Angus,57564860
Marc,ohairy,30780920
Marc,Ferguson,83711120
Marc,ohairy,41916833
James,Angus,72240281
Marc,ohairy,61555087
Marc,Mcintosh,74110507
Marc,Barry,39390242
Marc,ohairy,58380503
Lea,Ferguson,23476961
Beatrix,Angus,59574584
Lea,ohairy,69190503
James,Mcintosh,81617814
Charlotte,Barry,82626445
Harry,Angus,42133390
Lea,ohairy,54752404
Harry,Smith,44667757
Beatrix,Ferguson,48372512
Marc,Smith,62724550
Charlotte,Mcintosh,79781235
James,Mcintosh,20639427
Lea,Mcintosh,43667057
Charlotte,ohairy,37487920
James,Ferguson,51205560
Beatrix,Ferguson,85295241
Harry,Mcintosh,87242044
Marc,Ferguson,15013218
Charlotte,Barry,15955525
James,Barry,88583715
Harry,Barry,43365216
James,Barry,30541042
Harry,ohairy,13548375
Harry,Barry,48696586
Charlotte,Ferguson,21886841
Charlotte,Barry,49136608
Beatrix,Ferguson,61926990
Charlotte,Ferguson,36091449
Charlotte,Mcintosh,42578441
Charlotte,ohairy,57021703
Lea,Mcintosh,70097494
Charlotte,Angus,21228372
Harry,Mcintosh,86861666
Marc,Angus,63608546
James,Mcintosh,39491467
Beatrix,Barry,56138036
Harry,Ferguson,21687428
Beatrix,Barry,37380254
James,Ferguson,73929016
Beatrix,Smith,47496277
Beatrix,Ferguson,43698718
Beatrix,Barry,10205758
Charlotte,ohairy,81749628
Harry,ohairy,26052795
Beatrix,Barry,52480971
Harry,Ferguson,40710142
Charlotte,Ferguson,82970855
Charlotte,Angus,30359861
James,Barry,50112615
Beatrix,Mcintosh,35362796
James,Smith,45471931
James,Ferguson,43856294
Lea,Barry,26620438
Harry,Smith,88659753
Harry,Smith,66328350
James,Barry,41923245
Marc,Barry,66835709
Harry,Smith,19465850
Beatrix,Angus,10716883
Beatrix,Smith,40938007
Harry,Barry,81490429
Lea,ohairy,32203348
Harry,Barry,71889887
Beatrix,Smith,85371330
Beatrix,Mcintosh,74322603
Lea,Mcintosh,59909762
Beatrix,Mcintosh,50592502
Lea,ohairy,16751852
Harry,Barry,82345616
Harry,Angus,87773426
Marc,ohairy,26068577
James,ohairy,20293724
James,ohairy,14858578
Lea,Barry,23377091
Beatrix,Ferguson,75983326
Charlotte,Angus,34658753
Charlotte,Barry,74484675
Lea,Mcintosh,28878843
Marc,ohairy,65582217
Lea,Ferguson,73732178
James,Ferguson,38713332
