First Name,Last Name,Matriculation
Beatrix,Barry,50377281
Marc,Angus,22823397
Harry,Angus,43494633
Harry,Angus,26280763
Marc,Angus,21125703
Marc,Mcintosh,57983523
Lea,Barry,86223717
Marc,Barry,70102343
Charlotte,Mcintosh,25537602
James,Smith,82318214
James,ohairy,84252708
Harry,Barry,85267757
Beatrix,Barry,79157288
Marc,Ferguson,21278166
James,Barry,74034470
Beatrix,ohairy,44993992
Harry,Ferguson,46901452
Charlotte,Angus,14824445
Beatrix,Barry,54358131
Charlotte,ohairy,34890220
Lea,Mcintosh,62804715
James,Angus,27577724
Harry,Barry,24656511
Charlotte,Ferguson,60060097
Charlotte,Smith,21323517
Charlotte,Barry,46048838
Harry,ohairy,87413221
Harry,Ferguson,45885974
Marc,Ferguson,62464822
Charlotte,Smith,14270471
James,Mcintosh,14395271
Marc,Angus,45628950
Beatrix,ohairy,87051060
Harry,Barry,33918701
Beatrix,Barry,38923141
Lea,Smith,74318517
Harry,Angus,18553655
Lea,Angus,28043303
Marc,ohairy,33252272
Beatrix,Angus,22920569
Marc,Smith,78242479
Charlotte,ohairy,89309215
James,Mcintosh,52521184
Beatrix,Barry,40522829
Harry,Ferguson,13325504
Charlotte,Angus,78041285
Beatrix,Ferguson,75983699
Marc,ohairy,41343127
Lea,Smith,34901775
James,Barry,14922147
Harry,ohairy,72925726
Charlotte,Angus,46444362
Lea,Mcintosh,83049334
Lea,Ferguson,32223107
Beatrix,ohairy,76206296
Beatrix,Barry,11907301
James,Ferguson,80967050
Lea,Barry,31948944
Harry,Smith,65445505
Marc,Smith,59099554
Beatrix,Ferguson,43704136
Lea,Barry,47515572
Lea,Mcintosh,62249827
Marc,Angus,40427386
Charlotte,Smith,34123385
Charlotte,Smith,63237596
Marc,Ferguson,82289479
James,Smith,29544824
Charlotte,Ferguson,86410249
Lea,Mcintosh,16963176
Charlotte,Smith,31203214
Marc,ohairy,45542748
Charlotte,Angus,64199888
Marc,Angus,23474136
Beatrix,Angus,25737426
Harry,Smith,35287583
Marc,Angus,48575628
Charlotte,Barry,42778388
James,Mcintosh,38196332
Charlotte,ohairy,56532130
James,Mcintosh,33461584
James,Ferguson,61539894
Charlotte,Ferguson,89520071
James,Mcintosh,48754380
Marc,Barry,57383364
James,Smith,57222685
Lea,Ferguson,78757888
Lea,Angus,50023647
Harry,Barry,68651020
Charlotte,Barry,24741533
Charlotte,Mcintosh,61929367
Charlotte,Angus,57058342
James,Ferguson,38531298
Charlotte,Smith,15428873
Beatrix,Smith,56968057
James,Angus,47967198
James,Angus,83791419
Lea,ohairy,36880231
Harry,Barry,71795873
Lea,Barry,75389088
