First Name,Last Name,Matriculation
Harry,Barry,66906156
Harry,Ferguson,66818480
Marc,Angus,70734602
Beatrix,Mcintosh,35827469
Beatrix,Smith,56171862
Beatrix,Mcintosh,80900094
Lea,Mcintosh,82999423
Charlotte,Smith,42349993
James,Mcintosh,34485127
Charlotte,Barry,31866508
Harry,Angus,87837906
Lea,ohairy,22372890
Beatrix,ohairy,88965718
Harry,Barry,27266452
Charlotte,Smith,76877892
Harry,ohairy,26089192
Harry,ohairy,45137980
James,Smith,79898751
Lea,Barry,78011073
James,ohairy,35729436
Beatrix,Smith,89715683
Beatrix,ohairy,43447383
Beatrix,Angus,33581280
Lea,Barry,51790284
Harry,ohairy,64709255
Harry,Mcintosh,68227794
Charlotte,Smith,71671158
Marc,Smith,13753887
Beatrix,Barry,82956596
Charlotte,Ferguson,75617803
Marc,Ferguson,36137189
Marc,Smith,70837112
Harry,Angus,51560813
James,Mcintosh,48945393
Harry,Mcintosh,47553080
Marc,Mcintosh,34505994
Lea,Ferguson,57491976
Beatrix,Ferguson,15146393
Beatrix,Smith,72635627
Lea,Smith,79893815
Beatrix,Barry,78346864
Harry,Ferguson,69531469
James,ohairy,31711731
Marc,Barry,47645405
Charlotte,Smith,35403349
Charlotte,Smith,74805784
Marc,Smith,45674131
Beatrix,Angus,42861928
Marc,Ferguson,48684552
Lea,Smith,30113201
Harry,Ferguson,86861345
Lea,ohairy,44423003
Marc,Ferguson,73676192
Charlotte,ohairy,30095271
Lea,Smith,44837908
Charlotte,Barry,45154002
Harry,Smith,72563322
Marc,Ferguson,20190093
Beatrix,Angus,26682256
James,ohairy,52998330
Harry,Mcintosh,11756021
Marc,Ferguson,64704802
Lea,Mcintosh,33797968
Beatrix,Barry,35169386
Marc,Barry,61068320
James,Angus,76492099
Marc,Ferguson,71318199
James,Mcintosh,38620928
Marc,Barry,26399937
Lea,Mcintosh,37106413
Charlotte,Mcintosh,28625445
Beatrix,Ferguson,79731633
Harry,Barry,77501375
Marc,ohairy,55641906
Beatrix,Smith,57485072
Marc,Barry,37080827
James,ohairy,29387776
Beatrix,Ferguson,39642754
Charlotte,Smith,64825525
Beatrix,ohairy,77628768
Harry,Ferguson,61737282
Charlotte,Ferguson,70669652
Harry,Mcintosh,36823253
Charlotte,Ferguson,40514778
Charlotte,Ferguson,68061157
Marc,Barry,79313086
Beatrix,Angus,32231947
Harry,Mcintosh,36208542
Marc,Smith,45409825
Beatrix,Barry,88768933
Lea,Smith,88867346
Lea,Mcintosh,59399291
Marc,Angus,47719344
Harry,Smith,54724017
Lea,Mcintosh,45137886
James,Ferguson,81960581
Charlotte,Ferguson,37200802
Harry,Barry,68611981
James,Ferguson,41649791
James,Angus,86179157
