First Name,Last Name,Matriculation
Marc,Mcintosh,81656808
Beatrix,Barry,16053304
Harry,Ferguson,38697459
Charlotte,Angus,40641218
Marc,Mcintosh,43287879
Harry,Barry,14637616
Beatrix,Angus,39482270
Lea,Barry,29289867
James,Mcintosh,29723767
Marc,Smith,44712562
Lea,Angus,63048786
Marc,Smith,54876505
Lea,Barry,20886092
Beatrix,Mcintosh,47566023
Lea,Ferguson,45089670
James,Angus,80464871
Beatrix,Mcintosh,73161827
James,Angus,74541118
Beatrix,Barry,19351787
Harry,Mcintosh,85311349
Lea,Ferguson,80063536
Harry,Angus,12375403
James,Barry,83752580
Beatrix,Ferguson,74170421
James,Barry,25860638
Harry,Barry,30905738
Beatrix,Mcintosh,23082977
Charlotte,Smith,25766747
Charlotte,Angus,52497249
Charlotte,ohairy,55408880
Beatrix,Barry,37220291
Beatrix,Barry,31259540
Marc,Smith,89516813
Harry,ohairy,79643465
Charlotte,Mcintosh,41647080
Beatrix,Mcintosh,53878073
Marc,Smith,51676665
Beatrix,Mcintosh,55590264
Beatrix,Smith,37833342
Harry,Angus,88875629
Charlotte,Barry,47694418
Charlotte,ohairy,76436216
Beatrix,ohairy,75961902
Marc,Ferguson,80301777
Beatrix,Smith,76724007
James,Smith,15041918
Beatrix,Mcintosh,25220635
Beatrix,Barry,83481559
Harry,Mcintosh,73200681
Harry,ohairy,77180123
Marc,Angus,10736331
Marc,Barry,40721549
Harry,Barry,53606163
Harry,Barry,30051216
Lea,ohairy,23115180
Beatrix,Ferguson,48803727
Lea,Angus,53953838
Charlotte,Angus,37727124
James,Angus,29508977
Charlotte,ohairy,39481150
Lea,Angus,55915520
Lea,Angus,29292080
Harry,Mcintosh,82503176
James,Barry,56925037
Lea,Ferguson,79481562
Harry,Mcintosh,42176967
Lea,ohairy,29777536
Lea,Smith,20563421
James,Angus,43856143
James,ohairy,25047261
Beatrix,Angus,62882426
Charlotte,Mcintosh,28781967
Marc,Ferguson,59516314
Beatrix,Smith,85501466
Beatrix,Mcintosh,60758638
Beatrix,Mcintosh,46866796
Marc,Mcintosh,65846265
Lea,ohairy,85835642
Harry,Angus,37480068
Marc,ohairy,25937100
James,ohairy,76943635
Lea,Mcintosh,21626326
Harry,Angus,32971307
Charlotte,Mcintosh,32765071
Lea,Angus,48400202
James,Mcintosh,65908959
Harry,Ferguson,74850459
Lea,Ferguson,64446943
Harry,Mcintosh,77957789
James,Smith,60590441
Charlotte,Smith,10504847
Beatrix,Ferguson,13029555
Beatrix,Mcintosh,11618503
Lea,Mcintosh,14546188
Harry,ohairy,21785001
Lea,ohairy,68267914
Lea,ohairy,18184737
Marc,Ferguson,45074183
Marc,Angus,84669879
Beatrix,Ferguson,76246897
