First Name,Last Name,Matriculation
Lea,Ferguson,25888214
Harry,Barry,48532995
Beatrix,ohairy,10039524
Lea,ohairy,23394584
Charlotte,Ferguson,83385096
Charlotte,ohairy,21024527
Lea,Mcintosh,80779096
Harry,ohairy,85531900
Beatrix,Mcintosh,20849809
Marc,Angus,16900820
Harry,ohairy,52331165
Beatrix,Smith,56290922
Marc,Ferguson,23769295
Harry,Smith,88575258
James,Barry,28799202
Charlotte,Smith,56617068
Harry,Ferguson,10431151
James,Ferguson,72713348
Charlotte,Barry,20005535
Beatrix,ohairy,21478978
James,Barry,84628058
Charlotte,Smith,76483966
Beatrix,Angus,39385775
Charlotte,Mcintosh,24830137
Marc,Ferguson,50078983
Lea,Angus,79181743
Marc,Mcintosh,10307755
Beatrix,Angus,29600322
Lea,Smith,89670906
Beatrix,Angus,81671321
Harry,Ferguson,44037364
Harry,Mcintosh,28150095
Charlotte,Barry,36255119
Harry,Barry,21265158
James,ohairy,24293937
James,Ferguson,68787124
Marc,Mcintosh,46178648
James,ohairy,61014108
Marc,Angus,89033211
Harry,Angus,44985752
James,ohairy,89890746
Lea,Ferguson,77151062
Beatrix,Ferguson,76102401
Charlotte,Barry,68383420
James,Ferguson,71737276
Lea,ohairy,33078796
Charlotte,Mcintosh,81632283
Charlotte,Ferguson,46693523
Harry,Angus,68293610
Charlotte,Angus,12587631
Charlotte,Ferguson,69503171
Beatrix,Barry,83643319
Harry,Ferguson,30779921
Beatrix,Smith,53260806
Harry,Angus,74545415
Lea,Ferguson,38565239
Harry,Barry,29550214
James,ohairy,49056389
Beatrix,Angus,26887112
Marc,Ferguson,62640761
Harry,Smith,42260786
Harry,Angus,47730567
Marc,Barry,74157010
James,Smith,36320488
Lea,Barry,28412848
Lea,Smith,14575774
Beatrix,Mcintosh,84618515
Marc,Mcintosh,73101012
Beatrix,Barry,49178748
Charlotte,ohairy,67528166
Charlotte,Angus,68620496
Lea,Ferguson,27429171
Charlotte,Ferguson,57590674
Beatrix,Barry,50664330
Beatrix,Barry,70024340
Charlotte,Ferguson,15079813
Marc,Mcintosh,43564834
Lea,Mcintosh,72162662
Charlotte,Angus,38998096
Harry,Mcintosh,83224324
Marc,Mcintosh,13301066
Lea,Angus,54675418
James,Ferguson,60945674
Lea,Mcintosh,18276434
Charlotte,Ferguson,52757863
Marc,Barry,53966720
Lea,Mcintosh,79346751
Marc,Mcintosh,29029673
James,Smith,70296809
James,ohairy,13672528
Lea,Smith,39077533
Marc,Barry,76006429
Charlotte,Smith,69973890
Marc,Barry,51610666
James,Ferguson,74677539
James,Smith,47785669
Harry,ohairy,41156337
Marc,Ferguson,44517190
Lea,Barry,34809294
James,Mcintosh,69111762
