First Name,Last Name,Matriculation
Harry,ohairy,53310311
Marc,Smith,12735634
Charlotte,Barry,66226277
Charlotte,Barry,70629581
Beatrix,Angus,14963191
Beatrix,Mcintosh,29454041
James,Smith,31834137
Lea,Angus,54477312
Lea,Barry,14590577
Charlotte,ohairy,76692095
Marc,Smith,65378405
Charlotte,ohairy,35969022
Marc,Ferguson,77416079
James,Smith,88077098
Harry,Mcintosh,73156692
Marc,Ferguson,25596834
Marc,ohairy,74125331
Harry,ohairy,20934549
Marc,ohairy,69077849
Charlotte,Smith,44553608
Harry,Barry,79096470
James,ohairy,20713442
Lea,Barry,77375912
Marc,Barry,65645809
Charlotte,Smith,86145075
James,Angus,65323499
Lea,ohairy,42447655
Harry,Angus,82928107
Charlotte,Angus,16473344
James,Smith,59051789
Harry,Mcintosh,82566552
Harry,Barry,89843542
Charlotte,Smith,72348773
Harry,Barry,64427134
Marc,Barry,70977480
Charlotte,Barry,74042373
Charlotte,Mcintosh,84893016
Harry,Mcintosh,48660518
Charlotte,ohairy,75573679
Beatrix,Ferguson,62782622
Beatrix,Mcintosh,20665169
Lea,Barry,44071332
Lea,ohairy,61567367
Harry,Barry,29598777
Charlotte,Mcintosh,57046054
Beatrix,Ferguson,18077232
Beatrix,Smith,42685876
James,Angus,79186597
Harry,Ferguson,77009659
James,Barry,33430855
Marc,Angus,40269082
Lea,Angus,75862113
Charlotte,ohairy,23467743
Beatrix,Ferguson,27531144
Marc,ohairy,21518200
Lea,Smith,41827448
Beatrix,Smith,37411434
Lea,Smith,32073097
Harry,Barry,41249124
Lea,Angus,15090899
Beatrix,Barry,13962130
Lea,Smith,12652996
Lea,Ferguson,72664288
Beatrix,Ferguson,14536009
Harry,Ferguson,35888623
Marc,ohairy,89774603
Beatrix,Mcintosh,55526617
Harry,ohairy,42052950
Marc,Ferguson,43361034
Beatrix,Angus,82890428
Lea,Barry,11004175
Charlotte,ohairy,26282777
Marc,Barry,48546220
Beatrix,Angus,12991859
Harry,Barry,66168767
Charlotte,ohairy,36865698
Marc,Smith,76492399
James,Ferguson,20098198
James,Smith,11845712
Marc,Mcintosh,66466924
Marc,Ferguson,41730260
Lea,ohairy,69153951
Beatrix,Mcintosh,41913744
James,Barry,82017725
James,ohairy,27571070
Charlotte,Mcintosh,72208443
James,Mcintosh,25787624
Marc,ohairy,25772314
Charlotte,Smith,78202941
Lea,Ferguson,47082523
Harry,Barry,73995371
Beatrix,ohairy,69697716
Beatrix,Smith,46278975
Charlotte,Angus,74254825
Marc,Barry,10293392
Beatrix,Mcintosh,43395845
Charlotte,Angus,44278442
Marc,ohairy,41234592
Charlotte,Angus,31120483
Harry,Ferguson,39956087
