First Name,Last Name,Matriculation
Marc,Angus,44751931
Marc,Smith,81586138
Beatrix,ohairy,42320939
Harry,Mcintosh,85868531
Beatrix,ohairy,32718378
James,Ferguson,82243619
Charlotte,Mcintosh,17970787
Marc,Angus,33080599
Harry,Barry,89245782
Marc,Mcintosh,87027471
James,Barry,35626386
Beatrix,Ferguson,38705806
Marc,Smith,73910084
Lea,Barry,63621024
James,Barry,42589233
Marc,Mcintosh,68074828
Lea,Angus,49122948
Marc,Mcintosh,18100169
Lea,Ferguson,24146481
Charlotte,Barry,13508206
Lea,Barry,21554917
James,ohairy,27294963
Lea,ohairy,20005161
James,Smith,48443873
Lea,Mcintosh,46523387
Beatrix,Angus,60054432
Marc,ohairy,83401837
Beatrix,Barry,60316555
Beatrix,ohairy,66743242
Harry,ohairy,29949349
Charlotte,Mcintosh,55460945
James,Mcintosh,18298019
Harry,Ferguson,21212770
Charlotte,ohairy,82685815
James,Ferguson,49924760
James,Ferguson,16546268
Harry,Barry,70370505
Charlotte,Smith,10251502
Beatrix,Smith,62313652
Harry,Smith,54517272
Harry,Mcintosh,81683138
James,Barry,88139163
Harry,Angus,51474059
Beatrix,ohairy,47228813
Charlotte,Ferguson,78475900
Lea,Smith,10032144
Beatrix,Smith,40524607
Harry,Ferguson,66172222
Charlotte,Mcintosh,37494985
Harry,Barry,16176157
Harry,ohairy,86029460
James,Angus,83825884
Beatrix,Angus,30755709
James,Barry,35013166
Charlotte,Angus,75974705
James,Smith,68725057
Lea,Smith,38690388
James,Mcintosh,66212522
Charlotte,Smith,61500448
Beatrix,Angus,84556715
Harry,Barry,29019643
Marc,Mcintosh,58523850
Lea,ohairy,46260985
Marc,Smith,12187938
Charlotte,Angus,35338724
James,ohairy,55160829
James,Barry,25427844
Harry,ohairy,71765753
Harry,Smith,38280996
James,Barry,22423905
Marc,Smith,36823895
James,Barry,40093299
Harry,Mcintosh,73993940
Beatrix,ohairy,44183629
Marc,ohairy,70375769
Beatrix,Mcintosh,39491321
Beatrix,Ferguson,78306486
Beatrix,Mcintosh,25041389
Charlotte,Ferguson,31076319
Beatrix,Mcintosh,53105906
James,Smith,60708376
James,Smith,56648554
Marc,Ferguson,74960243
Lea,Ferguson,35056887
Charlotte,Barry,71593156
Beatrix,Mcintosh,11403320
Charlotte,Angus,57436134
Lea,Mcintosh,43330796
Marc,ohairy,69792734
Lea,ohairy,73258805
Marc,ohairy,15840423
James,Ferguson,52408237
James,Ferguson,27744009
Charlotte,Barry,58899523
Marc,Smith,62548364
Beatrix,Smith,34641360
Lea,Ferguson,63395496
Harry,Ferguson,82997248
James,ohairy,20334549
Marc,Mcintosh,77297568
