First Name,Last Name,Matriculation
Harry,Smith,21570354
Marc,ohairy,42884839
Beatrix,Ferguson,89824496
Lea,Smith,31052225
Beatrix,Ferguson,80194528
James,Angus,72293627
James,Mcintosh,42442237
Marc,ohairy,88687990
Harry,Ferguson,31194106
Charlotte,Angus,81846210
Lea,Barry,23307266
James,Angus,81168944
Harry,Ferguson,61781811
Beatrix,Smith,21869169
Charlotte,ohairy,18206693
Harry,Mcintosh,46456746
James,Barry,54438965
Marc,Mcintosh,41544427
Marc,Ferguson,17396573
Marc,ohairy,63739902
Beatrix,Mcintosh,29783420
Beatrix,Ferguson,80785377
Beatrix,Ferguson,64045162
James,ohairy,37659436
Harry,ohairy,45044571
Harry,Barry,54413789
Charlotte,Mcintosh,62338739
James,Mcintosh,88220511
Charlotte,Barry,13392558
Lea,Barry,77464362
Marc,Mcintosh,14845069
Charlotte,Mcintosh,22811437
James,Mcintosh,56212812
James,Barry,63667886
James,Ferguson,16338306
Charlotte,ohairy,32902297
James,Angus,25771027
James,Mcintosh,31396632
Charlotte,Mcintosh,80104864
Lea,Barry,16875849
Beatrix,ohairy,50736943
Marc,Mcintosh,52041808
Marc,Angus,45297082
Beatrix,Ferguson,79206805
Lea,Mcintosh,56850640
James,Barry,43482507
Marc,ohairy,40217064
Lea,Ferguson,54372688
Lea,Ferguson,30826449
James,Smith,73228682
James,Mcintosh,31155562
James,Smith,57246947
Harry,ohairy,37077448
Marc,Barry,53173662
Marc,ohairy,26255122
Charlotte,Smith,59124565
Lea,ohairy,35871472
Charlotte,Mcintosh,41175821
Beatrix,Barry,28140166
Charlotte,ohairy,22125337
Lea,Mcintosh,81828281
Marc,Angus,57899175
Charlotte,ohairy,35748285
James,Barry,17892163
Harry,Smith,87075946
Harry,Smith,54921240
Lea,Ferguson,43931455
James,Mcintosh,42701389
Harry,ohairy,30494754
Marc,ohairy,52914621
Harry,Mcintosh,27340959
Harry,Smith,34473942
Harry,Angus,72287822
Lea,Ferguson,46296761
Marc,Mcintosh,76418662
Lea,Barry,72234315
Charlotte,Ferguson,67129762
Lea,Barry,37699224
Harry,Mcintosh,71129013
Marc,Smith,55679680
Lea,Ferguson,54918757
Marc,Ferguson,31341398
Beatrix,Smith,22235215
Charlotte,Ferguson,29631559
Charlotte,Ferguson,57530100
Lea,Angus,64721130
Beatrix,Smith,78462920
Lea,Mcintosh,17894772
Harry,Barry,86012350
Charlotte,Barry,53668042
Lea,Angus,56727547
Marc,Barry,30576226
Harry,Ferguson,27629552
Marc,Mcintosh,62947463
Beatrix,Smith,83689669
James,Angus,63896599
Charlotte,Mcintosh,60841300
James,Mcintosh,84842046
Charlotte,ohairy,86501091
Lea,ohairy,30185472
