First Name,Last Name,Matriculation
Harry,Ferguson,57460720
James,ohairy,37085304
Lea,Smith,43813891
Charlotte,Barry,80645940
Beatrix,Barry,87187552
Lea,Barry,68378558
Harry,Barry,15976043
Lea,Ferguson,77065712
Beatrix,Barry,19819911
James,Angus,22353646
Charlotte,Mcintosh,67369280
Lea,Ferguson,43735251
Marc,ohairy,32895837
James,ohairy,74303700
Beatrix,ohairy,31433586
Lea,Ferguson,50854344
Beatrix,Smith,84781985
Harry,Angus,82832639
Harry,Smith,69815588
Charlotte,Smith,47716484
James,Mcintosh,17631198
Charlotte,Barry,34169091
Marc,ohairy,85680247
Harry,ohairy,20645302
Charlotte,Smith,10204861
Lea,Smith,85971314
Marc,Angus,70493539
Lea,Ferguson,67085698
Lea,Angus,32157680
Beatrix,Mcintosh,60259329
Marc,Ferguson,82051951
Harry,ohairy,36113099
Beatrix,Ferguson,64149109
Beatrix,Barry,60340147
Lea,Ferguson,45030162
Marc,Ferguson,81498456
James,Mcintosh,34023893
Harry,Smith,27904163
Charlotte,Ferguson,68485656
Marc,Mcintosh,45564706
Marc,Angus,67715755
Beatrix,ohairy,82515455
James,Angus,67938291
Harry,Ferguson,71309635
Marc,Barry,71302940
Beatrix,ohairy,26797082
Charlotte,Angus,41488092
Marc,Mcintosh,59933365
Beatrix,Mcintosh,72380779
Lea,ohairy,28672907
Harry,Barry,48014657
Charlotte,ohairy,13694197
Marc,Barry,15424582
Charlotte,Angus,45907175
James,Ferguson,47304765
Lea,Ferguson,48265300
Beatrix,Barry,44012184
James,Angus,78295880
Charlotte,Ferguson,89055897
Charlotte,Smith,36271769
Marc,Barry,22465248
Harry,Ferguson,26177821
Charlotte,Mcintosh,37229547
Beatrix,Smith,56192280
Marc,Ferguson,18112404
Beatrix,Angus,48419901
Beatrix,Ferguson,82261239
Harry,Angus,42186251
Lea,ohairy,37352692
James,ohairy,11133497
Beatrix,Barry,62816975
James,Mcintosh,35121370
James,Smith,66067762
Charlotte,ohairy,86915066
Harry,Angus,39755083
Beatrix,ohairy,58529983
Beatrix,ohairy,63322528
Marc,Mcintosh,10498952
James,Ferguson,14818855
Charlotte,Angus,73762663
Lea,Mcintosh,55244601
James,ohairy,67874237
Beatrix,Ferguson,17491137
Lea,Barry,19384961
Harry,Ferguson,17974350
Lea,Smith,88251248
Charlotte,Ferguson,66470301
Lea,Angus,29621256
Charlotte,Angus,59788964
Marc,ohairy,65330454
Marc,Ferguson,21886108
Beatrix,Angus,45471086
Lea,ohairy,14647209
James,Angus,34335246
Beatrix,Smith,73934268
Charlotte,Ferguson,88783295
Marc,Ferguson,16252530
Charlotte,Angus,33060082
James,Barry,68573657
Charlotte,Barry,80191145
