First Name,Last Name,Matriculation
Beatrix,ohairy,51071509
Beatrix,Mcintosh,51338562
Harry,Barry,55439754
Harry,ohairy,43092989
Harry,Barry,61106621
James,Mcintosh,19435949
Beatrix,Smith,32482130
Lea,Smith,24406532
Beatrix,Smith,83162420
Beatrix,Mcintosh,51881724
Marc,ohairy,17042852
Beatrix,Angus,28192190
James,Barry,78482977
Marc,Ferguson,16817350
Charlotte,Mcintosh,42139472
Lea,Ferguson,80135241
Beatrix,Ferguson,77743853
Charlotte,Barry,66768261
Lea,ohairy,67586504
James,Angus,73242691
James,Smith,38357957
Harry,ohairy,43611999
Harry,Barry,51036627
Marc,Mcintosh,83179547
James,Barry,59212211
Lea,Mcintosh,10762397
Beatrix,Ferguson,82480642
Lea,Smith,81773656
Charlotte,Barry,18373724
Charlotte,Barry,59036987
James,Mcintosh,22308971
James,Mcintosh,55893690
James,Smith,65197022
Charlotte,Barry,83695296
James,ohairy,79363000
Lea,ohairy,37019161
Harry,Barry,20231238
Beatrix,Smith,17304373
Harry,Mcintosh,17319734
Beatrix,Angus,88033747
Harry,Ferguson,24016389
Lea,Smith,79444166
Beatrix,Angus,87464326
Charlotte,Barry,31983108
Beatrix,ohairy,70213121
James,ohairy,62146966
Beatrix,ohairy,25931851
Charlotte,ohairy,81011668
Charlotte,Angus,82651450
James,Barry,45981171
James,Mcintosh,39068348
Harry,Mcintosh,48528679
Lea,Ferguson,58666958
Lea,Ferguson,74116297
Harry,Smith,61114845
James,Angus,38378127
Lea,Smith,79282645
Marc,ohairy,16250235
Marc,Angus,49043080
Beatrix,Angus,15485235
Charlotte,Smith,55829301
Marc,Mcintosh,32096692
Lea,Angus,19275840
Harry,Angus,35107349
Lea,Mcintosh,45895495
Charlotte,ohairy,70037984
James,Mcintosh,26405832
James,ohairy,55061197
Beatrix,ohairy,25455090
Lea,Barry,53722851
Marc,Angus,27002299
Beatrix,Mcintosh,36620033
Beatrix,Angus,68733172
Harry,Barry,38577658
Lea,ohairy,28796126
Marc,Mcintosh,84283553
James,Smith,20327323
Charlotte,ohairy,34751811
Charlotte,Barry,46167517
Beatrix,Angus,83887578
Lea,Angus,44198209
Lea,Ferguson,58785232
James,ohairy,19462229
James,Angus,86361492
Marc,Barry,89797690
Marc,ohairy,77286424
Lea,ohairy,64732919
Charlotte,ohairy,64873803
Lea,ohairy,73206339
James,Barry,59238090
Harry,Angus,34175689
Marc,Smith,81248751
Marc,Ferguson,13494336
James,Ferguson,26226922
Harry,Angus,10833700
Marc,Angus,41414557
Harry,Mcintosh,63460778
Harry,Mcintosh,22180821
Charlotte,Mcintosh,66565432
Harry,Barry,85111660
