First Name,Last Name,Matriculation
Lea,Mcintosh,52605823
Charlotte,Angus,52892867
Lea,Angus,21910316
Beatrix,Barry,25483567
Marc,Angus,37115349
Beatrix,Mcintosh,18064504
Lea,Mcintosh,67210299
Marc,Ferguson,77972809
Charlotte,Ferguson,69430763
Beatrix,Smith,82665989
Charlotte,Mcintosh,45637132
Charlotte,Ferguson,80019508
Charlotte,Smith,37661950
Harry,Mcintosh,50438429
Charlotte,ohairy,37747573
Marc,Ferguson,76154239
Lea,Angus,31206637
Harry,Angus,59288384
Lea,ohairy,68257253
Lea,ohairy,27578776
Harry,Barry,53411402
Harry,ohairy,21273606
Lea,Angus,51311365
Charlotte,Barry,89869013
Charlotte,Angus,66782621
Lea,Smith,29119683
James,Angus,74995427
Harry,Barry,81794844
Beatrix,Barry,44790899
Charlotte,Ferguson,34607040
Lea,Angus,45796838
Charlotte,Smith,21598976
Beatrix,Smith,40313736
Marc,Ferguson,66055247
Beatrix,Angus,35661272
Lea,Angus,23096806
Beatrix,Ferguson,84698681
Marc,Ferguson,42717514
Marc,ohairy,32593166
Charlotte,Mcintosh,57901487
James,Smith,50759960
Charlotte,Smith,80647561
Beatrix,Smith,73057285
Lea,Smith,79166225
James,Smith,41609450
Lea,Angus,65745221
Beatrix,Barry,28019765
Marc,ohairy,69098844
Beatrix,Barry,43159181
Charlotte,ohairy,66899382
Charlotte,Ferguson,21439134
Marc,Smith,58019399
Lea,ohairy,77470723
Charlotte,Barry,38414345
Harry,Angus,65503856
James,ohairy,67195868
Lea,Ferguson,25458561
James,Smith,63106705
Beatrix,Smith,35068594
Charlotte,Ferguson,10662627
Charlotte,Smith,64231447
James,Angus,71758289
Marc,Ferguson,53581629
Charlotte,Barry,24511818
Marc,Mcintosh,88486731
Beatrix,Mcintosh,10313106
James,Smith,47806580
Marc,ohairy,64900485
Marc,Angus,82426520
James,Mcintosh,71202397
Lea,Smith,76483917
James,Angus,13792464
James,Ferguson,22276752
Lea,Mcintosh,19107164
Charlotte,Smith,51562853
Marc,Barry,50817494
Charlotte,Angus,50182132
Marc,Angus,82860000
Beatrix,Mcintosh,69040007
Lea,Mcintosh,31768752
Lea,Barry,36042962
Beatrix,Mcintosh,18824139
Lea,Ferguson,39210446
James,Ferguson,87854524
James,Angus,20798413
Harry,Barry,53911128
James,ohairy,17360664
James,Smith,22744447
Beatrix,Smith,41793832
Beatrix,ohairy,26446621
Marc,Ferguson,18131408
Lea,Angus,69030124
Charlotte,Barry,26954584
Lea,Angus,74203843
Marc,Angus,14704695
Harry,ohairy,84473486
Charlotte,Mcintosh,24625191
Charlotte,Angus,15988735
Marc,Angus,79495623
Beatrix,Barry,54351283
