First Name,Last Name,Matriculation
Harry,Angus,16609580
Beatrix,Ferguson,40322279
James,ohairy,60023551
Lea,Barry,12618421
Beatrix,Smith,25345400
Marc,Mcintosh,46223986
Marc,ohairy,48425761
Beatrix,Smith,86215751
Beatrix,Ferguson,60366725
Harry,ohairy,29507928
Marc,Smith,52789959
Charlotte,Mcintosh,14530685
Beatrix,Ferguson,19918952
Charlotte,Mcintosh,43651808
Marc,Mcintosh,38728140
Beatrix,Barry,11826950
Beatrix,Ferguson,56592147
Harry,Angus,79934423
Charlotte,Mcintosh,72806800
Charlotte,Mcintosh,35091027
Lea,ohairy,43264244
Charlotte,Barry,83552061
Harry,Angus,18315177
Marc,Smith,14260195
Harry,Angus,72665008
Harry,Angus,59618134
Harry,Smith,73623004
James,Barry,55619637
James,Angus,64198647
Charlotte,ohairy,20020623
Beatrix,Mcintosh,33408145
Marc,Angus,46432194
Beatrix,Mcintosh,67867063
Lea,Angus,41000210
Marc,Angus,45158901
Lea,Smith,65850280
Lea,Ferguson,58938624
James,Smith,58539638
Lea,Ferguson,27994872
Lea,Ferguson,36576880
Marc,Mcintosh,11814042
Charlotte,ohairy,75979746
Beatrix,Ferguson,18273715
James,ohairy,37276140
James,Ferguson,69872109
James,Mcintosh,69002961
Marc,Smith,61765661
Marc,Ferguson,14863227
Harry,Smith,89891759
Beatrix,Mcintosh,49298370
James,Mcintosh,67698099
Charlotte,ohairy,50407765
James,ohairy,72083489
Harry,Mcintosh,15052803
James,ohairy,57696708
Harry,Mcintosh,17629859
Lea,Angus,57351883
Marc,Mcintosh,84269438
Lea,Angus,49751022
Harry,Smith,19654576
James,ohairy,42189317
Lea,Angus,54310497
Lea,Ferguson,60633573
Beatrix,Angus,74543655
Charlotte,Ferguson,26991245
Marc,Barry,36466530
Beatrix,Ferguson,18568088
Beatrix,Angus,42141262
James,Barry,47954314
Beatrix,Barry,24361902
Lea,ohairy,41168621
James,Smith,39803723
Marc,Smith,23448656
Marc,Smith,57519705
Marc,Ferguson,81014039
Beatrix,Barry,67413221
Charlotte,Angus,58780245
Charlotte,Angus,76216040
Marc,Ferguson,12882174
Lea,Smith,69942071
James,Barry,69316128
Marc,Angus,15310998
Lea,Mcintosh,57964012
Beatrix,ohairy,57214073
Lea,ohairy,75984222
Charlotte,Barry,14973799
Marc,Barry,80914392
Marc,Angus,88058499
Marc,Barry,50665501
Marc,Smith,30776576
Charlotte,Ferguson,15716948
Charlotte,ohairy,31639145
Harry,ohairy,86072398
Charlotte,ohairy,72819423
James,Angus,32457410
Lea,Mcintosh,32017183
Beatrix,Smith,61771267
Charlotte,ohairy,77985311
Marc,Angus,28966284
Marc,Ferguson,30860203
