First Name,Last Name,Matriculation
Harry,Angus,67339888
Charlotte,Barry,47717270
Charlotte,Smith,28885222
Charlotte,Mcintosh,38691684
Beatrix,Ferguson,39767553
Lea,Barry,88025988
Charlotte,Angus,38786853
Harry,Mcintosh,42733818
Beatrix,Ferguson,61910461
Charlotte,ohairy,28468126
Harry,Mcintosh,67529736
Harry,ohairy,44208145
Harry,Mcintosh,38428069
Charlotte,Smith,12232751
Marc,Barry,21774320
Beatrix,Mcintosh,39907976
Beatrix,Angus,13770002
Harry,Barry,34380097
Marc,Angus,16200134
James,Mcintosh,55776602
Lea,ohairy,49895007
Charlotte,ohairy,64479497
Lea,ohairy,42634707
Lea,Mcintosh,81860370
Marc,Angus,55519859
Lea,Barry,17878476
Beatrix,Mcintosh,40604566
Charlotte,ohairy,87692616
Marc,Angus,61727033
Marc,Smith,85383797
Marc,Smith,12952565
Beatrix,ohairy,88843836
Lea,Ferguson,36197544
James,ohairy,13234718
James,Smith,27928718
James,Smith,53420903
Lea,Smith,36092714
Charlotte,Mcintosh,77081980
Charlotte,ohairy,80397931
Harry,Barry,64504908
Beatrix,Ferguson,63064040
Lea,Angus,55977058
James,Angus,38253094
Harry,Smith,70205080
James,ohairy,45653448
Harry,Barry,52410455
Lea,Angus,13934510
James,Ferguson,55999399
Marc,ohairy,43183258
Marc,Smith,54974382
Marc,Mcintosh,83191298
Harry,Angus,12147415
Beatrix,Barry,79735964
Lea,Angus,51385121
Charlotte,Angus,67830488
Lea,Mcintosh,83723972
Beatrix,Smith,68993806
James,ohairy,48323907
Charlotte,Mcintosh,45413023
Lea,Angus,85919072
Harry,ohairy,57495758
Beatrix,Barry,51483984
Charlotte,ohairy,43341111
Harry,Mcintosh,63503237
Marc,Angus,19051376
Marc,Smith,40107596
Marc,Angus,12096664
Lea,Smith,38398812
James,Angus,26432442
Harry,Smith,81611654
Beatrix,Smith,34717014
Charlotte,Mcintosh,55413697
Marc,Mcintosh,84288247
Beatrix,Barry,67953379
Lea,Angus,17112945
Charlotte,Ferguson,38455009
Harry,Ferguson,33806982
Lea,ohairy,85989011
Charlotte,ohairy,22816827
Harry,Barry,18442067
James,Ferguson,45703324
Charlotte,Angus,75922033
James,Barry,25436338
Beatrix,Ferguson,18590747
Charlotte,Angus,48506414
Lea,Angus,17113921
Lea,ohairy,81823830
Charlotte,Ferguson,76191557
James,Smith,88653052
Charlotte,ohairy,18966935
James,ohairy,65656496
Lea,Smith,87324183
Lea,Mcintosh,80312235
Charlotte,Ferguson,19648183
Lea,Ferguson,50556228
Harry,Ferguson,81618190
Lea,Barry,47918154
Lea,ohairy,26013715
Harry,Ferguson,68135691
Marc,Mcintosh,53478341
