First Name,Last Name,Matriculation
James,Angus,45707250
Beatrix,Angus,26607279
Harry,ohairy,54572592
Charlotte,Mcintosh,67953632
Charlotte,ohairy,81374408
Beatrix,Barry,82710204
Beatrix,Barry,55023271
Harry,Mcintosh,46904719
Charlotte,Barry,71989831
Lea,Barry,85013430
James,Barry,31093849
Harry,Mcintosh,31955474
Marc,Smith,12792582
Marc,Barry,50588313
Harry,Ferguson,81228413
James,Smith,39984108
Lea,Smith,27647613
Harry,Barry,29358460
Charlotte,Smith,22347330
Lea,ohairy,33141087
Charlotte,Barry,39524995
Beatrix,Ferguson,73547585
Beatrix,Barry,25859165
Lea,ohairy,13632376
Beatrix,Ferguson,63359960
Marc,Ferguson,34174807
Charlotte,Smith,58520161
Harry,ohairy,27361806
Harry,ohairy,39283320
Charlotte,Mcintosh,51444729
Marc,Barry,80181614
Beatrix,Ferguson,88241992
James,Smith,26474839
Harry,Barry,40391206
James,Angus,27178733
Lea,Smith,51007540
Charlotte,Smith,89584061
Lea,Ferguson,81025776
Harry,Ferguson,37334446
Lea,Barry,52447155
Marc,Ferguson,47518564
Marc,Angus,80040118
Marc,Mcintosh,72115938
Lea,Barry,14107750
Lea,Barry,75213643
Charlotte,Smith,22967306
Harry,Angus,38097641
Beatrix,Barry,66526318
James,ohairy,51474707
Charlotte,Barry,39809102
James,Mcintosh,54382931
Charlotte,Barry,13714973
Beatrix,ohairy,37033318
Harry,Smith,63069604
Lea,Barry,39573801
Charlotte,Barry,75904478
Harry,Barry,44408918
James,Ferguson,71632609
Lea,Barry,76864570
James,ohairy,74124253
Lea,Mcintosh,29970515
Harry,Angus,29553289
James,Smith,24681187
Beatrix,Angus,30302728
Marc,Ferguson,55627546
Lea,ohairy,15850716
Charlotte,Barry,59234370
James,Ferguson,45315135
Marc,Angus,19542456
Charlotte,Mcintosh,64097012
Marc,Barry,45395649
Marc,Ferguson,18003550
Marc,Barry,63341004
Charlotte,Angus,77721204
Lea,Barry,53388571
Harry,Angus,55105055
Marc,Barry,24784629
Beatrix,ohairy,78102079
James,Mcintosh,60879310
Charlotte,Mcintosh,54580144
Lea,ohairy,28650190
Beatrix,Ferguson,17330257
Harry,Barry,47197208
Marc,Smith,21427123
James,Angus,82052293
Harry,Smith,20178159
James,Smith,54643773
Charlotte,Smith,69397846
Lea,Mcintosh,84960706
James,Angus,40168381
Harry,Smith,46179493
Lea,ohairy,83353237
Harry,ohairy,80210511
James,Ferguson,36184464
Harry,Smith,17972094
James,Mcintosh,85364018
Harry,Barry,32173943
Lea,Smith,73504862
Harry,Ferguson,86771597
James,Barry,37718307
