First Name,Last Name,Matriculation
Harry,Mcintosh,49493081
James,Angus,86345307
Beatrix,Barry,28859757
Lea,Ferguson,72877154
Marc,Mcintosh,74869077
Lea,Smith,33589426
Marc,Mcintosh,17399305
Marc,Mcintosh,70167278
Marc,Ferguson,29037835
Marc,Smith,89476209
Marc,Angus,44067276
Charlotte,Barry,22378124
Lea,Ferguson,59516866
Beatrix,Smith,56477062
Marc,Mcintosh,24285831
Charlotte,Mcintosh,14025257
Charlotte,Mcintosh,83012770
Beatrix,Smith,61806199
Charlotte,ohairy,79954162
Lea,Ferguson,74964997
James,ohairy,19560941
Lea,Angus,71496653
Charlotte,Mcintosh,23705703
Harry,Smith,19268652
Lea,Smith,89566771
Lea,Ferguson,48136563
Lea,Barry,73601065
James,ohairy,21575261
Beatrix,Ferguson,34188876
Harry,Ferguson,43959871
Marc,Angus,75544570
Beatrix,Barry,26131388
Beatrix,Smith,45200515
Beatrix,Angus,11341952
James,Barry,29838631
Marc,Ferguson,86829817
Lea,ohairy,14206538
Lea,Smith,59492366
Charlotte,Angus,79735267
Charlotte,Angus,49771304
Charlotte,ohairy,69627141
Marc,Ferguson,50294851
Harry,Smith,42768149
Lea,Mcintosh,53909790
Harry,Mcintosh,55846699
Charlotte,Angus,40511153
Marc,Ferguson,23108441
Charlotte,Barry,47306475
Harry,Smith,25153627
Marc,Angus,83202671
Lea,Angus,43333176
Marc,Barry,81654493
Lea,Smith,54672361
Beatrix,Ferguson,34867691
Harry,Barry,63755887
Harry,Smith,59240315
Harry,Barry,18299678
Charlotte,Ferguson,74135373
Beatrix,Barry,32386895
Beatrix,Barry,32900994
Marc,Barry,80324541
Beatrix,Ferguson,40150624
Beatrix,Barry,29988619
James,Smith,55521535
Marc,ohairy,43000621
Beatrix,Barry,59809576
Marc,Barry,54042489
Harry,Barry,37275617
James,Barry,70243551
Lea,Smith,52419740
Charlotte,Mcintosh,59982947
James,Angus,54279868
Marc,Angus,44236674
Charlotte,Angus,53582710
Harry,Smith,61006684
Marc,Angus,51001027
Beatrix,Ferguson,27694046
Marc,ohairy,85616359
Harry,Ferguson,12520753
Charlotte,Angus,27677237
Marc,Smith,42507943
Marc,Mcintosh,66096943
Harry,ohairy,87941206
Marc,Barry,80203022
Marc,Ferguson,68174174
Marc,Barry,77997386
Lea,Smith,83039206
Harry,Ferguson,75067400
Harry,Angus,50354408
Lea,ohairy,40186773
Charlotte,Ferguson,11367012
Marc,ohairy,85435850
Marc,ohairy,64251506
Beatrix,Mcintosh,32566528
James,Angus,85354706
Charlotte,Mcintosh,72033429
Lea,ohairy,21882066
Lea,Ferguson,31670820
Harry,Angus,18571640
Lea,ohairy,74570318
