First Name,Last Name,Matriculation
Marc,Barry,74267314
Harry,Angus,16951606
Marc,Angus,52479339
Charlotte,Barry,87058331
Harry,Angus,57572471
Lea,Mcintosh,26449626
James,Angus,36603403
Beatrix,Smith,87090597
Marc,Angus,50032214
Harry,Barry,15140037
Lea,Smith,10686663
Marc,Smith,89130806
Beatrix,Mcintosh,33629944
Beatrix,Mcintosh,41123220
Lea,ohairy,57977113
Marc,Smith,12314980
Lea,Angus,50960171
Marc,Barry,72978832
Lea,Ferguson,60676610
Beatrix,Barry,87243861
Harry,ohairy,27259810
Marc,Barry,86050518
Lea,Barry,76134887
Harry,Smith,84795360
Beatrix,Ferguson,68140376
Harry,Mcintosh,61709641
Marc,Mcintosh,37530317
Beatrix,ohairy,24171025
Harry,Ferguson,79950386
James,Smith,82617796
Harry,Barry,83870467
Lea,ohairy,83629807
Marc,Smith,61134545
Beatrix,Mcintosh,33034127
James,Angus,60327459
Charlotte,Barry,87029027
Lea,Mcintosh,87207545
Lea,Angus,11319180
Harry,Angus,52867686
Marc,Mcintosh,83251129
Charlotte,Angus,89762624
Harry,Angus,22567116
Marc,Angus,47736572
James,Smith,73548358
Harry,ohairy,16339108
James,Barry,10922560
Harry,Barry,21338528
Marc,Mcintosh,54657165
James,Smith,20710904
Marc,Angus,33412771
James,Angus,13362706
Marc,Barry,87322813
Marc,Ferguson,77995328
Charlotte,ohairy,30494937
James,Angus,48119363
Lea,Barry,62272414
James,Barry,70186038
Harry,Ferguson,40105096
James,Ferguson,60279086
Harry,Ferguson,27799233
James,Smith,11620415
Lea,ohairy,25911449
Marc,ohairy,20492888
Marc,ohairy,27754579
Charlotte,Barry,47420301
Harry,Ferguson,42034808
James,Angus,86429102
Marc,Barry,13458928
Lea,Angus,52680047
Lea,ohairy,40119808
Lea,ohairy,72102051
Lea,Mcintosh,55486550
Lea,Ferguson,36481092
Harry,Ferguson,60360211
Harry,Angus,44074447
James,Smith,71404037
Beatrix,Ferguson,30992230
Beatrix,ohairy,58472685
James,Mcintosh,43906457
Charlotte,Mcintosh,14268543
Charlotte,Smith,37842507
Marc,Ferguson,76055627
Charlotte,Angus,28655049
Beatrix,Ferguson,83387071
Lea,Ferguson,71226775
Lea,Angus,74495493
Harry,Smith,21144299
Lea,Barry,25496362
Lea,Angus,42917615
Marc,Barry,44698549
Harry,Ferguson,57178101
Lea,Barry,78825880
Beatrix,ohairy,69696875
Lea,Ferguson,61315699
Harry,Ferguson,32244740
James,Barry,86391701
Beatrix,Barry,52431979
Harry,Mcintosh,59079669
Lea,Barry,72003426
Charlotte,Barry,79979996
