First Name,Last Name,Matriculation
Beatrix,Mcintosh,69612285
James,Barry,25684461
Marc,Ferguson,72970438
Beatrix,Barry,88162519
Charlotte,Ferguson,53434300
Charlotte,Mcintosh,52498258
Beatrix,Barry,77223480
Marc,Angus,29476375
Beatrix,Ferguson,27089625
Harry,Smith,58063992
Marc,Barry,10079762
Beatrix,Smith,54530778
James,Smith,65130941
Harry,Smith,84918833
Harry,Smith,67233386
Harry,Barry,23744769
Lea,ohairy,64643332
Lea,Ferguson,36234099
Marc,Barry,30708812
Marc,Mcintosh,22466794
Lea,Ferguson,76765824
Lea,ohairy,32012169
Lea,ohairy,69322280
Beatrix,Angus,16642077
Marc,Barry,67097927
Harry,ohairy,44267076
Lea,Angus,14800927
Lea,Ferguson,48511475
Marc,Barry,41636788
Beatrix,Barry,23042564
James,Angus,34307435
Charlotte,Ferguson,55499825
Beatrix,Smith,68301014
Beatrix,ohairy,88085194
Lea,ohairy,83357549
Charlotte,ohairy,76380583
Beatrix,Mcintosh,51790234
Beatrix,Ferguson,13076095
James,ohairy,85296483
Harry,Barry,57290672
Beatrix,ohairy,28367617
Marc,Angus,54858922
Charlotte,Smith,74947798
Marc,Angus,69912340
Lea,Barry,71688057
Lea,Smith,71639323
Charlotte,Mcintosh,37737919
James,Mcintosh,87742965
Beatrix,Angus,34865597
Charlotte,Barry,21623185
Beatrix,Barry,89270767
Beatrix,Barry,85408481
James,Angus,75528890
Charlotte,Smith,46831326
Lea,Barry,46789773
Beatrix,Smith,27515266
Harry,ohairy,72117909
Harry,Angus,81606560
Harry,Barry,82513755
Lea,Barry,39808522
Harry,Ferguson,57720047
Beatrix,Angus,22309690
Charlotte,Ferguson,89238209
Marc,Barry,15136566
Marc,Barry,66675011
Marc,Angus,68560420
Beatrix,Ferguson,45171248
Charlotte,Mcintosh,39669662
Marc,Smith,87556940
Beatrix,Ferguson,17266364
Marc,Smith,32409736
Beatrix,Barry,44958742
James,Mcintosh,31557085
Lea,Barry,70605932
Marc,Smith,59944016
Beatrix,Ferguson,31018818
Harry,Barry,60469785
Beatrix,Ferguson,46603410
Charlotte,Mcintosh,61343971
Lea,Barry,76538383
Harry,Smith,86603203
James,Barry,51580738
James,Smith,87855898
Harry,Ferguson,15991016
Marc,Mcintosh,82440603
Lea,Smith,34589475
Beatrix,Mcintosh,17238222
Charlotte,Mcintosh,55289277
Harry,Mcintosh,68513416
Charlotte,ohairy,31915344
Marc,Mcintosh,83054956
Harry,Angus,18497634
Marc,Barry,77784473
James,Angus,85096893
Beatrix,Ferguson,76640026
Harry,Barry,40581022
Marc,Ferguson,75156989
Charlotte,ohairy,19928412
Beatrix,Barry,32302105
Marc,Mcintosh,42253636
