First Name,Last Name,Matriculation
Harry,Ferguson,48729925
James,Mcintosh,56129247
Charlotte,ohairy,25641003
Charlotte,Ferguson,32571018
Marc,Ferguson,52865893
Charlotte,Smith,29322795
Beatrix,Angus,55473530
Charlotte,ohairy,52495663
Beatrix,Angus,60695016
Marc,ohairy,33687314
Marc,ohairy,49019086
Lea,Barry,13770790
Lea,Smith,28934836
Lea,Angus,70451939
Charlotte,Barry,66290500
James,Angus,85675322
Marc,ohairy,57438252
James,ohairy,81119495
Charlotte,Barry,79475357
Harry,Barry,48651417
Harry,Mcintosh,34594688
Harry,Barry,53110701
Lea,Smith,14759989
Lea,Mcintosh,29796580
Charlotte,ohairy,89934369
Harry,ohairy,11110087
James,Mcintosh,56169861
Marc,Smith,59970526
Beatrix,Angus,12154598
Charlotte,Smith,71759544
James,Smith,86800042
Marc,Mcintosh,66498449
Lea,ohairy,18506742
James,Smith,36726619
Harry,Angus,57100843
Charlotte,Smith,81741768
Beatrix,Smith,45573328
Marc,ohairy,31310860
James,Angus,46266406
Harry,Ferguson,89952454
Lea,Angus,14502777
James,Mcintosh,41896990
Beatrix,Angus,18284705
Beatrix,Barry,72183088
Charlotte,ohairy,13339810
Harry,Smith,60328072
Charlotte,ohairy,61669113
Marc,Barry,86629938
Harry,Mcintosh,15206965
Lea,ohairy,24131120
James,Ferguson,66254198
Beatrix,Mcintosh,31676438
Harry,Ferguson,86207401
Charlotte,Smith,73656430
Marc,Ferguson,40851382
Beatrix,Mcintosh,35463965
James,Ferguson,23696416
Harry,Smith,15451587
Harry,Mcintosh,39751697
Marc,Ferguson,69577360
Charlotte,Mcintosh,42608675
Harry,Barry,57837007
Beatrix,Barry,65341129
Beatrix,Ferguson,72265356
Charlotte,Mcintosh,64651910
Charlotte,Angus,24643382
Harry,Smith,69621079
Lea,Barry,15512276
James,Ferguson,14416833
Beatrix,Smith,58568985
James,Angus,63262449
James,Angus,46936205
Lea,Barry,34472410
Marc,Barry,23435459
Lea,Barry,37993065
James,Mcintosh,50502548
Charlotte,Ferguson,65063359
Harry,Ferguson,62245760
Harry,Smith,42093586
James,ohairy,27647677
Marc,Barry,32852038
Lea,Smith,63256373
Beatrix,Barry,73456263
James,Smith,63587337
James,Smith,84622962
Charlotte,ohairy,89476804
Charlotte,ohairy,73540621
Lea,Smith,18916489
Marc,Angus,19152639
Harry,Angus,65357038
Beatrix,Smith,41437682
Lea,Angus,82436398
James,Angus,37685525
Marc,Ferguson,20277679
Charlotte,Angus,18095138
Marc,ohairy,71758426
Beatrix,Ferguson,37744731
Marc,Smith,87827714
Lea,Barry,23489823
Beatrix,Barry,40973154
