First Name,Last Name,Matriculation
Lea,Barry,75075378
Marc,ohairy,31840827
Beatrix,Angus,16014194
Marc,Barry,57941948
Lea,Mcintosh,68689883
Lea,Barry,31777794
James,Ferguson,18124022
Lea,Smith,45255453
Lea,Ferguson,15198323
Charlotte,Ferguson,13946290
Harry,Smith,22103860
Charlotte,Mcintosh,10820687
Beatrix,Barry,41230379
Beatrix,Mcintosh,80792074
Charlotte,Smith,38298334
Charlotte,ohairy,70210360
James,Angus,59373902
Marc,Barry,36076902
Harry,Smith,63949621
Marc,Barry,83937339
James,Angus,78788593
Harry,Mcintosh,89021142
Beatrix,ohairy,80916229
Marc,Smith,11057299
Charlotte,Barry,20857564
Lea,Mcintosh,11218100
Charlotte,Angus,83269969
Marc,Angus,57552955
Marc,ohairy,31010818
Beatrix,ohairy,70442068
Charlotte,Barry,14450326
Beatrix,Smith,41707121
Beatrix,Angus,65591206
Marc,ohairy,52240972
Marc,Mcintosh,13856053
James,Barry,37488764
James,Barry,17854974
Harry,Barry,33731250
Harry,ohairy,22299480
Beatrix,Ferguson,30846777
James,Smith,78839480
Harry,Smith,68709990
Lea,Angus,71513463
Lea,Angus,79332610
Lea,Barry,52996434
Harry,Ferguson,65439885
James,Barry,71533436
Charlotte,Mcintosh,42312643
Charlotte,Mcintosh,79728814
James,Smith,71202197
Marc,ohairy,76290264
Beatrix,Mcintosh,35789647
Marc,Smith,62096663
Harry,Barry,89881204
Beatrix,Barry,85834865
James,Barry,78205132
Marc,ohairy,30398607
Lea,ohairy,53839454
Harry,Barry,57506693
Beatrix,Smith,13103027
Lea,Ferguson,38973790
Charlotte,ohairy,54681612
Harry,Mcintosh,56717760
Harry,Barry,63188339
Charlotte,Ferguson,21220471
Marc,ohairy,73723476
Beatrix,Angus,10041747
Beatrix,ohairy,27795150
Lea,Smith,30708224
Harry,Mcintosh,77471146
Marc,Angus,78551141
Lea,Ferguson,14496764
James,Angus,61240558
Charlotte,Angus,44016316
Lea,Smith,40881828
Lea,Mcintosh,61196345
James,Ferguson,47877002
Marc,Smith,24776064
Beatrix,Ferguson,40267678
Charlotte,Ferguson,48397070
Marc,Barry,31897837
Marc,Smith,11283664
James,Angus,10933552
Charlotte,Angus,62969136
Charlotte,Mcintosh,52061367
Charlotte,Ferguson,51610224
James,Smith,42402956
James,Angus,35844692
Lea,Mcintosh,49792844
Beatrix,ohairy,23260288
Harry,Mcintosh,32085616
Marc,Angus,55821222
Charlotte,Smith,68626837
Harry,ohairy,73832151
Beatrix,ohairy,51187876
Harry,Smith,21676067
Marc,Smith,17891520
Beatrix,Smith,39413741
Marc,Mcintosh,13645952
Charlotte,Smith,81549642
