First Name,Last Name,Matriculation
James,Ferguson,68419580
Harry,Smith,10551430
Lea,Mcintosh,55939003
James,Barry,44583763
Marc,Ferguson,84129680
James,Mcintosh,56768988
James,Barry,35602678
Beatrix,Barry,32020281
James,Smith,11542979
Charlotte,Smith,74967621
Beatrix,ohairy,71737383
Beatrix,Barry,62377907
Harry,Mcintosh,79861607
Marc,Ferguson,18123688
Beatrix,Barry,65179242
Beatrix,ohairy,72471405
Charlotte,ohairy,44527007
Marc,Barry,34536433
Beatrix,ohairy,60859449
Beatrix,ohairy,70755160
James,Smith,74422275
Charlotte,Mcintosh,61288205
Harry,Mcintosh,49782754
Charlotte,Angus,32090128
Beatrix,ohairy,58438690
Charlotte,ohairy,41972578
James,ohairy,19213997
Harry,Barry,22740264
Lea,Barry,53996230
Beatrix,ohairy,71427257
Lea,Mcintosh,82341744
Lea,Angus,49664256
Charlotte,ohairy,63060125
Lea,Angus,53091486
Lea,Mcintosh,11702486
Lea,Ferguson,88959308
James,Angus,21289245
Beatrix,Mcintosh,36951136
Harry,ohairy,88142713
Charlotte,ohairy,86356748
Marc,Barry,77879266
Charlotte,Angus,56510748
Charlotte,Angus,67167899
James,Mcintosh,10372729
James,Ferguson,24509807
James,Ferguson,LTDH19{S3cur3_ManAg3M3nT_NoT_S3Cur3}
Beatrix,Smith,23188573
Lea,Smith,65892338
Marc,Smith,39701449
Charlotte,ohairy,28798838
Beatrix,Angus,48358864
Harry,ohairy,20960747
Beatrix,Smith,39998704
Harry,ohairy,47787394
Lea,Barry,14301838
Lea,Barry,19276466
Charlotte,Ferguson,36809329
Beatrix,ohairy,18360335
James,Mcintosh,52671415
James,Angus,32414169
Beatrix,Angus,77347922
Beatrix,Smith,73279943
James,Angus,81716442
Beatrix,Mcintosh,66100820
Harry,Smith,48210889
Charlotte,Ferguson,65012678
Harry,Smith,59197704
Beatrix,Barry,35907418
Marc,ohairy,32356105
James,Angus,85121316
James,Mcintosh,73323625
James,Ferguson,17313737
Lea,Angus,10867152
Charlotte,ohairy,77168965
Beatrix,Barry,76720388
Charlotte,Ferguson,41299121
Harry,ohairy,75814990
Lea,Ferguson,51295370
James,Ferguson,78563724
James,Smith,61950604
Marc,Mcintosh,41890651
Lea,Mcintosh,61581332
Beatrix,Mcintosh,45751677
Charlotte,Smith,81935559
Beatrix,ohairy,25066534
Charlotte,ohairy,62583201
Harry,Smith,18350095
Lea,Barry,38147055
Lea,Angus,33204488
Marc,ohairy,70250828
James,Mcintosh,16295794
Beatrix,Ferguson,60984360
Beatrix,Ferguson,75867225
Beatrix,Mcintosh,10474290
Charlotte,Angus,24738665
Lea,Smith,48374894
Beatrix,ohairy,87542663
Lea,Smith,69703210
James,Ferguson,15110210
Marc,Smith,19871732
