First Name,Last Name,Matriculation
Beatrix,Mcintosh,53739296
Lea,Ferguson,26465432
Charlotte,Smith,28951556
Beatrix,Smith,82793291
Marc,Mcintosh,65573227
Harry,Mcintosh,77131505
Charlotte,ohairy,83442381
Marc,Barry,55020750
Beatrix,Smith,80415660
James,Barry,52840753
Beatrix,Smith,66987983
Marc,ohairy,35699996
Lea,Angus,84387667
Harry,Smith,24389026
Beatrix,Mcintosh,45134212
James,Barry,12395241
James,Angus,73313054
Marc,Angus,11788475
Charlotte,ohairy,11616474
Lea,ohairy,79592556
Harry,ohairy,62862276
Harry,Barry,68026086
Charlotte,Angus,21326637
Beatrix,Mcintosh,68960689
Beatrix,Mcintosh,67533240
Marc,Mcintosh,15192728
Beatrix,Barry,37010314
Charlotte,Mcintosh,45585694
Harry,Ferguson,51053513
Marc,Ferguson,75178688
Harry,Smith,72718797
Marc,Mcintosh,58644451
Marc,ohairy,65996780
Beatrix,Ferguson,71321259
Marc,Ferguson,30900121
Lea,Smith,58187070
Beatrix,Angus,83704253
Beatrix,Barry,83479819
Charlotte,Angus,54366505
Beatrix,ohairy,56992759
Charlotte,Barry,86634186
Charlotte,Smith,43292321
James,Smith,28895040
James,Barry,69264259
Marc,Smith,51807046
James,Angus,41279337
Lea,Ferguson,42008159
Marc,Ferguson,20714490
Marc,ohairy,17822344
Harry,Smith,81494202
Charlotte,ohairy,53949590
Lea,Mcintosh,32922351
James,Angus,69353196
Charlotte,Angus,73870482
James,Mcintosh,77806291
Harry,ohairy,47767256
Lea,ohairy,51932820
Marc,Ferguson,50342754
Charlotte,Barry,41506104
James,Ferguson,39121045
Marc,Barry,86536145
Lea,Mcintosh,64827698
James,Barry,10823948
Marc,Mcintosh,74574940
Harry,Mcintosh,49701844
Beatrix,Ferguson,75663758
James,Ferguson,57791218
Harry,Angus,49154424
Harry,Smith,28405366
Marc,Mcintosh,67775947
Beatrix,Smith,18941559
Harry,ohairy,72037032
James,Barry,83273389
Harry,Barry,43385573
Lea,ohairy,14033753
Charlotte,Angus,72549553
James,ohairy,32209773
Charlotte,Angus,37499851
Marc,Smith,57973257
Marc,ohairy,46208193
Lea,Smith,86033434
James,ohairy,51507358
Charlotte,ohairy,28430629
Lea,Ferguson,75040310
Lea,Ferguson,82169629
Lea,Barry,24226043
Beatrix,Ferguson,11964647
Lea,Mcintosh,79733570
Harry,Smith,69905718
Harry,Ferguson,43845050
Beatrix,ohairy,89496428
Harry,Mcintosh,80688819
Lea,ohairy,84249287
Lea,Barry,16571788
Marc,ohairy,57356719
Lea,Barry,19618578
Marc,Mcintosh,34413481
Marc,Angus,11753323
Beatrix,Smith,38306631
Harry,ohairy,47680867
