First Name,Last Name,Matriculation
Beatrix,Mcintosh,27229484
Charlotte,Ferguson,27210115
James,Mcintosh,82112136
Beatrix,ohairy,86459107
James,Ferguson,61760289
Marc,ohairy,80052324
Charlotte,Angus,60953072
James,ohairy,55291011
Marc,Ferguson,65643166
James,Barry,33696278
Lea,Ferguson,61024888
Marc,Ferguson,44772830
Charlotte,Ferguson,64110263
Marc,Smith,88274248
Harry,Ferguson,71592779
Beatrix,Angus,87844353
Marc,Mcintosh,67443076
Lea,Mcintosh,80682870
James,Barry,81911599
James,Ferguson,79056682
James,Barry,48914041
Lea,Ferguson,20633123
Harry,Ferguson,83494717
Charlotte,Ferguson,27028721
Lea,Smith,24909164
Marc,Smith,47877995
Beatrix,Angus,31648478
Charlotte,Angus,75321079
Charlotte,Angus,49364373
Marc,Barry,67276188
Lea,Angus,31740971
James,Smith,34777162
Harry,Angus,73625920
Beatrix,Angus,21247895
Beatrix,Ferguson,24641290
Harry,Angus,57604127
Beatrix,ohairy,87906581
Harry,ohairy,19076293
Beatrix,Mcintosh,59361428
Marc,Ferguson,17527877
Harry,Barry,80570417
Beatrix,Angus,54622200
Marc,Ferguson,86055443
James,ohairy,66856644
Marc,Ferguson,66091428
Charlotte,ohairy,30724435
Marc,Ferguson,40691254
Charlotte,Mcintosh,38442173
Lea,Barry,38898412
Lea,Angus,44597200
Beatrix,Barry,13337820
Beatrix,ohairy,30611949
Marc,Ferguson,21843585
Charlotte,Ferguson,40162492
James,Smith,21168124
Harry,Barry,73826000
Charlotte,ohairy,89174319
Beatrix,Barry,42013079
Lea,ohairy,50688908
Lea,Mcintosh,31539000
James,Ferguson,28062230
Lea,Smith,80886848
Lea,Mcintosh,50104247
James,ohairy,89545709
Lea,Ferguson,55351169
Lea,Barry,36112054
Beatrix,Ferguson,24354509
James,Angus,78049261
Harry,Barry,85351973
Marc,Smith,47319786
Harry,Smith,84079721
Marc,Angus,49134528
Lea,Barry,41627264
Charlotte,ohairy,74935258
Marc,Barry,26353120
Marc,Smith,22602188
Lea,Ferguson,77876094
James,Barry,66115804
Lea,Smith,22091868
James,Angus,41612162
Lea,Angus,65417664
Lea,Angus,58470292
Marc,Ferguson,87001701
Beatrix,Angus,71042163
Harry,Ferguson,20162851
Beatrix,Ferguson,86084694
James,Smith,66338875
Beatrix,Mcintosh,36736341
Charlotte,ohairy,41239819
James,Angus,85334872
James,Ferguson,69895679
Beatrix,Angus,74020349
Beatrix,Smith,32175938
James,Ferguson,82842814
Harry,Ferguson,45000923
James,ohairy,54125823
Charlotte,Smith,29584571
Marc,Smith,18092609
Harry,Smith,87751990
James,Ferguson,50939029
