First Name,Last Name,Matriculation
Lea,Mcintosh,24590114
Charlotte,Smith,12113151
Marc,Mcintosh,74988785
Lea,Barry,89049765
Lea,Smith,56330590
Lea,ohairy,79290124
Beatrix,Smith,14270800
Marc,Barry,81732947
Charlotte,Angus,58606710
Marc,Ferguson,44467919
Marc,Mcintosh,40737236
Marc,Barry,65983152
Charlotte,Smith,26529897
Beatrix,Ferguson,71819359
Marc,ohairy,68800920
Lea,Smith,54030064
Marc,Barry,86451334
Lea,Mcintosh,73135038
Lea,Ferguson,83452754
Lea,Angus,77805080
Marc,Mcintosh,22610658
Lea,Angus,86080436
Marc,Barry,88439519
James,Mcintosh,80281939
Beatrix,Angus,83053125
Beatrix,Smith,19199728
Marc,Angus,54581016
Beatrix,Smith,55983954
Harry,Ferguson,70436791
Marc,ohairy,47974365
Lea,Barry,50133017
Charlotte,Mcintosh,56925617
Beatrix,ohairy,78169419
Marc,Mcintosh,15205546
James,Barry,31343667
Lea,Angus,77360819
James,Mcintosh,16974923
James,Smith,48878312
James,Ferguson,85060396
Beatrix,Smith,66131628
James,Mcintosh,73813111
Beatrix,Smith,89199959
Beatrix,Barry,14161049
Beatrix,Ferguson,39982819
Charlotte,Barry,31875401
Marc,Mcintosh,68203917
Marc,Smith,44135652
Beatrix,Smith,75451771
Lea,Ferguson,46265265
Beatrix,Barry,38056566
Lea,Smith,16045899
Harry,ohairy,32136671
James,Smith,11662817
Charlotte,Angus,52907122
Beatrix,Angus,35774468
Charlotte,ohairy,25146778
Lea,Mcintosh,23214023
James,Ferguson,68256715
Lea,Barry,39927064
Charlotte,Barry,38596543
Charlotte,Mcintosh,73159016
Lea,Angus,66491433
James,Ferguson,36185895
Charlotte,Barry,40039615
Lea,ohairy,36770417
James,Smith,31491365
James,ohairy,58354458
Charlotte,ohairy,84060895
Harry,Angus,16970978
Beatrix,Mcintosh,50432066
Beatrix,Ferguson,41887919
Marc,Smith,16431996
Harry,Mcintosh,50313649
Lea,Angus,26294878
James,Smith,15639292
Lea,Barry,79930484
James,Angus,43248045
James,Angus,45430314
Charlotte,Mcintosh,32123093
Harry,Smith,47945725
Charlotte,ohairy,70960158
Charlotte,Barry,26444294
Harry,Angus,88163810
James,Ferguson,55833903
James,Angus,53440770
Marc,Mcintosh,71873474
Harry,Ferguson,89410999
Charlotte,Mcintosh,70028338
Lea,Barry,49478210
James,Barry,47957391
James,Angus,35613227
Harry,Mcintosh,16652998
James,Smith,62135507
Charlotte,Angus,39153397
Lea,Ferguson,33990274
Charlotte,Smith,78576384
Lea,Ferguson,18144761
James,Barry,88331396
Beatrix,Smith,52715838
Charlotte,Smith,56946195
