First Name,Last Name,Matriculation
James,ohairy,23578729
Beatrix,Barry,71044724
Charlotte,Mcintosh,62864605
James,ohairy,81291541
Marc,Mcintosh,88092676
James,Barry,88973443
Harry,Barry,79013794
Charlotte,Mcintosh,29226239
James,Angus,36444662
Lea,ohairy,74754952
Marc,Smith,65612292
Charlotte,ohairy,68078151
James,Mcintosh,65831529
Beatrix,Smith,85265923
Marc,Smith,14230790
Lea,Ferguson,15313075
Beatrix,Mcintosh,44144700
Beatrix,Angus,86399850
Marc,Mcintosh,48134506
Harry,Angus,38493721
Harry,Barry,27715986
Harry,Barry,41897990
Harry,Smith,21304595
Lea,Barry,55276407
Beatrix,Angus,61709254
Beatrix,Mcintosh,15362442
James,Smith,81089045
Lea,Mcintosh,86265022
Marc,ohairy,26642901
James,Ferguson,29111354
Beatrix,Mcintosh,83601612
Charlotte,Ferguson,26111438
Beatrix,Mcintosh,30747753
Beatrix,Barry,35204543
Marc,Barry,50883812
Beatrix,Barry,63111720
Lea,Barry,85252746
Lea,Ferguson,84610514
Marc,Mcintosh,12804930
Beatrix,Mcintosh,63070835
Marc,Angus,78993825
Harry,Ferguson,27984596
Harry,Angus,86155926
Marc,Angus,76511332
Beatrix,Barry,57081698
Lea,Angus,85848579
Harry,Barry,51846011
James,ohairy,76682200
James,Mcintosh,22046397
Lea,Smith,84800256
James,Mcintosh,62717091
James,Smith,34431536
James,Mcintosh,15547740
Lea,Angus,87376229
Beatrix,Angus,86610934
Beatrix,Angus,47927285
Marc,Barry,26241481
James,Angus,12471449
Lea,Smith,44712397
Charlotte,Mcintosh,48948057
Beatrix,Angus,88942039
Harry,Mcintosh,26286313
Harry,Ferguson,45906132
Lea,Mcintosh,79916582
Harry,Angus,46492303
Beatrix,ohairy,20081518
Beatrix,ohairy,74599775
Beatrix,Smith,45653292
Charlotte,ohairy,13920302
Harry,Ferguson,33836925
Charlotte,Mcintosh,32959819
Charlotte,Mcintosh,25126267
Lea,Mcintosh,43156927
James,Barry,64649869
Charlotte,Barry,33805845
Marc,Smith,59667139
Charlotte,Angus,42857435
Lea,Smith,52575199
Marc,Smith,42943917
James,Mcintosh,16124192
James,Angus,51226312
Charlotte,Angus,85220086
Charlotte,Mcintosh,49471934
Marc,Barry,20315542
Lea,Angus,45544798
James,Angus,82422696
Lea,Smith,56423286
Lea,Mcintosh,38486264
James,Smith,89742258
Harry,Smith,26328232
James,Ferguson,26954499
Charlotte,ohairy,41770492
Marc,Smith,70773457
Harry,Mcintosh,23494121
Beatrix,Angus,31676089
James,Mcintosh,63834595
Charlotte,ohairy,76474327
Lea,Smith,32270655
Lea,Barry,46031240
Marc,Barry,20480403
