First Name,Last Name,Matriculation
Lea,ohairy,32797864
Marc,Barry,59902253
Harry,Angus,84833077
Lea,Smith,20369985
Charlotte,Angus,57598859
James,ohairy,76937120
Harry,ohairy,59012074
Beatrix,Smith,86738109
Beatrix,Barry,82785277
Marc,Mcintosh,43301020
James,Mcintosh,70625160
Harry,Barry,62414958
Harry,Smith,31698181
Lea,ohairy,14045118
Beatrix,Barry,53189649
Marc,Barry,70271928
James,Barry,83302715
James,ohairy,53073696
Charlotte,Smith,44516345
James,ohairy,81080170
Beatrix,ohairy,83284867
Harry,ohairy,69003613
Lea,Mcintosh,61800229
Marc,Mcintosh,47299963
James,Smith,68177932
James,Angus,84392133
James,ohairy,79735416
Marc,ohairy,48022141
Harry,Mcintosh,50615585
James,Mcintosh,49504997
Lea,Mcintosh,57503946
Harry,Ferguson,46318783
Marc,Barry,57805271
Marc,Ferguson,13806179
James,Angus,34792215
James,Smith,10073119
Marc,ohairy,31737530
Harry,Smith,68939810
Harry,Angus,47606620
Lea,Mcintosh,63572551
Charlotte,ohairy,37505245
Beatrix,Smith,85940289
Lea,Smith,55794894
Harry,ohairy,24599979
James,ohairy,18723336
Harry,Angus,19117597
Marc,Angus,46625223
Beatrix,ohairy,38142092
Charlotte,Mcintosh,27088778
Lea,Smith,71511461
Marc,Smith,58927711
Lea,Barry,52886775
James,Barry,87544126
James,Ferguson,16280397
Marc,Ferguson,78982364
James,ohairy,83118501
Harry,Mcintosh,83270911
Marc,Mcintosh,13807719
Charlotte,Barry,58383369
Marc,Smith,48350843
Marc,Mcintosh,21459989
Beatrix,ohairy,26466914
James,Smith,31062899
James,Mcintosh,31785759
Charlotte,Mcintosh,78117044
Harry,Barry,18308710
James,Angus,63725858
Lea,Mcintosh,18364800
Charlotte,Angus,74645249
James,Smith,70971052
Marc,Smith,60752426
Lea,Ferguson,41472207
Lea,Mcintosh,57678886
Beatrix,ohairy,16580763
Lea,Smith,22067104
Lea,Barry,69857236
James,Angus,77876793
Lea,Smith,35977396
Charlotte,Barry,50296178
Marc,Barry,18951608
Beatrix,Angus,56742503
Marc,Mcintosh,89800463
Harry,Mcintosh,50251229
Beatrix,Ferguson,26474390
Beatrix,Ferguson,61074059
Marc,Mcintosh,49309538
Lea,ohairy,44374737
James,Ferguson,25712438
Marc,Mcintosh,22291320
Harry,Angus,10937324
Beatrix,Angus,23145601
Charlotte,Ferguson,31432527
Marc,Smith,35223369
Lea,ohairy,61993649
Charlotte,ohairy,54742224
James,Angus,61661895
Marc,ohairy,62878910
Marc,Ferguson,87853265
Marc,ohairy,14264910
Marc,Smith,73657440
