First Name,Last Name,Matriculation
Charlotte,Ferguson,29090835
Beatrix,Mcintosh,22733659
Beatrix,Ferguson,14479543
Lea,Ferguson,34174888
Lea,Smith,22051981
Charlotte,Ferguson,62534690
Lea,Mcintosh,36168146
Lea,Mcintosh,50881642
James,Smith,83549903
Lea,Barry,13793158
Harry,Mcintosh,44256730
Beatrix,Smith,29195218
James,Mcintosh,12463445
Beatrix,ohairy,35031789
James,Angus,53120759
Beatrix,Ferguson,19977662
Charlotte,Angus,65307512
Marc,Ferguson,86114772
Lea,Mcintosh,78781440
Beatrix,Barry,49251429
Lea,Smith,28852386
Harry,Angus,75465450
Charlotte,Ferguson,70473227
Marc,Ferguson,25917248
Beatrix,Mcintosh,31505055
Harry,Barry,56894008
Lea,Mcintosh,10135749
James,Mcintosh,37997023
Beatrix,Mcintosh,85055022
Beatrix,Angus,50599120
Harry,Angus,86467014
Marc,Mcintosh,66335583
Marc,ohairy,62511537
Charlotte,Ferguson,70243838
Charlotte,Angus,51553023
Beatrix,Barry,73407148
Charlotte,Angus,34102919
Lea,Barry,72589117
Marc,Smith,63162628
James,Barry,36812723
Harry,Smith,20596464
James,Smith,71313902
Charlotte,Angus,82782371
Harry,Angus,16616543
Beatrix,Angus,59130153
Lea,ohairy,22487083
Lea,Ferguson,76804034
Lea,Ferguson,48992323
Beatrix,Smith,50587444
Harry,Ferguson,65778424
Marc,Mcintosh,13655894
Charlotte,Mcintosh,32051005
Marc,Smith,40307258
James,Angus,54084323
Harry,Smith,39837650
Charlotte,Smith,34494107
Charlotte,Angus,48601060
Lea,Smith,26929060
Charlotte,ohairy,73388204
Lea,Ferguson,46784571
Charlotte,Smith,58962560
Beatrix,Mcintosh,56373836
Charlotte,Barry,37283679
Marc,Mcintosh,54957117
Lea,Barry,89798498
Marc,Angus,56832862
Marc,Smith,58121136
Marc,Angus,86800673
Marc,Mcintosh,71053576
Charlotte,Barry,67386663
Lea,ohairy,38618427
Harry,Smith,54036109
James,Smith,65340107
Marc,Mcintosh,64531180
James,Barry,57247260
Harry,Angus,51433216
Beatrix,Angus,29291268
Charlotte,Ferguson,41085056
James,Mcintosh,87611579
Harry,Ferguson,81005860
Lea,Barry,34294646
Charlotte,ohairy,58742276
Marc,ohairy,37408025
Marc,Smith,75458624
Marc,Barry,49827460
Beatrix,Angus,23597507
Beatrix,ohairy,20361448
Lea,Barry,79520753
Beatrix,Ferguson,10631701
Beatrix,Barry,74913736
Harry,Smith,27940775
Beatrix,Ferguson,63469326
Charlotte,Mcintosh,24039967
Marc,Smith,11846150
Charlotte,Mcintosh,72787571
Marc,Ferguson,59163875
James,Ferguson,50104514
Lea,Barry,27490830
Beatrix,Ferguson,49333301
Charlotte,ohairy,82247870
