First Name,Last Name,Matriculation
Harry,Mcintosh,42232436
Harry,Angus,18330476
Marc,ohairy,69027534
Beatrix,Angus,68503833
Harry,Smith,70283838
Beatrix,Smith,45593382
Beatrix,Angus,73320070
Beatrix,Mcintosh,89136826
James,ohairy,31473863
Harry,Angus,52436572
Marc,Angus,76259278
James,Mcintosh,30847172
Charlotte,Barry,54804943
Charlotte,ohairy,69578353
Beatrix,Smith,35664147
James,Mcintosh,43274628
Charlotte,Smith,42528730
Harry,Smith,26728969
Lea,Mcintosh,77954408
Lea,Barry,19238564
Charlotte,ohairy,31112337
Marc,Mcintosh,75539817
Harry,Angus,40072828
Marc,Ferguson,50375813
Beatrix,Mcintosh,50582716
Harry,ohairy,24176476
Beatrix,Mcintosh,36933007
Beatrix,Smith,41668840
Charlotte,Barry,27099780
Beatrix,Mcintosh,10773049
Beatrix,Mcintosh,23636382
Charlotte,Angus,69087179
Marc,Barry,68548744
Lea,Angus,56674972
Charlotte,Smith,24130843
Lea,Smith,27923764
Harry,Mcintosh,27106290
Charlotte,Barry,78996101
Marc,Smith,30593729
Harry,ohairy,33743695
Marc,Angus,58908526
Beatrix,Barry,43288443
Lea,Angus,86541451
Beatrix,Angus,33530532
James,ohairy,15017523
Charlotte,Mcintosh,48793760
Beatrix,Barry,88779344
Charlotte,ohairy,12691435
James,ohairy,68563791
Marc,Smith,21041312
Beatrix,Smith,29969287
Beatrix,Angus,80839267
Harry,Ferguson,44182645
Beatrix,Mcintosh,26575397
Harry,Angus,62197697
Harry,Mcintosh,86722342
Lea,Smith,64413899
Beatrix,Mcintosh,47482280
Beatrix,Angus,69942826
Charlotte,Barry,50953254
Marc,Angus,54455299
Harry,ohairy,88010559
Lea,Mcintosh,33927084
James,Angus,68179185
Harry,Barry,58599082
Beatrix,Mcintosh,69046921
James,Mcintosh,26048861
Charlotte,Smith,73177349
Lea,Angus,16096858
Charlotte,Angus,89136551
Marc,Angus,74912959
James,Mcintosh,45663916
James,Barry,13358617
James,Mcintosh,34220827
Marc,Angus,87638172
Marc,Ferguson,34665112
Harry,Smith,24570698
James,Ferguson,60303590
Harry,Angus,68193917
James,Angus,85432964
Lea,Smith,65223771
Charlotte,ohairy,79165183
Lea,Angus,14232546
James,Smith,69347281
Beatrix,Smith,41185489
Harry,Ferguson,39406329
Harry,Smith,58228658
Lea,Smith,43211393
Harry,Angus,77539930
Harry,ohairy,10149898
James,ohairy,54359648
Marc,Mcintosh,89912919
Lea,Angus,79907521
Charlotte,ohairy,33136571
James,Smith,84215845
Lea,Barry,88910806
Charlotte,Angus,35857195
James,Barry,22961937
James,Barry,14780785
Harry,Barry,81923815
