First Name,Last Name,Matriculation
Lea,Ferguson,44967849
Charlotte,Barry,84685456
Charlotte,Ferguson,80707945
Charlotte,Mcintosh,20476347
Beatrix,Ferguson,65590134
Marc,ohairy,59195777
Harry,Angus,83095881
James,ohairy,29126366
James,ohairy,55893812
Harry,Mcintosh,16004160
Marc,Barry,67511488
Charlotte,Smith,13284883
Harry,Mcintosh,59841951
Beatrix,Barry,46280134
Charlotte,Ferguson,83289230
Marc,Smith,31115740
Charlotte,Mcintosh,72191358
James,Smith,40551528
Charlotte,Angus,65932542
Beatrix,Angus,35122332
Harry,Mcintosh,70236818
Beatrix,Mcintosh,58538357
Marc,Angus,31669584
Harry,ohairy,34540639
Lea,Barry,30472422
Lea,Ferguson,47238706
Harry,Mcintosh,30606423
Charlotte,Smith,14494917
James,Angus,66238454
Charlotte,Angus,67661354
Charlotte,ohairy,19767340
Beatrix,ohairy,62064172
Beatrix,ohairy,87688387
Charlotte,Barry,59446529
Harry,Ferguson,22359249
James,Angus,68479001
Harry,Barry,33118789
Beatrix,Barry,83798796
Lea,Barry,64433186
Charlotte,Barry,26361803
Harry,Mcintosh,65647984
Beatrix,Barry,58984529
Beatrix,Mcintosh,15044651
Charlotte,ohairy,48080537
Lea,ohairy,82595433
Harry,ohairy,14785356
Lea,Angus,80203583
James,Mcintosh,67523557
Lea,Smith,30478677
Charlotte,Ferguson,79123653
Harry,Barry,24021129
Harry,Angus,27139302
Marc,Mcintosh,63825222
Beatrix,Ferguson,28513422
James,Mcintosh,19693711
Lea,ohairy,52329374
Marc,Barry,83255210
Marc,ohairy,58718067
Lea,Smith,82891036
Lea,ohairy,39286993
James,Smith,23646031
Beatrix,Ferguson,85134265
Lea,Smith,38647564
James,Angus,16212115
Harry,Barry,33896726
James,Barry,34656264
James,Smith,29044539
Marc,ohairy,75471915
Marc,Smith,74302769
Lea,ohairy,48329871
Charlotte,Barry,89389767
Marc,Smith,18135684
Lea,Smith,73391534
Charlotte,Mcintosh,41161405
Lea,Angus,72787060
Beatrix,Barry,63369765
Lea,Barry,32026022
James,Mcintosh,16207147
Marc,ohairy,85397962
Lea,Ferguson,49498602
James,Angus,17169816
Lea,Mcintosh,30214370
Harry,Smith,47997551
Harry,Ferguson,60099858
Marc,Barry,69392668
Marc,Ferguson,66611847
Harry,ohairy,15530615
Beatrix,Smith,25795332
Beatrix,Ferguson,18687473
Lea,Smith,83702888
Charlotte,Barry,54810527
Harry,Ferguson,84647291
Harry,ohairy,51018253
James,Angus,25377687
Charlotte,Mcintosh,69702908
Charlotte,Barry,14679906
Lea,Smith,73287245
Marc,ohairy,20100857
James,Angus,53328933
Marc,Smith,55402450
