First Name,Last Name,Matriculation
Lea,ohairy,43562758
Lea,Angus,79562647
Charlotte,Barry,79339304
Marc,Barry,19430682
Harry,Barry,68453272
Beatrix,ohairy,16174410
Harry,Angus,89221305
Harry,ohairy,62553224
Charlotte,ohairy,37196492
Marc,Ferguson,54415471
Beatrix,Barry,45674561
James,Barry,53481504
James,Smith,69599240
Marc,Smith,67752889
Marc,Angus,13268238
Marc,Barry,57164916
Marc,ohairy,33105289
Marc,Angus,13503784
Lea,Mcintosh,42001484
Beatrix,ohairy,29875379
Beatrix,Angus,85400014
Marc,Ferguson,67187473
Lea,Mcintosh,60548630
Lea,Barry,49326112
Beatrix,Angus,21807643
James,Mcintosh,31635261
Marc,Smith,38366208
Lea,Barry,80279875
Charlotte,Barry,42796997
James,Ferguson,64318981
Harry,Angus,68288442
James,Mcintosh,51975160
Marc,ohairy,51655586
Beatrix,Smith,11011672
Marc,ohairy,63129561
Marc,ohairy,56678300
Beatrix,Mcintosh,58304719
Marc,Angus,22564076
Lea,ohairy,88990599
James,Ferguson,42199965
Charlotte,Barry,69074602
Marc,Barry,80587853
Harry,Smith,35585735
Lea,Barry,71416779
Beatrix,Mcintosh,34929269
Lea,Mcintosh,38623768
Charlotte,Smith,77270184
Lea,Barry,43947173
Harry,Barry,67341192
Beatrix,Angus,70102998
Charlotte,Barry,49012468
Harry,Mcintosh,64789123
Charlotte,Angus,28735381
Marc,Angus,28671705
Beatrix,Smith,82129625
Harry,Smith,53741045
James,Smith,51831867
Marc,Mcintosh,54472197
James,Angus,12226819
James,Mcintosh,54790070
Charlotte,Ferguson,19467149
Marc,Smith,38832927
James,Angus,28131531
James,ohairy,32819482
James,Smith,84171106
Beatrix,Barry,57055575
Marc,Smith,69222913
Lea,Smith,69171964
James,ohairy,61128839
Lea,Angus,64065785
Marc,Smith,49954601
Charlotte,Mcintosh,58729806
Marc,Smith,89367192
Beatrix,ohairy,49724976
Lea,Mcintosh,13162374
Beatrix,ohairy,17602450
Harry,Angus,75129986
Beatrix,Barry,64262377
Lea,Ferguson,84241915
Lea,Angus,21326415
James,ohairy,22639614
Harry,Mcintosh,22081097
James,Barry,17872706
Beatrix,Barry,88626646
James,Ferguson,79830841
Beatrix,Barry,23415814
Marc,ohairy,49830173
James,Ferguson,12681709
Charlotte,Smith,55954407
Beatrix,Ferguson,19503613
Charlotte,Smith,54748559
Charlotte,Mcintosh,68554643
Charlotte,Mcintosh,48868092
Marc,Angus,47237016
Lea,Smith,34919740
Marc,Mcintosh,41637523
James,Barry,35055270
Harry,Ferguson,42458373
Harry,Barry,58874332
Lea,Barry,63646605
