First Name,Last Name,Matriculation
Marc,Smith,53358838
Marc,Smith,15437048
Charlotte,Smith,24543211
Marc,Angus,11093953
Charlotte,Barry,87883098
Lea,ohairy,65679172
Marc,Angus,11409659
Marc,Barry,70069500
Beatrix,Ferguson,60555591
Marc,Angus,48555201
Charlotte,Mcintosh,27060384
Lea,Ferguson,36717721
Marc,Smith,84756799
Lea,Angus,14579245
Lea,Ferguson,20739859
Marc,Mcintosh,19656224
James,Angus,12688475
Lea,Ferguson,63192587
Lea,Angus,70845751
Charlotte,Smith,58296126
Beatrix,Smith,56930829
Charlotte,Mcintosh,82990584
Marc,Ferguson,61925360
Harry,Ferguson,39516595
Charlotte,Ferguson,47233394
James,Smith,85001557
Lea,Barry,80560663
Charlotte,Ferguson,57052532
Charlotte,Smith,48678913
Beatrix,Smith,48892123
Charlotte,ohairy,63229050
Charlotte,ohairy,20809232
Beatrix,Angus,12834728
Lea,Mcintosh,21955208
Charlotte,Angus,48773529
Beatrix,Angus,79680624
Charlotte,Angus,85977990
Beatrix,Barry,44152022
Beatrix,Smith,70436896
James,Angus,61114126
Lea,ohairy,86454023
Beatrix,Ferguson,79365501
Harry,Mcintosh,76081184
James,Smith,29241446
Beatrix,Barry,32329058
Harry,Barry,73478542
Harry,Smith,67399985
Lea,Mcintosh,61455212
Charlotte,Smith,73187482
Beatrix,Smith,64975462
Beatrix,Mcintosh,17840850
Harry,Mcintosh,50091567
Charlotte,Ferguson,28857020
Beatrix,ohairy,84117037
Marc,Mcintosh,89799372
James,Smith,43680658
James,Angus,43382132
Lea,Mcintosh,56880206
Harry,Mcintosh,67098338
Lea,Smith,42643124
Marc,Barry,62789269
Beatrix,Mcintosh,18778468
Lea,Ferguson,72051616
James,Angus,37619613
Marc,Barry,43338016
Beatrix,Angus,12703252
Marc,Smith,30847468
Beatrix,Angus,57281497
James,Angus,54359612
Lea,Angus,25563015
James,Ferguson,62618386
Beatrix,Mcintosh,34272447
Marc,Angus,59787563
Marc,ohairy,57317780
Charlotte,Angus,18104244
Lea,Ferguson,60379635
Beatrix,Mcintosh,62880262
Beatrix,Angus,76574203
Marc,ohairy,13746241
Lea,Ferguson,58513528
Charlotte,Smith,51703552
James,Ferguson,74070683
Lea,Smith,13193227
Lea,Angus,75006057
Charlotte,Barry,17940844
Marc,Smith,76383192
Marc,Ferguson,78096638
Marc,Ferguson,15152860
James,Smith,33553413
Charlotte,Barry,85467204
Charlotte,Smith,11527042
Marc,Barry,60173382
James,Ferguson,25333603
Harry,Barry,28971171
Harry,Barry,16847360
Marc,ohairy,38357817
Beatrix,Barry,66748041
James,ohairy,87414689
Charlotte,Barry,56597117
Charlotte,ohairy,84918313
