First Name,Last Name,Matriculation
Lea,Barry,75418631
Lea,Ferguson,15206770
Harry,Smith,66852854
James,Barry,38577057
James,Mcintosh,57990420
Lea,Barry,28130137
Lea,Barry,27242421
Lea,Angus,83487988
Harry,Smith,35659780
Charlotte,ohairy,72573258
Marc,Barry,74073489
Lea,Barry,11991486
Lea,Barry,16560709
Marc,ohairy,55737455
Marc,Smith,76483431
Marc,ohairy,75137404
Marc,ohairy,46621145
Lea,Mcintosh,49296588
Charlotte,Barry,12117017
James,ohairy,24560425
Charlotte,ohairy,49829796
Marc,Smith,23877047
Marc,ohairy,29419011
Beatrix,Smith,88010186
Beatrix,Angus,63506619
Beatrix,Smith,43326930
Marc,ohairy,83813998
Lea,Smith,48143720
Marc,Smith,73770998
Beatrix,Barry,54470961
Beatrix,Ferguson,33629029
Harry,ohairy,57748491
Marc,Barry,84136679
Marc,Angus,25514616
Lea,Smith,83259171
James,Mcintosh,17813370
Beatrix,Ferguson,71944210
Harry,Barry,86689336
James,ohairy,46909860
Marc,ohairy,30616965
Harry,ohairy,88313183
Marc,ohairy,66685525
Beatrix,ohairy,86180710
Beatrix,Smith,20352335
Beatrix,Ferguson,26977299
Charlotte,ohairy,10272759
Marc,ohairy,67599591
Beatrix,Barry,73556882
Lea,Mcintosh,68705585
Beatrix,Smith,44373839
Charlotte,Ferguson,77623087
Marc,ohairy,61310421
James,Angus,30826206
Charlotte,Angus,28691772
Marc,Barry,39217803
Charlotte,ohairy,30747565
Beatrix,Barry,18566899
Marc,Smith,51754776
Lea,Angus,53065880
Harry,Ferguson,62751054
Beatrix,Mcintosh,73561074
Harry,Angus,37804560
James,Ferguson,89699288
Marc,Mcintosh,68952536
Harry,Angus,42294892
Marc,ohairy,15707649
Charlotte,Angus,66192092
Beatrix,Angus,68617268
Harry,ohairy,62466400
Lea,ohairy,63543209
Marc,Smith,24378445
Lea,Smith,21410983
Lea,Mcintosh,49632862
Harry,Mcintosh,49163413
Marc,Mcintosh,15394784
Harry,Barry,67565425
Harry,Ferguson,62687609
Charlotte,Ferguson,13996484
James,Ferguson,31601545
Beatrix,ohairy,73115618
Beatrix,Angus,49093453
Lea,Mcintosh,71472457
Charlotte,Ferguson,69450172
Charlotte,ohairy,32767246
Charlotte,Angus,32462952
Lea,Smith,75504979
James,Mcintosh,86869231
James,Smith,46170744
Harry,Ferguson,67673471
Marc,Barry,68862893
Lea,Barry,37912223
Harry,Ferguson,85308076
James,ohairy,24426184
Beatrix,Mcintosh,63684190
Beatrix,Angus,57173220
James,Ferguson,23535015
Charlotte,ohairy,78965957
Beatrix,Ferguson,83227242
Lea,Mcintosh,36762686
James,ohairy,33206558
