First Name,Last Name,Matriculation
Harry,Barry,39267671
Harry,Smith,72846583
Harry,ohairy,86192146
Harry,Barry,67250572
Harry,ohairy,61945900
Beatrix,Mcintosh,29168043
Beatrix,Smith,67907936
Beatrix,ohairy,85805339
Lea,Smith,32464394
Harry,Mcintosh,57587195
Harry,Ferguson,69091587
Beatrix,Mcintosh,41841775
Beatrix,Barry,44749672
James,Mcintosh,76574703
Beatrix,Ferguson,32050493
Lea,ohairy,57284795
Charlotte,Smith,46635571
Harry,Smith,28818379
Charlotte,Smith,63635355
Lea,Angus,76723817
Harry,Barry,35229951
Harry,Smith,34981318
Harry,ohairy,65167128
Marc,Mcintosh,69635547
Marc,Smith,12790442
Marc,Smith,14204244
Charlotte,ohairy,51455130
James,Mcintosh,29507979
Lea,Angus,43099002
James,ohairy,80268630
Lea,Ferguson,74890786
James,Ferguson,40800288
James,Mcintosh,86796081
Beatrix,Smith,61838116
Charlotte,Ferguson,60283092
James,Ferguson,19876513
James,Ferguson,46562445
Harry,Angus,23759703
Harry,Mcintosh,49489019
Harry,Smith,63009291
Lea,Angus,72769631
Lea,Angus,60584659
Beatrix,ohairy,84804319
Marc,ohairy,88818992
James,ohairy,29698027
Charlotte,Smith,64653545
Marc,Smith,15022404
Lea,Angus,72524259
Marc,Mcintosh,81083892
Lea,ohairy,46782650
Lea,ohairy,60240199
Harry,Ferguson,25573627
Marc,ohairy,16238388
Beatrix,Mcintosh,55065812
Beatrix,Smith,83686855
Lea,Smith,80178417
James,ohairy,45899169
Beatrix,Smith,30317597
Charlotte,Smith,37468875
Harry,Smith,73399830
Marc,Smith,85191570
James,ohairy,58908676
Beatrix,ohairy,50509301
Charlotte,ohairy,88018188
Harry,ohairy,15729893
Beatrix,ohairy,56416979
Beatrix,Mcintosh,14521401
Harry,Angus,40610814
Charlotte,Barry,41476460
Marc,Smith,75313036
Lea,Mcintosh,28060456
Harry,Ferguson,65303099
Harry,ohairy,47546635
James,ohairy,64285956
Beatrix,Angus,68463540
Marc,Angus,76586262
James,Smith,70519716
Harry,ohairy,76895134
Marc,Mcintosh,14815280
Lea,Ferguson,65908080
Lea,ohairy,11008109
Lea,Barry,76174723
Lea,Barry,78403817
James,Smith,12403759
Lea,Mcintosh,31365050
James,Smith,26152791
James,Mcintosh,28600224
Marc,Mcintosh,87088405
Charlotte,Smith,23222233
Marc,Ferguson,17856454
Beatrix,Mcintosh,78731952
James,Mcintosh,59837880
Marc,Mcintosh,52230233
Marc,Smith,70451630
Lea,Ferguson,67381721
James,Barry,10883276
Beatrix,ohairy,11791788
Marc,Angus,38959038
James,Ferguson,69545803
Lea,Ferguson,77778634
