First Name,Last Name,Matriculation
James,ohairy,49708802
Beatrix,Smith,55215273
Harry,ohairy,69633631
Beatrix,Angus,64488862
Harry,Barry,12808540
Marc,Smith,68393625
Marc,Angus,79154259
Beatrix,Angus,88672437
Lea,ohairy,37380950
Charlotte,Smith,13106812
Marc,Smith,31889202
Lea,Barry,65635832
Beatrix,Mcintosh,29281876
Beatrix,Smith,40582404
Charlotte,Ferguson,64761636
Lea,Barry,38801827
Marc,Ferguson,12701539
Lea,ohairy,69627235
Marc,Mcintosh,48120642
Harry,ohairy,17639821
Lea,Barry,40442015
James,Smith,62559617
James,Ferguson,64028527
James,ohairy,66471175
James,Angus,47136891
Harry,Ferguson,15344319
Marc,Smith,75389001
Beatrix,Mcintosh,80403299
Marc,Smith,49680260
Beatrix,Mcintosh,53706437
Lea,Angus,81204311
James,ohairy,40530566
James,Smith,51416617
Marc,Barry,70220319
Charlotte,Barry,63357211
Lea,ohairy,30085670
Marc,Angus,52641183
Harry,Angus,32178120
Lea,Angus,25123440
Lea,Barry,26186324
James,Ferguson,29033848
Beatrix,Barry,61015023
Charlotte,Smith,40114735
Beatrix,Barry,47193881
Marc,Mcintosh,85621763
Beatrix,Smith,81692520
James,Smith,15917847
Charlotte,ohairy,83202652
Beatrix,Angus,53840405
Lea,Mcintosh,56449645
Charlotte,Smith,73210200
Harry,Barry,28203116
Harry,Ferguson,46220501
Marc,Smith,23352097
Lea,Mcintosh,88440766
Lea,Smith,76719301
Marc,Mcintosh,68595793
Beatrix,Ferguson,76834166
Charlotte,Ferguson,67184948
James,Barry,79122598
Harry,ohairy,80467992
Beatrix,Mcintosh,89560233
Charlotte,Angus,87317446
Beatrix,ohairy,47124173
Lea,Mcintosh,20378880
Harry,ohairy,79786471
Harry,Barry,89867633
James,Mcintosh,27152208
Beatrix,Angus,46137278
Harry,Mcintosh,69283752
Marc,Ferguson,49005961
Lea,Ferguson,32031220
Harry,Mcintosh,33412951
Beatrix,Smith,85233556
Beatrix,Ferguson,63064466
Charlotte,Mcintosh,63400427
James,ohairy,54395655
Lea,ohairy,60481793
Charlotte,Smith,54789030
Harry,Mcintosh,86866090
Charlotte,Smith,12820454
Beatrix,Barry,35590519
Marc,Mcintosh,60402760
Beatrix,Angus,19311897
Harry,Ferguson,85135493
Lea,ohairy,16534666
Charlotte,Angus,75510573
Lea,Mcintosh,20451663
Charlotte,Ferguson,63944304
Marc,Barry,67909166
Harry,Ferguson,61138565
Charlotte,Angus,54784581
Harry,Ferguson,25042842
Lea,Angus,88705256
Charlotte,Barry,19846218
James,ohairy,26741677
Beatrix,ohairy,16060260
Lea,Smith,74740571
James,Smith,88585194
Charlotte,Mcintosh,79953701
