First Name,Last Name,Matriculation
Marc,Angus,84794953
James,Mcintosh,36277397
Marc,ohairy,18649845
Marc,Mcintosh,71639184
Beatrix,Mcintosh,23408922
Charlotte,Mcintosh,89847121
Lea,Barry,15453108
Lea,Barry,29567593
Charlotte,Barry,60396826
Harry,Angus,66611681
Lea,Smith,53688959
Marc,Smith,26265261
Beatrix,ohairy,36486152
Beatrix,Ferguson,58982411
Marc,Ferguson,28826185
Beatrix,Mcintosh,17053611
Harry,Barry,60126316
James,Smith,31775782
Beatrix,Barry,77582999
Lea,Barry,14235139
Marc,Smith,76953161
Charlotte,Ferguson,81483914
James,Smith,53536673
Beatrix,Barry,32550062
Beatrix,Ferguson,82132810
Charlotte,ohairy,10901992
Marc,Barry,72553579
Charlotte,Smith,69842115
Marc,Ferguson,87025795
Beatrix,Ferguson,65239232
James,Angus,47805169
Charlotte,Ferguson,57084204
Lea,ohairy,39222663
James,ohairy,78716959
Charlotte,Angus,81121357
James,Mcintosh,27003339
Marc,Ferguson,88769144
Lea,ohairy,10029487
Charlotte,Barry,78248315
Marc,Angus,86486302
Lea,Ferguson,19699142
Charlotte,Barry,21291475
Beatrix,Ferguson,66652498
Lea,Ferguson,26368827
James,Mcintosh,81408421
James,Smith,83132194
Charlotte,Smith,61552005
Charlotte,Mcintosh,82064584
James,Smith,10892591
Beatrix,Smith,21839238
Charlotte,Smith,14242770
Beatrix,Ferguson,70996158
Beatrix,Ferguson,11561381
Beatrix,Mcintosh,20989710
Lea,Mcintosh,69462405
James,Angus,15661796
Beatrix,Barry,72867464
Beatrix,Barry,88912438
Marc,Mcintosh,86361958
James,Mcintosh,68538435
Charlotte,ohairy,48827276
Marc,Angus,20161813
Marc,Angus,74232266
Charlotte,Smith,75718305
Charlotte,ohairy,83130022
Harry,Mcintosh,16348923
Beatrix,ohairy,16108457
Beatrix,Mcintosh,61307822
Harry,Ferguson,22602320
Charlotte,Smith,83055021
Beatrix,ohairy,25970663
James,Angus,81698345
Beatrix,Mcintosh,62512054
Harry,Angus,39261719
Beatrix,Mcintosh,88338425
Charlotte,ohairy,16287009
James,Ferguson,85465836
Lea,Barry,20206172
Lea,Barry,29244581
Harry,ohairy,36518977
Beatrix,Barry,52486563
Harry,ohairy,72502731
Charlotte,Ferguson,49951978
Beatrix,Ferguson,30953788
Lea,Angus,13700112
Marc,Mcintosh,22914038
Harry,Smith,32038540
Harry,Mcintosh,15464999
James,Smith,48902210
Beatrix,Angus,15078241
Beatrix,Mcintosh,63546986
Marc,Mcintosh,29456251
James,Barry,59166857
Beatrix,Barry,31282584
Harry,Smith,73662163
Charlotte,Smith,24618720
James,Ferguson,69015433
Marc,Ferguson,56537472
Marc,Ferguson,49340324
Marc,Barry,35636557
