First Name,Last Name,Matriculation
Charlotte,Ferguson,28705865
Lea,Mcintosh,17524684
Beatrix,Barry,74699199
Lea,Barry,35538179
Charlotte,Angus,70185687
James,Barry,57685605
Harry,ohairy,78711781
Beatrix,Mcintosh,32212163
James,Barry,80277882
Charlotte,ohairy,73262449
Beatrix,ohairy,51580685
Marc,Barry,50263550
Lea,ohairy,48857848
Marc,Mcintosh,53350288
James,ohairy,17694868
Charlotte,Barry,77336245
Marc,Angus,77294279
Marc,ohairy,23770692
Beatrix,Mcintosh,35863418
Harry,ohairy,61199672
James,Angus,88768689
Marc,ohairy,62237058
Beatrix,Mcintosh,56479124
Beatrix,Smith,56063088
Charlotte,Mcintosh,75805531
Lea,Barry,63566201
Charlotte,Mcintosh,16504796
Harry,Angus,56264087
Beatrix,Barry,62309126
Marc,Barry,70591780
Charlotte,Smith,51306067
Harry,Ferguson,43683051
Lea,Barry,10044043
Harry,Smith,44244339
Charlotte,Ferguson,67977896
Harry,Barry,50867727
Marc,Angus,36856752
Beatrix,Angus,79061371
Beatrix,Mcintosh,57092181
James,Angus,55524421
Charlotte,Angus,81743403
Lea,Ferguson,30424549
Harry,Angus,17295964
Charlotte,Mcintosh,59972045
Lea,Ferguson,29050320
Lea,Mcintosh,89363646
Beatrix,Smith,59269529
Charlotte,Ferguson,55446530
Marc,Barry,46143924
James,Angus,87568709
Lea,Barry,33547682
Beatrix,Ferguson,19277105
Beatrix,Barry,27121288
Marc,Angus,83541048
Marc,Angus,16865904
Beatrix,Barry,73462104
Harry,ohairy,25350443
Marc,Mcintosh,26734943
Harry,Angus,54387783
Lea,Ferguson,80265633
Marc,Barry,38124831
Marc,Mcintosh,33013418
Beatrix,ohairy,58815060
James,ohairy,15341699
Charlotte,Mcintosh,51574413
James,Smith,30578347
James,Ferguson,48683292
Lea,Mcintosh,67026513
Beatrix,Angus,50460243
James,Barry,34299394
Beatrix,Ferguson,25364979
Harry,Barry,84399308
James,Ferguson,68104251
Harry,Mcintosh,28169329
Lea,ohairy,21350530
Marc,Ferguson,25046219
Marc,Smith,26061232
Charlotte,Ferguson,35148418
Lea,Barry,11366427
Charlotte,Barry,67352914
Charlotte,Barry,45797513
Marc,Smith,27444103
Charlotte,Ferguson,16250437
Marc,ohairy,42426977
Beatrix,Smith,41770641
Lea,Ferguson,55455175
Harry,ohairy,65844722
Beatrix,ohairy,34877115
Harry,Angus,53683145
Charlotte,Smith,20259965
Charlotte,ohairy,78963662
Marc,Barry,14632292
Lea,Mcintosh,43047619
James,Barry,28107532
Beatrix,Ferguson,36711189
Charlotte,Angus,80839613
James,Smith,78313045
James,Angus,34668695
Lea,Ferguson,72492987
Harry,Smith,65335911
