First Name,Last Name,Matriculation
Marc,Barry,58399267
Lea,Mcintosh,40874015
Lea,Smith,53844705
Charlotte,Smith,39463605
Charlotte,Mcintosh,37502281
James,Smith,12580945
Harry,Smith,80054643
Harry,ohairy,44775931
James,Angus,74466542
Marc,ohairy,26260613
James,Mcintosh,41060923
Marc,Barry,17147052
Lea,Ferguson,34766087
Marc,Mcintosh,73797709
Lea,Smith,18783028
Marc,Ferguson,31181989
Charlotte,Ferguson,66444415
Harry,Smith,17925391
Harry,Ferguson,54975653
Charlotte,Mcintosh,83289092
Lea,Smith,56356582
James,Ferguson,50140988
Charlotte,Smith,72082243
James,Mcintosh,41134999
Charlotte,Mcintosh,13189641
Harry,Ferguson,30661128
Lea,Barry,23802619
James,Angus,47158226
James,Barry,54002925
Charlotte,Barry,80026805
Lea,Mcintosh,28442333
Harry,Smith,32109163
Harry,Smith,63717022
Harry,ohairy,18334360
Charlotte,Mcintosh,71880858
James,Barry,84029626
Beatrix,Ferguson,38796011
Lea,Barry,24699443
Charlotte,Smith,11060148
James,Smith,60476682
Beatrix,ohairy,38199898
Lea,Barry,85243770
Beatrix,Mcintosh,14685915
James,ohairy,55536113
Charlotte,Ferguson,37416319
Beatrix,ohairy,10850171
Marc,Mcintosh,21853868
Beatrix,Barry,78689922
James,Mcintosh,43024029
Lea,Smith,49409157
Marc,Angus,85679542
Beatrix,ohairy,26567789
James,Mcintosh,73468019
James,Angus,85432742
Beatrix,Ferguson,27550640
James,Mcintosh,71390215
Charlotte,Angus,34880460
Lea,Mcintosh,81615816
Beatrix,Barry,80277128
James,Mcintosh,28605414
James,Barry,35090274
James,Smith,56980530
Lea,Barry,87379813
Marc,Barry,74068940
Harry,Mcintosh,26870960
Marc,Ferguson,80563757
Harry,Ferguson,81955728
Marc,Angus,10759138
Marc,Ferguson,62035225
Charlotte,ohairy,79418711
Charlotte,Barry,88717563
Marc,Smith,47161012
Lea,Barry,76243092
Lea,ohairy,40326184
James,Barry,20589671
Charlotte,ohairy,21145077
Harry,Mcintosh,51759296
Marc,ohairy,82479849
Beatrix,Smith,19602837
Charlotte,Barry,83760887
Harry,Mcintosh,36348673
Harry,ohairy,68005262
Marc,Barry,87791668
James,Smith,19117447
Charlotte,ohairy,41195674
Harry,Angus,34113511
Beatrix,Smith,72806532
Charlotte,Barry,74749762
James,Mcintosh,39454886
Charlotte,Barry,57462206
Charlotte,Barry,81441817
Marc,Smith,69265958
Charlotte,Smith,39698686
James,ohairy,39922167
James,Smith,18383912
Beatrix,Barry,72484794
Charlotte,Smith,70749347
Charlotte,Ferguson,52041331
Beatrix,Angus,33143472
Charlotte,Barry,30218886
