First Name,Last Name,Matriculation
Charlotte,Angus,87605218
Lea,Barry,63525912
Harry,Smith,74288782
James,Ferguson,42965718
Beatrix,Mcintosh,28383153
Marc,Angus,78945273
Harry,ohairy,23528118
Marc,ohairy,37911624
Marc,Smith,80308311
Charlotte,Smith,51950816
Harry,Ferguson,53727020
Charlotte,Smith,34328873
Beatrix,Barry,11400784
Charlotte,Mcintosh,42370222
Lea,Angus,70157843
James,ohairy,75956970
Lea,Mcintosh,11602725
James,Angus,20603409
Lea,ohairy,47325049
James,Smith,86556234
Beatrix,Angus,63692653
Charlotte,Ferguson,43881154
Lea,ohairy,46109847
Marc,Mcintosh,76947175
Marc,ohairy,45913217
Charlotte,Mcintosh,68567697
Beatrix,Angus,52334402
Lea,Mcintosh,17716397
Lea,Angus,31404065
Marc,Mcintosh,15413013
Marc,Smith,81421406
Harry,Ferguson,32115929
Lea,Ferguson,75111359
Marc,Mcintosh,30373011
Beatrix,Smith,66330589
Marc,Ferguson,68166288
Beatrix,Barry,28146380
Harry,Ferguson,31681816
Harry,Mcintosh,49253291
Beatrix,Angus,79049546
Marc,Smith,22530306
James,Mcintosh,63388078
Lea,Ferguson,75979652
Harry,Mcintosh,51712642
Harry,Barry,14864214
Charlotte,Mcintosh,61242949
James,Smith,64349279
Beatrix,Barry,45993614
Beatrix,Angus,34895951
Marc,Ferguson,14272290
Harry,Mcintosh,55230396
Marc,Angus,82262160
Marc,Barry,65940696
Beatrix,ohairy,69250608
James,Barry,27292868
Charlotte,Ferguson,48717597
Marc,Mcintosh,87246322
Beatrix,Smith,36853857
Harry,Mcintosh,50269677
Marc,ohairy,65542644
James,Smith,88272117
Lea,Smith,76612884
Charlotte,ohairy,89443291
James,ohairy,33267735
Harry,Mcintosh,82287753
Beatrix,Smith,64334818
Beatrix,ohairy,56013798
Harry,Ferguson,18645305
James,Angus,35894086
Lea,Smith,15897768
Harry,Barry,23207780
Lea,Barry,28410955
Marc,ohairy,49875289
Beatrix,Ferguson,43804095
Marc,Ferguson,87832195
James,Smith,85186783
Harry,Angus,36250298
Charlotte,Smith,89261285
Lea,Smith,56546427
Beatrix,Ferguson,79819821
Lea,Smith,33161964
James,Barry,39823983
James,Mcintosh,54618114
Beatrix,ohairy,82010737
Harry,ohairy,30044900
Beatrix,Smith,85587230
Beatrix,ohairy,89575740
James,Mcintosh,81116172
James,Ferguson,32484979
Beatrix,Ferguson,30263510
James,Mcintosh,25320935
Beatrix,Angus,77071232
Marc,Mcintosh,76661614
Marc,Mcintosh,84106352
James,Mcintosh,34030452
Beatrix,Smith,78819415
Marc,Barry,52749998
Lea,Angus,64731866
Harry,Ferguson,41680075
Harry,ohairy,85430302
