First Name,Last Name,Matriculation
Marc,Barry,46482902
Lea,Smith,42881990
Lea,Smith,51332717
James,Barry,75099949
Lea,Barry,79353742
Harry,Smith,60119039
Charlotte,Barry,82442733
Lea,Mcintosh,68628414
Harry,Smith,12135012
Harry,Mcintosh,56287921
Marc,ohairy,10126585
Charlotte,Angus,64230965
Lea,Barry,19598500
James,Mcintosh,67904463
Lea,Barry,37078558
Harry,Ferguson,27311971
James,Barry,14928497
Lea,Barry,70524915
Harry,Ferguson,70586558
James,Smith,27042485
Lea,Angus,43278778
Lea,Ferguson,85876783
Charlotte,Mcintosh,85759446
Beatrix,Mcintosh,47414441
Marc,Barry,89512489
Charlotte,Angus,64228670
James,Angus,88003582
James,Smith,20128038
Lea,Ferguson,82457190
Marc,Mcintosh,41788299
Charlotte,Ferguson,53792004
Marc,ohairy,48051609
Harry,Angus,20114782
Charlotte,Ferguson,23025271
Harry,Barry,86979204
Harry,Barry,16489285
Beatrix,Smith,39968327
James,ohairy,32749936
Beatrix,Angus,48941655
Marc,Mcintosh,60871545
Marc,Mcintosh,33753370
Harry,Mcintosh,34002164
Charlotte,ohairy,71990021
Lea,ohairy,69038536
Marc,Barry,26811833
Lea,Barry,13520455
Beatrix,Smith,32189913
Marc,Barry,42751113
Marc,Angus,37093803
Marc,Mcintosh,26743358
Beatrix,Mcintosh,82914461
James,Barry,46448414
Lea,ohairy,47425830
Charlotte,Smith,61784856
Lea,Angus,41602839
Marc,Ferguson,19493562
Charlotte,Barry,84725280
James,Smith,78168796
Charlotte,Angus,65675983
Marc,Mcintosh,24391861
Harry,Angus,29104416
Harry,Ferguson,74086409
James,Smith,67351582
Harry,Angus,79129584
Harry,Smith,81826047
Harry,Angus,19270687
James,Angus,31087784
James,ohairy,75630221
Lea,Angus,20444792
Lea,Smith,25689762
Harry,Mcintosh,63505212
Harry,Smith,44800740
Beatrix,ohairy,15553466
Beatrix,ohairy,37387402
Lea,Barry,32459555
Charlotte,ohairy,12518474
Charlotte,Mcintosh,29314714
Harry,Barry,18169525
Beatrix,Angus,13775863
Marc,Angus,72973240
Lea,Angus,66276834
Lea,ohairy,69292138
Lea,Smith,61951380
James,Smith,13101377
James,Smith,34242860
Beatrix,Angus,72928657
Harry,Barry,49722988
Lea,Angus,70552031
James,Smith,13214230
Lea,ohairy,30268673
Charlotte,Ferguson,86375140
Beatrix,Ferguson,61987834
Charlotte,Smith,51343055
Beatrix,Smith,40948450
Lea,Smith,28395915
Harry,Mcintosh,71175829
James,ohairy,10271582
Beatrix,Barry,74388964
Harry,Angus,69660959
Beatrix,Smith,52344392
