First Name,Last Name,Matriculation
Harry,Barry,29131889
Harry,Smith,47159635
Beatrix,Mcintosh,44635032
Beatrix,Mcintosh,44263981
Charlotte,Ferguson,65822244
Charlotte,Angus,40717106
Harry,Angus,53229785
Harry,Mcintosh,75365544
Beatrix,Mcintosh,11908069
Beatrix,Angus,71375819
Charlotte,Smith,43444441
James,Angus,44561708
Harry,Barry,26105877
James,Smith,35094623
Marc,Ferguson,20090399
Lea,ohairy,64918505
Marc,Mcintosh,82413400
Marc,Angus,83294840
Charlotte,ohairy,57909041
Beatrix,Mcintosh,80064032
Charlotte,Ferguson,18207924
Charlotte,Smith,20730064
Charlotte,Mcintosh,45452092
Marc,Mcintosh,20156014
James,Angus,77968775
Charlotte,ohairy,83574496
James,Barry,24207315
Charlotte,ohairy,33921005
Beatrix,ohairy,85119050
Harry,Mcintosh,10506586
Charlotte,Smith,39276008
Marc,Ferguson,73356591
Harry,Smith,36250699
Marc,Smith,83610734
Harry,Smith,64910385
Lea,Smith,19245616
Harry,Mcintosh,37298527
James,Ferguson,76819775
Charlotte,Angus,60281602
Charlotte,ohairy,18567080
James,ohairy,48112860
James,Smith,55639957
Beatrix,Ferguson,36812784
James,Barry,50001643
Lea,Angus,63726811
Marc,Barry,46522964
Marc,ohairy,13081306
Beatrix,Ferguson,31908108
Marc,Angus,46496503
Harry,Barry,74595042
Charlotte,Angus,17602584
Charlotte,Ferguson,88261759
James,Smith,13397842
Beatrix,ohairy,81339705
Marc,Angus,78247074
Lea,Angus,71633407
Harry,Angus,12629393
Charlotte,Ferguson,23543224
Charlotte,Mcintosh,81685365
James,Ferguson,50758355
Beatrix,Ferguson,60033832
James,Ferguson,88147851
Beatrix,Smith,69077681
James,Angus,32123900
Lea,Ferguson,30529242
Lea,Barry,29775483
Charlotte,Ferguson,61727877
Harry,Barry,61497291
Charlotte,Smith,29553542
James,Ferguson,41340798
Harry,Angus,42118894
James,ohairy,33741030
Lea,Mcintosh,79791026
James,Barry,49974553
James,Mcintosh,61697903
Marc,Barry,79203392
Beatrix,ohairy,51342890
Lea,Angus,70987932
Charlotte,Ferguson,54813957
Lea,Angus,51903571
Beatrix,Smith,78101306
Harry,Ferguson,14903336
Marc,Ferguson,71834084
Harry,ohairy,54708506
Marc,Smith,47171863
Marc,Barry,49428031
Harry,Barry,89573667
Marc,Mcintosh,26454915
Marc,Barry,40356578
Lea,Ferguson,81996096
Harry,Barry,72391497
Charlotte,Barry,38801461
Lea,Barry,87827459
James,ohairy,45668370
Beatrix,Barry,26141176
Harry,ohairy,32879521
James,Angus,73368032
Charlotte,Angus,51773802
Harry,Angus,10648568
Charlotte,Mcintosh,30485836
