First Name,Last Name,Matriculation
Beatrix,Smith,66065833
James,Smith,73485559
Harry,Ferguson,75664029
James,Smith,53775140
Beatrix,Angus,37894335
Beatrix,Barry,41221631
Marc,Ferguson,88307696
Marc,Mcintosh,13289522
James,Mcintosh,50597205
James,ohairy,41308223
Lea,Smith,17328215
Charlotte,Smith,18547889
Lea,ohairy,84840426
Beatrix,Barry,40773601
Harry,Angus,27868858
Harry,Angus,78622021
Harry,Smith,77089599
Beatrix,Ferguson,29947919
Beatrix,Barry,44176831
James,Mcintosh,77105444
Marc,Barry,31347332
Marc,ohairy,87451682
Beatrix,Angus,47257010
Marc,Mcintosh,15858263
Beatrix,Smith,64289931
James,Mcintosh,87883517
Marc,Barry,37228746
Marc,ohairy,58274293
Lea,Angus,47010503
Lea,Angus,21315088
Marc,Angus,10879173
Marc,Mcintosh,57050439
James,Smith,29968890
Beatrix,Angus,14681845
James,Barry,25493197
Lea,Smith,44926566
James,Mcintosh,71987273
Charlotte,Smith,68106974
Marc,Smith,47469163
James,Angus,49773358
James,Mcintosh,88789228
Beatrix,Angus,67293631
Beatrix,Angus,36710570
Harry,ohairy,36242225
Lea,Smith,75648898
Beatrix,Angus,34157002
Harry,Smith,84287144
Harry,Angus,33036414
James,Ferguson,66843560
James,Mcintosh,86155351
Charlotte,ohairy,14950815
Charlotte,Angus,89984551
Lea,Barry,40994323
Beatrix,ohairy,85812155
Beatrix,Mcintosh,81620747
Beatrix,Smith,17273270
Lea,Ferguson,72727461
Beatrix,Barry,57024723
Harry,Ferguson,17467324
Lea,Angus,13681828
Lea,Smith,36878989
Harry,Ferguson,61511121
Charlotte,Ferguson,16448116
James,Mcintosh,85907690
James,Mcintosh,76387334
James,Barry,67819913
James,ohairy,40326118
Lea,Mcintosh,37459032
Harry,Smith,69019618
Charlotte,ohairy,79688113
Charlotte,Mcintosh,80855702
James,Mcintosh,48485004
James,Angus,20671992
Beatrix,ohairy,82576733
Marc,ohairy,16561225
Lea,Ferguson,74000804
Lea,Barry,63989089
James,Smith,69604118
Marc,Mcintosh,66622777
Marc,Smith,81813794
James,Angus,61387216
Marc,Angus,43261613
Harry,ohairy,82570193
Marc,Ferguson,37662927
Harry,Barry,63738214
Harry,Mcintosh,12473397
Harry,Angus,45713228
Lea,Ferguson,24574890
Charlotte,Mcintosh,88760057
Charlotte,Ferguson,45997385
James,ohairy,55616516
Beatrix,ohairy,31655668
Charlotte,Barry,17554637
Lea,ohairy,52257341
Beatrix,Ferguson,70313296
Lea,Smith,86844550
James,ohairy,60780220
Beatrix,Smith,29607031
Harry,Ferguson,50040914
Beatrix,Angus,22599867
