First Name,Last Name,Matriculation
James,Ferguson,30016866
James,Barry,39319535
Beatrix,Mcintosh,63932855
Harry,ohairy,21285833
Marc,Barry,59905196
Marc,Barry,70748957
Beatrix,Barry,48205331
Harry,Angus,17222806
Beatrix,Smith,88257474
Beatrix,Angus,54642181
Marc,Angus,57305608
Lea,Mcintosh,52168626
Lea,ohairy,83867857
Lea,Ferguson,54847583
Lea,Smith,72014385
Harry,Smith,35264448
Marc,Mcintosh,11359947
Beatrix,Ferguson,57058873
Beatrix,Mcintosh,64563635
Lea,Smith,75884582
Beatrix,Mcintosh,27429305
James,Mcintosh,10638562
Lea,ohairy,40906535
Charlotte,Barry,13826197
Lea,Angus,32650530
James,Barry,72456847
James,Ferguson,58305024
Beatrix,ohairy,54260884
Harry,Smith,56253772
Marc,Angus,37409444
Marc,Angus,44193271
Harry,Ferguson,51023914
Beatrix,Smith,27952641
Lea,Ferguson,80479699
Marc,Smith,12918652
Lea,Smith,88964855
James,Barry,58323291
Lea,ohairy,51204507
Marc,Angus,60141159
Lea,ohairy,79067861
Harry,Mcintosh,52981371
Harry,Smith,61181516
Charlotte,Mcintosh,16709020
Lea,Barry,87975001
Harry,ohairy,32263981
Lea,Angus,32122324
James,Ferguson,89509121
Charlotte,Ferguson,65740301
Charlotte,Ferguson,11803328
James,Ferguson,48363757
James,Ferguson,30100145
James,Ferguson,77286999
Harry,Ferguson,63153415
James,Barry,62146235
Harry,Smith,89964745
Beatrix,Mcintosh,71567461
Harry,Smith,57280945
Charlotte,Mcintosh,66418215
Harry,Angus,23185205
Lea,ohairy,65113020
Lea,Smith,51018040
Harry,Smith,20555755
Marc,Angus,40975791
Lea,Angus,22092122
Charlotte,Angus,30773717
Harry,Mcintosh,44259785
Lea,Mcintosh,72479038
Beatrix,Angus,88533667
Marc,Mcintosh,87981388
Beatrix,Smith,38876743
Charlotte,Ferguson,32890246
James,Smith,20016195
Harry,Ferguson,40410589
Harry,Smith,21006324
Beatrix,Mcintosh,20098246
James,Smith,17921119
Charlotte,Barry,42558590
James,Mcintosh,38516722
Lea,ohairy,10181260
Lea,Mcintosh,50832671
Marc,Angus,36221598
Beatrix,Barry,18354185
Marc,Barry,57374971
Charlotte,Smith,70245137
Beatrix,Barry,89197705
Beatrix,Ferguson,77675511
Beatrix,Smith,26397147
Harry,Mcintosh,11192594
Harry,Angus,48318209
Harry,Ferguson,61983988
Charlotte,Ferguson,82054632
Charlotte,Angus,20475207
James,Barry,87212315
Beatrix,Angus,20885067
Harry,Mcintosh,73009243
Lea,Barry,63940009
Marc,Ferguson,39295317
Beatrix,Angus,24728875
Charlotte,Smith,15305607
Lea,Angus,30225869
