First Name,Last Name,Matriculation
Beatrix,ohairy,11043671
Harry,Smith,22437474
Lea,ohairy,57855834
Harry,ohairy,21950816
Beatrix,Barry,47574600
Charlotte,ohairy,60490639
Beatrix,Barry,56817231
Beatrix,ohairy,22432351
James,Mcintosh,26905781
Marc,Mcintosh,73234382
Harry,ohairy,13234049
Lea,Smith,15425224
Lea,Smith,76426526
Marc,Ferguson,19985039
Charlotte,Smith,25453508
Marc,Smith,48705249
Beatrix,Angus,63143137
Charlotte,Barry,47107102
Charlotte,Angus,21589650
Lea,Barry,23025339
James,Mcintosh,42847881
Beatrix,Mcintosh,37185058
Lea,Mcintosh,49227435
Beatrix,Smith,46734142
Charlotte,Smith,87582796
Harry,Mcintosh,33491546
Charlotte,Ferguson,54524908
Lea,ohairy,25159789
James,Angus,43522231
Charlotte,Smith,65268096
Lea,Barry,63519333
Marc,Mcintosh,30151149
James,Smith,49182081
Harry,Mcintosh,60386354
James,Smith,29911837
Beatrix,Smith,64364144
Beatrix,Ferguson,65030133
James,ohairy,14016594
Beatrix,Smith,44638210
Marc,Angus,56470626
Harry,ohairy,21309491
Lea,ohairy,89162606
Lea,Barry,71665999
Charlotte,ohairy,35000068
Marc,Mcintosh,46127283
Marc,Mcintosh,88042423
Harry,Smith,51334530
Marc,Smith,35285643
Harry,Smith,40378303
Beatrix,ohairy,17245630
Beatrix,Ferguson,84274093
James,Smith,58581492
Harry,Smith,26837345
Marc,Angus,83614104
Marc,ohairy,24204122
Beatrix,Angus,20691685
Charlotte,ohairy,78689729
Marc,ohairy,15927329
Charlotte,Angus,19129866
James,Barry,69733026
Marc,ohairy,20525844
Charlotte,Mcintosh,69113467
James,Barry,57073149
James,Angus,37030466
Charlotte,Angus,75787787
Lea,Mcintosh,12136142
Lea,Barry,15014404
Beatrix,ohairy,46789340
Harry,Ferguson,54465467
Marc,Mcintosh,42615588
Beatrix,Smith,39152219
Marc,Ferguson,38525302
James,ohairy,79643048
Lea,Barry,28143097
Lea,ohairy,68435818
Beatrix,ohairy,86150017
Marc,Ferguson,89378615
Beatrix,Mcintosh,61916017
Lea,Barry,78090687
Beatrix,Barry,39045007
Lea,Smith,50467782
James,Ferguson,11297288
James,ohairy,32736241
Beatrix,Mcintosh,74233991
Charlotte,Ferguson,28798494
Lea,Mcintosh,61187229
Marc,ohairy,33902605
Marc,Mcintosh,22933224
Marc,Smith,89261017
Marc,Barry,15994699
Lea,Ferguson,79261148
Beatrix,Smith,33340832
Marc,Mcintosh,48487978
Marc,Ferguson,20523308
Lea,Mcintosh,55912966
Beatrix,Ferguson,75292507
Harry,Ferguson,87705092
James,Mcintosh,39643270
James,Angus,59116334
Marc,Smith,24917617
