First Name,Last Name,Matriculation
Marc,ohairy,85552886
James,Barry,17221294
Beatrix,Ferguson,52024756
Marc,Mcintosh,65338265
Charlotte,Barry,71510187
Charlotte,Mcintosh,59345294
Lea,Angus,11719587
Harry,Angus,61449072
Beatrix,Ferguson,84012105
James,ohairy,12916413
Marc,Ferguson,33719451
Marc,Mcintosh,49720588
Lea,Angus,39694300
Charlotte,Barry,78918370
Marc,Angus,83687821
Marc,Barry,53534441
Marc,Smith,83298970
Lea,Barry,44765659
Lea,Smith,43094885
Harry,Ferguson,52782523
Harry,Barry,77138254
James,Smith,49123633
Marc,Angus,41636763
James,Smith,58634321
Beatrix,ohairy,44562230
Beatrix,Ferguson,36569330
James,Ferguson,67033173
Lea,Barry,87202183
Charlotte,ohairy,13184075
James,Angus,63151184
Marc,Barry,74551309
Harry,ohairy,33198599
Marc,ohairy,34239851
Charlotte,Barry,34152904
Marc,ohairy,15950364
Charlotte,Ferguson,12458342
James,Ferguson,31042177
Harry,Ferguson,78545978
Charlotte,Angus,72723161
Lea,Angus,12029014
Harry,Angus,41594945
Harry,Barry,82162149
James,Barry,18180912
Charlotte,Barry,45465193
Charlotte,ohairy,64325759
James,Smith,33098942
Beatrix,Barry,89564545
Beatrix,Mcintosh,14668257
Lea,Ferguson,86589294
Lea,Mcintosh,57298432
Beatrix,Ferguson,78806798
Marc,Smith,66388088
Harry,Mcintosh,85728028
Beatrix,ohairy,56780820
Charlotte,ohairy,30527511
Harry,Barry,67441545
Harry,Smith,72362546
Marc,Angus,37347692
Harry,Smith,14102832
Beatrix,Ferguson,76763060
Lea,Angus,77998490
Lea,ohairy,61746141
Harry,Angus,35618017
Marc,Angus,70172378
Charlotte,ohairy,74630269
Charlotte,Mcintosh,26851048
Marc,Smith,73832007
James,Smith,84492345
Harry,Angus,17590791
Charlotte,Barry,62314017
James,Barry,37601038
Harry,ohairy,87410407
Harry,Barry,36962201
Harry,Ferguson,39100341
Beatrix,Barry,28613020
Harry,Mcintosh,71372699
Beatrix,Barry,22773475
Lea,Smith,57923652
Marc,Barry,58166607
Lea,Mcintosh,49441015
Marc,Smith,80819096
Harry,Mcintosh,42801550
James,Smith,70792868
Harry,Ferguson,17134189
Charlotte,Smith,62183731
Charlotte,Barry,47254383
Charlotte,Barry,69979740
Beatrix,Mcintosh,19257771
James,Barry,56843843
James,Ferguson,15253635
Charlotte,Ferguson,62928475
Lea,Angus,14410902
Marc,ohairy,64808899
Charlotte,Ferguson,35330065
Charlotte,Ferguson,83697221
Charlotte,Mcintosh,15650119
James,Barry,15113819
James,Barry,81385416
Harry,Smith,42506581
Beatrix,Barry,14923097
