First Name,Last Name,Matriculation
Beatrix,Barry,39780107
Beatrix,Angus,26812325
Harry,Angus,21953137
Charlotte,Angus,39249728
Lea,Barry,42155035
Beatrix,Mcintosh,78461028
Charlotte,Barry,19371561
Beatrix,Smith,38139128
Lea,Smith,84710196
Beatrix,Barry,26089618
Beatrix,ohairy,17600629
Marc,Smith,10781914
Beatrix,Barry,52377921
Harry,Barry,10124296
James,Barry,32807212
Marc,Ferguson,29943178
Lea,Angus,29052611
Harry,Mcintosh,61990968
James,Smith,12849257
James,Smith,24601900
Marc,Ferguson,73846107
Charlotte,Smith,31906264
James,Angus,16463906
Harry,Barry,69273510
Lea,Angus,41070023
Charlotte,Angus,38517054
Charlotte,Ferguson,55209422
Lea,Barry,30669031
Marc,Barry,74638275
Lea,Smith,87854672
Beatrix,ohairy,38004626
James,Ferguson,65211385
James,ohairy,61627660
Marc,Barry,13635019
James,Barry,17166072
Harry,ohairy,74003881
Charlotte,ohairy,15735284
Charlotte,Mcintosh,84129367
Charlotte,Smith,27371516
Marc,Barry,63689293
Marc,ohairy,67492313
Lea,Angus,82156675
Charlotte,Ferguson,26190836
Charlotte,Angus,36616507
Harry,Barry,58362490
James,Angus,42550835
James,Smith,80997933
Beatrix,Angus,66988572
Marc,Angus,10060772
Charlotte,Smith,26665603
Charlotte,Smith,85009424
Harry,Ferguson,23903069
Marc,Ferguson,79469966
Beatrix,Angus,22059090
Lea,ohairy,88862511
James,Mcintosh,62141437
Beatrix,Ferguson,24102114
Marc,Barry,85753059
Beatrix,Barry,28966247
Charlotte,Angus,26957349
Marc,Mcintosh,62578870
Charlotte,Mcintosh,89659011
Charlotte,Barry,51352582
Harry,Angus,83777856
Charlotte,Mcintosh,58193952
Marc,Ferguson,29465259
Harry,ohairy,21995517
James,Smith,38938471
Marc,Angus,73487541
Harry,Smith,35608370
Lea,Mcintosh,16441578
Beatrix,ohairy,13587057
Beatrix,Angus,37757307
Beatrix,Barry,60991442
James,Angus,24403906
Beatrix,ohairy,29638616
Beatrix,Ferguson,72987650
Charlotte,Barry,77543081
Marc,Ferguson,53640873
James,Mcintosh,51133281
Harry,ohairy,22079027
Harry,Barry,48196700
Lea,Ferguson,32470008
Harry,Smith,66716790
Harry,Mcintosh,49074028
Lea,Mcintosh,34805432
James,Mcintosh,25945492
James,Angus,54485023
Beatrix,ohairy,65710346
Marc,Smith,15487854
Harry,ohairy,81415981
Beatrix,Smith,39911850
James,Mcintosh,75212359
James,Mcintosh,31701217
Lea,Barry,87138726
Beatrix,ohairy,71648430
Harry,Mcintosh,41946870
Charlotte,Angus,11581553
Lea,Angus,44589143
Lea,Angus,33197259
