First Name,Last Name,Matriculation
Beatrix,ohairy,50286568
Marc,Smith,85668793
Lea,Ferguson,45992435
James,ohairy,29384222
Beatrix,ohairy,22269634
Beatrix,Mcintosh,20249496
Lea,Smith,36008707
Beatrix,ohairy,54358929
Lea,Barry,63316031
Beatrix,Mcintosh,36505461
Lea,Barry,28285594
Beatrix,Smith,85962502
Charlotte,Angus,23164756
Beatrix,ohairy,88479262
Lea,Angus,76192486
James,Mcintosh,60779260
Beatrix,Ferguson,38906668
Marc,Barry,62297349
Beatrix,Barry,48355959
James,Mcintosh,39937690
Beatrix,Barry,22489901
Lea,Angus,76464831
Marc,Ferguson,10488222
James,Ferguson,48327160
Beatrix,Ferguson,69474581
Beatrix,ohairy,38843968
Harry,ohairy,86744724
Charlotte,Ferguson,81487257
James,Mcintosh,17366964
Marc,Angus,70049293
James,Ferguson,31288761
Charlotte,Mcintosh,37517770
Harry,Angus,42313004
Lea,ohairy,65280026
James,Mcintosh,21809148
Marc,ohairy,47451203
Lea,ohairy,60626850
Lea,Ferguson,36290146
Marc,Barry,82533057
Lea,Barry,42681635
James,Smith,51491740
Harry,Mcintosh,12984867
Harry,Ferguson,51407070
Beatrix,Angus,78915726
Charlotte,ohairy,75080925
Lea,Smith,15925238
James,Mcintosh,69200618
Harry,Smith,10443761
Harry,ohairy,76633591
Beatrix,Mcintosh,44112547
Harry,Smith,19823452
James,ohairy,32299136
Marc,Angus,18741540
James,Ferguson,60349319
James,Smith,12307973
Lea,Angus,87906410
Marc,Barry,42666250
Lea,Barry,71407046
Marc,Mcintosh,73138146
Beatrix,Mcintosh,83261917
Charlotte,ohairy,27739720
Harry,Smith,88319574
James,ohairy,20137420
Beatrix,Angus,50821590
Beatrix,ohairy,25012517
James,Barry,42125704
Marc,ohairy,10465413
Beatrix,Mcintosh,75093169
Lea,Mcintosh,65472383
Marc,Angus,36878188
Marc,Smith,67583543
Lea,Smith,82466442
Charlotte,Ferguson,55910199
James,Barry,62902348
Harry,Angus,34589721
Lea,Smith,75178585
Beatrix,Ferguson,35575386
James,Angus,61374780
Lea,ohairy,82851414
Marc,Smith,40961753
James,Mcintosh,86879068
Lea,Mcintosh,29726262
Beatrix,Ferguson,87100839
Harry,Ferguson,53313208
Beatrix,ohairy,18190189
James,Barry,23606286
Charlotte,Barry,11350553
James,Angus,77878232
Lea,Barry,73088108
Marc,ohairy,43081831
James,Barry,25815545
Charlotte,ohairy,60352346
Lea,Barry,38509989
Charlotte,Ferguson,27151566
Charlotte,Barry,43378722
James,Smith,83111028
Marc,Ferguson,17626924
James,Mcintosh,50969436
James,Barry,59479657
Beatrix,Smith,83260858
