First Name,Last Name,Matriculation
Lea,Angus,65867533
Harry,Ferguson,39023464
Beatrix,Angus,58406531
Charlotte,Angus,73051746
James,Barry,51810275
Marc,Barry,36977260
Beatrix,Barry,15513013
Charlotte,Mcintosh,15669493
Charlotte,Angus,20469406
Charlotte,Ferguson,68149395
James,ohairy,49390867
James,Smith,77028028
Beatrix,Angus,85041939
James,Angus,79335837
Charlotte,Barry,49758407
James,Smith,62577683
James,Mcintosh,63560459
Charlotte,Smith,26307704
Charlotte,Barry,37877423
Beatrix,Mcintosh,12145210
James,Barry,67565866
James,Smith,59823860
Harry,Angus,65267177
Marc,Barry,85848047
James,Smith,32426913
Beatrix,Mcintosh,79820743
Lea,Smith,31870997
Beatrix,ohairy,52221781
Beatrix,Smith,84714705
Beatrix,Angus,12546763
Charlotte,Smith,51207005
Harry,Barry,15880761
Marc,ohairy,12292770
Harry,Smith,22598879
Charlotte,Ferguson,62662642
Lea,Barry,25750945
Lea,Mcintosh,27966961
Marc,Mcintosh,80823123
Marc,Barry,14451537
Lea,Ferguson,79185778
Charlotte,Barry,82529952
James,Ferguson,24273008
Charlotte,Angus,71577308
Charlotte,ohairy,34912220
Charlotte,Ferguson,25037811
Charlotte,Mcintosh,39703862
Beatrix,Ferguson,57142494
James,ohairy,37393019
Lea,Barry,51105905
Harry,Mcintosh,86664803
Harry,ohairy,72793362
Beatrix,ohairy,83047756
James,Smith,69291388
Marc,ohairy,72481292
Charlotte,Ferguson,83309142
Beatrix,Angus,75279981
James,Angus,57825891
Lea,ohairy,68286045
James,Barry,47274351
James,Angus,79051884
Beatrix,Barry,70239027
Harry,Barry,44403567
Beatrix,Ferguson,77734409
Beatrix,ohairy,31020120
Marc,Angus,71198845
James,Ferguson,47606599
Beatrix,Smith,84786064
Marc,Smith,55668787
James,Mcintosh,54863203
Harry,Angus,38246923
Marc,ohairy,20032433
Marc,Barry,82176211
Charlotte,Smith,38614745
Marc,Barry,61011841
Charlotte,Mcintosh,53342688
Harry,Mcintosh,81795512
Harry,Ferguson,19759022
James,ohairy,15071795
Lea,Angus,12333602
Lea,Barry,14690341
Marc,Angus,59909463
Beatrix,Angus,52169023
Beatrix,Mcintosh,47318723
James,ohairy,27779101
James,ohairy,18550963
Harry,Smith,69593722
James,Smith,15219243
Harry,Smith,37618297
Lea,Angus,76694646
Marc,Angus,45290934
Marc,Ferguson,60117034
Harry,Angus,68000424
Charlotte,Barry,56404479
Beatrix,Angus,30786040
Lea,Smith,54296214
Lea,Mcintosh,48785809
James,Barry,42792204
Charlotte,Mcintosh,59957221
Lea,Mcintosh,12607201
Beatrix,Smith,57919616
