First Name,Last Name,Matriculation
Marc,Smith,28641137
Marc,Smith,87835689
Charlotte,Ferguson,58762576
James,Smith,88575242
Harry,ohairy,53304246
Lea,Barry,28048245
Beatrix,Barry,68697413
Marc,Barry,47708178
Marc,Mcintosh,71391862
Harry,Mcintosh,11963989
Harry,ohairy,35185102
Marc,Barry,42106813
Charlotte,Mcintosh,79004269
Harry,Barry,70225203
Lea,Angus,17560090
Beatrix,Barry,51781516
Lea,Barry,12537465
Lea,Smith,31109677
Beatrix,Smith,57051381
Marc,ohairy,26530307
Beatrix,Barry,20405470
Beatrix,Angus,87696209
Beatrix,Angus,54368716
James,Barry,19399366
Harry,ohairy,55334973
Harry,Angus,14039491
Charlotte,Barry,68139117
Lea,ohairy,32208199
Harry,Smith,40491181
James,Angus,22489744
Charlotte,Smith,28036900
Beatrix,ohairy,51549733
James,ohairy,58679955
James,Mcintosh,54411931
Harry,ohairy,24777311
Charlotte,Angus,10154121
Marc,ohairy,54177586
Charlotte,ohairy,28025440
James,Ferguson,53016632
Marc,Angus,61117321
Harry,Mcintosh,78655555
Harry,Barry,48724798
James,ohairy,45352607
Beatrix,ohairy,54395503
Lea,Mcintosh,78944903
James,Mcintosh,15471135
Beatrix,Barry,30553061
James,Barry,83929231
Lea,Angus,22434834
Marc,Angus,20230478
Marc,Barry,45516353
Charlotte,Mcintosh,86931242
Charlotte,ohairy,89130474
Harry,Angus,55606584
Beatrix,Mcintosh,12382345
Charlotte,Smith,86433172
Harry,Smith,72818141
James,Ferguson,48973533
Beatrix,Smith,39199442
Harry,Mcintosh,47404938
Harry,Angus,71032237
Charlotte,ohairy,27186739
Marc,Barry,82278475
Charlotte,ohairy,52076847
James,Barry,41652276
Harry,Barry,40051729
Lea,ohairy,14479035
Charlotte,Ferguson,38489508
Harry,Ferguson,17108093
Harry,Mcintosh,36957869
Charlotte,Smith,35935064
Harry,ohairy,40245641
Charlotte,Barry,35348363
Marc,Mcintosh,49423183
James,Ferguson,48479862
Lea,Angus,49345532
Lea,Ferguson,38065215
Lea,Barry,67564113
Harry,Smith,43735250
Marc,Smith,33783626
Beatrix,ohairy,40406629
Charlotte,ohairy,11243006
Beatrix,Smith,18553397
James,Smith,12200376
Charlotte,Barry,44275875
Marc,Angus,88827630
James,Angus,63794244
Harry,Mcintosh,54088525
Charlotte,Barry,51475733
Lea,Mcintosh,48858732
Beatrix,ohairy,82589558
Beatrix,Ferguson,16161909
Harry,Angus,16061856
Lea,Angus,77240278
Charlotte,Smith,10947895
Harry,ohairy,11132868
Lea,Barry,18790777
James,Mcintosh,23084669
James,Ferguson,66418397
Lea,Mcintosh,36327679
