First Name,Last Name,Matriculation
Marc,Barry,32514110
Harry,Mcintosh,18199211
Beatrix,Barry,22598544
Marc,Smith,66904814
Beatrix,Smith,15200370
Beatrix,Ferguson,59618021
James,Ferguson,78077266
Charlotte,ohairy,10461155
Beatrix,Angus,23819938
Marc,Ferguson,19510190
Harry,Mcintosh,61675270
Marc,Smith,82616064
Beatrix,Mcintosh,40074983
Lea,Smith,13409390
Marc,Angus,29475141
Marc,Barry,38754319
Harry,Barry,11919510
Lea,Ferguson,88072253
Marc,Mcintosh,13507757
James,Ferguson,74152466
James,Angus,12435641
Lea,Mcintosh,77059784
Beatrix,Mcintosh,51873866
James,ohairy,29459839
Charlotte,Barry,65810542
James,Mcintosh,10625849
Marc,Smith,58150023
Charlotte,ohairy,38694530
Charlotte,Ferguson,78847644
Charlotte,Angus,27424237
James,ohairy,37924432
James,Ferguson,36207824
James,ohairy,33186094
Beatrix,Barry,83117155
James,Smith,63622167
Beatrix,Smith,24302948
Charlotte,Smith,16349018
Marc,Barry,41321902
Lea,Mcintosh,40138621
Harry,Ferguson,38902835
Charlotte,Mcintosh,34222345
Beatrix,Mcintosh,42753377
Harry,Mcintosh,30501769
Charlotte,Barry,51067715
Charlotte,Ferguson,36405417
Harry,Smith,62210801
Lea,Mcintosh,75253696
Harry,Mcintosh,40813782
Harry,Mcintosh,59951710
James,Smith,31662780
Charlotte,ohairy,78295833
Lea,Barry,51400750
Marc,Ferguson,71149226
James,Mcintosh,13408180
Lea,Smith,19823175
James,Smith,81220137
Lea,ohairy,22178145
Charlotte,Barry,18653135
Beatrix,Mcintosh,89394091
Beatrix,ohairy,22094341
Marc,ohairy,11964192
Charlotte,Angus,75373873
Marc,Angus,38836711
Beatrix,Smith,82187112
Lea,Ferguson,21611707
Lea,Angus,46307812
James,Ferguson,78888619
Lea,Smith,20341209
Beatrix,Smith,21750109
Charlotte,Angus,18361389
Harry,Ferguson,54080703
James,Smith,63725593
Lea,ohairy,67358825
James,Angus,28732353
Lea,Barry,51928066
James,Ferguson,71163366
Charlotte,Angus,55803211
Beatrix,Smith,63379517
Harry,Ferguson,34299172
Beatrix,Mcintosh,28701248
Charlotte,Angus,45711458
Charlotte,Barry,12488829
Marc,Ferguson,48645935
Lea,Barry,64713208
Harry,Barry,62547845
Harry,ohairy,49461745
Harry,Barry,31645639
Charlotte,ohairy,86773828
Charlotte,Ferguson,20452485
Lea,Angus,49434757
Lea,Barry,56025269
James,Ferguson,75306290
Charlotte,Smith,73300426
James,Ferguson,44588933
Marc,Mcintosh,28369549
James,Ferguson,77983545
Harry,Smith,22916484
James,Mcintosh,13882403
James,ohairy,32456276
Marc,Smith,64126255
