First Name,Last Name,Matriculation
Lea,Barry,16016280
Marc,Ferguson,89002457
Charlotte,ohairy,20439580
Charlotte,Barry,53920591
Beatrix,Barry,18031885
Marc,Ferguson,23211681
Charlotte,Angus,89449470
James,Angus,67292782
Charlotte,Smith,88417998
Beatrix,Smith,24649312
Marc,Ferguson,77237365
Harry,Angus,31971342
Charlotte,Angus,89783930
Marc,Ferguson,75294969
Marc,Barry,73835405
Harry,ohairy,78522005
Charlotte,Mcintosh,26064040
Lea,Mcintosh,49055868
Lea,Smith,73178751
Marc,Ferguson,14849925
Marc,ohairy,72331190
Lea,Barry,31050510
Harry,Mcintosh,56410929
Harry,Angus,66532494
Lea,ohairy,72326931
Lea,Angus,31016738
James,Angus,35045565
Lea,Smith,85838693
Beatrix,ohairy,78977156
Harry,Ferguson,67024791
Beatrix,Angus,50959280
Charlotte,Ferguson,22155721
Harry,ohairy,66893188
Harry,Smith,42761175
Charlotte,Mcintosh,25114206
Lea,Barry,50205820
Harry,ohairy,77889236
James,Angus,64472250
Lea,ohairy,11054132
Lea,Barry,44025502
James,Smith,88924871
Lea,Barry,65380605
Lea,Smith,29060121
Lea,Angus,11999778
Marc,Ferguson,25426013
Marc,Ferguson,89573440
Beatrix,Mcintosh,16556131
Harry,Mcintosh,74399239
Marc,ohairy,52024920
Marc,ohairy,44481478
Charlotte,Mcintosh,56607925
Beatrix,Mcintosh,60985670
Harry,ohairy,75627121
Beatrix,Angus,81206307
Beatrix,Barry,87357597
Harry,Barry,28182121
Charlotte,ohairy,39511894
Charlotte,Mcintosh,80226854
Harry,Smith,57108861
James,Ferguson,42679850
Marc,ohairy,34757700
Charlotte,ohairy,29732006
Charlotte,Ferguson,86156265
James,Smith,52107807
Marc,Smith,25177009
Charlotte,Mcintosh,41171481
Marc,Angus,44152369
Lea,ohairy,37331656
Charlotte,Ferguson,55688486
James,Angus,69992161
Harry,Ferguson,32883419
Marc,Angus,85440366
Lea,Mcintosh,60213303
Charlotte,Angus,34889427
Harry,Smith,29000188
Harry,Mcintosh,82427679
Harry,Barry,86693558
Charlotte,Ferguson,69978889
Harry,Angus,50819792
James,Barry,18034405
Marc,ohairy,46498134
Charlotte,ohairy,37868283
Marc,Ferguson,66124348
Harry,Mcintosh,86349638
Marc,Barry,38121391
Beatrix,ohairy,53481938
Marc,ohairy,42298068
Marc,Ferguson,15093040
Charlotte,Ferguson,22497327
Lea,ohairy,45762463
James,ohairy,85637904
Charlotte,Mcintosh,45393401
Charlotte,Ferguson,81345180
Marc,Mcintosh,17256709
Harry,Smith,69555458
Harry,ohairy,15705443
Harry,Smith,53488632
Beatrix,Angus,49848316
Charlotte,Mcintosh,41667175
James,Ferguson,42668303
