First Name,Last Name,Matriculation
Charlotte,Ferguson,75032006
Lea,Angus,42079638
Harry,Mcintosh,37549997
Harry,Angus,34853285
Harry,Barry,38131017
Harry,Mcintosh,13857374
James,Mcintosh,37931299
Marc,Mcintosh,29657054
Marc,Angus,63217569
James,Mcintosh,35822873
Lea,Barry,68013394
Lea,Barry,41449200
Harry,Mcintosh,83843777
Harry,Angus,14113267
James,Barry,40909257
Lea,Mcintosh,25163730
Harry,Smith,26606579
Marc,Ferguson,29708072
Lea,Angus,48585360
Beatrix,ohairy,82204722
Lea,Angus,80339792
Charlotte,Smith,16549260
James,Smith,77278268
Charlotte,Angus,28424803
James,Smith,51332811
Beatrix,ohairy,39231529
Lea,Ferguson,59616906
Marc,Angus,53435540
Marc,Mcintosh,27662490
Lea,Ferguson,88279749
Harry,ohairy,62386639
Marc,Angus,74132885
Harry,Ferguson,44851699
Charlotte,Mcintosh,83863805
Charlotte,Ferguson,63610202
Lea,Mcintosh,66225469
James,Smith,72805594
Charlotte,Mcintosh,42740087
James,Smith,79623900
Marc,ohairy,28995613
James,Barry,32463026
Beatrix,Angus,26777611
Beatrix,Angus,46308607
Harry,Mcintosh,22222652
Marc,Mcintosh,23834733
James,Barry,70448304
Beatrix,Barry,89636977
Beatrix,Smith,24075050
Beatrix,Ferguson,41298905
Lea,Angus,67120560
Charlotte,Mcintosh,74018608
Lea,Barry,24532088
Marc,ohairy,67731626
Charlotte,Ferguson,68019665
Marc,Angus,41496234
Marc,Angus,38005174
Marc,Barry,21763792
Lea,Ferguson,78699248
Charlotte,Mcintosh,65570126
Beatrix,Smith,70281620
James,Ferguson,78500189
Charlotte,ohairy,16112251
Charlotte,Barry,53223041
Marc,Angus,17241678
Harry,Angus,37881924
Lea,Barry,67020944
Marc,Angus,19542420
Marc,ohairy,52328573
James,Angus,76204965
Lea,Smith,31329629
James,Barry,73704393
James,Angus,69126123
Beatrix,Mcintosh,30478407
Harry,Smith,17100259
Marc,ohairy,42534607
Lea,Barry,10994989
James,Angus,70600312
Lea,ohairy,56780868
Beatrix,ohairy,32120823
Beatrix,Barry,39598617
Beatrix,Ferguson,57856945
Charlotte,Barry,41336217
Beatrix,Angus,74648500
Marc,Barry,60277442
Lea,Barry,25338298
Marc,Ferguson,44369333
James,Angus,41662988
Lea,Barry,63617244
Harry,Smith,79023876
Charlotte,Angus,57632196
James,Ferguson,22015325
Harry,Ferguson,27581279
Harry,Mcintosh,59780989
Charlotte,Barry,70606871
Charlotte,Smith,10789939
Beatrix,ohairy,88812098
Charlotte,Mcintosh,65369892
Lea,Ferguson,77237254
Marc,Angus,67073777
Beatrix,Ferguson,20529429
