First Name,Last Name,Matriculation
Lea,Smith,67414240
Beatrix,Ferguson,74248299
Lea,ohairy,38689350
Marc,Ferguson,79378336
James,ohairy,56413277
Charlotte,Ferguson,38430594
Marc,ohairy,45601448
James,Smith,36310930
Lea,Angus,48977844
Beatrix,Ferguson,40122046
Lea,Mcintosh,40229820
James,Smith,34359411
Lea,Angus,75876136
Marc,Angus,21044034
James,Barry,18785815
Charlotte,Angus,38039828
Lea,Angus,23741707
Beatrix,Angus,79894300
Charlotte,Ferguson,60219059
James,Barry,52741412
Lea,Barry,22362979
James,Barry,55474248
James,Ferguson,15015217
Harry,Mcintosh,13875455
Beatrix,Ferguson,68804644
Beatrix,Smith,20708134
Marc,ohairy,58186303
Harry,Mcintosh,77304497
James,Ferguson,13258196
Harry,Ferguson,16151070
Charlotte,Mcintosh,65133516
Marc,ohairy,78359008
Charlotte,Angus,89529929
Charlotte,Mcintosh,35307412
Lea,Angus,78720573
Charlotte,Barry,70644572
Marc,Mcintosh,67872234
Charlotte,Mcintosh,31091506
Marc,Angus,19159102
Marc,Barry,76297998
James,Mcintosh,60571671
James,Ferguson,54764630
Harry,Ferguson,85871449
Charlotte,Mcintosh,42634368
Lea,Ferguson,56750674
Harry,ohairy,72803155
Charlotte,ohairy,84960811
Charlotte,Ferguson,65907868
James,Angus,35300002
Charlotte,Ferguson,59449722
Marc,ohairy,11936159
Harry,ohairy,22125651
Harry,Smith,37906073
Beatrix,Ferguson,46538317
James,Barry,86097251
Harry,Smith,57094658
Marc,Barry,20274836
Charlotte,Ferguson,35420549
James,Barry,11787276
James,Mcintosh,68249937
Harry,Smith,62380406
Marc,Mcintosh,36636039
Harry,Ferguson,55448708
Harry,ohairy,27818342
Beatrix,Smith,45180008
Lea,ohairy,46106308
Beatrix,Smith,53594938
James,Ferguson,64494082
Lea,Smith,52658515
James,Angus,61978536
Beatrix,Mcintosh,64288921
James,Angus,62398017
James,ohairy,69302676
Beatrix,Angus,35284478
Charlotte,Mcintosh,66455993
Harry,Mcintosh,56599748
Marc,Mcintosh,49449563
Beatrix,ohairy,86557446
Harry,Smith,27090292
Beatrix,Smith,62437002
Beatrix,Angus,67968143
Lea,Angus,73103757
Beatrix,Mcintosh,18037908
Beatrix,Ferguson,76313658
Marc,Mcintosh,20232744
Charlotte,Ferguson,84986883
Charlotte,Mcintosh,44231024
Charlotte,Ferguson,84389337
Beatrix,Barry,29732027
Lea,ohairy,71041874
Charlotte,Mcintosh,84964304
Harry,Angus,87918136
Charlotte,Angus,27269176
James,Smith,87164040
Charlotte,ohairy,39700692
Marc,Mcintosh,55532839
James,Barry,75098890
Beatrix,Barry,49695273
Marc,Barry,19066379
Marc,Mcintosh,11715014
