First Name,Last Name,Matriculation
Harry,ohairy,18588655
Beatrix,Smith,78828234
James,Ferguson,38734646
Harry,Ferguson,87839187
James,Mcintosh,79731420
Harry,Mcintosh,28820293
Harry,ohairy,62858195
Charlotte,Smith,42317828
Beatrix,Smith,25441916
Charlotte,Barry,85054439
James,Angus,46765150
Lea,Angus,31365234
James,Mcintosh,28346748
Lea,Barry,17100505
Beatrix,Angus,58291851
Harry,Angus,33784939
Lea,Barry,42116945
Beatrix,Angus,87664831
Lea,Smith,56115028
Harry,Smith,58981955
Beatrix,Ferguson,54726672
Marc,Smith,21947427
James,Smith,79859901
Lea,Mcintosh,48260600
Harry,ohairy,40254146
Marc,ohairy,62878497
James,Mcintosh,13364082
Lea,Smith,38204240
Beatrix,Barry,54650579
Charlotte,Mcintosh,27564772
Harry,Ferguson,59800411
James,Mcintosh,67669447
Harry,Barry,56376278
Harry,Barry,78535161
Marc,Ferguson,35288246
Beatrix,ohairy,81883398
Harry,Barry,29848480
Harry,ohairy,63827045
Harry,ohairy,37373856
Harry,Barry,63815042
James,Mcintosh,80201825
Harry,ohairy,47570611
Charlotte,Angus,46295450
Marc,ohairy,57193635
Charlotte,ohairy,27940315
Charlotte,ohairy,76427109
Harry,Barry,37053389
Lea,ohairy,42660483
James,Angus,62231689
Harry,Angus,39986764
Lea,Ferguson,45189411
Harry,Angus,89491469
Harry,ohairy,28414838
James,Smith,22538205
Marc,Ferguson,46364833
James,ohairy,29421275
Marc,Ferguson,28199742
Lea,Angus,45202821
James,Barry,63439062
Charlotte,Mcintosh,44808949
Marc,Barry,38817826
Charlotte,Angus,31009345
Charlotte,Ferguson,57861339
Charlotte,ohairy,87395964
Charlotte,Smith,13452399
Beatrix,Angus,48209012
Marc,ohairy,80208810
James,Angus,87436718
James,Angus,44667500
Lea,Barry,42768013
Marc,Barry,74417378
Marc,Mcintosh,84478741
Charlotte,Smith,60417101
Beatrix,ohairy,21337812
James,Mcintosh,59713798
Charlotte,ohairy,12344721
Harry,ohairy,86843198
Charlotte,Mcintosh,70191534
Marc,Mcintosh,89042346
Charlotte,Smith,39229419
Beatrix,Barry,86012871
Beatrix,Mcintosh,19680622
Marc,Ferguson,68988686
James,Angus,54590526
Charlotte,Ferguson,75397326
Harry,Mcintosh,89321625
Marc,ohairy,55360763
Marc,Mcintosh,89643194
Marc,Mcintosh,13335793
Lea,Angus,30276990
Lea,Ferguson,17826259
Beatrix,ohairy,64197716
Harry,Ferguson,65175010
James,Barry,12352684
Lea,Ferguson,64918852
Lea,ohairy,68723628
Charlotte,ohairy,11112600
James,Angus,44408891
James,ohairy,73343621
Marc,Ferguson,66610127
