First Name,Last Name,Matriculation
Harry,Angus,77900627
Marc,Mcintosh,74941478
Harry,ohairy,80782844
Beatrix,Ferguson,38128483
Harry,Barry,16038989
Harry,Ferguson,51518061
James,Barry,79045834
Charlotte,Smith,61830749
Marc,ohairy,17478401
James,Mcintosh,71137733
Harry,Barry,15222129
Charlotte,Smith,27022359
Harry,Angus,38328499
Marc,Smith,22884903
Beatrix,Mcintosh,23272437
Beatrix,Ferguson,16942399
Charlotte,Angus,54859631
James,Barry,24498470
Lea,Angus,76837267
Marc,Angus,33401846
Lea,Ferguson,87026789
Harry,Ferguson,43269743
James,Barry,37285850
Beatrix,Barry,62491793
Beatrix,ohairy,67659037
Lea,Smith,85512197
Harry,ohairy,15882777
James,ohairy,11967402
Marc,Smith,52380028
Charlotte,Angus,17755192
Lea,Angus,53699632
Lea,Ferguson,81805420
James,ohairy,30829988
Charlotte,Barry,82801130
Charlotte,Mcintosh,48841378
Harry,ohairy,67318660
Harry,ohairy,34304213
Beatrix,ohairy,30321598
Lea,Barry,59697412
James,ohairy,41443063
James,Barry,22308890
Charlotte,ohairy,17563023
Beatrix,Smith,55683908
James,Smith,69622457
Beatrix,ohairy,51057496
Charlotte,ohairy,32891021
Beatrix,ohairy,54913212
Beatrix,ohairy,39842665
Marc,Mcintosh,39162765
Harry,ohairy,18237275
Lea,ohairy,63953360
Lea,Smith,42823483
Marc,Mcintosh,58403201
Marc,Barry,72181263
James,ohairy,87755183
James,Angus,65612513
James,Barry,52590752
Marc,Smith,45397831
Marc,Smith,47239099
James,Mcintosh,62478616
Harry,Mcintosh,64842973
Beatrix,Smith,71891867
Beatrix,ohairy,73068380
Beatrix,Barry,20117154
Lea,Barry,85316584
Charlotte,ohairy,85235879
Charlotte,Barry,71548545
Beatrix,ohairy,76737687
Harry,Smith,89864230
Harry,Smith,55318832
Harry,ohairy,18756145
Charlotte,Angus,80956815
Beatrix,Angus,31867066
Lea,Ferguson,33272493
Charlotte,Barry,57432544
Charlotte,Barry,78386234
Harry,ohairy,36882068
Marc,Angus,15593826
Lea,ohairy,20308941
Harry,Ferguson,73721558
Marc,Barry,86040661
Marc,Mcintosh,72647891
Harry,Smith,52829620
Beatrix,Barry,45114878
Beatrix,Angus,79715050
Beatrix,Mcintosh,73257307
Harry,ohairy,65686161
James,Barry,74483465
Lea,Ferguson,78955517
Beatrix,Ferguson,14182308
Harry,Ferguson,86981166
Beatrix,Angus,56911362
Harry,ohairy,12247763
Beatrix,Smith,24753762
Lea,Smith,63211038
James,Angus,48796194
Charlotte,Barry,87032191
James,Smith,30069722
Harry,Smith,40190558
James,Barry,68999287
