First Name,Last Name,Matriculation
Harry,Smith,33103963
James,Barry,17145746
Marc,Mcintosh,20125615
Charlotte,ohairy,80470192
Harry,Smith,86739024
Harry,Barry,56297936
Charlotte,Smith,44011401
Beatrix,Smith,21774346
Marc,ohairy,31057434
Beatrix,ohairy,74469891
Charlotte,Barry,63079123
James,Mcintosh,13565714
James,Mcintosh,11002030
Marc,Barry,36817934
Lea,Barry,23835415
Lea,Mcintosh,80960226
Marc,Barry,47130507
Harry,Smith,38659252
Lea,Barry,22900126
Harry,Smith,44391522
James,Mcintosh,60818631
Lea,ohairy,88451901
Lea,Angus,88919072
Lea,Mcintosh,84672954
James,Barry,29239339
Charlotte,ohairy,11187433
Lea,Angus,85188036
Charlotte,Ferguson,22067831
Marc,Ferguson,89422380
Marc,Barry,60246863
James,ohairy,33316793
Harry,ohairy,13900799
Harry,Angus,50844578
Marc,Mcintosh,53960487
Marc,ohairy,53219471
James,Barry,88307668
Harry,Ferguson,86559199
Charlotte,Ferguson,20594808
Harry,Angus,23566279
James,Angus,43596655
Harry,Angus,17398081
Lea,Ferguson,37907810
Marc,Mcintosh,46006777
Beatrix,Mcintosh,84270156
Charlotte,Ferguson,88712427
Harry,Mcintosh,11767886
Lea,ohairy,76511599
Charlotte,Ferguson,56700180
James,ohairy,26370562
Lea,Angus,83356120
Lea,Barry,49436895
Charlotte,Barry,70104440
Marc,ohairy,15326558
Lea,Ferguson,77073718
Lea,Smith,40669212
Lea,ohairy,22804366
Lea,Barry,52622858
Beatrix,Smith,79849010
Beatrix,ohairy,78915808
James,Smith,69614129
Lea,ohairy,74774175
Beatrix,Mcintosh,44375447
Harry,Smith,28409818
Harry,Barry,79674168
Harry,Angus,70697199
Harry,Smith,83796633
James,Smith,19223352
Beatrix,Angus,66199946
Beatrix,Barry,80780655
Lea,ohairy,84805514
Harry,ohairy,26606110
Lea,Mcintosh,10845868
Harry,Barry,78487411
Marc,Barry,43264869
Marc,Barry,76542363
Lea,Mcintosh,79127191
James,ohairy,78866350
Lea,Barry,56467803
Lea,Smith,34984727
James,ohairy,56366285
Harry,Smith,89432063
Harry,Ferguson,23927708
Beatrix,Mcintosh,59809336
Beatrix,Angus,27676455
Harry,Angus,89911126
Lea,Smith,45461348
Lea,Angus,85941815
Marc,Barry,20104364
Charlotte,Barry,24371145
Harry,Barry,32771581
Charlotte,Smith,75968382
Beatrix,ohairy,55976564
Marc,Ferguson,39808612
Harry,Ferguson,44980357
Beatrix,Barry,80991930
Lea,Smith,89462913
Marc,Smith,18829031
Beatrix,ohairy,50648235
James,Mcintosh,42984293
Beatrix,Mcintosh,25821352
