First Name,Last Name,Matriculation
Marc,Barry,10271736
Lea,Smith,17887480
Lea,ohairy,41915842
Charlotte,Mcintosh,17781660
Harry,Smith,47162732
Lea,ohairy,82142771
James,Ferguson,44151647
Marc,Barry,17687173
Beatrix,Angus,48495451
Harry,Mcintosh,34049140
Lea,Smith,53651502
Charlotte,Mcintosh,56159214
James,Barry,44431831
Lea,Angus,79517160
Beatrix,Smith,61552919
Charlotte,ohairy,85153203
Harry,Smith,87811254
Beatrix,Smith,48345160
Lea,Angus,60051341
Beatrix,ohairy,14600570
Charlotte,ohairy,70317762
James,ohairy,51898672
Lea,Ferguson,70228074
Charlotte,Ferguson,60774859
Lea,Angus,46087951
Beatrix,Mcintosh,28591322
Charlotte,Barry,51483173
Harry,Smith,50733557
Lea,Smith,31280744
Beatrix,ohairy,55694781
Lea,Barry,48221531
James,ohairy,20327423
James,Smith,37039795
Marc,Smith,75552847
Lea,Barry,41268695
Marc,Ferguson,81280406
Lea,Mcintosh,76439773
Charlotte,Smith,64909458
Harry,Smith,33366560
Charlotte,Mcintosh,29960417
Charlotte,Smith,76040418
James,Barry,55171346
Beatrix,Smith,22665266
Charlotte,Angus,48855919
Harry,Barry,18876170
Harry,Mcintosh,16537525
Lea,ohairy,63493063
Lea,Ferguson,48534269
Beatrix,Smith,88072313
Harry,Barry,67462985
Marc,Smith,27928543
Marc,Smith,67569836
Beatrix,Barry,41671803
Lea,Smith,63067110
Beatrix,ohairy,48546971
Charlotte,Barry,36236449
Harry,Ferguson,18355484
Marc,Ferguson,70486428
Beatrix,ohairy,70187567
Marc,Angus,17145413
James,Mcintosh,25618362
Lea,Angus,82793486
James,Ferguson,28860449
James,Barry,73709967
Marc,Ferguson,82608851
James,Barry,56108477
Beatrix,Barry,31753904
James,Mcintosh,58359501
Beatrix,Smith,46294961
James,ohairy,14278753
James,ohairy,87892864
Charlotte,Ferguson,20547513
James,ohairy,43237524
Beatrix,Barry,40578426
Harry,ohairy,68092437
Marc,ohairy,21766198
Marc,Smith,78036215
Charlotte,Smith,41519389
Charlotte,Mcintosh,41392748
Lea,Angus,59079031
Beatrix,Ferguson,70949848
Beatrix,Smith,86115954
Lea,Barry,72294962
Charlotte,Angus,65220818
Charlotte,ohairy,83051197
James,Barry,40551293
James,Ferguson,31883683
Harry,Angus,40710655
Marc,Ferguson,72128196
Marc,Ferguson,70938642
James,Mcintosh,87689294
Marc,Ferguson,16899984
Charlotte,Smith,19664739
Beatrix,Smith,27871901
Beatrix,Angus,51743578
James,Ferguson,63026256
Marc,Barry,11944794
Charlotte,ohairy,67501908
Beatrix,ohairy,49280863
Charlotte,Angus,64256850
