First Name,Last Name,Matriculation
James,Ferguson,14970146
Beatrix,Angus,72907304
Lea,Mcintosh,32394743
Charlotte,Smith,50491218
James,Barry,47914983
Marc,Smith,20475778
James,Mcintosh,33308698
Harry,Angus,70058327
Charlotte,Barry,38884378
James,Smith,86814973
James,Mcintosh,30795991
Marc,Smith,86506120
Harry,Smith,65523828
Marc,Angus,27708640
Harry,ohairy,73697441
Charlotte,Barry,27045596
Marc,Ferguson,32865042
Marc,Barry,44509171
Marc,ohairy,13114439
Marc,Smith,35809507
Lea,Angus,41728040
James,Barry,84881683
James,Mcintosh,69519322
Marc,Ferguson,64037155
Harry,Barry,79106656
Lea,Barry,37318134
Harry,ohairy,56302904
Harry,Angus,42741383
Harry,Mcintosh,46697424
Charlotte,Angus,21911000
Charlotte,Ferguson,54953536
James,Smith,59688937
Marc,Barry,44633231
James,ohairy,54357868
Lea,Barry,37869284
Beatrix,Mcintosh,15430352
Beatrix,ohairy,23204755
Charlotte,Mcintosh,79364271
Charlotte,Barry,86188240
Marc,Barry,67755434
Charlotte,Angus,63602000
Harry,Barry,87997279
Marc,Angus,87312378
Charlotte,ohairy,13986836
Marc,Barry,80156207
Marc,Barry,70364316
Charlotte,Smith,54892299
Lea,Smith,38618606
Beatrix,Barry,21815023
Beatrix,Barry,89629030
James,Mcintosh,75479061
James,Smith,51134704
Charlotte,Mcintosh,29339988
Beatrix,Angus,42006864
Charlotte,Barry,76393641
Charlotte,Ferguson,21793648
Harry,Angus,44411141
Charlotte,Barry,15843562
Beatrix,Smith,46956281
Harry,Ferguson,64497316
Lea,Barry,84240475
James,Smith,15573816
Marc,ohairy,48379916
Lea,ohairy,79818309
Marc,Smith,56014846
Marc,Barry,57822248
Beatrix,ohairy,58780928
Beatrix,Smith,24388682
Beatrix,Barry,82658168
Charlotte,Barry,26979291
Harry,Angus,50232980
Lea,Smith,79796440
Marc,Ferguson,68905972
Beatrix,Barry,67768301
James,Barry,74044449
Harry,Barry,12830200
Marc,Ferguson,79168870
Beatrix,Angus,12168469
Beatrix,Barry,81166427
James,Smith,63893971
Marc,Angus,65561826
James,Angus,19149073
Charlotte,Barry,25942004
Marc,Smith,69226018
James,Barry,45506857
Harry,ohairy,55340924
James,Smith,13768469
Beatrix,Barry,10348247
Marc,Ferguson,51671947
Charlotte,Barry,78836173
Charlotte,Angus,34963492
Lea,ohairy,55278318
Harry,Angus,49851366
Lea,Mcintosh,50959546
Marc,Barry,13304404
James,Ferguson,68583036
James,Smith,52586401
James,Smith,71856712
James,Angus,78393893
James,ohairy,15857694
