First Name,Last Name,Matriculation
Charlotte,Ferguson,81366021
Lea,Angus,46774322
Beatrix,Smith,83661642
Lea,Angus,75419609
Beatrix,Barry,32881957
Lea,Mcintosh,19633243
Beatrix,ohairy,27344908
Harry,Smith,75988826
Harry,Smith,89555935
Harry,Angus,48877413
James,Angus,34862175
Harry,Angus,76201668
Charlotte,Barry,73745853
Lea,Smith,36735093
Charlotte,Ferguson,20477263
Lea,Smith,21837837
Lea,Barry,26534395
James,Ferguson,13720749
Beatrix,Mcintosh,48269555
Beatrix,ohairy,80647259
Beatrix,Barry,52763428
Charlotte,Barry,30399321
James,Ferguson,27966091
Beatrix,Angus,10028139
Marc,Barry,87894001
Harry,Angus,60139567
Harry,Barry,84038384
Beatrix,Angus,86956931
James,ohairy,14347180
Beatrix,Barry,80799469
Charlotte,Mcintosh,45014850
Lea,ohairy,44053284
Charlotte,Angus,55632154
Marc,Barry,60107032
James,Ferguson,45693699
Marc,Ferguson,73285150
Marc,Ferguson,45060287
Charlotte,Barry,48416774
James,Smith,53915408
Harry,Ferguson,76621047
Beatrix,ohairy,38371772
Marc,Smith,64947917
Lea,Ferguson,48418304
Marc,Ferguson,43545880
Beatrix,Barry,67074475
Lea,Smith,31940301
Charlotte,Barry,62012445
Harry,ohairy,18613019
Beatrix,Mcintosh,51074165
Charlotte,Barry,59428407
Beatrix,Ferguson,22531697
Beatrix,Barry,28048213
Marc,Ferguson,85620483
Beatrix,Ferguson,15579968
Beatrix,Smith,38726219
Beatrix,Angus,59274342
Charlotte,Mcintosh,20623354
Marc,Barry,23598471
James,ohairy,25553518
Charlotte,ohairy,26091119
Marc,Barry,55646789
Beatrix,ohairy,89435395
Lea,Mcintosh,30465515
James,Mcintosh,11012111
Charlotte,ohairy,49454915
Beatrix,Angus,84709272
James,Angus,11779366
Lea,Angus,68724712
Beatrix,Barry,79774594
Marc,ohairy,33106593
Charlotte,Mcintosh,47986241
James,ohairy,60499588
Harry,Ferguson,37007262
Marc,Mcintosh,55516218
James,Mcintosh,45289949
Charlotte,Ferguson,37153084
Beatrix,Barry,30119871
Lea,ohairy,70387065
Charlotte,Mcintosh,14702417
Charlotte,Barry,70138579
Beatrix,Smith,39373574
Lea,Barry,70367842
Marc,Ferguson,71065692
Beatrix,Barry,70632194
Beatrix,Angus,25485495
Beatrix,Ferguson,61889088
James,Mcintosh,69541575
James,ohairy,40832584
James,Mcintosh,42122370
Harry,Mcintosh,73755251
Harry,Mcintosh,86574481
Charlotte,Smith,49202291
Beatrix,Ferguson,85056669
James,Smith,37522418
Beatrix,ohairy,46735682
Charlotte,Ferguson,61667033
Charlotte,Angus,82205644
Lea,Mcintosh,49940034
Beatrix,Barry,70434930
Lea,Barry,17183618
