First Name,Last Name,Matriculation
Marc,Smith,28739202
Marc,Angus,58808520
Marc,Barry,64816754
James,Barry,89744736
Marc,Angus,47324169
Harry,ohairy,87268516
Harry,Barry,86040511
Lea,Angus,31809199
Marc,Ferguson,36655278
Lea,Mcintosh,21644483
James,ohairy,56532283
Marc,Ferguson,58939510
James,Barry,11922218
Charlotte,Ferguson,11768101
Harry,Mcintosh,40860117
Beatrix,Smith,46367763
Marc,Ferguson,30121242
Marc,ohairy,66376707
Beatrix,Angus,80011452
Harry,Ferguson,57966074
Harry,Ferguson,82433642
Beatrix,ohairy,25298091
Harry,Mcintosh,87851824
James,Mcintosh,32179050
Lea,Angus,82313324
Marc,Smith,11440912
Beatrix,Barry,84376785
James,Ferguson,16012880
Marc,Mcintosh,59431493
Beatrix,Barry,82764052
Beatrix,Mcintosh,42359956
Harry,ohairy,17048362
Harry,Ferguson,56513183
Harry,Ferguson,34444150
Beatrix,Mcintosh,86419163
Marc,Angus,89937540
Lea,Mcintosh,18600874
Marc,Ferguson,49504007
Lea,Ferguson,67293856
James,Ferguson,67089908
James,Smith,88921060
Charlotte,Smith,26400729
Charlotte,Angus,76934793
James,Ferguson,35427532
Harry,Smith,28702105
Lea,ohairy,68244237
Lea,Smith,68667820
Charlotte,Mcintosh,17792434
Harry,Ferguson,87568987
Lea,ohairy,58148823
Beatrix,Barry,11299781
Harry,Ferguson,82582346
Lea,Angus,38646263
Lea,Angus,19939283
James,Barry,69694265
James,ohairy,39269763
Charlotte,Barry,38489488
Beatrix,Angus,24235107
Beatrix,ohairy,51519163
Charlotte,Ferguson,81610636
Harry,Smith,21239001
James,Mcintosh,47679002
Charlotte,Barry,20152025
Beatrix,Ferguson,14889335
James,Barry,86986942
Lea,Barry,29218430
Marc,Ferguson,55273014
Beatrix,Smith,68793458
James,Barry,51823251
Charlotte,Smith,35939763
James,Barry,50803098
Lea,Smith,44439807
Marc,Ferguson,88285372
Marc,ohairy,41049428
Lea,Smith,33225831
Charlotte,Angus,68407452
James,ohairy,27810107
Marc,Ferguson,67097802
Charlotte,Angus,15984118
James,ohairy,27839491
Beatrix,Smith,74317995
Beatrix,Barry,49625551
James,Angus,11414293
Harry,Smith,36853268
Charlotte,Barry,45979285
Lea,ohairy,10683422
Harry,Barry,69737590
Lea,Barry,89833857
Marc,Smith,10681110
Beatrix,Mcintosh,77145065
Beatrix,Mcintosh,51413976
James,ohairy,54604140
Harry,Angus,68990667
Marc,Mcintosh,74125111
Lea,Mcintosh,85949008
Lea,Barry,12726098
Beatrix,Ferguson,26593933
Beatrix,Barry,83832279
Beatrix,Barry,83160203
Beatrix,Mcintosh,44593893
