First Name,Last Name,Matriculation
James,Smith,24822531
Harry,Barry,60117367
Harry,Barry,53411361
Harry,Mcintosh,49199294
Marc,Barry,78969672
Harry,ohairy,70308724
James,Angus,74895963
Charlotte,ohairy,77511111
Beatrix,Ferguson,23118934
Charlotte,Barry,80889351
Lea,ohairy,30874614
James,Angus,32091351
Marc,Ferguson,43092701
Lea,Ferguson,48481709
Beatrix,Smith,33617317
Charlotte,Barry,39076731
Marc,Angus,29349928
Beatrix,Angus,62277561
Charlotte,Mcintosh,63248743
Charlotte,Angus,28735089
Marc,ohairy,50745801
James,Ferguson,72066850
Charlotte,Ferguson,69352244
Harry,ohairy,52985811
Charlotte,Angus,72420939
Marc,Smith,57820667
Charlotte,Barry,82299206
Beatrix,Barry,46428307
Charlotte,Barry,88596826
Harry,Smith,56450338
Charlotte,Angus,62157692
Charlotte,ohairy,30941423
James,Ferguson,18659948
Beatrix,Ferguson,46022718
Beatrix,Barry,17427306
Lea,Barry,39808440
James,Barry,40636301
James,Smith,79235609
Lea,ohairy,71837877
Beatrix,Mcintosh,88736215
James,Mcintosh,30970898
Marc,Barry,19107901
Charlotte,Barry,65030501
Beatrix,Angus,38045645
James,Smith,51196416
Harry,Smith,20904439
Harry,Smith,40258497
James,Barry,18057429
Lea,Mcintosh,51167725
Lea,Mcintosh,50506522
Lea,Angus,84761242
Harry,ohairy,69459899
Lea,Smith,31299329
James,Barry,10146041
Beatrix,Smith,81526511
Beatrix,Angus,42531596
Charlotte,Ferguson,85356619
Marc,Angus,85390665
Lea,Smith,17916141
James,Smith,31728216
Charlotte,ohairy,24678999
Harry,Angus,87801688
James,Smith,29631846
Charlotte,Mcintosh,27085601
James,Angus,77710334
Lea,Ferguson,21864231
Harry,Ferguson,27645321
Lea,Smith,28083649
Beatrix,Mcintosh,42371253
Charlotte,Mcintosh,45434975
Lea,Smith,62398895
Lea,ohairy,83157315
Beatrix,Angus,70914249
Harry,Mcintosh,64008702
Lea,Mcintosh,47972415
Charlotte,Barry,58426170
Marc,Smith,35032411
James,Smith,69839538
James,Smith,30912164
Beatrix,Ferguson,19808151
Charlotte,Barry,37687020
Lea,Angus,88717532
Lea,Angus,57730218
Charlotte,Barry,17450957
Harry,Barry,10770767
Beatrix,Smith,63931954
Lea,Smith,79834289
Harry,Mcintosh,76137264
Harry,Barry,73115402
Charlotte,Barry,60454970
Charlotte,ohairy,80632782
Marc,Barry,22465314
Marc,Mcintosh,47101277
Lea,Barry,55094284
Harry,Barry,88707112
Beatrix,Barry,26266654
James,Angus,28913244
Charlotte,ohairy,37476863
James,Angus,62884957
James,Smith,17472938
