First Name,Last Name,Matriculation
Harry,Angus,44669342
James,Angus,29701217
Harry,Angus,54392907
Charlotte,Ferguson,12464072
Beatrix,ohairy,11394064
Beatrix,Ferguson,26272239
Beatrix,Ferguson,19254869
Marc,Barry,34564175
Harry,Mcintosh,37915169
Marc,Angus,45100907
Beatrix,Mcintosh,57324683
Charlotte,Angus,14202952
Harry,Ferguson,39772378
Marc,ohairy,73225962
Lea,Barry,51597175
James,Smith,64429988
Beatrix,Ferguson,78542296
Beatrix,Mcintosh,44962053
Harry,Ferguson,46293350
Charlotte,ohairy,74602231
James,Smith,78222124
Marc,Ferguson,58527207
Harry,Barry,66495465
Charlotte,Smith,14346266
Lea,ohairy,47865361
Charlotte,Smith,70652420
Charlotte,ohairy,22908981
James,Barry,11171062
Charlotte,Angus,48945497
Charlotte,Barry,17965333
Lea,Smith,39565308
Lea,Smith,70789846
Marc,Ferguson,77526099
Beatrix,Mcintosh,55732876
Marc,Ferguson,40980853
Harry,Mcintosh,33265928
James,Ferguson,26944602
Charlotte,Smith,80271185
Lea,Smith,32428147
Lea,Angus,24863804
James,ohairy,77914871
Beatrix,ohairy,37742136
James,Barry,46453281
Marc,Barry,23826173
Beatrix,Barry,83513086
James,Angus,65576842
Harry,Barry,74971460
Charlotte,Smith,82518783
Harry,Smith,25697720
Marc,ohairy,45283672
Harry,ohairy,22885965
James,Barry,66473712
Marc,ohairy,41464872
Lea,Angus,66964521
Harry,Barry,43933119
Lea,Ferguson,13663239
Harry,Angus,67592766
Beatrix,ohairy,73381553
Marc,Barry,54408189
James,Angus,25823371
James,Barry,25924637
James,Barry,38307170
Harry,Barry,45135288
Marc,Barry,89899545
Harry,Barry,51313943
Marc,Smith,87968829
James,Angus,30860346
James,Angus,88506126
Marc,Angus,73961583
Charlotte,ohairy,13671662
Lea,Mcintosh,87922306
Charlotte,Angus,75998109
James,Mcintosh,48944747
Lea,Mcintosh,64520339
Harry,ohairy,40634827
Harry,Ferguson,56847869
James,Smith,66105925
Charlotte,Ferguson,70460048
Charlotte,ohairy,49485903
Charlotte,Smith,88613009
James,Ferguson,42969984
Beatrix,ohairy,64058441
Beatrix,Ferguson,33879357
Harry,Smith,79945711
Marc,Ferguson,85537513
Marc,Angus,71437221
Harry,Mcintosh,61712067
Charlotte,Angus,76925735
James,Smith,66437442
Marc,Ferguson,56298524
Harry,Ferguson,77756334
Beatrix,Smith,46731808
Harry,Mcintosh,11950400
Charlotte,Ferguson,26301387
Beatrix,Barry,86735624
Harry,Angus,47946589
Beatrix,Ferguson,72950907
James,ohairy,47386567
Beatrix,ohairy,46450626
Charlotte,ohairy,19598378
