First Name,Last Name,Matriculation
James,Barry,43219115
Marc,ohairy,57624607
James,Mcintosh,73759315
Harry,Smith,51182018
James,Barry,34552793
Harry,Barry,29329472
James,Mcintosh,67435345
Lea,ohairy,70745976
Lea,Smith,56907213
Charlotte,Angus,40016225
James,Smith,49751261
Beatrix,Ferguson,51507398
Lea,ohairy,24037528
Lea,Smith,28198031
Marc,Mcintosh,79996598
Charlotte,Ferguson,20957742
Lea,ohairy,16536457
Harry,Ferguson,82645348
Harry,ohairy,66945800
Marc,Mcintosh,40783830
Marc,Smith,31757823
Harry,Angus,32174164
Marc,Smith,49116621
Charlotte,ohairy,58660020
Marc,Ferguson,43590609
Charlotte,Barry,11786495
James,Barry,13092962
Marc,Barry,55815646
Harry,ohairy,44496376
Beatrix,ohairy,26678428
Harry,Ferguson,63810328
Harry,ohairy,36907164
Beatrix,Barry,83608216
Harry,Ferguson,24505306
James,Mcintosh,36081274
Marc,Barry,37031659
Lea,ohairy,13019244
Harry,Smith,66786592
Marc,Ferguson,22235530
Charlotte,Ferguson,67554665
Beatrix,Angus,44800563
Marc,Barry,65886531
Lea,ohairy,21637629
Harry,ohairy,37934228
Beatrix,Ferguson,49553141
Lea,Mcintosh,40513064
Harry,Smith,49657705
Lea,Smith,79331470
Lea,Barry,52855276
Harry,ohairy,34366091
James,ohairy,76950686
Marc,ohairy,26233942
Beatrix,Barry,70737230
Beatrix,Mcintosh,51999657
Lea,Ferguson,27640447
Beatrix,Angus,22150720
Lea,Mcintosh,44995691
Lea,Ferguson,79303294
Beatrix,Mcintosh,40599633
Harry,Mcintosh,82010820
Marc,Barry,86796130
Harry,Angus,60215731
Charlotte,Smith,49583776
Charlotte,Smith,77595469
Beatrix,Ferguson,63041578
Marc,Smith,47123261
Marc,Ferguson,56564289
James,ohairy,84394043
Harry,Smith,60458647
James,Barry,60552311
Marc,Smith,84545827
Beatrix,Smith,20555442
Lea,Smith,84026276
Lea,ohairy,70900872
James,Smith,79751995
Charlotte,ohairy,31436874
Beatrix,ohairy,25605443
Marc,Ferguson,38279540
Charlotte,Barry,54283567
Beatrix,Mcintosh,80369179
Lea,Mcintosh,33383757
Beatrix,Mcintosh,82623137
Marc,Mcintosh,27410646
Harry,Barry,36687131
Marc,Ferguson,72946632
Charlotte,ohairy,46187923
Beatrix,Angus,62005270
Beatrix,Mcintosh,27887292
Lea,Mcintosh,40986017
Beatrix,Mcintosh,23744272
James,Barry,29308913
Beatrix,Barry,38307975
James,Smith,47654187
Lea,Angus,64371775
Charlotte,Mcintosh,49123380
Harry,Angus,32429697
Harry,Ferguson,70611861
James,Smith,40630246
Harry,Barry,77218902
Charlotte,Mcintosh,40000681
