First Name,Last Name,Matriculation
Lea,Angus,47321652
Marc,Mcintosh,38777299
Charlotte,Ferguson,64353968
Lea,Angus,47254096
Harry,Barry,35402050
Lea,Mcintosh,52766518
Beatrix,Smith,83461358
Harry,Barry,58668816
Harry,Barry,50967621
Marc,Barry,61012381
Beatrix,Barry,27117299
Charlotte,Barry,54351067
James,Ferguson,74203070
Beatrix,Ferguson,84263049
James,Mcintosh,29964460
Beatrix,Mcintosh,26360107
James,Mcintosh,64402162
Harry,Angus,49960132
Beatrix,ohairy,53588218
Beatrix,Barry,11706538
Lea,Ferguson,65080153
Marc,Barry,89974681
James,ohairy,68190656
James,Smith,19301004
Charlotte,ohairy,60135089
Beatrix,Angus,10613156
Beatrix,ohairy,59526590
Harry,Angus,70166191
Harry,Mcintosh,21874921
James,Angus,43332292
Lea,Smith,69954026
Marc,Barry,47421681
Harry,Smith,29415580
Lea,Angus,40352412
Harry,Barry,46941579
James,Smith,56113770
Beatrix,Ferguson,79491508
James,ohairy,54575396
Harry,Smith,57907116
James,Barry,10588100
Charlotte,Ferguson,85126135
Beatrix,ohairy,10323621
Charlotte,Ferguson,18948707
Beatrix,Mcintosh,49713876
James,Smith,26449503
Marc,Ferguson,10769925
Marc,Mcintosh,74249511
Lea,Angus,41225855
Harry,Smith,86593702
James,ohairy,41684308
Charlotte,Mcintosh,84440292
Harry,Barry,36696592
Charlotte,Angus,85922594
Harry,Mcintosh,54751800
James,ohairy,89811255
Marc,Smith,79088618
Beatrix,Smith,81108674
Beatrix,Smith,56031047
Harry,Angus,82582076
Charlotte,Mcintosh,46144412
James,Smith,52681145
Lea,Smith,53288446
Beatrix,Ferguson,15537352
James,Mcintosh,20582451
Marc,Barry,76185310
Beatrix,Ferguson,26574487
Marc,Smith,58174146
Charlotte,ohairy,40018086
Lea,Ferguson,25478808
Lea,Mcintosh,82372816
Lea,Angus,33221182
Lea,Ferguson,22965683
Harry,Ferguson,55894351
Beatrix,ohairy,35995000
Harry,Ferguson,17886136
Marc,Mcintosh,51463603
James,ohairy,10884709
Charlotte,ohairy,80782057
Beatrix,Mcintosh,24590591
Marc,Ferguson,23274651
James,Smith,15951553
Charlotte,Barry,57356992
Marc,Ferguson,20678280
Lea,Barry,46471365
Charlotte,Mcintosh,25199028
Lea,Angus,54687228
Beatrix,Barry,60964010
Marc,Barry,28888307
Charlotte,Ferguson,28575845
Charlotte,Smith,20883246
Beatrix,Mcintosh,47125123
Lea,Angus,33662170
Beatrix,Angus,21364810
Marc,Barry,55536353
Beatrix,Smith,14964027
Charlotte,Ferguson,57057696
James,Angus,35711090
James,Smith,78022397
James,Barry,85102115
Lea,Ferguson,69570609
