First Name,Last Name,Matriculation
Marc,ohairy,31154397
Lea,Mcintosh,87500203
Marc,Barry,30839916
Charlotte,Smith,77436680
Lea,ohairy,10967941
James,ohairy,87902214
James,Ferguson,78191014
Lea,Ferguson,53181683
James,Mcintosh,15441578
James,Smith,58723799
Beatrix,Mcintosh,62059828
James,Mcintosh,35049722
Beatrix,ohairy,43607569
Harry,ohairy,17880238
Harry,Mcintosh,23170007
Beatrix,Angus,13132183
Lea,Barry,63578886
Harry,Barry,62022453
James,Smith,50822587
Beatrix,Smith,60930808
Lea,Mcintosh,69033613
Harry,Ferguson,74648147
James,Mcintosh,40195082
Harry,Angus,58169209
Charlotte,Ferguson,10533785
Lea,ohairy,62318394
James,ohairy,88495693
Beatrix,Mcintosh,39177254
Lea,Angus,49038858
Marc,ohairy,34880433
Beatrix,Mcintosh,59394167
Charlotte,Mcintosh,55215694
James,Angus,37843787
Charlotte,Angus,66207780
Marc,Ferguson,88264966
Harry,Ferguson,65353950
Lea,Mcintosh,72880038
Marc,Ferguson,55518602
Beatrix,Ferguson,47886127
Marc,Barry,72108980
James,Angus,24131859
Marc,Barry,60475185
Beatrix,ohairy,21263658
Beatrix,Barry,63020829
James,Mcintosh,53098560
Charlotte,Mcintosh,61854224
Harry,ohairy,45276301
James,Mcintosh,52232049
Lea,ohairy,76986025
Charlotte,Mcintosh,80890365
Lea,Barry,44749488
Charlotte,Barry,72772703
Lea,Barry,57402216
James,Mcintosh,29204006
Beatrix,Ferguson,65490373
Harry,Smith,43597622
Lea,Angus,39256112
Charlotte,Barry,66573985
James,Mcintosh,65069445
Charlotte,Mcintosh,14800721
Lea,Mcintosh,59446330
Harry,Mcintosh,24046215
Beatrix,Mcintosh,83588617
Lea,Ferguson,48594254
Beatrix,Barry,37575045
James,Barry,47554784
Harry,Smith,10316249
Marc,Ferguson,83704581
James,ohairy,64437820
James,Mcintosh,56716935
James,Mcintosh,17177400
Beatrix,Angus,54345663
Beatrix,Ferguson,50964763
Charlotte,Barry,86953800
Marc,Angus,10447033
Lea,Ferguson,20125947
Harry,ohairy,58353694
Charlotte,Mcintosh,26917669
Harry,Mcintosh,64401797
Harry,ohairy,22276240
Beatrix,Mcintosh,35558339
Harry,ohairy,80893887
James,Angus,79180614
Harry,Ferguson,52950511
James,Mcintosh,41213715
James,Smith,36786504
Beatrix,Smith,38911762
James,Angus,77803752
Harry,Ferguson,77796429
James,Angus,81852488
Lea,Mcintosh,10227981
James,Angus,68038324
Marc,Barry,39191145
Beatrix,Angus,51013020
Charlotte,Barry,48713550
Marc,Barry,74616842
Marc,Angus,38583479
James,Angus,42959340
Charlotte,Mcintosh,23009702
Marc,Smith,14014540
