First Name,Last Name,Matriculation
James,Barry,77257418
James,ohairy,55006383
Harry,Angus,43152775
Beatrix,Smith,62875091
Charlotte,Ferguson,81164020
Marc,Smith,45710431
Charlotte,Angus,55724847
Lea,Smith,14905903
Beatrix,ohairy,70967290
Harry,Smith,66391078
Beatrix,Barry,89212723
Lea,Mcintosh,71590061
James,Smith,85522158
Harry,Mcintosh,74006363
Charlotte,Ferguson,33424633
Charlotte,Smith,46209936
Lea,Angus,57825658
James,Angus,87452224
James,ohairy,88724920
James,Barry,30150318
Charlotte,Mcintosh,70377897
Charlotte,Mcintosh,37341616
Marc,Barry,73944788
Marc,ohairy,37684481
Charlotte,Mcintosh,27975855
James,Smith,73355500
Marc,Mcintosh,32789585
Beatrix,Smith,18848144
Harry,Ferguson,57189972
Lea,Barry,25757114
Charlotte,Mcintosh,63654091
Charlotte,Mcintosh,49431432
Lea,ohairy,12653067
Charlotte,Barry,62826476
Marc,Barry,38183147
Marc,Smith,77253731
Lea,Barry,11356645
James,Angus,65648913
Harry,Mcintosh,30320723
Lea,Smith,69037677
Beatrix,Barry,57048996
Lea,Mcintosh,50101474
James,Mcintosh,30158649
Lea,Angus,75997485
Charlotte,Ferguson,47585654
Marc,Barry,83684963
Marc,ohairy,36822820
Marc,Mcintosh,32467440
Marc,Barry,14997774
Beatrix,Barry,42785861
Charlotte,Mcintosh,10812183
Harry,ohairy,64224475
Beatrix,Ferguson,41265619
Lea,Angus,19285927
James,Mcintosh,59192796
Marc,Mcintosh,71080033
Charlotte,Mcintosh,19168901
Lea,Barry,20000034
James,Barry,65312154
Marc,Ferguson,84963392
Harry,ohairy,37717799
Beatrix,Smith,47339497
Charlotte,Smith,61950030
James,Ferguson,70790296
Marc,Smith,88943597
Lea,Barry,72627373
Harry,Angus,73916349
Lea,Angus,50483397
Marc,Angus,18692565
James,Smith,41566020
Harry,Ferguson,55940808
James,Smith,64031308
Harry,ohairy,16739112
Marc,ohairy,22307410
Beatrix,Barry,67609935
Lea,Ferguson,89617645
Marc,Angus,57210136
Charlotte,Smith,47381290
James,Smith,61069914
Marc,ohairy,79748730
Lea,Mcintosh,60539161
Harry,Angus,21805597
Marc,Barry,76152212
Beatrix,Smith,71447366
Harry,ohairy,41805457
James,Mcintosh,26270926
Harry,Smith,39825358
Marc,Angus,81133908
Harry,Ferguson,14654038
Lea,Barry,15043639
Marc,Angus,75511888
Marc,Mcintosh,11080356
Charlotte,Mcintosh,43097711
Beatrix,Ferguson,15250123
James,Angus,42525295
Harry,Angus,73959477
Marc,Barry,61394639
James,Ferguson,30184912
James,Ferguson,41780233
Harry,Smith,87052207
