First Name,Last Name,Matriculation
Beatrix,Angus,48907686
Lea,Barry,63555066
Harry,Mcintosh,19022498
Beatrix,ohairy,80290006
James,Ferguson,73980441
Marc,Angus,35567074
Charlotte,Barry,85710593
Harry,Smith,76848985
Lea,ohairy,34978454
James,Ferguson,63034006
Beatrix,Barry,69690670
Charlotte,Smith,59645405
James,Barry,54011188
Lea,Smith,54905292
Harry,Angus,60069643
Charlotte,Mcintosh,80746782
Marc,Barry,60128680
Harry,Barry,67695013
Marc,Ferguson,11001204
Charlotte,Smith,24342305
Lea,ohairy,82325254
Marc,Mcintosh,87541287
Harry,Ferguson,37331982
Charlotte,Ferguson,45189571
Harry,Mcintosh,34450599
Harry,ohairy,17453696
Charlotte,Angus,20905646
Beatrix,Mcintosh,28611348
Lea,Smith,78395435
Charlotte,Smith,12108050
James,Ferguson,86287353
James,Ferguson,30463847
James,Angus,57027044
Marc,Barry,19432285
James,Smith,42592300
Lea,Ferguson,49439523
Lea,Angus,50139627
Marc,Ferguson,35220018
Harry,ohairy,48468780
Lea,Angus,55229325
Beatrix,Ferguson,73704941
James,Mcintosh,81307716
Charlotte,Mcintosh,89216590
Lea,ohairy,31075214
Lea,Ferguson,82707797
Lea,Barry,13060886
Lea,Barry,48075302
Lea,Mcintosh,21431200
Lea,ohairy,17211269
James,Smith,54801895
Harry,Mcintosh,66909705
James,Angus,48144903
Lea,Mcintosh,20883139
James,Angus,65096194
Harry,Ferguson,31384096
Charlotte,ohairy,53316396
James,Barry,45716226
Marc,Angus,78355333
Charlotte,Mcintosh,57188618
Beatrix,Angus,70876507
Beatrix,ohairy,62277505
Beatrix,Angus,65545418
Charlotte,Smith,80960528
Charlotte,Ferguson,88661978
Marc,Mcintosh,51842135
Harry,ohairy,78783036
James,Angus,17284269
Lea,Mcintosh,52810157
Harry,Barry,32652629
Marc,Barry,50659500
Lea,Ferguson,57523339
Marc,Angus,48028787
Beatrix,Mcintosh,87208565
Harry,ohairy,12113567
Charlotte,Barry,63257091
Lea,Angus,38123779
Lea,Ferguson,64273727
Beatrix,Smith,30762236
Lea,Barry,11093706
Lea,Ferguson,64769669
James,Ferguson,46954157
James,ohairy,49097746
Marc,Barry,89499832
James,Smith,86165311
Marc,Smith,47071269
Charlotte,Ferguson,58397202
James,Smith,58125336
Beatrix,Angus,22021104
Harry,Ferguson,74351625
Marc,Ferguson,76455124
Marc,Barry,15625613
Harry,Angus,63743596
Charlotte,Mcintosh,52491608
Beatrix,Mcintosh,21417480
James,Mcintosh,60633514
Harry,Mcintosh,12650218
Beatrix,Ferguson,55915019
Harry,Ferguson,80662391
Lea,Smith,26202608
James,ohairy,25979953
