First Name,Last Name,Matriculation
Beatrix,Angus,48255144
Lea,ohairy,30093670
Lea,Angus,72128194
Marc,Mcintosh,85912316
James,Ferguson,30031659
James,Mcintosh,29756983
Harry,Smith,11577968
Charlotte,Smith,80491131
Beatrix,Ferguson,30510231
Beatrix,Angus,80874192
Beatrix,Angus,78037814
Harry,Angus,76718650
Charlotte,Smith,23326007
Beatrix,Barry,35220827
Lea,Mcintosh,58054271
Charlotte,Ferguson,75213486
Charlotte,Angus,46925209
James,Barry,74864418
James,Angus,60790083
Marc,Smith,71630207
Harry,Smith,61538273
Beatrix,Barry,73935484
Marc,Angus,11502114
Harry,Angus,31854152
James,Angus,74842135
James,ohairy,52580421
Lea,Mcintosh,51807134
Lea,Angus,76005106
Beatrix,ohairy,31068543
Marc,Barry,38502945
Charlotte,Barry,82029570
Charlotte,Smith,53813635
Lea,ohairy,76869590
Charlotte,Barry,77096470
Lea,Ferguson,17024804
Lea,Smith,47393011
Beatrix,Smith,33601365
Lea,Mcintosh,62044141
Lea,Mcintosh,43818465
Harry,Smith,33999556
James,Mcintosh,40170641
Harry,ohairy,13080207
Harry,Angus,60768339
Harry,Smith,60276620
Lea,ohairy,11040825
Charlotte,Barry,83934949
Harry,Barry,25036738
James,Barry,66733352
Beatrix,Smith,51681833
Beatrix,Mcintosh,42863221
Charlotte,Angus,31459023
Charlotte,Smith,31647062
Harry,Angus,17302161
Beatrix,Ferguson,11184212
Marc,Ferguson,56478291
Marc,Angus,70873414
Charlotte,ohairy,39651753
Lea,Angus,85467346
James,ohairy,50414248
Charlotte,Ferguson,14696963
James,Ferguson,65762967
Harry,Barry,22443553
Lea,ohairy,71024236
James,Ferguson,39840130
James,Ferguson,64485810
Charlotte,Mcintosh,13897193
Beatrix,ohairy,88494835
Lea,Barry,36588021
Charlotte,Angus,77111286
James,Angus,79526622
James,Barry,17735515
Marc,Ferguson,29805385
Harry,Mcintosh,80483076
Lea,Mcintosh,22995816
Beatrix,Barry,30099293
Beatrix,Mcintosh,56814087
Harry,Barry,13999633
Lea,Mcintosh,14772609
Beatrix,Ferguson,43181735
Marc,ohairy,64879719
Beatrix,Barry,24104144
Marc,Angus,36977791
Harry,Barry,24149149
Charlotte,ohairy,56291375
Marc,Ferguson,73602917
James,Mcintosh,31680723
James,Ferguson,70148508
Lea,ohairy,19101046
Lea,ohairy,60374853
Beatrix,Ferguson,75282225
Charlotte,ohairy,25516903
Beatrix,Smith,86364276
Charlotte,Barry,72253207
Lea,Barry,67531108
Beatrix,Ferguson,24687222
Charlotte,Mcintosh,86322445
Marc,Ferguson,65241235
Lea,Ferguson,77059649
James,Ferguson,31413854
Marc,ohairy,17874190
