First Name,Last Name,Matriculation
Marc,Barry,87639197
Marc,Ferguson,19424836
Marc,Smith,74379619
Beatrix,Barry,79513881
Lea,Angus,77980808
Harry,Barry,38553843
Marc,ohairy,33012786
Lea,Angus,52893746
Charlotte,Angus,20236649
Lea,Ferguson,61367688
Lea,Barry,22815390
James,Angus,83970898
James,Mcintosh,59115122
Marc,Smith,47738302
Marc,Barry,46062328
Beatrix,Angus,69627901
Harry,Ferguson,10107565
Charlotte,ohairy,62634017
Harry,Ferguson,52684856
James,Mcintosh,19653047
James,Ferguson,51976970
Charlotte,Barry,38631145
James,ohairy,17978862
Harry,Smith,39991637
Harry,ohairy,81815755
James,Angus,14604819
Marc,ohairy,79279300
James,Angus,57526446
Lea,Smith,19702236
Charlotte,Barry,63430242
Harry,ohairy,22628031
Marc,Smith,67317228
James,ohairy,75474988
Beatrix,Ferguson,18262977
Marc,Angus,51225855
Beatrix,Smith,35120285
Charlotte,Ferguson,16831814
Lea,Ferguson,45256146
Beatrix,Smith,79569356
James,Angus,67351389
Marc,Smith,88011936
Charlotte,Smith,87514640
Harry,Smith,35107389
Marc,Mcintosh,19348202
Marc,ohairy,73859930
James,Smith,31222583
Beatrix,Ferguson,77182761
Charlotte,Angus,83217799
Marc,Angus,85933656
Charlotte,ohairy,14422238
Beatrix,Ferguson,26874807
Charlotte,Smith,75892672
Lea,Ferguson,73481872
Harry,Barry,21167535
Beatrix,Mcintosh,46036182
Harry,Ferguson,30004724
Harry,Mcintosh,83945397
Harry,Barry,79422857
Lea,Angus,63124313
Beatrix,Ferguson,70037346
Charlotte,ohairy,84371257
James,Mcintosh,37441772
Lea,Ferguson,44572838
James,ohairy,16985252
Lea,Barry,11075119
Charlotte,Barry,35166406
James,ohairy,47993061
Beatrix,Barry,50643182
James,Mcintosh,63456388
Marc,Barry,60578289
Lea,Ferguson,40293929
Beatrix,Barry,26552289
James,Mcintosh,17816752
Lea,ohairy,75078197
Lea,Angus,11891114
Marc,Barry,39655061
Harry,Smith,86010773
Marc,Ferguson,22766246
Marc,Ferguson,23531086
James,Smith,62420739
James,Smith,60953256
James,Barry,65926223
Lea,ohairy,28201506
Marc,Angus,10805052
Beatrix,Smith,84023868
Harry,Mcintosh,61651388
Marc,Angus,24057460
Marc,Mcintosh,61144806
Lea,Barry,30715058
Marc,Angus,60030128
Marc,Smith,63955885
Marc,Barry,12466029
Charlotte,Angus,66539241
Beatrix,Smith,17625023
James,Ferguson,31533743
Marc,Ferguson,79938701
James,Smith,23826230
Marc,ohairy,34548287
Charlotte,Angus,34476716
Lea,Ferguson,88640453
