First Name,Last Name,Matriculation
Lea,Barry,35063500
Charlotte,Barry,24764501
Charlotte,Angus,56964637
Marc,Barry,74888594
Harry,Ferguson,47074819
Charlotte,ohairy,35367672
James,Mcintosh,43401220
Marc,Barry,60636219
Harry,Smith,89071179
Beatrix,Ferguson,48810320
Harry,Barry,82454301
Marc,ohairy,36756271
James,ohairy,89575182
Charlotte,Barry,77835983
Beatrix,Angus,35608982
James,Smith,66815121
Marc,ohairy,89658706
Harry,Mcintosh,44475028
James,ohairy,75566217
Beatrix,Mcintosh,88213134
Marc,Barry,52756419
Lea,Ferguson,36782284
Beatrix,ohairy,53487119
Lea,Smith,75576956
Charlotte,ohairy,24221440
Lea,Smith,14232112
Charlotte,Smith,86285992
Lea,Smith,20978158
James,Mcintosh,33398096
Marc,Smith,77046122
Marc,Ferguson,30093026
Beatrix,Ferguson,21366780
Charlotte,ohairy,86031814
Beatrix,ohairy,49580963
Beatrix,Mcintosh,62760817
Harry,Mcintosh,14760809
Marc,Ferguson,36819975
James,Smith,79088545
Lea,Mcintosh,31798419
Charlotte,Angus,85455271
Beatrix,Barry,14846108
Charlotte,Mcintosh,87646684
Harry,Mcintosh,22693224
Charlotte,Angus,20757570
Harry,Angus,89540724
Beatrix,Mcintosh,56834519
Harry,Angus,44198783
Beatrix,ohairy,56254926
Charlotte,Mcintosh,55090982
Harry,Mcintosh,38911148
Beatrix,ohairy,52777824
Charlotte,ohairy,67889426
James,Mcintosh,31535522
Beatrix,ohairy,79396040
Lea,Angus,31720328
Beatrix,ohairy,50935561
Harry,ohairy,26891420
James,Angus,30591726
James,ohairy,22744193
Marc,ohairy,22239335
James,Barry,62532421
Marc,Barry,46377510
James,Barry,36746629
Beatrix,Angus,38707645
Marc,ohairy,87967958
James,Mcintosh,77624695
Harry,Ferguson,59542623
Beatrix,Ferguson,41865359
Harry,Ferguson,71468407
James,ohairy,65224364
Charlotte,Angus,10339232
James,ohairy,15689722
Beatrix,ohairy,60389155
Charlotte,Smith,71225558
Harry,ohairy,35917113
Beatrix,Angus,36840103
Harry,ohairy,40900220
Harry,Ferguson,89989253
James,Barry,18372445
Lea,Mcintosh,42024004
Harry,Ferguson,53837120
Lea,Angus,25502740
Harry,Barry,12113372
Charlotte,Barry,29651742
Beatrix,Smith,41267799
Charlotte,Smith,59595518
Harry,ohairy,78396915
Charlotte,Smith,13611957
Marc,Angus,38744383
Marc,Smith,11869787
Lea,ohairy,74842949
Beatrix,ohairy,28257348
Marc,Smith,36825333
Marc,Barry,27168348
Beatrix,Smith,17890393
Lea,Smith,26315717
Charlotte,Mcintosh,77743752
James,Barry,57443451
James,Angus,46003742
Lea,Barry,22041812
