First Name,Last Name,Matriculation
Charlotte,Smith,33559321
Lea,Ferguson,66389338
Charlotte,Smith,71907510
Harry,Barry,15676593
Harry,Angus,16600663
Charlotte,Smith,51898549
Lea,Mcintosh,20697924
Charlotte,Barry,29329985
Lea,Mcintosh,76145932
Lea,ohairy,32912294
Marc,Barry,74865124
Marc,Barry,34444997
Charlotte,Angus,82565429
Lea,Barry,29685534
Marc,Mcintosh,39125878
James,Angus,36800733
Lea,Mcintosh,67492734
Harry,Angus,88013905
James,ohairy,51461440
James,Mcintosh,12067956
Harry,Angus,36532356
Charlotte,ohairy,57166381
Lea,Ferguson,22913951
Marc,Ferguson,20128816
James,Ferguson,64111840
Lea,Barry,33977753
James,Smith,10392039
Lea,Barry,14315549
Harry,ohairy,11514853
Charlotte,Smith,24013408
Lea,Mcintosh,30414803
Marc,Mcintosh,82661462
Marc,Smith,40132806
Lea,Angus,12961217
Lea,Smith,13355737
James,Barry,53894107
James,Angus,37336877
Beatrix,Barry,10735298
Marc,Ferguson,33663949
Harry,Angus,11384707
Marc,Barry,84577758
Beatrix,Barry,30520576
James,Angus,42473987
Charlotte,ohairy,51452646
Harry,Ferguson,31432399
Charlotte,Mcintosh,29452922
Charlotte,ohairy,39319078
Charlotte,Angus,22640120
Marc,Mcintosh,13489296
Marc,Smith,31418883
Marc,Barry,25729910
James,ohairy,54475867
Beatrix,Mcintosh,64785127
Beatrix,ohairy,52091624
Lea,Barry,86230197
Harry,Barry,10497800
Marc,Mcintosh,45669109
Marc,Smith,26394730
Lea,Barry,34517148
Harry,Angus,69744029
Charlotte,ohairy,14121237
James,Ferguson,82113504
Harry,Smith,11708859
Marc,Barry,11064410
Marc,Barry,73910540
James,Angus,28003833
Charlotte,Barry,26642084
Lea,Barry,84795428
Lea,Ferguson,47480575
Lea,Mcintosh,68000457
Harry,Smith,17581918
Beatrix,Ferguson,10148927
Lea,Angus,29083729
Lea,Barry,74473572
James,Ferguson,43803888
Lea,Angus,30829074
James,Angus,81833672
Beatrix,ohairy,10246390
Lea,Smith,73644211
Charlotte,Mcintosh,50411594
Lea,Angus,38430263
Lea,Smith,12041866
James,Barry,31341451
Marc,Angus,79629900
James,ohairy,79042610
Lea,Barry,38518988
Lea,Barry,72759534
Charlotte,Smith,18518626
Lea,Mcintosh,87504111
Marc,ohairy,21125413
Beatrix,Ferguson,11851381
Marc,Smith,56369634
Lea,Barry,65191980
Marc,Angus,79070966
James,Ferguson,69628424
James,Angus,62155389
James,Angus,45476602
Lea,Ferguson,48219094
Charlotte,Angus,61682256
Beatrix,ohairy,57284895
