First Name,Last Name,Matriculation
James,Ferguson,85304946
Marc,Ferguson,83573024
Lea,Smith,81998922
Marc,Mcintosh,59452932
Lea,Angus,25938152
Charlotte,Mcintosh,89669675
Lea,Ferguson,19241107
Lea,Angus,67414086
Marc,Smith,63283507
Charlotte,Smith,68386860
Lea,ohairy,12681681
James,Barry,17570543
Beatrix,ohairy,85938115
Harry,Smith,30744180
Marc,ohairy,62777888
Harry,ohairy,17347966
Lea,Barry,49972142
Charlotte,Smith,83784292
Beatrix,Barry,10413639
Charlotte,Smith,82674237
Beatrix,Angus,19314965
Lea,Barry,26473305
Beatrix,Barry,18563809
Lea,Angus,81814778
Marc,Angus,28546059
James,Smith,78690808
Lea,Smith,56480777
Beatrix,Barry,87712930
Beatrix,Mcintosh,83690235
Harry,Barry,20250517
Beatrix,Barry,29468559
Lea,Mcintosh,59369998
Harry,Ferguson,43494622
Charlotte,Angus,79512407
Harry,Mcintosh,68166331
James,Barry,28656069
Harry,Smith,37063160
Harry,Barry,78093601
James,Mcintosh,19223877
Marc,Angus,32615133
James,ohairy,24344671
Beatrix,Smith,76023418
Harry,Smith,62720169
Charlotte,Smith,20275185
Marc,Barry,47492760
James,Barry,53440450
Beatrix,Ferguson,25550260
James,ohairy,18339640
Lea,Ferguson,81082937
Marc,Angus,68923900
Beatrix,Barry,86810641
Charlotte,Smith,32223138
Harry,Barry,76150624
Marc,Ferguson,19042066
Lea,Ferguson,30400000
Charlotte,Angus,89784892
Lea,Ferguson,48957588
Charlotte,Barry,32700663
Beatrix,ohairy,55344762
Lea,Barry,52730598
Charlotte,Smith,26106650
Lea,Mcintosh,20432125
James,Smith,13674520
Charlotte,Ferguson,58213323
James,Ferguson,56083213
James,Barry,70080557
Charlotte,Mcintosh,59144785
Lea,Ferguson,39230506
Lea,Mcintosh,54378666
Harry,Angus,16520338
Charlotte,Ferguson,66508851
Harry,ohairy,35399774
Marc,Smith,24012983
Beatrix,Barry,50831672
Charlotte,Smith,26355705
James,Smith,67763777
Lea,Smith,39183525
Charlotte,Ferguson,81569465
Beatrix,Barry,10840231
Beatrix,ohairy,52856845
James,Mcintosh,53924948
James,ohairy,70027267
Lea,Mcintosh,70497751
Charlotte,Smith,10487442
James,Smith,11518743
Harry,Barry,24852425
James,Mcintosh,56496917
Beatrix,Ferguson,29928194
Harry,Mcintosh,40619979
James,Barry,24370684
Beatrix,Angus,78103949
Marc,ohairy,38947601
Charlotte,Smith,60975540
Lea,Ferguson,64284500
Charlotte,Barry,50854822
Lea,Angus,68191302
Charlotte,ohairy,78559390
Beatrix,Smith,61565348
Marc,ohairy,42206757
Beatrix,Mcintosh,23255006
