First Name,Last Name,Matriculation
Lea,Smith,40341124
Lea,ohairy,85906563
Lea,Barry,30903618
James,ohairy,12469285
Charlotte,Angus,39447863
Beatrix,Mcintosh,42055330
Marc,Ferguson,65724371
James,Barry,16371565
Marc,Smith,49335431
Lea,Mcintosh,78003504
Beatrix,Barry,69049588
Marc,Barry,11338503
James,Mcintosh,73730679
Marc,ohairy,65274387
Marc,Barry,78956016
Marc,Angus,85286796
Harry,Smith,62299833
Harry,Ferguson,60500879
Marc,ohairy,87490689
Harry,Smith,14530528
Marc,Angus,54534874
Marc,Angus,78357565
Marc,Ferguson,56024860
Beatrix,Mcintosh,85736471
Charlotte,Barry,86066190
Marc,Smith,72902533
Beatrix,Mcintosh,57442169
Harry,Barry,47999365
Charlotte,Mcintosh,59297844
Lea,Ferguson,68128697
Beatrix,Mcintosh,81744557
Beatrix,Angus,72310856
James,ohairy,45970463
Marc,Mcintosh,81885531
Charlotte,ohairy,89001569
Marc,Angus,89893991
James,Smith,34292819
Harry,Smith,51118952
Marc,Ferguson,24876257
James,Angus,54723315
Charlotte,Barry,36980144
Marc,Angus,12889387
Beatrix,Smith,40778752
Marc,Mcintosh,57850072
Beatrix,Smith,85685574
Harry,Angus,12859293
Beatrix,Angus,76876178
Charlotte,Mcintosh,46272955
James,Ferguson,48039792
Marc,Angus,30712037
James,Mcintosh,40565963
Charlotte,Barry,18362090
Charlotte,Mcintosh,77301306
Harry,ohairy,49369926
Charlotte,Barry,47234234
Marc,Barry,36982095
Harry,Smith,52346618
Harry,Smith,69018288
Beatrix,Smith,72099191
James,Barry,60266001
Harry,ohairy,86851189
Marc,Barry,39320381
James,Ferguson,42891443
James,Barry,78956804
Lea,ohairy,23497719
Lea,Ferguson,81281986
Charlotte,Mcintosh,35722301
Marc,Ferguson,27235673
Marc,Mcintosh,15086574
Beatrix,Ferguson,46627501
Lea,Ferguson,88592283
Harry,Smith,89425680
Beatrix,Ferguson,32124305
Beatrix,Mcintosh,41247491
Charlotte,ohairy,25023468
James,Smith,50531440
Harry,Barry,69915945
Beatrix,Smith,43735612
Beatrix,Smith,66910449
Marc,Barry,45926977
Marc,Smith,82398033
Harry,Ferguson,89102853
Harry,Barry,30316832
Harry,Mcintosh,52442999
Lea,Smith,89383348
Harry,ohairy,28691290
Lea,Mcintosh,66169689
Charlotte,ohairy,47527557
Lea,Ferguson,27144945
Harry,Barry,17600599
Lea,Ferguson,79778179
Marc,Ferguson,43892050
Lea,Angus,25502394
James,Smith,77165766
James,Mcintosh,51484991
Marc,Mcintosh,32978340
Lea,Barry,42853371
Lea,Smith,47924817
Harry,Angus,59865920
Charlotte,Ferguson,28231421
