First Name,Last Name,Matriculation
Lea,ohairy,36303879
Marc,Barry,16806981
James,Barry,34603732
Harry,ohairy,76753381
Beatrix,Angus,48704627
Lea,Ferguson,88867135
James,Barry,37945698
Marc,Mcintosh,13664818
Charlotte,Smith,85385568
Charlotte,Smith,42984141
Charlotte,Angus,33325087
Harry,Ferguson,65708387
Charlotte,Smith,51052966
Marc,Mcintosh,86129882
Marc,Barry,19995933
James,Smith,33639106
Harry,ohairy,70526415
Marc,Barry,25794693
James,Mcintosh,82840177
James,ohairy,88978144
Charlotte,ohairy,44867644
Harry,ohairy,86547476
Beatrix,Angus,67219791
James,Barry,41364251
James,ohairy,72701491
Lea,Barry,73675235
Beatrix,Barry,17315912
James,Mcintosh,40037307
Harry,Mcintosh,46651712
Harry,Smith,79786051
Marc,ohairy,81202859
Charlotte,Angus,27731967
Marc,Barry,41252797
Harry,Smith,17775406
Beatrix,Mcintosh,71300983
Marc,Mcintosh,34201495
Beatrix,Smith,55164133
Marc,Angus,10586082
Lea,Barry,55365316
Harry,Mcintosh,77962255
Beatrix,ohairy,11961124
Charlotte,Angus,82772197
Charlotte,Mcintosh,59292836
Marc,Smith,86911456
Beatrix,Mcintosh,40383439
Beatrix,Mcintosh,21527526
Harry,Mcintosh,37316351
Beatrix,Ferguson,80125273
Harry,Barry,19493134
Lea,Mcintosh,55431081
Charlotte,ohairy,64272280
Beatrix,Smith,30470175
Lea,Angus,55532268
Beatrix,Smith,41552716
Harry,Angus,18092297
James,Angus,13486119
Harry,Ferguson,13707665
Charlotte,Mcintosh,59751785
Charlotte,ohairy,89987411
Harry,Barry,29286269
Charlotte,Ferguson,11856906
Charlotte,Barry,61125146
Lea,Barry,55092474
Charlotte,ohairy,58427572
Beatrix,Barry,19013629
Harry,Smith,36837923
Harry,ohairy,30495237
Beatrix,Ferguson,21113508
Beatrix,Mcintosh,85780767
Harry,Ferguson,50412369
James,Mcintosh,48246993
Lea,Smith,20577983
Harry,Angus,40241712
Harry,Ferguson,59406250
Lea,Angus,37185092
Harry,Angus,13151121
James,Ferguson,20464371
Harry,Barry,46374623
Lea,Barry,79988207
James,Ferguson,15960755
Lea,Angus,22804742
Lea,Barry,57196766
Charlotte,ohairy,42210816
Marc,Barry,17066151
Harry,Smith,56185324
Charlotte,ohairy,73196117
Charlotte,ohairy,10543939
Charlotte,Angus,36026875
Marc,ohairy,74700542
Harry,ohairy,30309763
Lea,Mcintosh,24222790
Marc,Angus,71164322
Harry,Angus,86936417
Lea,Mcintosh,56881372
Harry,Mcintosh,13437978
Marc,Ferguson,20429458
Lea,ohairy,59803891
Harry,Mcintosh,13637829
Harry,ohairy,45608941
Charlotte,ohairy,74402922
