First Name,Last Name,Matriculation
Charlotte,Mcintosh,62675127
Beatrix,Ferguson,20183493
Marc,Mcintosh,66177506
Marc,Ferguson,74616847
Beatrix,Smith,12296256
Beatrix,Angus,39393798
Beatrix,Mcintosh,80576652
Marc,Angus,14659346
James,Angus,36665694
Lea,Smith,17572465
Marc,Mcintosh,49186040
James,Barry,60808806
Marc,Angus,17754266
James,Smith,27661268
Beatrix,Smith,36075114
James,Smith,24819680
Charlotte,Smith,10813883
Beatrix,Ferguson,27075648
Lea,Mcintosh,18451139
Harry,Angus,59145467
James,Mcintosh,37429513
James,Smith,88411878
Harry,ohairy,33141951
Lea,Ferguson,66139029
Lea,Angus,57524871
Charlotte,Barry,44690681
Harry,Smith,68083267
James,Mcintosh,60166867
Charlotte,ohairy,68043943
Lea,ohairy,75666478
Beatrix,Barry,23812468
Marc,Angus,68769771
Marc,Ferguson,14402460
Lea,Smith,10100787
Harry,Ferguson,83448226
Beatrix,Ferguson,66397287
Charlotte,Smith,66831368
Marc,ohairy,74944098
Marc,Angus,33687599
Harry,Ferguson,27067819
Lea,Ferguson,82721552
Marc,Angus,10734103
Beatrix,Smith,48318391
Charlotte,Mcintosh,71368219
Beatrix,Ferguson,87809804
Lea,Angus,23260562
Beatrix,Angus,18809550
Lea,Angus,10475558
Harry,ohairy,16567451
Harry,Smith,17763088
Marc,Barry,66577219
Beatrix,Mcintosh,83557859
Charlotte,Barry,84102659
James,Barry,51055542
Marc,Mcintosh,19365402
Harry,Angus,89281478
Charlotte,Mcintosh,43428098
Beatrix,Mcintosh,59580806
Charlotte,ohairy,22684115
Lea,Smith,54006001
Charlotte,Mcintosh,17046828
Lea,Ferguson,72320958
Marc,Smith,49990335
Harry,Angus,65789835
Charlotte,Angus,79942714
Harry,Barry,82408170
Harry,Barry,82753649
Beatrix,Barry,21909061
James,ohairy,31162857
Lea,Ferguson,28220766
Lea,Angus,74766674
Lea,Mcintosh,53403285
Charlotte,Mcintosh,50797622
Charlotte,Angus,21719593
James,ohairy,20722933
Beatrix,Mcintosh,43523096
Lea,Smith,11615830
Charlotte,Barry,18377479
Harry,Angus,87019294
Charlotte,Smith,13618397
Marc,Angus,85260187
Harry,Mcintosh,61100895
Harry,Ferguson,68158468
Beatrix,Angus,47441788
James,Mcintosh,50473152
Harry,ohairy,52055857
Harry,Angus,58307837
Marc,ohairy,22446732
James,Smith,43105184
Lea,Ferguson,85782589
Beatrix,Barry,60779913
James,Barry,65523244
James,ohairy,33209490
Charlotte,Mcintosh,74452092
Beatrix,Barry,66841000
Harry,Mcintosh,71404967
Charlotte,Barry,89184653
Beatrix,Barry,19151231
Beatrix,Ferguson,12590615
Marc,Smith,30688011
