First Name,Last Name,Matriculation
Beatrix,ohairy,13184198
Charlotte,Mcintosh,12273657
Charlotte,Barry,13878596
Harry,Angus,81369169
Harry,Smith,76806571
Harry,Mcintosh,22842732
James,Angus,13314566
Lea,Angus,86856223
James,Angus,13588417
Lea,Smith,33209613
Charlotte,Ferguson,52705534
Lea,Barry,24625357
Charlotte,Barry,35043461
Harry,ohairy,34662724
Charlotte,Mcintosh,18971784
Beatrix,Ferguson,42715252
Harry,Angus,65293467
Harry,Ferguson,33034063
Harry,Angus,66331398
Lea,Smith,37747880
Lea,Barry,81349379
Beatrix,Ferguson,23692750
Lea,Smith,40218143
Lea,Smith,84364827
James,Mcintosh,31039304
Lea,ohairy,24128515
James,Smith,53936791
James,Mcintosh,41046682
Harry,ohairy,10139218
Marc,Smith,17799383
James,Barry,72605647
Charlotte,Mcintosh,12117641
James,Barry,50079349
Lea,ohairy,56066105
James,ohairy,37534450
Lea,Smith,26493644
Marc,ohairy,74109710
Beatrix,Smith,76731406
James,Smith,34939518
Lea,Barry,69790655
Charlotte,Angus,50416767
Harry,Mcintosh,54062332
James,Barry,75624952
James,Ferguson,70456894
Marc,Angus,36302317
Charlotte,Ferguson,59802524
Lea,Ferguson,26232222
Beatrix,ohairy,47722991
James,Barry,80381760
Harry,ohairy,88915407
Lea,Mcintosh,82066243
Harry,Smith,39070251
Marc,Angus,74485962
Charlotte,Barry,69575359
Marc,Smith,61450084
Lea,Barry,51751368
James,Ferguson,59401173
Charlotte,ohairy,77420650
Beatrix,Angus,54051865
Charlotte,ohairy,20585130
Beatrix,Ferguson,50736170
James,ohairy,59164449
Marc,Mcintosh,13905561
Lea,Smith,32624025
Charlotte,Angus,49804348
Charlotte,Smith,19497376
Beatrix,Mcintosh,59341212
Charlotte,Ferguson,45418406
Charlotte,ohairy,19187740
Charlotte,Smith,51603359
James,Smith,68755603
Harry,Smith,75871473
Charlotte,Mcintosh,84517115
Harry,ohairy,51064925
Marc,Barry,30716733
Harry,Mcintosh,22495895
Beatrix,Barry,10209294
Lea,ohairy,10155126
Marc,Angus,22144245
Charlotte,Smith,43700094
Beatrix,Angus,62341889
Harry,Smith,62542295
Beatrix,Barry,58315155
Marc,Ferguson,42842150
Lea,Angus,49020761
Lea,Mcintosh,52899521
James,Mcintosh,72771537
James,Angus,32669684
Charlotte,Barry,81706747
James,Angus,59587438
Lea,Mcintosh,75047266
Marc,Smith,70080191
James,Smith,68923828
Lea,Smith,23301246
Harry,Mcintosh,73659313
Lea,ohairy,19697854
Lea,Mcintosh,26577855
James,Smith,16388799
Charlotte,Mcintosh,55143576
Harry,Barry,77926215
