First Name,Last Name,Matriculation
Harry,Smith,38807545
Marc,Ferguson,25384927
Beatrix,Mcintosh,33463048
Charlotte,Mcintosh,12755132
Charlotte,Ferguson,23901528
Charlotte,Smith,22989205
James,Smith,18721520
Charlotte,Smith,22381053
Charlotte,Mcintosh,30728124
Lea,ohairy,18129574
Beatrix,Smith,46477979
Marc,ohairy,43607873
James,Barry,26715795
Lea,Ferguson,76321300
Beatrix,Mcintosh,75986191
Charlotte,Ferguson,52743056
Harry,Mcintosh,69066143
James,Mcintosh,24098862
Marc,Mcintosh,82858329
Beatrix,Barry,44729733
Harry,Mcintosh,22633605
Charlotte,ohairy,30434741
Harry,Ferguson,23373645
Harry,ohairy,68741522
Charlotte,Mcintosh,32562694
Beatrix,Barry,75459648
Charlotte,Angus,67104505
Lea,Smith,55462250
James,Smith,28468501
Beatrix,Barry,51217068
Charlotte,Mcintosh,16164837
Harry,Mcintosh,79573700
Harry,ohairy,86897923
Harry,Ferguson,53291127
Harry,ohairy,57357386
Charlotte,Angus,17646683
Marc,Smith,44612380
Harry,Mcintosh,76688201
Beatrix,Mcintosh,52304548
Lea,Ferguson,52926159
Beatrix,Angus,10915227
Beatrix,Smith,24060047
James,Smith,83662611
Harry,Angus,68387915
Harry,Smith,33679241
Lea,ohairy,82340570
Lea,Ferguson,43399965
Harry,Barry,31189373
Lea,Ferguson,62655864
Beatrix,Mcintosh,20364913
Charlotte,Mcintosh,53787824
Charlotte,Angus,71129516
Beatrix,Barry,47664759
Marc,Angus,59563792
Harry,Barry,50763837
Lea,Smith,20996035
Charlotte,Ferguson,77782500
Beatrix,Mcintosh,66670039
James,Angus,89332528
Beatrix,Barry,16081745
Harry,ohairy,12147743
Charlotte,Mcintosh,16106180
Charlotte,Angus,79017301
Beatrix,Barry,33328087
James,Smith,85706204
Beatrix,Mcintosh,83900515
Marc,Angus,18434849
Beatrix,Barry,87679310
Charlotte,Barry,15248567
Lea,ohairy,39866471
Charlotte,ohairy,78533713
Marc,Angus,63043674
Marc,Smith,87114939
Charlotte,Barry,13043171
Charlotte,Mcintosh,85774531
Harry,Smith,25791191
Marc,Smith,12660937
Beatrix,Angus,29855308
Marc,Ferguson,23485590
Charlotte,Angus,39458966
James,Mcintosh,61449474
Marc,Smith,65872565
Lea,ohairy,18964781
Harry,Ferguson,69543496
Charlotte,Barry,55009656
Beatrix,Mcintosh,56227215
Harry,Barry,66289778
Harry,Barry,28577123
Marc,Barry,21742062
Lea,Angus,85357653
Beatrix,Mcintosh,71302682
Beatrix,Angus,65714097
Marc,Angus,24324589
Charlotte,Smith,36309269
Marc,Mcintosh,25383956
Lea,Smith,69258901
Beatrix,Angus,81032297
Lea,Smith,41247922
Charlotte,ohairy,14952759
Charlotte,Ferguson,64964898
