First Name,Last Name,Matriculation
Marc,ohairy,45720609
Harry,Angus,13207040
Charlotte,ohairy,32738687
James,Mcintosh,87968979
Charlotte,Smith,85677612
Beatrix,Angus,89591919
Harry,Angus,31616874
Charlotte,Ferguson,36144080
Marc,ohairy,70695689
James,Barry,35604378
Harry,Smith,66084179
Harry,Barry,28769792
Beatrix,Smith,84465373
Beatrix,Ferguson,84025870
James,Smith,16499336
James,ohairy,52036549
Charlotte,Angus,85619796
Beatrix,Angus,68943498
Harry,Barry,81984999
Lea,Barry,38022595
Beatrix,Ferguson,59862774
James,Angus,51716779
James,ohairy,61918083
Lea,Smith,48832947
Marc,Barry,57038154
Marc,Angus,15056001
James,Smith,89929733
Harry,Smith,59453122
Harry,Mcintosh,72397876
Beatrix,ohairy,62990947
James,Mcintosh,49051788
James,ohairy,10390851
Lea,Barry,88955842
James,Angus,47821695
Harry,ohairy,60767825
Marc,Smith,28711330
Lea,Ferguson,36060790
Lea,Angus,37886194
Charlotte,Angus,88883579
Lea,ohairy,65615093
James,Smith,61959381
James,Mcintosh,51075160
James,Angus,51926099
Beatrix,ohairy,50071064
Lea,Smith,84702779
Harry,Mcintosh,81152330
Beatrix,Barry,33488621
Beatrix,Barry,51101755
James,Angus,65157488
Marc,Ferguson,61708040
Beatrix,Mcintosh,77533635
Lea,Mcintosh,35737073
Marc,Barry,57647081
Marc,Barry,35230538
Harry,Mcintosh,89666368
Lea,Smith,81364901
Lea,Ferguson,59997499
James,Smith,22243590
Marc,Mcintosh,54564228
Marc,Mcintosh,38553854
Beatrix,Mcintosh,77566381
Lea,Angus,56391696
Marc,Ferguson,21699689
Charlotte,Barry,42838378
Charlotte,Ferguson,24861025
James,Barry,36407308
Harry,Barry,42675136
Harry,ohairy,35545730
Lea,Angus,65654226
Harry,Smith,64029593
Beatrix,Ferguson,12369233
Harry,Barry,49134416
Charlotte,Angus,80754427
Beatrix,Ferguson,60149131
James,Ferguson,21848121
Lea,Angus,49194154
Beatrix,Barry,87842559
Lea,Barry,71622888
Charlotte,Barry,75777705
Charlotte,ohairy,38550968
James,Barry,57415361
Charlotte,Smith,62689201
James,Angus,54897144
Beatrix,Angus,34558290
Harry,Angus,11803995
James,Angus,73839661
James,Barry,58421322
Harry,Ferguson,15088362
Marc,Angus,45692893
Charlotte,ohairy,25385245
Charlotte,Barry,83316460
Lea,Barry,22413713
Beatrix,Mcintosh,65594780
Charlotte,Smith,15080427
Lea,Smith,17952721
Marc,Angus,16047103
James,Ferguson,46287676
Harry,Angus,42223890
Charlotte,Smith,75371828
Lea,Ferguson,75660501
