First Name,Last Name,Matriculation
Charlotte,Mcintosh,40383879
Harry,ohairy,39992998
Beatrix,Angus,89273562
Lea,Ferguson,34349338
James,Mcintosh,37407396
Beatrix,Barry,62949221
James,Mcintosh,74928423
Charlotte,ohairy,87444076
James,ohairy,10973228
Marc,Angus,38680721
Harry,Barry,85692613
Lea,Ferguson,43099609
Charlotte,Smith,52360848
Harry,Barry,85359393
Charlotte,Barry,17618327
Harry,ohairy,38181648
Lea,Ferguson,74038682
Harry,Smith,23418581
Lea,Mcintosh,63189426
Marc,ohairy,77177579
Harry,Smith,19770480
Marc,Angus,61290412
James,Barry,51099611
Charlotte,Smith,79184464
Charlotte,Smith,32009245
Marc,Mcintosh,83930469
Harry,ohairy,76543459
Beatrix,Angus,55928006
Charlotte,ohairy,21177543
Lea,Smith,53544313
Lea,Barry,62421564
Marc,Ferguson,78467840
Lea,ohairy,18154794
James,ohairy,53559124
James,Angus,18926016
Harry,Angus,86741275
Harry,ohairy,29889569
Harry,Ferguson,31429724
Harry,Ferguson,59710857
Beatrix,Angus,75429929
Charlotte,Angus,60220264
Charlotte,Barry,50044336
Marc,Ferguson,52031006
Marc,ohairy,57511888
Lea,Smith,60044527
Charlotte,Angus,37605602
Lea,Barry,27652992
Marc,Smith,35140680
Harry,Smith,19711198
James,Smith,68076346
Lea,ohairy,86024330
Marc,Ferguson,42534068
Marc,Mcintosh,45525645
Harry,Mcintosh,55897032
Harry,Smith,75274195
James,Ferguson,37962195
Harry,Smith,87175466
Marc,Smith,84267490
James,Mcintosh,31951752
Marc,Barry,53188164
James,ohairy,37182517
Charlotte,Smith,56323968
Beatrix,Smith,72180756
Beatrix,Ferguson,12282920
James,ohairy,45925511
Beatrix,Ferguson,67102768
Charlotte,Angus,15585010
Beatrix,Smith,49461117
Marc,Mcintosh,15222275
Marc,Smith,41418775
Charlotte,Mcintosh,89189192
Charlotte,Smith,67928067
Lea,Angus,87213405
Marc,Angus,70795869
Marc,Mcintosh,20565950
Beatrix,Smith,79397660
Charlotte,Ferguson,15063689
James,ohairy,80010169
Marc,Smith,62782072
Charlotte,Smith,71114073
Beatrix,Barry,33343096
Charlotte,Ferguson,11455961
Harry,Barry,47072336
Beatrix,Mcintosh,13969615
James,Barry,50558033
Charlotte,Ferguson,51657812
Harry,Angus,70801315
James,Ferguson,39741911
Harry,Mcintosh,31260190
Marc,ohairy,83898317
Charlotte,Ferguson,44693941
Charlotte,Smith,26418638
Charlotte,Mcintosh,60808689
Marc,Mcintosh,17998723
Harry,ohairy,76554781
Lea,ohairy,41971043
Charlotte,Angus,68220265
Harry,Ferguson,70197785
Marc,Smith,64526707
Beatrix,ohairy,87588615
