First Name,Last Name,Matriculation
James,ohairy,42334953
Harry,Mcintosh,58103153
Marc,Smith,76419425
Harry,Ferguson,43708059
Beatrix,Barry,24011247
James,Mcintosh,35489566
Charlotte,Ferguson,27522645
Beatrix,Barry,34187851
Marc,Ferguson,12305719
James,Mcintosh,61884368
Marc,Barry,38154738
Lea,Mcintosh,17983606
Lea,Ferguson,62505575
Charlotte,Ferguson,22590461
Lea,Ferguson,64423342
James,Barry,32291029
Lea,Smith,34952657
Marc,Ferguson,64527286
Marc,Mcintosh,36345459
Lea,Barry,38121682
Harry,Smith,52554009
Harry,Ferguson,63295269
Lea,Barry,10691726
Charlotte,Angus,45586665
Harry,Barry,88968983
Harry,Barry,78490273
Charlotte,Ferguson,52523605
Beatrix,Barry,73978077
Lea,ohairy,12047979
Beatrix,Angus,36295834
James,Mcintosh,29642783
Charlotte,Ferguson,18266999
Lea,Mcintosh,65904773
Harry,Smith,54780542
James,Ferguson,84801416
Beatrix,ohairy,80310354
Charlotte,Angus,64689770
Charlotte,ohairy,32149492
Harry,Ferguson,10213805
Beatrix,Angus,51598643
James,Barry,14075841
Marc,Ferguson,69134986
James,Mcintosh,78763030
James,ohairy,50492059
Charlotte,Smith,27829069
James,Angus,50446596
Lea,Smith,84464319
Charlotte,Mcintosh,40555485
James,Barry,17238751
Harry,ohairy,83977649
James,Smith,87038994
Beatrix,Mcintosh,83452111
Harry,Mcintosh,66394784
Beatrix,Ferguson,87466079
Marc,Angus,77040524
Lea,ohairy,34831442
James,ohairy,82373862
Harry,ohairy,39962895
Charlotte,Mcintosh,25257144
Harry,Ferguson,11772383
Lea,Barry,46029406
James,Smith,30837084
James,Barry,65123064
Charlotte,ohairy,63843109
Charlotte,ohairy,13995267
James,Ferguson,65458363
Harry,ohairy,57741549
James,Barry,13507070
Lea,Angus,56552109
Charlotte,Ferguson,28693939
Lea,Smith,38388022
Marc,Angus,12977023
Charlotte,ohairy,23070264
Beatrix,Angus,85583829
Charlotte,Angus,24839057
Lea,ohairy,39226090
Marc,Ferguson,28455924
James,Ferguson,58083170
Lea,ohairy,64416766
Charlotte,Angus,17748901
Marc,Barry,82958742
Harry,Barry,44926137
Harry,Smith,81277727
Charlotte,Ferguson,47965806
Harry,Barry,14898228
Beatrix,Smith,78612817
Harry,Smith,84754208
Charlotte,Ferguson,25673848
Charlotte,Mcintosh,36028654
Beatrix,ohairy,84433073
Lea,Mcintosh,54036690
James,Mcintosh,51497440
Lea,Barry,71345712
Charlotte,Barry,67661063
Marc,ohairy,66709756
Charlotte,Angus,19181228
Harry,Mcintosh,49738469
Beatrix,Barry,72812783
Beatrix,ohairy,49286489
Harry,Angus,49143746
