First Name,Last Name,Matriculation
Harry,Barry,49262531
Lea,Ferguson,25044115
Harry,ohairy,36532647
Beatrix,Mcintosh,76930632
Charlotte,Barry,18384435
James,Ferguson,15323901
Beatrix,ohairy,62251833
Marc,Angus,14147983
Marc,Barry,36162758
Marc,Ferguson,27401767
Marc,Mcintosh,72373752
James,Angus,32524893
Lea,ohairy,11323817
Beatrix,ohairy,59906874
James,ohairy,62389296
Harry,Mcintosh,70833030
Lea,Barry,64683136
Lea,Barry,89496982
Beatrix,Barry,33457117
Charlotte,Ferguson,63947264
James,Barry,44465725
James,Ferguson,16626562
Beatrix,Ferguson,31995013
Charlotte,Smith,43530461
Harry,Angus,62863249
Marc,Ferguson,85003070
Beatrix,ohairy,72579002
Harry,Ferguson,85005859
Harry,Ferguson,24877311
Charlotte,Smith,28510379
Marc,Ferguson,62293679
Lea,Angus,40420926
Harry,Smith,58106278
Marc,Angus,89801005
Lea,Barry,44360726
Harry,Smith,54719719
Lea,Mcintosh,56468364
Charlotte,Barry,74510683
Harry,Barry,21099959
Harry,Mcintosh,42280536
Marc,Barry,21143281
Marc,ohairy,87699376
Beatrix,Angus,30774579
James,Smith,81386939
Charlotte,Ferguson,21029424
Lea,Barry,73195883
James,Mcintosh,36148082
James,Ferguson,25431078
Beatrix,ohairy,12035824
Lea,Smith,14759543
Lea,Smith,36155742
Lea,ohairy,42686748
Charlotte,Barry,47450687
Charlotte,Barry,58031440
Harry,Angus,80545234
Lea,Mcintosh,47446341
Harry,Angus,59340213
Beatrix,Barry,85377670
Charlotte,ohairy,78183219
Lea,Smith,52564538
James,Smith,75024749
Marc,Smith,10482050
Marc,Smith,52251776
Beatrix,Ferguson,76838176
Lea,Smith,44150588
James,Mcintosh,54390275
James,Angus,51339720
Charlotte,ohairy,24537068
Harry,Angus,79278228
Marc,Mcintosh,23216567
Lea,Angus,11684691
Charlotte,Barry,52109848
Charlotte,ohairy,71906646
Marc,Mcintosh,49795495
Beatrix,ohairy,76209080
Beatrix,Ferguson,65081090
Charlotte,Mcintosh,78158008
Beatrix,Mcintosh,66072662
Marc,Angus,79794269
Lea,Barry,48066271
Lea,Angus,72852046
Lea,Barry,48579344
Beatrix,Barry,84492724
Beatrix,Mcintosh,23788934
Beatrix,Barry,12967967
Lea,Barry,45172407
James,ohairy,48481254
James,ohairy,25606856
Harry,Barry,43459977
Harry,Angus,14973382
Lea,Ferguson,81421312
Lea,Ferguson,39030265
Marc,Smith,20752725
Beatrix,Smith,47302314
Charlotte,ohairy,75275900
Harry,Smith,45630459
Charlotte,Angus,60486016
Charlotte,Mcintosh,22533172
Beatrix,Mcintosh,74214022
Charlotte,Smith,86099671
