First Name,Last Name,Matriculation
Beatrix,Ferguson,17006238
Beatrix,Barry,36087934
Charlotte,ohairy,15460947
Beatrix,ohairy,40418829
Harry,Angus,64457505
Marc,Angus,63801830
Lea,Barry,70856401
Charlotte,ohairy,43382435
Lea,Ferguson,47968658
Harry,Smith,21522349
Marc,Mcintosh,45358833
Lea,Mcintosh,11254530
James,ohairy,48170987
Charlotte,Ferguson,84314792
Lea,Barry,76344680
Lea,Mcintosh,11627871
Marc,ohairy,25325159
Charlotte,Barry,38602196
James,Angus,85034879
James,Ferguson,49472635
Harry,Ferguson,56414783
Lea,Smith,35885597
Lea,ohairy,29395434
Harry,Smith,33358125
Harry,Barry,66850305
Marc,ohairy,47840369
James,ohairy,17418597
Marc,Ferguson,61274252
Charlotte,Barry,79550693
Marc,Ferguson,41547108
Beatrix,ohairy,62547126
Harry,Barry,53052718
Marc,ohairy,27173861
James,Smith,72290366
James,Smith,32539880
Marc,Angus,45727090
Charlotte,Angus,28466914
Harry,Smith,67300137
Beatrix,Smith,39217657
Beatrix,Angus,85356567
Lea,ohairy,48973837
Charlotte,Ferguson,69169476
Marc,Barry,76963731
Lea,Barry,89739085
James,ohairy,11998073
Harry,Angus,62576175
Marc,ohairy,59225406
James,Mcintosh,65521071
Beatrix,ohairy,57188280
Lea,Mcintosh,22147181
Harry,Mcintosh,37717767
Harry,Mcintosh,35096385
Marc,Smith,40550477
James,Mcintosh,15430153
Marc,Barry,19843388
Lea,Ferguson,33645021
Lea,ohairy,73189845
Marc,ohairy,57933397
Marc,Smith,16747024
Charlotte,Angus,62439567
Beatrix,Smith,21228529
Charlotte,ohairy,61180639
Marc,Smith,10521932
Harry,Barry,17165716
Marc,Ferguson,21482747
Harry,Barry,25372190
Charlotte,Smith,68556386
Beatrix,Barry,66368686
Harry,Angus,46780662
Marc,Mcintosh,65769028
Lea,ohairy,35682198
Beatrix,Angus,28382813
Marc,Barry,48780339
James,ohairy,53869560
Charlotte,ohairy,88805625
Charlotte,Angus,49025902
Harry,Barry,82576200
Lea,Barry,24794599
James,Ferguson,57814846
James,Mcintosh,54106979
Beatrix,Angus,86800490
Lea,ohairy,78595112
Marc,Ferguson,18068028
Marc,Angus,67825349
Charlotte,Barry,35017471
Marc,Angus,49872729
James,Barry,81308671
Harry,Angus,69306936
James,Mcintosh,58901498
Lea,Mcintosh,82685896
Marc,Ferguson,79376645
Charlotte,Barry,66630964
Harry,Mcintosh,29984748
Lea,Smith,69180714
Beatrix,Barry,21691154
Beatrix,Ferguson,70895689
James,ohairy,76088922
Harry,ohairy,14758642
Charlotte,Angus,72217512
Lea,Mcintosh,43429895
