First Name,Last Name,Matriculation
Charlotte,Barry,58366758
Lea,Smith,33532252
Beatrix,Barry,67534260
Charlotte,Barry,23477272
James,Angus,44725987
James,Barry,67103754
Beatrix,Ferguson,43384183
Charlotte,Barry,44439966
Charlotte,Ferguson,26021640
Charlotte,Angus,51045441
Marc,Angus,48110931
Lea,Smith,59733201
Marc,Ferguson,56574463
Harry,Ferguson,85686816
Harry,ohairy,33675194
James,Smith,48439656
Marc,ohairy,72645555
Charlotte,Ferguson,44719583
Beatrix,Ferguson,38305006
Lea,Barry,22517860
Beatrix,Barry,18908473
Beatrix,Angus,68893667
Harry,Smith,41682444
Harry,ohairy,41502040
Lea,Mcintosh,38318783
Harry,Mcintosh,20790021
Beatrix,Barry,29621007
Lea,Angus,57117912
Lea,Angus,85203935
Charlotte,ohairy,48186210
Beatrix,Smith,84482836
Charlotte,Barry,55997264
Beatrix,Smith,28845121
James,Ferguson,69054149
Marc,Mcintosh,59310807
James,Ferguson,63394126
James,ohairy,66575039
Lea,Barry,89473391
Marc,Ferguson,16801393
James,Barry,32064092
James,Ferguson,71718927
James,Smith,67177194
Beatrix,Smith,84069392
Lea,Angus,48863829
Beatrix,Barry,82533721
Harry,ohairy,56307214
Charlotte,Barry,12475395
Charlotte,Smith,40542201
Charlotte,Smith,39037970
Marc,Mcintosh,85182104
Marc,Barry,61299903
Beatrix,Barry,52280677
James,ohairy,67918879
James,Ferguson,12078159
James,Mcintosh,77657990
James,Mcintosh,15621987
Lea,Smith,64758954
Marc,Angus,70718854
Marc,Ferguson,38911047
James,Ferguson,77360251
Harry,Mcintosh,81003393
Harry,Smith,12816683
Beatrix,Mcintosh,42280259
Lea,ohairy,84697754
Lea,Ferguson,18131782
Harry,Ferguson,51197175
Lea,Angus,52396083
Lea,Angus,47489765
Charlotte,Mcintosh,86000244
Marc,Barry,24626305
Harry,ohairy,32505328
Marc,Barry,40316666
Lea,Barry,23673867
Charlotte,Mcintosh,59420066
Marc,Mcintosh,83647184
Charlotte,Barry,76508197
James,Barry,53395558
Beatrix,Smith,35368357
James,Smith,60988258
Beatrix,Smith,81995648
Lea,Mcintosh,77219161
Harry,Smith,51951130
Charlotte,Barry,23684643
Beatrix,Angus,63674166
Charlotte,Mcintosh,38175374
Lea,Smith,49037033
Marc,ohairy,45005701
James,Barry,33220107
James,Mcintosh,14151908
Harry,Mcintosh,50871267
Beatrix,Smith,56524708
Harry,Ferguson,26689200
Beatrix,Barry,62472273
Lea,Barry,75039485
Lea,Barry,63914365
Marc,Ferguson,13114347
Harry,Smith,49313241
Beatrix,ohairy,45867235
Charlotte,ohairy,71559548
Marc,Ferguson,81212105
