First Name,Last Name,Matriculation
James,ohairy,47584757
Harry,ohairy,47073837
Marc,ohairy,75616483
Harry,Barry,27609814
Marc,Mcintosh,71891774
Harry,Barry,85506944
Charlotte,Smith,17084784
Marc,ohairy,37429643
Beatrix,Barry,68336008
Lea,Smith,89951238
Charlotte,Angus,62325372
James,Smith,31752434
James,Barry,61960844
Marc,Ferguson,74355291
Lea,Smith,35492068
James,Angus,73685688
Charlotte,ohairy,38156820
Charlotte,ohairy,77374067
Lea,ohairy,13456969
Harry,Ferguson,55376480
Beatrix,Smith,54908189
James,Barry,32694449
Marc,Barry,41663440
Marc,Angus,55260238
Beatrix,Barry,89960378
Lea,Smith,30103091
Marc,ohairy,26854079
James,Mcintosh,25437931
Charlotte,Barry,35737117
Lea,Barry,21904102
Lea,ohairy,52566228
Lea,Mcintosh,69742445
Charlotte,Angus,43241484
Lea,ohairy,10636259
Beatrix,Angus,52624398
Charlotte,Angus,36822734
James,Mcintosh,56612234
Lea,Mcintosh,51902493
Lea,Smith,37477613
Marc,Smith,47881998
Charlotte,Mcintosh,89910901
Lea,ohairy,85184867
Charlotte,Ferguson,49243530
Harry,Ferguson,44743297
Beatrix,Barry,33344992
James,Barry,83712256
Harry,Ferguson,78166506
Lea,Mcintosh,70419157
Marc,Angus,68505388
Beatrix,Barry,89000539
Charlotte,Smith,46693554
Charlotte,ohairy,74840419
Marc,Smith,28623802
Harry,Mcintosh,64002601
Lea,Angus,21798353
Lea,Ferguson,58443242
Marc,Smith,40005982
Beatrix,ohairy,28566289
Charlotte,Ferguson,63180103
James,Smith,19383489
Marc,Ferguson,19046089
James,ohairy,88816220
Harry,ohairy,24102554
Lea,Barry,40833994
Lea,ohairy,37194418
James,ohairy,31760576
James,Angus,17097351
Charlotte,Angus,30696152
Harry,Barry,64399057
James,Smith,44561878
Harry,Angus,57169053
Charlotte,Barry,19816878
Beatrix,Barry,73237468
Charlotte,ohairy,53336870
Beatrix,Angus,89381289
Harry,Angus,16031441
Lea,Angus,45087252
Lea,Mcintosh,78813253
James,Angus,45537399
Lea,Ferguson,80583986
Beatrix,Ferguson,59066573
James,Ferguson,83104152
Beatrix,Ferguson,89775107
Marc,Mcintosh,13008927
Lea,ohairy,72917118
Marc,Barry,36994043
Marc,Barry,59422358
Harry,Ferguson,31022507
Beatrix,Smith,86984686
Beatrix,Mcintosh,66914815
Marc,ohairy,62482593
James,Mcintosh,86334737
Charlotte,Angus,49312920
Lea,Mcintosh,27102721
Lea,Barry,56866005
Marc,Angus,34102540
Harry,Angus,28909556
Beatrix,Smith,44843548
Marc,ohairy,39678301
Charlotte,Barry,21999722
