First Name,Last Name,Matriculation
Harry,Mcintosh,66914816
James,Angus,48228432
James,Barry,81146319
Harry,Ferguson,12264063
Harry,Barry,50199665
Charlotte,Mcintosh,40705283
Marc,Mcintosh,71942894
Harry,Ferguson,40880992
Harry,ohairy,30934747
Harry,Mcintosh,21487307
Charlotte,ohairy,41157993
Lea,Barry,64505619
Lea,Smith,76396754
Harry,Ferguson,42671104
Beatrix,ohairy,23443764
James,ohairy,14535945
Marc,Barry,81037152
Marc,Mcintosh,44716942
Charlotte,ohairy,43627254
Charlotte,Smith,83788769
James,Smith,40631744
Lea,Barry,69930998
Marc,Smith,33852589
Lea,Mcintosh,48914154
Marc,Angus,36373777
James,Mcintosh,74158074
Harry,Smith,42447833
Marc,Angus,88485042
Charlotte,Mcintosh,86442695
Charlotte,Ferguson,87449334
Harry,Ferguson,56866863
Lea,Angus,47642956
Beatrix,Barry,85562314
Marc,ohairy,46029209
Beatrix,Ferguson,74756389
Lea,Barry,31977862
Charlotte,Smith,77689750
Harry,ohairy,28065464
Harry,Barry,85263307
James,Mcintosh,63556310
Lea,Ferguson,13188708
Harry,Barry,57809888
Marc,Barry,29018266
James,Smith,45367664
James,Ferguson,19861075
Harry,Ferguson,74450063
Charlotte,Smith,29016772
Marc,Angus,65632676
Beatrix,Smith,50554609
Lea,Angus,27761922
Beatrix,Angus,62528027
Lea,Barry,65074631
Marc,ohairy,72503412
Charlotte,Ferguson,31702638
Harry,ohairy,50666919
Beatrix,Mcintosh,38160676
Lea,Ferguson,78943920
Lea,ohairy,14158378
Marc,Mcintosh,49692164
Beatrix,Mcintosh,72312609
Lea,Angus,69271948
Harry,ohairy,70769338
Lea,Mcintosh,47661014
Lea,Smith,27267709
Beatrix,Angus,55969677
Beatrix,Ferguson,41247545
James,ohairy,71360935
James,Barry,72622115
Marc,Mcintosh,86210765
Beatrix,ohairy,68270307
Lea,Angus,49064315
Lea,ohairy,72744839
Charlotte,Mcintosh,23431823
Marc,Mcintosh,67018823
Lea,ohairy,49524288
James,Angus,16077952
Charlotte,Smith,26208858
Beatrix,ohairy,60630999
James,Angus,56774159
Charlotte,ohairy,29769233
Marc,Smith,31847585
Harry,Mcintosh,45934949
Harry,Ferguson,42556481
Beatrix,ohairy,22003027
Marc,Ferguson,19215513
Beatrix,Ferguson,37164906
Harry,Smith,35810275
Marc,Barry,75898200
Beatrix,Mcintosh,63585489
Harry,Barry,38477876
Harry,Angus,55138027
Marc,Smith,66225494
Marc,Smith,77671392
Marc,Ferguson,17424214
Marc,Barry,63178087
James,Mcintosh,74982757
James,Smith,72933763
Lea,Barry,27322103
Lea,Smith,70223126
Harry,Angus,54921828
