First Name,Last Name,Matriculation
Beatrix,Ferguson,25349254
Charlotte,Mcintosh,73460548
Lea,Barry,77697139
Beatrix,Angus,83232378
Marc,Barry,76622219
Beatrix,ohairy,70693624
Charlotte,Angus,64615796
James,Angus,30633625
James,Angus,55454633
James,Mcintosh,55381726
Marc,Smith,30467233
Charlotte,Mcintosh,49086549
Charlotte,ohairy,49696228
Harry,Smith,75727688
James,Angus,75076042
Charlotte,Mcintosh,45116257
Lea,ohairy,66550043
James,ohairy,50298041
Lea,Smith,47849441
Lea,Mcintosh,85983788
Marc,ohairy,28035244
Lea,Mcintosh,32870868
Harry,Ferguson,26675614
Beatrix,ohairy,21892724
Charlotte,ohairy,46470254
James,Barry,66103885
Lea,Mcintosh,46013840
Charlotte,Angus,33727028
Harry,Mcintosh,63104318
Marc,Mcintosh,53180561
Lea,ohairy,41507402
James,Barry,53179157
Harry,Mcintosh,15046166
Harry,Ferguson,41928171
Charlotte,Barry,12798467
Charlotte,Ferguson,76320099
Beatrix,Angus,22559138
Beatrix,Smith,65299426
Charlotte,ohairy,74251884
Beatrix,Ferguson,81169618
Harry,Ferguson,38208411
Beatrix,Barry,75075432
Marc,Smith,78514123
Marc,Smith,73019135
Marc,ohairy,11659316
Marc,Barry,51279976
Beatrix,Mcintosh,56790913
Lea,Barry,41708994
Charlotte,Smith,19896158
Lea,Ferguson,24481744
Marc,Angus,52878365
Marc,Mcintosh,38267544
Marc,Mcintosh,22416412
Beatrix,Mcintosh,81846373
Lea,Mcintosh,25671932
Marc,Mcintosh,67327624
Beatrix,Ferguson,13397352
Marc,Angus,31182643
James,Ferguson,64133298
Harry,Mcintosh,48993228
James,Barry,81728619
James,Smith,24361985
Harry,ohairy,85213340
Charlotte,Barry,27755829
Marc,Ferguson,61080040
Harry,Barry,12014460
Lea,Angus,79305458
Lea,ohairy,37434517
Lea,ohairy,23150125
Harry,Barry,17554668
Beatrix,Angus,64736049
Beatrix,ohairy,74298800
James,Barry,16924368
Beatrix,Barry,36239769
Harry,Angus,70811572
James,Smith,63971677
Charlotte,Ferguson,49665106
Harry,Smith,55727571
Lea,Ferguson,44365696
Charlotte,Ferguson,53095047
Beatrix,Smith,60481344
Lea,Smith,62467082
James,Mcintosh,53987410
Lea,ohairy,80940427
Charlotte,Smith,36668853
James,Barry,23398057
Beatrix,Angus,55935245
Beatrix,Smith,76911296
Harry,Barry,60829870
Marc,Angus,83160335
Charlotte,Smith,21715718
Harry,Ferguson,79013438
Harry,Mcintosh,10731225
Lea,Barry,12728983
James,Angus,32374233
Marc,Barry,38196397
Marc,Ferguson,84636404
Lea,Ferguson,87006298
James,ohairy,80724841
Marc,Smith,66327948
