First Name,Last Name,Matriculation
James,Barry,34232095
Charlotte,Ferguson,88237593
James,Angus,23701448
James,Ferguson,58929709
Marc,Barry,58090506
Lea,Angus,44026599
Harry,Mcintosh,26085712
Harry,Angus,51403860
Lea,Mcintosh,57675544
Marc,Barry,80901313
Marc,Mcintosh,11419523
Charlotte,Mcintosh,30703347
James,Mcintosh,29344822
Marc,Smith,22345531
Beatrix,Ferguson,14628532
Marc,Angus,58482775
James,ohairy,27899977
James,Smith,41647495
Beatrix,Mcintosh,39320734
Beatrix,Angus,28819608
James,ohairy,45615473
Beatrix,Mcintosh,86589773
Harry,Ferguson,47620937
Harry,ohairy,72378916
Beatrix,Angus,18012922
James,Barry,30570848
Beatrix,Smith,51920208
Beatrix,ohairy,83895149
Harry,Ferguson,55333758
Lea,Angus,10143313
James,Ferguson,26302389
Beatrix,Smith,10972142
Beatrix,Smith,78420407
James,Ferguson,20690373
Beatrix,Ferguson,88164436
Beatrix,Angus,75141693
Marc,Ferguson,75479993
Marc,Ferguson,48690172
Harry,Ferguson,26522127
Marc,Mcintosh,52167423
James,Angus,31761167
Harry,Angus,56153389
Lea,Angus,13931670
Lea,Mcintosh,68403108
Lea,ohairy,14291100
Lea,ohairy,31663093
Marc,Angus,51932406
James,Mcintosh,19603419
Charlotte,Smith,47956987
James,Ferguson,87788153
Lea,Smith,39001556
Charlotte,ohairy,71174401
James,Mcintosh,64106504
Harry,ohairy,31783314
Charlotte,Ferguson,29267089
Beatrix,Ferguson,66769247
Lea,Smith,80593625
Lea,Mcintosh,29591012
Harry,Barry,74174726
James,ohairy,81303163
Beatrix,Mcintosh,23773874
James,ohairy,64165309
Marc,Smith,57703718
Charlotte,Angus,36850755
Harry,Smith,73099789
James,Angus,85310948
Harry,Barry,16687243
Lea,Smith,48707486
Charlotte,Smith,64595985
Beatrix,Angus,76613582
Beatrix,Ferguson,62710133
Harry,Angus,89008645
Lea,Ferguson,66352028
James,Mcintosh,25346876
James,ohairy,86756206
Marc,Barry,75974662
Lea,Angus,53251515
Charlotte,ohairy,19373733
Marc,Angus,10175319
James,Barry,70290148
James,Barry,75976302
Marc,Barry,39010357
Marc,Smith,48868944
Charlotte,Angus,69137029
Charlotte,Angus,45245818
Harry,ohairy,48685162
Charlotte,Barry,15075461
Harry,Angus,30746421
Marc,Smith,42439518
Charlotte,Ferguson,67238335
Lea,Mcintosh,41416161
Beatrix,Angus,16061996
Harry,Barry,49074932
Harry,Mcintosh,15172218
James,ohairy,85840752
James,Angus,15753982
Beatrix,Angus,87924018
Beatrix,Barry,31183309
James,Smith,25662949
Beatrix,ohairy,89041888
