First Name,Last Name,Matriculation
Lea,Angus,72685121
Charlotte,Ferguson,86133902
Harry,Smith,48705039
Beatrix,Smith,61921113
Charlotte,ohairy,37242764
Charlotte,Mcintosh,35525089
Beatrix,Angus,41197999
Charlotte,ohairy,82184278
Charlotte,Mcintosh,26430639
Beatrix,Barry,27721056
Charlotte,Smith,81503108
James,Barry,33324275
Beatrix,Mcintosh,11116359
Marc,Mcintosh,36049892
Beatrix,Barry,34998707
Charlotte,ohairy,29473622
Charlotte,Mcintosh,23062241
Charlotte,Mcintosh,81701922
James,Angus,54262638
Marc,Mcintosh,78858967
Harry,Smith,12278548
Charlotte,ohairy,11531119
Beatrix,Barry,74729452
Beatrix,Ferguson,52699910
Lea,Angus,33276820
Charlotte,Mcintosh,68160567
James,ohairy,17039258
Marc,Mcintosh,82865577
Charlotte,Angus,19662338
James,Angus,28700153
Marc,Ferguson,10515283
James,Mcintosh,41072138
Marc,ohairy,77270495
Lea,Angus,67833961
Beatrix,Smith,31273286
Marc,Barry,74093490
Marc,Ferguson,67400605
James,ohairy,56272156
Beatrix,Smith,63253492
Beatrix,Ferguson,12102082
Lea,Angus,64516601
Lea,Mcintosh,86172136
Charlotte,ohairy,84887945
James,Angus,81428475
James,Ferguson,46962663
Beatrix,Ferguson,21791674
James,ohairy,82778124
Charlotte,Barry,31992935
Marc,Smith,30119791
Lea,Mcintosh,50090357
Charlotte,ohairy,58529471
James,Angus,55977924
Lea,ohairy,51447551
Charlotte,Ferguson,78351571
Lea,Ferguson,67795731
Beatrix,ohairy,56020395
Charlotte,Barry,71404197
James,Ferguson,83209955
Marc,Smith,26236980
Marc,Barry,67904928
Charlotte,Mcintosh,79025387
Beatrix,Smith,15359852
Marc,ohairy,69854900
Marc,Angus,58165559
Charlotte,Barry,84271945
Harry,Angus,86508059
Lea,ohairy,18974014
Marc,Barry,57065934
Lea,Angus,25049230
Lea,Ferguson,23710384
James,Mcintosh,82193270
Beatrix,Angus,24041915
Harry,Angus,68935963
Lea,Ferguson,79945494
Harry,Smith,58121603
Harry,Angus,77630980
James,ohairy,69037589
Marc,Angus,55503742
James,ohairy,15564614
Harry,Ferguson,67051182
Harry,Smith,43723468
Marc,ohairy,45373011
Harry,Smith,68750397
Lea,Ferguson,88122480
Marc,Barry,79558877
Charlotte,Barry,52398721
James,Barry,26236063
Charlotte,Smith,40170980
Marc,ohairy,34178040
Charlotte,Smith,17912939
Marc,Smith,25468565
Charlotte,ohairy,59837271
James,Ferguson,52160118
Charlotte,Angus,85101493
Marc,Barry,26088235
Harry,Smith,33518086
Charlotte,Angus,49628256
James,Smith,75505206
Harry,Barry,41191087
James,Ferguson,27131124
