First Name,Last Name,Matriculation
Marc,Ferguson,24750963
Lea,Ferguson,20689742
Harry,ohairy,79800303
James,Smith,16817135
Marc,Barry,74733972
Charlotte,Barry,35836077
Harry,Angus,87990779
Beatrix,Barry,25722684
Lea,Mcintosh,63883842
Marc,Smith,39821705
Harry,Angus,22555412
Lea,Barry,32737302
Charlotte,Angus,63947222
Beatrix,Ferguson,54563567
Marc,ohairy,31585908
Beatrix,Barry,20788113
Marc,Barry,83087167
Marc,Mcintosh,71036663
James,Barry,83358733
Beatrix,Angus,42793286
James,Angus,23366550
Harry,ohairy,54721465
Lea,Ferguson,18750610
Lea,Angus,14329436
Beatrix,ohairy,11655684
Lea,Mcintosh,57004518
James,Mcintosh,50687515
Charlotte,Smith,50712300
Charlotte,Ferguson,45383557
Lea,Mcintosh,47764668
Beatrix,Ferguson,44717456
Harry,Smith,23678987
James,Angus,31835172
Harry,Mcintosh,73705871
Beatrix,Angus,63607972
Harry,Barry,55785610
Marc,Ferguson,17360898
James,Ferguson,83308357
Beatrix,Smith,26981652
James,Ferguson,82418550
Harry,Ferguson,54015302
Lea,Angus,17869089
Harry,Angus,24247237
Harry,Smith,11307090
Marc,ohairy,81640433
Harry,Smith,69236675
Lea,ohairy,17640319
Lea,Mcintosh,75190010
James,Ferguson,54996743
Harry,Barry,81549563
Harry,Smith,83763724
Marc,Mcintosh,36662997
Charlotte,ohairy,65359053
Harry,Ferguson,47189440
Beatrix,Mcintosh,73722873
Marc,Mcintosh,43089369
Lea,Ferguson,50622342
Charlotte,Smith,13158305
Lea,Barry,52137246
Beatrix,Mcintosh,14923265
Marc,Mcintosh,40127833
Harry,Ferguson,57341127
Lea,Angus,51742359
James,Angus,60704350
Harry,Barry,74534831
James,Smith,77974269
Beatrix,Barry,83908310
James,ohairy,37476750
Marc,Angus,18306068
James,Barry,59570766
Harry,Ferguson,27498357
Beatrix,Ferguson,33951439
Harry,Mcintosh,32310967
Beatrix,Mcintosh,76358480
Marc,Mcintosh,38376619
Marc,Smith,89556625
Marc,Smith,18971018
Charlotte,ohairy,46567375
Marc,Barry,33116851
Beatrix,Mcintosh,55933555
Harry,Angus,80445269
Harry,Angus,55094179
Charlotte,Barry,82884743
Beatrix,ohairy,40754547
Beatrix,Barry,44874164
Lea,ohairy,38750526
Marc,Smith,33117849
Harry,ohairy,77263230
Beatrix,Barry,82283925
Lea,Mcintosh,37945576
Harry,Barry,24507875
Harry,Barry,61663187
Marc,Barry,64260251
Charlotte,Angus,41485518
Marc,Angus,73619954
Marc,Smith,43974221
Marc,ohairy,63954733
Marc,Barry,78520066
Charlotte,Angus,85036782
Lea,ohairy,60076736
