First Name,Last Name,Matriculation
Lea,Smith,18929104
Beatrix,Smith,20725365
Charlotte,ohairy,46509674
Beatrix,Angus,42793273
Lea,ohairy,87381009
Lea,Ferguson,30364867
Marc,Mcintosh,86370969
Marc,Smith,88222279
Beatrix,Smith,55416829
Marc,Angus,45511767
Harry,Ferguson,13698339
Beatrix,Mcintosh,45047047
Charlotte,Ferguson,17348967
Lea,ohairy,55296672
James,Angus,59434891
Lea,Smith,65419841
Beatrix,ohairy,48741627
James,Ferguson,67242086
Beatrix,Barry,12842754
Charlotte,Barry,20625996
James,ohairy,34144532
Lea,Angus,28530577
Beatrix,ohairy,87335936
Marc,Smith,60495886
Charlotte,ohairy,82166234
Harry,Smith,15436950
Beatrix,ohairy,29379864
Beatrix,Barry,43595756
Harry,Angus,75195917
James,Angus,43553941
Lea,Ferguson,64923509
Lea,Angus,36746381
James,Smith,24718978
Charlotte,ohairy,41763900
Harry,ohairy,40594748
Lea,Mcintosh,12671809
Harry,Barry,89868553
Harry,Ferguson,60503932
Beatrix,ohairy,45389183
Marc,ohairy,11544292
Harry,Smith,38988863
Charlotte,Angus,14020732
James,Smith,64699285
Charlotte,Mcintosh,46729310
Beatrix,Angus,58080553
Lea,Mcintosh,70795308
Harry,ohairy,25315905
Lea,Mcintosh,54868117
Beatrix,Angus,38123408
Beatrix,Barry,61393304
Harry,ohairy,13574494
Beatrix,Angus,65275010
Charlotte,Mcintosh,31760626
Harry,Barry,34250367
Harry,Mcintosh,71185732
Charlotte,ohairy,17770182
Beatrix,Barry,55318995
Beatrix,Mcintosh,63488608
Harry,Ferguson,31575311
Beatrix,Smith,63145556
Marc,Barry,29145724
Harry,Barry,32761533
Charlotte,Barry,86337235
Charlotte,Mcintosh,33706658
Harry,Mcintosh,46859103
James,Ferguson,83045858
Charlotte,Smith,41424746
Charlotte,ohairy,72814787
Charlotte,Smith,60752538
Harry,Smith,34563456
Lea,Angus,56377820
Marc,Angus,68208825
Marc,Ferguson,11210931
Beatrix,Smith,56688186
Charlotte,Ferguson,43525889
Marc,Angus,49784588
Marc,ohairy,60100195
Lea,Barry,21366260
Marc,Smith,25971194
Lea,Smith,52322899
Marc,Ferguson,10521076
Beatrix,Angus,71823237
James,Barry,23664084
James,Angus,60694589
Charlotte,Mcintosh,24799542
Lea,Barry,16224837
Charlotte,Smith,32274748
James,Smith,87481695
Harry,Mcintosh,32445877
Beatrix,Ferguson,55963700
Beatrix,Ferguson,46080272
James,ohairy,62459056
Harry,Smith,46767794
Charlotte,Mcintosh,17503099
Lea,Smith,74043519
Marc,Smith,27825244
Charlotte,Mcintosh,69346979
James,Barry,72649234
Lea,Barry,54951602
Marc,Ferguson,13532874
