First Name,Last Name,Matriculation
Lea,Barry,81665731
Marc,Barry,22052163
James,Angus,10156144
Lea,Ferguson,53295313
Marc,Ferguson,22482608
Lea,ohairy,21477060
James,ohairy,65867661
Harry,Ferguson,40422136
James,Ferguson,34375602
James,Mcintosh,44501702
Marc,Angus,25134105
James,Mcintosh,20685754
Charlotte,Mcintosh,83080253
Charlotte,Ferguson,67576876
James,ohairy,42991178
Lea,Angus,36938422
Marc,Barry,18569217
Beatrix,Ferguson,89206012
Marc,Angus,19208170
James,Mcintosh,24217215
James,ohairy,47338415
Harry,Angus,14283921
Beatrix,Mcintosh,52194127
Lea,Angus,77547321
Charlotte,Angus,57736830
James,Smith,83743773
Charlotte,Barry,56879874
James,Mcintosh,12611502
James,Ferguson,26111914
Beatrix,Barry,46784884
James,Angus,24466013
Charlotte,Barry,46471057
James,Barry,46232217
James,Angus,77553100
Beatrix,Smith,21911655
Charlotte,Smith,61082955
Beatrix,ohairy,22514133
Harry,ohairy,19936602
Harry,Smith,20589943
Harry,Mcintosh,83309643
Lea,Smith,78873926
Charlotte,Angus,56928140
Harry,Mcintosh,51924484
Beatrix,ohairy,63134723
Charlotte,Barry,74482631
Marc,Smith,18320364
Marc,Barry,55948448
Marc,Barry,68660236
Lea,ohairy,57647482
Marc,Smith,52198722
Charlotte,Barry,62647811
Lea,Angus,25620033
Harry,Mcintosh,43254315
Marc,Mcintosh,74835325
Charlotte,Barry,76014209
Lea,Barry,71026253
Harry,Angus,32134093
James,Barry,45598619
Marc,ohairy,25347996
Charlotte,Ferguson,50923216
Beatrix,Ferguson,38123684
Beatrix,Mcintosh,75416487
Harry,Mcintosh,86882333
Harry,Smith,49665096
Lea,Angus,87127144
James,Ferguson,39880303
Lea,Ferguson,28171051
Beatrix,ohairy,59147019
Marc,ohairy,81199362
Beatrix,ohairy,64905313
James,Barry,66669205
Charlotte,ohairy,52367335
James,ohairy,33968546
James,Angus,45243472
Charlotte,ohairy,37859762
James,Angus,47196105
Harry,ohairy,59680041
Beatrix,Barry,61915834
Lea,Smith,52101184
Harry,Smith,80133519
Charlotte,Mcintosh,74899838
Beatrix,Smith,25508795
Beatrix,Ferguson,68439392
Harry,Ferguson,62482040
Charlotte,Smith,62915627
Lea,ohairy,26796036
Harry,Mcintosh,72473912
Beatrix,Angus,10634975
Beatrix,Barry,44478404
Charlotte,Barry,34461481
Beatrix,Mcintosh,32303081
Lea,Smith,67153446
Beatrix,Angus,68851518
James,Angus,32654172
Lea,Ferguson,66280664
Beatrix,Mcintosh,38450058
Charlotte,Smith,67919181
Lea,ohairy,41433248
Marc,Angus,15302611
Marc,ohairy,31395132
