First Name,Last Name,Matriculation
James,ohairy,81043147
Charlotte,Mcintosh,81293961
Lea,Angus,44194330
James,ohairy,77353354
Lea,Barry,63656378
Marc,Smith,52515268
James,Smith,65420005
Harry,Angus,86147029
Lea,Barry,84080076
Marc,Barry,53987838
Lea,Mcintosh,49475977
Charlotte,Angus,58500244
Beatrix,Angus,11227116
Lea,Angus,32404381
Lea,Mcintosh,81428862
Marc,Angus,33472980
Lea,Angus,87199728
Harry,Angus,15794493
Charlotte,Smith,16502138
Charlotte,Smith,33725195
James,Smith,80646333
Marc,Smith,35799037
Lea,Smith,47278154
Beatrix,Barry,81413015
James,Barry,37568709
Marc,Barry,51005530
Marc,Ferguson,31595420
Charlotte,Mcintosh,39534410
James,Ferguson,59442751
Harry,Ferguson,85595196
James,Angus,25901538
Lea,Mcintosh,39989143
Beatrix,Angus,22222769
Lea,Ferguson,84826573
Lea,Ferguson,11122108
Beatrix,Angus,72481997
James,ohairy,47038443
Marc,Mcintosh,11584056
Marc,Smith,20846066
Marc,Mcintosh,57999513
James,Ferguson,40689966
Beatrix,Ferguson,45896197
Marc,Smith,64179965
Charlotte,Ferguson,59095756
Marc,Mcintosh,19261170
James,Ferguson,73040866
Lea,Mcintosh,61814816
James,Smith,17894181
Lea,Angus,80186265
James,Ferguson,39182767
James,Angus,30417722
Beatrix,ohairy,75878953
Lea,Mcintosh,70182459
Lea,Smith,62133873
Beatrix,ohairy,85524276
Charlotte,Ferguson,37085850
Lea,ohairy,62071473
Beatrix,ohairy,78280747
Beatrix,ohairy,25111765
Lea,ohairy,49581742
Marc,ohairy,64471257
James,Mcintosh,38444418
Lea,Ferguson,49185194
Harry,Angus,77776644
Lea,ohairy,86180884
Marc,Angus,39372519
Beatrix,Smith,45263970
Lea,ohairy,76120061
Marc,ohairy,69797286
Marc,Mcintosh,61662336
Harry,Mcintosh,59603657
Lea,ohairy,81451321
Marc,Barry,38679237
Lea,Angus,39197048
James,Mcintosh,33724654
Charlotte,Ferguson,42206124
Lea,ohairy,70038320
Marc,Angus,84309460
James,Mcintosh,41487789
Marc,Ferguson,24654488
James,Smith,85823476
Beatrix,Angus,49564941
Lea,Angus,10795158
Lea,ohairy,23030731
Charlotte,Angus,11647017
Harry,Barry,69942202
Beatrix,Mcintosh,74648246
Lea,Mcintosh,69591682
Marc,Ferguson,71762080
Charlotte,Smith,21922076
Lea,Ferguson,83004982
Marc,Smith,32946033
Beatrix,ohairy,19545803
Harry,Barry,54975707
Beatrix,Ferguson,64210893
Lea,Smith,22862827
Charlotte,Mcintosh,71185907
James,Mcintosh,39901292
Marc,Barry,60299709
Charlotte,ohairy,45430692
