First Name,Last Name,Matriculation
Harry,Smith,66160575
Harry,Smith,20678697
Marc,Smith,76827250
Charlotte,Angus,82435324
Lea,Mcintosh,63993352
James,Angus,77637676
Beatrix,Barry,61989428
Charlotte,Smith,58071410
Harry,Ferguson,37424618
Charlotte,Angus,26766522
Marc,ohairy,88930553
James,ohairy,34298131
Lea,Smith,55793961
James,Angus,31064321
Charlotte,Angus,81783389
Marc,Mcintosh,39153718
Marc,Smith,54898471
James,Ferguson,63408542
Harry,ohairy,64517063
Beatrix,Smith,11433819
Marc,ohairy,10994771
James,Ferguson,30456265
Marc,Barry,86914359
Marc,Ferguson,86657344
Lea,Ferguson,64202603
Marc,Barry,85756400
Charlotte,Angus,64227890
Lea,Smith,23751817
Lea,ohairy,73969873
Beatrix,Ferguson,51528637
Charlotte,Ferguson,75563049
Marc,Mcintosh,15425758
Charlotte,Smith,19347052
Lea,Barry,11956096
Charlotte,Barry,75218527
Harry,Ferguson,78146250
Harry,Smith,71931717
Harry,ohairy,75987554
Marc,Ferguson,69918561
Charlotte,ohairy,30587392
Marc,Angus,48741432
James,ohairy,84904333
James,Mcintosh,38721849
Harry,ohairy,10696909
Charlotte,Smith,11993453
Harry,Smith,25177890
Lea,Barry,86312292
Charlotte,ohairy,50111162
Marc,Mcintosh,84756023
James,Ferguson,13950989
Marc,Barry,22147584
James,Mcintosh,54521896
Beatrix,Smith,20308567
Charlotte,Barry,58734463
James,Ferguson,50286006
Marc,Angus,40529978
Beatrix,Mcintosh,11200752
Harry,Angus,38515723
James,Barry,86276814
Beatrix,Barry,68832168
Harry,ohairy,82441807
Beatrix,Smith,43872645
James,Angus,71106385
Charlotte,Angus,71857633
Harry,Smith,41785303
Marc,Mcintosh,38735719
Lea,Mcintosh,16545345
Harry,ohairy,46301145
Charlotte,Barry,30174332
Beatrix,Angus,73582177
Lea,Ferguson,30726753
Charlotte,Mcintosh,50535754
Lea,ohairy,43905548
Charlotte,Barry,57206009
Charlotte,Mcintosh,39936857
Harry,Barry,19041994
Beatrix,Mcintosh,39209105
Marc,Mcintosh,53262640
Beatrix,Angus,78413962
Beatrix,Barry,85368539
Marc,Barry,43306060
James,Ferguson,48642447
Harry,Mcintosh,87320882
Harry,Angus,83123752
Beatrix,Smith,38467712
Beatrix,ohairy,66007939
James,Barry,16733143
Marc,ohairy,24971423
Lea,Angus,47342505
James,Angus,83995287
Harry,Barry,49054703
James,Barry,57277338
Lea,Mcintosh,16320892
Charlotte,Mcintosh,89228359
Beatrix,Barry,85036509
Beatrix,Smith,40280897
Charlotte,Mcintosh,60481902
Beatrix,ohairy,29192154
Lea,Angus,23740046
James,Angus,52244389
