First Name,Last Name,Matriculation
James,Angus,14386105
James,Smith,26454285
Lea,Smith,80847042
Beatrix,Mcintosh,57057083
Lea,Angus,25425592
Beatrix,ohairy,13926955
James,Mcintosh,63067142
James,Smith,82255086
Marc,Angus,60050833
Beatrix,Smith,54976206
Harry,Mcintosh,35828307
Marc,Barry,16243544
Lea,Smith,25239152
Lea,Mcintosh,85610485
Harry,Mcintosh,83148115
Beatrix,Smith,49571855
Charlotte,Mcintosh,82302803
Lea,ohairy,22202384
Charlotte,Ferguson,26239994
Beatrix,Angus,38372129
Harry,Ferguson,52009070
Marc,Smith,53820224
James,Angus,37606619
Beatrix,Angus,39800124
Charlotte,Ferguson,80440592
Marc,Ferguson,76297873
Lea,Mcintosh,85441979
Harry,Ferguson,33733649
Marc,Angus,62449011
James,Barry,30998218
Marc,Mcintosh,19868326
Lea,ohairy,57391743
Marc,Barry,47625870
Harry,Angus,21207952
Charlotte,Barry,23370592
Harry,Smith,44216796
Charlotte,ohairy,43074045
Beatrix,Smith,18954219
Charlotte,Barry,81342328
Charlotte,Mcintosh,16604600
Beatrix,ohairy,23351581
Marc,Angus,78996817
Marc,Barry,42950765
Harry,Smith,60050938
James,Ferguson,51211259
Charlotte,Smith,53291053
Harry,Barry,77771818
Marc,Ferguson,84026977
Beatrix,Barry,76719067
Marc,Smith,71942968
Beatrix,Angus,86296402
Lea,ohairy,85743894
James,Angus,22232792
Beatrix,Mcintosh,88158532
Charlotte,Mcintosh,33699893
Harry,Ferguson,13123966
Lea,Ferguson,71992617
Marc,ohairy,66178744
Marc,ohairy,45312509
Harry,Smith,69122627
James,Smith,77325264
Beatrix,ohairy,22405730
Harry,Mcintosh,80273975
Beatrix,Barry,29338116
Lea,Ferguson,77038466
James,Mcintosh,53670411
Charlotte,ohairy,89464222
Beatrix,Ferguson,50946070
Harry,Barry,70861411
James,Barry,65557674
Harry,Mcintosh,20433013
Lea,Angus,32879490
Beatrix,Angus,33798375
Marc,Ferguson,17177765
Charlotte,Ferguson,27063501
James,Ferguson,69822457
Charlotte,Mcintosh,21251737
Lea,ohairy,87241457
Harry,Smith,72998636
Lea,Barry,69498023
Harry,ohairy,67439474
Charlotte,Mcintosh,66945936
Charlotte,ohairy,65783521
Harry,Ferguson,81360926
Lea,ohairy,56729872
James,Ferguson,74054751
Beatrix,ohairy,83709689
Lea,Barry,20955334
Lea,Ferguson,30571526
Marc,Smith,33523867
Harry,ohairy,15070298
Charlotte,ohairy,55828146
Harry,Barry,19914717
Beatrix,Mcintosh,71996449
Beatrix,Mcintosh,83265121
James,Smith,65307961
Charlotte,Ferguson,46361320
Beatrix,Mcintosh,89916549
Lea,Mcintosh,25479633
James,Ferguson,62188729
