First Name,Last Name,Matriculation
James,Smith,41281301
Beatrix,Mcintosh,26361354
James,Angus,75838843
Beatrix,Barry,32855461
Marc,Smith,75724226
James,Smith,83401847
Lea,Ferguson,14414584
Charlotte,Barry,16692508
Beatrix,Smith,37552464
Harry,Mcintosh,74271165
James,Ferguson,83202724
Lea,ohairy,48276637
Beatrix,Smith,21748754
Beatrix,ohairy,65911390
Harry,Angus,37456597
Harry,Ferguson,82153910
Harry,Mcintosh,26176729
Lea,Angus,53668439
Beatrix,Mcintosh,41712346
Lea,Angus,54524460
James,ohairy,40422429
Lea,Angus,51831764
James,Barry,44759954
Marc,Ferguson,72703557
Harry,ohairy,57958495
Beatrix,Smith,10308700
Beatrix,Barry,37975772
Charlotte,Ferguson,55805615
James,Angus,59680037
Harry,Smith,69041137
Harry,ohairy,83466298
Charlotte,Ferguson,40525762
Harry,Mcintosh,71672990
Beatrix,ohairy,58462849
Marc,Mcintosh,85378386
Beatrix,Smith,10597268
Lea,Angus,38445179
James,Smith,48221545
Charlotte,Barry,52740722
Beatrix,Angus,27004537
Marc,ohairy,23970234
Marc,Angus,46291171
Marc,Angus,83765743
Beatrix,Barry,21145214
Lea,Barry,49063717
Charlotte,Barry,17427274
Harry,Mcintosh,63202063
Lea,Smith,74509816
Lea,Smith,62875409
James,ohairy,54304753
Marc,Mcintosh,18485836
James,Angus,64180231
Charlotte,Barry,86786696
James,Ferguson,11745487
Lea,Barry,71633058
Beatrix,Smith,37762224
Charlotte,ohairy,60375713
Charlotte,Angus,69543370
Harry,Mcintosh,74514829
Lea,Barry,10664643
Charlotte,Angus,60254603
Charlotte,Mcintosh,15092781
Lea,ohairy,27788941
Charlotte,ohairy,65017911
James,Mcintosh,78443858
Beatrix,ohairy,68052735
Lea,Mcintosh,37014086
Marc,Angus,81854373
Lea,Ferguson,28182602
Charlotte,Mcintosh,41624751
James,Mcintosh,14098250
Marc,ohairy,73723160
Charlotte,ohairy,72226582
Beatrix,Barry,49395867
Charlotte,Smith,45543126
Lea,Mcintosh,22587211
James,Ferguson,76483448
Charlotte,Mcintosh,47031674
Marc,Barry,52546583
Beatrix,Ferguson,38863477
Lea,Ferguson,37715779
James,Mcintosh,15960557
James,Barry,66213655
Beatrix,Angus,27104415
Harry,Angus,39538232
Marc,Mcintosh,45286284
Beatrix,Barry,80229325
Harry,ohairy,80225041
Beatrix,Smith,68793857
James,Ferguson,51928687
Charlotte,Barry,74135691
Lea,Mcintosh,58139130
Charlotte,ohairy,58471990
Marc,ohairy,60332951
Lea,Mcintosh,69254607
Lea,Mcintosh,15721969
Beatrix,Angus,38001909
Harry,Smith,53503084
Marc,Ferguson,22342990
Marc,Smith,88303992
