First Name,Last Name,Matriculation
James,Angus,47991204
Beatrix,Barry,14877163
Charlotte,Ferguson,61104385
Charlotte,Mcintosh,59955022
Lea,Angus,10090766
James,ohairy,46788976
Lea,ohairy,73360115
Beatrix,ohairy,87218643
Harry,Angus,11957722
Beatrix,Smith,60186162
James,Smith,19992491
Marc,Angus,88678273
Charlotte,Mcintosh,57107901
Harry,Angus,11957899
James,Ferguson,34964368
Charlotte,Ferguson,78378817
Lea,Barry,15721951
Marc,Ferguson,33205065
Harry,Smith,84341924
Charlotte,Ferguson,42439338
James,Mcintosh,19115854
Charlotte,Mcintosh,77288037
James,Ferguson,41971472
Beatrix,Mcintosh,12966203
Beatrix,Ferguson,71799858
Harry,Mcintosh,77052883
Charlotte,Angus,21842820
Lea,Angus,16161889
Harry,Smith,28611356
James,Smith,30013600
Lea,Ferguson,71820185
Lea,Angus,73405210
James,Smith,27035290
Charlotte,Mcintosh,57437466
Marc,ohairy,43682051
Charlotte,Barry,15658472
Beatrix,Angus,23585675
Harry,Smith,57148917
Charlotte,Smith,79094008
Lea,Ferguson,43572521
Beatrix,Angus,58097097
James,Smith,66102156
Charlotte,Mcintosh,34282785
James,Smith,78039421
Charlotte,Angus,44889335
Marc,Mcintosh,61423383
Harry,Barry,18644209
Beatrix,ohairy,63057267
Lea,ohairy,87845434
Lea,Smith,29339840
Charlotte,Angus,42089229
Beatrix,ohairy,13267138
Charlotte,ohairy,88918598
Beatrix,ohairy,61188391
Beatrix,Smith,89589783
Charlotte,Angus,64044991
Marc,Barry,18099022
Harry,Smith,63163350
Harry,Mcintosh,21156134
James,Ferguson,51857359
Lea,Barry,82649224
Charlotte,Barry,43376302
James,Smith,25143078
Marc,Ferguson,53211145
Beatrix,Smith,59576001
Harry,Ferguson,80867050
Harry,Ferguson,43965922
Marc,Smith,23778433
Beatrix,Angus,69955670
Marc,Smith,31442785
Harry,Angus,33430979
Marc,ohairy,15951905
Lea,Angus,73607111
Harry,ohairy,44374492
Harry,Smith,28659366
Harry,Ferguson,89805875
Harry,Angus,82771383
Harry,Angus,31007071
Charlotte,Mcintosh,45999270
Beatrix,Ferguson,88122804
Marc,Angus,20004694
Lea,Ferguson,86953831
Lea,Smith,69150468
Marc,Smith,47447922
Harry,Barry,39245994
Charlotte,Barry,27967400
Lea,Smith,58036093
Charlotte,Barry,26717684
Beatrix,Angus,36758159
Beatrix,Ferguson,44671577
Charlotte,Ferguson,67461039
Charlotte,Angus,38817628
Harry,Mcintosh,38713581
Harry,Barry,53862804
Lea,Smith,72316675
Charlotte,Ferguson,84786221
Marc,Angus,62840211
Beatrix,ohairy,36585353
Harry,Barry,44866741
Charlotte,Barry,20580800
