First Name,Last Name,Matriculation
Beatrix,Mcintosh,64077376
Marc,ohairy,36336085
James,Ferguson,87204068
Lea,Mcintosh,26569329
Harry,Mcintosh,55729458
James,Barry,45992217
Lea,Ferguson,30709694
Beatrix,Angus,49101468
Lea,Barry,26052117
Harry,Angus,84398549
Beatrix,Barry,87473493
James,Ferguson,77888133
Harry,Mcintosh,25024063
Marc,Ferguson,68291660
James,Ferguson,32582488
Marc,ohairy,36986295
Lea,Mcintosh,50762286
Harry,Angus,38313457
James,Ferguson,63756804
Marc,Mcintosh,71465570
Charlotte,Mcintosh,53698145
Marc,Ferguson,50870651
James,Mcintosh,37536741
Harry,Smith,33941014
Harry,Ferguson,58665757
Charlotte,ohairy,41199287
Charlotte,ohairy,32063780
Harry,Smith,86347525
Marc,Smith,80355462
Lea,ohairy,43315405
Marc,Angus,86522400
James,Ferguson,64161151
Beatrix,Mcintosh,29642761
Lea,Ferguson,65112633
Lea,ohairy,17654572
Lea,Angus,17579372
Charlotte,ohairy,22054204
Lea,Angus,26007684
Charlotte,Mcintosh,36240356
Harry,Mcintosh,44253258
James,Mcintosh,24248859
Harry,ohairy,31362194
Lea,ohairy,12106640
Charlotte,Barry,61957507
Beatrix,Smith,67492268
Harry,Barry,88684056
Beatrix,Barry,66813442
James,Angus,78314796
Charlotte,Barry,39081047
Charlotte,Ferguson,55138925
Charlotte,Barry,82776299
James,Barry,40681661
Harry,ohairy,89386482
Lea,ohairy,35675556
James,Mcintosh,14099709
Marc,Mcintosh,62466574
Marc,Mcintosh,73941435
Beatrix,ohairy,77225125
Marc,Ferguson,39414706
Harry,ohairy,87808767
Lea,Mcintosh,71428820
Marc,ohairy,24720571
James,Smith,37266749
Charlotte,Mcintosh,27279033
Harry,Angus,63918977
Harry,Barry,26451521
Marc,ohairy,74547889
Marc,Angus,61384608
Harry,Barry,59450639
Beatrix,Ferguson,67487730
Beatrix,Angus,84118657
Beatrix,Angus,34478114
Lea,Mcintosh,82664217
James,Smith,75331356
James,ohairy,11104004
Harry,Mcintosh,46289558
James,Smith,73131147
Marc,ohairy,60071051
Lea,Barry,60801244
Harry,ohairy,52404876
Lea,Barry,12054146
James,Barry,80806885
Marc,Barry,56550233
Beatrix,ohairy,47361919
Charlotte,Ferguson,85579554
Beatrix,Ferguson,12512012
Harry,Smith,60730396
James,Angus,59223655
Beatrix,Ferguson,49418323
Beatrix,Angus,11526009
Harry,Barry,41338233
Lea,Barry,14188863
James,Smith,62577279
Lea,Mcintosh,32906467
Lea,ohairy,15683482
Charlotte,Barry,29831585
Lea,ohairy,84015476
James,Mcintosh,32481852
Marc,Angus,54572470
James,Mcintosh,63735636
