First Name,Last Name,Matriculation
James,Mcintosh,43226469
Harry,Mcintosh,34723247
Charlotte,Angus,77980471
James,Smith,19952568
Harry,Smith,35707841
Lea,Smith,37617758
Marc,Mcintosh,45893298
Lea,Barry,43072094
Marc,Angus,21547517
Harry,Angus,13038683
Marc,Mcintosh,64136746
Harry,Barry,64748246
Harry,Mcintosh,65073382
Lea,ohairy,51343868
Marc,Barry,89856312
Lea,ohairy,49834359
Harry,Smith,84360479
Lea,Angus,51566489
Beatrix,ohairy,80587263
Marc,Barry,24011116
Harry,Mcintosh,31542436
Lea,Smith,81779410
Charlotte,Ferguson,49575090
Charlotte,Angus,28209487
James,Mcintosh,57876833
Lea,Angus,60236719
Beatrix,Mcintosh,86723920
Charlotte,ohairy,37886775
Harry,Barry,74574442
Charlotte,Angus,22136114
Marc,Barry,65474116
Lea,ohairy,16750452
Harry,Angus,65467103
Beatrix,Barry,77097777
Harry,Angus,69941198
Beatrix,Mcintosh,69999545
Lea,Mcintosh,65332854
Lea,Smith,38322738
James,Ferguson,60279834
Harry,Mcintosh,53251596
Charlotte,Angus,71649190
Beatrix,ohairy,70634329
Marc,Smith,12176232
Harry,Ferguson,22539043
Charlotte,Angus,81394953
Beatrix,Mcintosh,84823256
Charlotte,Smith,48883553
James,ohairy,20273453
Charlotte,Smith,44653761
James,Barry,59416224
Charlotte,Angus,19512001
Harry,Ferguson,52802433
Harry,Smith,29874124
Charlotte,Angus,45787914
Charlotte,Barry,61524241
Harry,Barry,36772127
Lea,Barry,48468017
Marc,Mcintosh,37562075
Harry,Angus,54011790
Lea,Smith,28544992
James,Smith,19786871
Beatrix,Barry,23041851
Lea,Smith,81978896
Harry,Barry,60917944
Marc,Angus,89671658
James,Mcintosh,64107225
Harry,Barry,83546481
James,ohairy,58123730
James,Angus,55232185
Lea,Barry,43472425
Harry,ohairy,79108132
Harry,Angus,37627833
Harry,Ferguson,61815099
Lea,Smith,52069274
James,Angus,33216805
Marc,Ferguson,88721213
Charlotte,Mcintosh,84862600
Marc,ohairy,34563454
Lea,ohairy,84301766
James,Barry,78053523
Beatrix,ohairy,56732958
Charlotte,Smith,56326291
Beatrix,Mcintosh,57649981
Charlotte,Ferguson,68118278
Harry,Mcintosh,61750145
Harry,Angus,11241586
Charlotte,ohairy,46334132
Marc,Barry,13416384
Lea,Ferguson,27172326
Marc,ohairy,26371994
Harry,Mcintosh,60261390
Beatrix,ohairy,85799340
Marc,Mcintosh,48101677
James,Angus,49634904
Marc,Ferguson,61962687
Marc,Mcintosh,45680738
Lea,Ferguson,40232502
Charlotte,Angus,54995151
Charlotte,Mcintosh,79696306
Marc,Barry,23823152
