First Name,Last Name,Matriculation
Lea,Mcintosh,66955996
Harry,Smith,34193653
Lea,Angus,34250980
Harry,Barry,81944023
Marc,Smith,19491977
Lea,Angus,18722307
Marc,Angus,54336715
Lea,Angus,12536937
Lea,Angus,32560294
Charlotte,Barry,13082339
Marc,Barry,29381779
Charlotte,Mcintosh,50670875
Beatrix,Barry,71625802
Marc,Angus,50907785
Harry,Ferguson,72983084
Marc,ohairy,33786118
Harry,Mcintosh,87779562
Beatrix,Ferguson,63061980
Charlotte,Mcintosh,37994358
James,Ferguson,46715830
Harry,Angus,13902098
Beatrix,Barry,15790874
Harry,Mcintosh,56113816
Harry,Smith,39765500
James,Mcintosh,71961231
Charlotte,Smith,34451848
Marc,Smith,46485486
Beatrix,ohairy,42797204
Beatrix,Barry,49711704
Lea,Mcintosh,50176568
Beatrix,Ferguson,36869090
Lea,Barry,64431474
James,Barry,74939600
Harry,Smith,48780916
Harry,Angus,71375550
Harry,Barry,73806836
Charlotte,Smith,53033106
Charlotte,Mcintosh,68469943
Charlotte,Barry,72676261
Harry,ohairy,66528659
James,Barry,33369061
Beatrix,Barry,55951699
James,Ferguson,86137992
Beatrix,Smith,87391011
Charlotte,Barry,82083064
Lea,Ferguson,83131961
James,Mcintosh,82669133
Beatrix,Barry,68880970
Lea,Smith,13972335
Charlotte,Barry,51836774
Charlotte,Angus,23410977
James,Angus,17130816
Lea,Barry,21927889
Lea,ohairy,63906972
Beatrix,ohairy,44292878
James,Ferguson,67737197
Marc,Smith,52009041
Charlotte,Smith,47183233
Lea,Ferguson,37038933
Marc,Smith,70626130
Harry,ohairy,15476829
James,ohairy,85996227
James,Barry,48768606
Charlotte,Smith,86918289
James,Mcintosh,60024910
James,ohairy,63440005
Marc,Barry,52302989
Lea,Mcintosh,68154299
Marc,Barry,20669494
Lea,Mcintosh,35082714
James,Barry,27225805
Harry,Smith,64859259
Harry,Mcintosh,52256578
Harry,Mcintosh,75933455
Charlotte,ohairy,25839841
Harry,Mcintosh,33362700
Charlotte,Smith,23669581
Charlotte,Smith,75105780
Beatrix,Barry,86656090
Harry,ohairy,45212979
Harry,Ferguson,17324663
James,Angus,32683661
Harry,Ferguson,48759955
Harry,Mcintosh,10207063
James,Ferguson,25560321
Marc,ohairy,84233193
James,Mcintosh,28029082
Charlotte,Ferguson,82773124
Charlotte,Angus,67032709
Beatrix,Ferguson,25016394
Beatrix,Angus,46443248
James,Ferguson,62974475
Beatrix,Barry,58452111
Charlotte,Angus,30189804
Beatrix,Ferguson,22946229
Lea,Smith,41132821
Beatrix,Smith,39216814
Harry,Mcintosh,14321662
Charlotte,Barry,56200165
Marc,ohairy,18588084
