First Name,Last Name,Matriculation
Marc,Ferguson,37821872
James,ohairy,56722045
Charlotte,Ferguson,41844629
Lea,Angus,48105695
Beatrix,Smith,81685714
Marc,ohairy,71496283
Marc,Ferguson,28993858
Marc,Smith,45022860
Harry,Smith,27964327
Beatrix,Mcintosh,83385196
Charlotte,Mcintosh,70901566
Charlotte,Barry,89131532
Beatrix,ohairy,80791643
Beatrix,ohairy,29144156
Charlotte,Angus,28323331
Harry,Smith,33992432
Lea,Barry,33706882
Beatrix,Smith,33867893
Beatrix,Ferguson,12608432
Beatrix,ohairy,72832158
Lea,ohairy,12131914
Charlotte,Ferguson,36833349
Marc,Smith,85711590
Marc,Ferguson,83016532
Marc,Angus,76245282
Harry,Mcintosh,60780206
Lea,Barry,62427256
Lea,ohairy,51176815
Beatrix,Mcintosh,36482479
Lea,Ferguson,52294765
Marc,ohairy,74456408
Lea,Barry,58340390
Harry,Smith,17679822
Marc,ohairy,54820040
Lea,Smith,23423719
Lea,Smith,31103878
Marc,Angus,84565913
Harry,Angus,46630209
Harry,Smith,20060489
Charlotte,Barry,65092079
Lea,Barry,51027896
Marc,Angus,87225170
Beatrix,Ferguson,56046876
Charlotte,Barry,28927766
Marc,ohairy,72655977
Beatrix,Mcintosh,22674904
Harry,Barry,14036157
James,Barry,82597270
James,Barry,37050305
James,Angus,77856477
Harry,Angus,71283996
Beatrix,Smith,49357281
Harry,ohairy,20419867
Lea,Barry,48587931
Beatrix,Barry,56932398
Charlotte,Angus,80478944
Harry,Barry,57519925
Beatrix,ohairy,17308326
James,Barry,74386160
Harry,Ferguson,80551056
Beatrix,Barry,88930646
Charlotte,Barry,33025954
Charlotte,Ferguson,55392596
Beatrix,Angus,61731032
Harry,ohairy,39680974
James,Mcintosh,84350694
Harry,Angus,11076369
Harry,Mcintosh,76798963
Beatrix,Smith,14998949
Harry,Mcintosh,50854608
Harry,Smith,58530861
James,Barry,58317708
James,Angus,24814982
Lea,Mcintosh,14100084
Lea,Barry,76497384
Harry,Mcintosh,20541192
Marc,Mcintosh,24515183
James,Ferguson,15425087
Harry,Angus,34048944
Lea,Mcintosh,19766570
Marc,Angus,34945122
Charlotte,Mcintosh,55738402
Marc,ohairy,53336890
Lea,Angus,10921164
Charlotte,Angus,80364241
Beatrix,Smith,83262507
Charlotte,Barry,53404987
James,Ferguson,87820411
Beatrix,Smith,62888570
Beatrix,ohairy,40485840
Charlotte,Mcintosh,26922027
Beatrix,Smith,15998546
Lea,Mcintosh,49626102
Harry,Mcintosh,34542820
Lea,Barry,66086039
Lea,Angus,31126636
Harry,ohairy,23849768
Marc,ohairy,60820194
Lea,Angus,11120970
Marc,Smith,28210470
