First Name,Last Name,Matriculation
James,Angus,38916920
Harry,Smith,21098800
James,Ferguson,74210660
Charlotte,Ferguson,21709222
Harry,Mcintosh,21602171
Marc,ohairy,72304011
Marc,ohairy,26674710
Charlotte,Smith,27047027
Lea,Ferguson,14179589
Beatrix,Ferguson,86993142
Harry,Mcintosh,84763404
Harry,Barry,59827269
Marc,Mcintosh,24472887
Harry,ohairy,74875339
James,Smith,67090867
Charlotte,Mcintosh,52159562
Charlotte,Smith,57308757
Lea,Barry,19113238
Charlotte,Ferguson,32889322
Charlotte,Angus,37648110
Charlotte,Smith,73712694
James,ohairy,78155388
Beatrix,Ferguson,33393303
Harry,Ferguson,40908426
James,Mcintosh,68180210
Charlotte,ohairy,84056926
Harry,Mcintosh,14100297
Lea,Barry,56425971
Lea,Barry,59648996
Harry,Angus,36927965
Harry,Barry,28879474
Marc,Mcintosh,52807248
Charlotte,ohairy,51298837
Lea,Ferguson,43141533
Harry,ohairy,14297328
James,Barry,29340219
Charlotte,Angus,55099322
Charlotte,Smith,10495770
James,Angus,84749440
Beatrix,Mcintosh,31171280
Charlotte,Smith,46116787
Harry,Angus,71848648
James,Mcintosh,19771493
James,Smith,50632980
Beatrix,ohairy,45590463
Lea,Ferguson,30742415
Marc,Angus,88453719
Harry,Ferguson,22559664
Marc,Ferguson,48762686
Harry,Ferguson,23011418
Marc,Ferguson,34119175
Beatrix,Smith,66652054
Lea,Ferguson,71774113
Harry,ohairy,34160784
Lea,ohairy,50496938
Beatrix,Barry,36408846
Lea,Mcintosh,52140654
Beatrix,ohairy,73822783
Marc,Smith,64625073
Harry,ohairy,34331333
Lea,Angus,38829755
Harry,Angus,25463678
Marc,Angus,30244222
James,Ferguson,40164957
Charlotte,Barry,54990890
Harry,Smith,87576014
Lea,Ferguson,55639037
Marc,Smith,75415332
Marc,Ferguson,39291414
Charlotte,Angus,20840628
Marc,Angus,83505891
Beatrix,Barry,12396660
Charlotte,ohairy,78229822
Harry,Angus,14274272
James,ohairy,17648248
James,ohairy,72067334
Beatrix,Mcintosh,86631929
Marc,Barry,70534888
James,Angus,40017770
Lea,ohairy,53109750
James,Angus,73094887
Marc,Angus,10000674
Marc,Mcintosh,33241869
Marc,ohairy,33287510
Charlotte,Mcintosh,12674902
Charlotte,Smith,63800093
Marc,ohairy,88637691
Marc,Mcintosh,70776759
Beatrix,Ferguson,88708299
James,ohairy,39124035
Charlotte,ohairy,79727944
James,Barry,84889539
Charlotte,Barry,19387527
Marc,Barry,43848758
Beatrix,Mcintosh,79685629
Lea,Smith,62162211
Beatrix,Mcintosh,48480113
Lea,ohairy,45674167
Charlotte,Barry,78632548
Marc,Mcintosh,24153654
