First Name,Last Name,Matriculation
Harry,Angus,41855292
Beatrix,Smith,39908094
James,Barry,65021069
James,Barry,12637073
Lea,Angus,21380676
Lea,Barry,75178757
Lea,Smith,88854790
Harry,Angus,29533371
Lea,Ferguson,52928935
Harry,Mcintosh,34462033
Charlotte,Barry,50330680
James,Angus,16108458
Marc,Barry,49750964
Beatrix,Angus,75027836
Harry,Ferguson,70685074
Marc,Ferguson,81687861
Lea,ohairy,33431801
Charlotte,Barry,76156306
Lea,Barry,37420968
Charlotte,Barry,33277088
Beatrix,Ferguson,30157851
Charlotte,Smith,48552856
Marc,Barry,50994489
Harry,Angus,74219222
Lea,Ferguson,59700961
James,Smith,73561500
Lea,Mcintosh,11313455
Lea,Mcintosh,81211651
James,Mcintosh,36795497
Marc,Ferguson,62533356
Marc,ohairy,64699737
Marc,Smith,30171877
Beatrix,Ferguson,66378918
Harry,Angus,85789215
Marc,Barry,53012875
Lea,Ferguson,29402604
Marc,ohairy,32332157
Lea,Barry,54599352
Marc,Mcintosh,88657130
Charlotte,Smith,18844130
James,Angus,62927856
Charlotte,Smith,84051858
Lea,Angus,88447439
Beatrix,Mcintosh,23216626
Harry,ohairy,36502243
Beatrix,Smith,52716237
Lea,Mcintosh,41854949
Charlotte,Ferguson,31499858
Lea,Smith,42524591
Charlotte,Smith,47079864
Marc,Smith,41037102
Lea,Mcintosh,22066366
Harry,Smith,45574868
Beatrix,Ferguson,87765441
Beatrix,Smith,55747089
Marc,Ferguson,32344575
Charlotte,Angus,83527852
Charlotte,Smith,69410247
James,Barry,45028553
Lea,Smith,35819765
Charlotte,Mcintosh,66465615
Beatrix,Barry,33158952
Marc,Ferguson,57948894
Harry,Angus,54397732
Lea,Ferguson,11229072
Lea,Angus,79191309
Marc,Barry,39904298
Charlotte,Barry,16604461
Charlotte,Barry,28428727
Harry,Mcintosh,86865374
Harry,Angus,56049215
James,Barry,60672817
Beatrix,Barry,16201854
Beatrix,Angus,88880762
Lea,Ferguson,20663463
James,Angus,42933408
Marc,Mcintosh,65925935
Marc,ohairy,40378723
Marc,Barry,32355329
Charlotte,Ferguson,80595078
Beatrix,Ferguson,65064531
James,Angus,16429392
Lea,Smith,49026661
Marc,Smith,28133749
Lea,Barry,19555565
Marc,Mcintosh,45360383
Harry,Barry,76461940
Marc,Mcintosh,36238075
Beatrix,Smith,47601521
Charlotte,Mcintosh,33302282
Lea,Angus,56172275
Lea,Ferguson,50236640
Beatrix,Angus,36742332
James,Mcintosh,48439291
Marc,Smith,17004744
Charlotte,Mcintosh,82322587
Harry,ohairy,52319806
James,Barry,46431172
Marc,Mcintosh,37070805
Beatrix,Smith,22174373
