First Name,Last Name,Matriculation
Lea,Smith,83706594
James,Barry,70783154
Beatrix,Ferguson,81393283
Beatrix,Angus,89207127
Beatrix,Ferguson,72766531
Beatrix,Ferguson,33981336
Marc,ohairy,21925009
Beatrix,Angus,64603493
Marc,Angus,77858481
Beatrix,Mcintosh,46053153
Charlotte,Smith,62354087
Charlotte,Ferguson,40613642
Marc,Barry,45908027
Lea,Ferguson,79274733
Marc,Mcintosh,43110256
Lea,Smith,85065024
Beatrix,Mcintosh,79685671
Charlotte,Mcintosh,44241010
Marc,ohairy,58148018
Charlotte,Mcintosh,45983155
Beatrix,Smith,73526443
Marc,ohairy,30636489
Marc,Ferguson,48054847
Beatrix,Smith,33454853
Harry,ohairy,26383707
Marc,ohairy,60195435
Charlotte,ohairy,72179870
Lea,Mcintosh,43552445
Marc,ohairy,89598820
James,ohairy,76196479
Beatrix,Smith,83164409
Harry,Angus,15618457
Harry,Mcintosh,58071632
Beatrix,Angus,84263300
James,Mcintosh,17771375
James,ohairy,21420951
Harry,ohairy,50306543
Charlotte,Smith,15930003
Charlotte,Smith,19016035
Harry,Smith,10384390
Marc,Smith,89039953
Lea,Mcintosh,13797671
Lea,Ferguson,31050936
Beatrix,Smith,84512747
James,Angus,56425500
Harry,Ferguson,26497916
James,Smith,10565712
James,Barry,27804110
Harry,Smith,31630242
James,Angus,14285622
James,Smith,77988902
Charlotte,ohairy,70283203
Beatrix,Barry,28246259
James,Barry,49574120
James,Smith,74537749
Charlotte,Barry,68546609
Charlotte,ohairy,67889535
Harry,Smith,23547617
Marc,ohairy,35446950
Charlotte,Angus,48595053
Lea,Mcintosh,31449178
James,Ferguson,41238670
Beatrix,Barry,18677638
Lea,Barry,80803129
Lea,Ferguson,84336443
Beatrix,Barry,71727212
Charlotte,Barry,60064017
Marc,Smith,31271850
Lea,Mcintosh,51431801
Marc,Ferguson,29739561
James,Ferguson,88451473
Charlotte,Mcintosh,55351522
Harry,Angus,62262903
Harry,Mcintosh,18986629
Marc,Barry,79312117
Charlotte,Angus,70468801
Charlotte,Mcintosh,77760459
Harry,Smith,72511406
Lea,Barry,58486240
James,Angus,78173904
Harry,Ferguson,62994585
Lea,Mcintosh,27189065
Marc,Mcintosh,26704600
Lea,Ferguson,28022577
Beatrix,Smith,18328161
Lea,Smith,57274152
Harry,Angus,26510002
Charlotte,Ferguson,16440542
Marc,Barry,15760370
Lea,Angus,23168904
Charlotte,Smith,60773097
James,ohairy,74159021
James,Ferguson,82318352
Beatrix,Mcintosh,84014298
James,Mcintosh,69116704
James,Barry,21998042
Harry,Ferguson,40819575
Lea,Barry,50499321
Beatrix,Smith,47107687
Harry,Angus,33843407
