First Name,Last Name,Matriculation
Beatrix,Mcintosh,57896723
Lea,Angus,62692333
Lea,Angus,74440273
Lea,Mcintosh,56532030
Charlotte,ohairy,65114145
James,Smith,12661674
Marc,Mcintosh,32882085
Harry,Smith,59446680
Beatrix,ohairy,74144954
Harry,Smith,51702740
Harry,Ferguson,70014601
Lea,Barry,74861023
Beatrix,Angus,38526026
Marc,Ferguson,79864063
Beatrix,ohairy,62630963
Marc,Mcintosh,68394360
Marc,Angus,63284744
Beatrix,Ferguson,72687012
Harry,ohairy,51359382
James,Angus,85085594
Harry,ohairy,73674526
James,Angus,64315675
James,Barry,62870365
James,Angus,23964641
James,Ferguson,36905314
Charlotte,ohairy,22811892
Beatrix,Mcintosh,31827205
Charlotte,Ferguson,52477687
Charlotte,Barry,36411588
Charlotte,ohairy,40132333
James,Ferguson,77670649
Marc,Mcintosh,48444294
Lea,Angus,85336059
Lea,Angus,14241778
Harry,ohairy,15263522
Beatrix,Smith,49275856
Lea,Mcintosh,85505389
Beatrix,Smith,61645532
Lea,Barry,11590149
Marc,Ferguson,27596881
Harry,Mcintosh,55745133
James,Barry,44084371
Beatrix,ohairy,78098510
Beatrix,Barry,60388693
Harry,Barry,17777006
Charlotte,Angus,33860150
Lea,Smith,52693871
Beatrix,Smith,22240397
Lea,Ferguson,37170238
Marc,Angus,66059612
Lea,Smith,71734908
Charlotte,Barry,45189050
Harry,Mcintosh,15718308
Marc,Mcintosh,31348088
Charlotte,Ferguson,17146336
Harry,Barry,39702656
Lea,Smith,70422769
Marc,Ferguson,39389210
Beatrix,ohairy,62895382
Harry,Mcintosh,44649043
Marc,Barry,19871023
Lea,ohairy,47525076
James,Barry,61037365
James,Mcintosh,72790173
Lea,Angus,54578569
Harry,Angus,39713143
James,Smith,86215834
Beatrix,ohairy,62275112
Lea,Barry,89594040
Harry,Ferguson,79808474
James,Mcintosh,32855343
Beatrix,Barry,40603214
Harry,ohairy,78427917
Beatrix,Barry,60238924
Lea,Angus,33295594
Lea,Barry,11638466
James,Angus,73172979
Lea,ohairy,15795091
Lea,Angus,64410882
Lea,Barry,54985259
Harry,ohairy,80067842
Beatrix,Mcintosh,18559529
Charlotte,ohairy,37732824
Beatrix,Barry,55770074
Harry,Angus,51691483
James,Mcintosh,80568255
Lea,Smith,51698711
Charlotte,Mcintosh,37442453
Harry,Ferguson,30143381
James,Ferguson,44018890
Marc,Smith,28649277
Charlotte,Ferguson,14007117
Charlotte,Angus,17802357
Beatrix,Ferguson,71152310
Marc,Barry,85848217
Charlotte,Ferguson,43451860
Charlotte,Angus,42578388
Harry,Ferguson,24698979
Marc,Ferguson,20145802
Lea,Mcintosh,64865335
