First Name,Last Name,Matriculation
Lea,Ferguson,86321445
Charlotte,Barry,66213518
Marc,Angus,68355718
Lea,ohairy,39080117
Harry,Smith,25490987
Harry,Barry,44961846
Beatrix,Barry,12360039
Marc,ohairy,88633935
Lea,Angus,52508656
Charlotte,Ferguson,88485839
Lea,ohairy,22683097
Marc,Angus,75820792
Lea,Mcintosh,39896611
Harry,Smith,69309840
Harry,ohairy,27823571
Beatrix,Angus,78470851
James,ohairy,81874843
Lea,Barry,50733155
Beatrix,Mcintosh,63447511
James,ohairy,72782288
Harry,ohairy,12882734
Lea,Smith,74109940
Charlotte,Mcintosh,29261453
Harry,Barry,63698824
Beatrix,Smith,85803886
Harry,Mcintosh,16072119
Marc,Angus,61865280
Beatrix,Barry,14428817
Lea,Angus,53762460
Beatrix,Mcintosh,26293658
Lea,Ferguson,22037747
Marc,Angus,29151013
Lea,Smith,62255370
James,Ferguson,47931628
James,Smith,83126291
Marc,Ferguson,75757486
James,ohairy,38766779
Charlotte,Mcintosh,62579337
James,Angus,89745954
Marc,Barry,87472741
Charlotte,Smith,34943121
Charlotte,Smith,38518217
James,Angus,81881869
Marc,Barry,36994878
Beatrix,Barry,55122629
James,Smith,38911127
Harry,Smith,43084455
Lea,Barry,81000568
Marc,Barry,75452627
Harry,Smith,14728424
James,Barry,54712951
Beatrix,Mcintosh,50285018
Lea,Ferguson,30284366
Harry,Smith,59504637
Lea,Mcintosh,45651095
Lea,ohairy,38702518
Beatrix,Smith,82597211
Lea,Angus,25748348
Harry,Barry,16044662
James,ohairy,55021722
Beatrix,Mcintosh,34209109
Marc,Smith,84234025
Lea,Smith,60570191
James,Barry,53762508
James,Ferguson,60521422
Charlotte,ohairy,16847615
Marc,Ferguson,24136060
Harry,Angus,73607891
Charlotte,Mcintosh,27599609
Lea,Barry,62360013
James,Barry,60562664
Harry,Ferguson,36624648
Beatrix,Ferguson,40662841
James,Barry,39695729
Charlotte,ohairy,10357772
Marc,Ferguson,83000215
James,ohairy,71855362
Beatrix,Ferguson,62126608
Beatrix,ohairy,31060099
Marc,ohairy,85511196
Lea,Mcintosh,20510840
Harry,Smith,54043299
Harry,Barry,61220084
Harry,ohairy,86623658
Charlotte,ohairy,38803181
Beatrix,Ferguson,44632815
Marc,ohairy,55845291
Harry,ohairy,23024650
Charlotte,Ferguson,67133025
Lea,ohairy,87446131
Beatrix,Mcintosh,69816205
James,Mcintosh,56122227
Lea,Mcintosh,19191240
Marc,Ferguson,39863065
Charlotte,Ferguson,21524354
Harry,Barry,52885474
James,Barry,68481083
Harry,Angus,63232750
Harry,Smith,68390899
James,Smith,44703488
