First Name,Last Name,Matriculation
Marc,Smith,77485990
James,Smith,17105151
Lea,Angus,25428676
Marc,ohairy,35418024
James,Mcintosh,59013511
Charlotte,Angus,16933653
Charlotte,Smith,63562791
Harry,Angus,53673603
Marc,Angus,23195042
Beatrix,Mcintosh,87850912
Beatrix,Mcintosh,36965901
Lea,Angus,13166961
Harry,Smith,70147652
Lea,Mcintosh,57736297
Harry,Angus,14188755
James,Mcintosh,80903401
Lea,Angus,52131788
Beatrix,Angus,41997945
Charlotte,Angus,33392240
Harry,ohairy,29930040
James,Smith,19762750
Charlotte,Mcintosh,41086980
Lea,ohairy,23005580
Harry,Smith,50517857
Lea,Barry,87913995
Charlotte,ohairy,86258810
Marc,Angus,49569139
Lea,ohairy,28612127
Charlotte,ohairy,65267868
Charlotte,Barry,28786720
Marc,ohairy,72409331
Harry,Angus,36899029
Charlotte,Ferguson,11633636
Harry,Ferguson,56890526
Marc,Ferguson,56262891
Charlotte,Smith,26316866
Harry,Mcintosh,63568460
Lea,Ferguson,80589394
James,ohairy,82421749
Harry,Barry,30182553
Lea,Mcintosh,89095784
Charlotte,Ferguson,68181505
Lea,Mcintosh,11177302
James,Angus,27387045
Harry,ohairy,45435867
Beatrix,Mcintosh,54818759
Harry,ohairy,19367091
Beatrix,Smith,72067639
Marc,Ferguson,48135230
James,Ferguson,14199160
Charlotte,Mcintosh,25986087
Harry,Smith,46950833
Beatrix,Smith,36790739
Harry,Barry,43078143
Beatrix,Barry,32319995
Beatrix,Barry,44181474
Marc,Ferguson,14962565
Charlotte,Ferguson,23424122
Charlotte,Angus,12047859
Harry,Barry,17899995
Marc,Angus,77544863
James,ohairy,42966817
Charlotte,Ferguson,22253234
Beatrix,Mcintosh,77628388
Charlotte,ohairy,58417070
Charlotte,ohairy,62496115
Marc,ohairy,53044471
Lea,ohairy,81762490
Charlotte,ohairy,63515945
Harry,Mcintosh,28869366
Marc,Ferguson,22065976
Marc,Mcintosh,16652486
Beatrix,Barry,42633165
Lea,Ferguson,25850218
James,Smith,59365506
Charlotte,Smith,57430043
Lea,Barry,18422584
Charlotte,Mcintosh,18096849
Harry,Angus,54038383
Beatrix,ohairy,67719543
James,Barry,20611265
Harry,Mcintosh,80351352
Lea,ohairy,70443704
Harry,Ferguson,60681979
Lea,Barry,64967435
Lea,ohairy,36477660
Harry,ohairy,14824122
James,Angus,58339424
Charlotte,Ferguson,47901969
Harry,Barry,89990825
Charlotte,ohairy,77654145
Harry,Angus,57773541
Beatrix,Barry,49641792
Beatrix,ohairy,61443486
Lea,ohairy,39659615
Harry,Smith,34271474
James,Mcintosh,42102139
Charlotte,Angus,26489729
James,ohairy,36272665
Beatrix,Ferguson,44841534
