First Name,Last Name,Matriculation
Harry,Barry,53044103
James,Barry,60502310
Marc,Smith,14447585
Lea,Smith,47001352
Marc,Angus,26315153
James,ohairy,16177328
Charlotte,Smith,53835844
Marc,Mcintosh,84160210
Marc,ohairy,32731193
Lea,Ferguson,44565824
Beatrix,Ferguson,82211908
Harry,Ferguson,16201025
Lea,Smith,66884659
Lea,Smith,77781048
James,Smith,80041481
James,Angus,47848622
Charlotte,ohairy,30109201
James,ohairy,71771348
Beatrix,Barry,53471946
Beatrix,ohairy,58560706
James,Barry,71148890
Marc,ohairy,13828478
James,Mcintosh,36293333
James,Angus,55226743
Marc,Ferguson,88608834
Beatrix,Smith,33284577
James,Smith,59930395
Marc,Angus,32404069
James,Mcintosh,65881978
Beatrix,Ferguson,63498730
James,Mcintosh,24723253
Lea,Ferguson,52666264
Charlotte,Mcintosh,15351127
James,Angus,70245930
James,Mcintosh,46812128
Harry,Barry,64256107
Harry,Angus,68090045
Marc,Barry,89413721
Lea,ohairy,87388757
Marc,Smith,71360296
Lea,Angus,86543093
James,Barry,35802025
Harry,Barry,73069311
Lea,Mcintosh,31497229
Beatrix,Mcintosh,82657915
James,Barry,16466713
Beatrix,Ferguson,51924243
Marc,Angus,47855843
Lea,Barry,89761868
Charlotte,Smith,78470069
Marc,ohairy,37574986
Harry,Ferguson,77862539
James,Smith,85616430
Lea,Ferguson,47797760
James,Ferguson,56714382
Beatrix,Smith,41987620
Lea,Mcintosh,18715019
James,Smith,10387924
Charlotte,Barry,17987525
Charlotte,ohairy,20698238
Beatrix,Barry,51246108
Beatrix,Mcintosh,38127574
Marc,ohairy,65459285
Lea,Mcintosh,35907418
James,Mcintosh,59677597
Harry,Smith,48274431
Beatrix,Ferguson,43284301
Marc,Mcintosh,88312562
Lea,Ferguson,78195318
Marc,Angus,18297546
Harry,Barry,19821596
Harry,ohairy,76881978
James,Barry,58923810
Harry,ohairy,84852222
Beatrix,Smith,18490447
James,Ferguson,59014474
James,Mcintosh,15549234
Beatrix,Mcintosh,46804195
Charlotte,Ferguson,25786068
Charlotte,Ferguson,20578803
Charlotte,Barry,64251395
Lea,Barry,64061331
Harry,Smith,79534293
James,Angus,86918236
Charlotte,Smith,12627537
Marc,ohairy,47902669
Lea,Barry,87225682
Charlotte,Smith,14140887
Marc,Smith,58273460
Beatrix,Barry,26495818
Marc,Mcintosh,16621666
Marc,Ferguson,74378948
James,Mcintosh,60823363
James,Mcintosh,66182370
James,Smith,14754382
Beatrix,ohairy,20717512
Charlotte,Angus,12470578
James,Ferguson,23751345
Charlotte,Mcintosh,61265069
James,Angus,52420584
