First Name,Last Name,Matriculation
James,Mcintosh,34678873
Charlotte,Smith,64030700
Harry,Ferguson,83617185
Lea,ohairy,31563002
James,ohairy,16615209
Beatrix,Barry,41465698
Lea,Mcintosh,45367956
Marc,ohairy,32586024
Beatrix,Ferguson,70463513
Charlotte,Ferguson,67247197
Beatrix,Angus,74550077
Lea,Smith,31687788
Beatrix,Mcintosh,53917642
Harry,Barry,11458212
Harry,Barry,71899080
James,Barry,36068663
Beatrix,Smith,26280588
Harry,ohairy,25081901
Charlotte,Mcintosh,10984571
Marc,Smith,85378265
Beatrix,ohairy,72861073
Harry,Barry,38828531
Harry,Smith,55501445
Charlotte,Barry,76925914
Lea,Ferguson,32671225
Lea,Barry,57078861
James,ohairy,12496667
Charlotte,Ferguson,46378101
Charlotte,Smith,23509453
Marc,ohairy,24144187
Lea,Barry,28346367
James,Mcintosh,40462557
Beatrix,Smith,11185341
Harry,Mcintosh,85478173
Harry,Angus,36347836
Beatrix,Mcintosh,48846192
James,Ferguson,80531232
James,ohairy,73630377
Marc,Angus,54483719
Charlotte,Angus,12295373
Beatrix,Ferguson,83024377
Charlotte,Ferguson,50134516
Charlotte,Mcintosh,64156183
Marc,Barry,83092736
Harry,Angus,41951521
Charlotte,Angus,63599700
Marc,Smith,78836731
Harry,Ferguson,22660302
Harry,ohairy,59355491
Marc,ohairy,78682366
Charlotte,Angus,65552865
Marc,Ferguson,57429131
Marc,Smith,79023507
Lea,Smith,14928690
Harry,Angus,66368995
Charlotte,ohairy,33297095
Charlotte,Ferguson,52428864
Lea,Ferguson,83656621
Lea,Mcintosh,66776054
Marc,Angus,58575463
James,Angus,84342316
Lea,Angus,87839424
James,Barry,17449405
Charlotte,Angus,17600444
James,Angus,52805376
Lea,Barry,66129431
Beatrix,Mcintosh,66773793
Charlotte,Smith,56172504
Lea,Angus,74358888
Harry,Barry,85971972
Beatrix,Barry,71083903
James,Angus,46653702
Beatrix,ohairy,81700009
Marc,Barry,60016226
James,Barry,49220952
Harry,Ferguson,72073085
Charlotte,Ferguson,70167950
Beatrix,Angus,43839537
Harry,Barry,15857576
Beatrix,ohairy,31076470
Beatrix,Ferguson,45552680
Harry,Barry,50520010
Lea,Angus,30790008
Beatrix,ohairy,69264241
Beatrix,Ferguson,69415542
Lea,Angus,31285907
James,Smith,76038772
Lea,Barry,81110883
Beatrix,ohairy,50487564
James,Smith,60171341
Marc,ohairy,53626083
Harry,Angus,16092226
Harry,Mcintosh,81047750
James,Barry,76281942
James,Smith,27197897
Beatrix,ohairy,87753209
Lea,Angus,76704948
Beatrix,Angus,57876803
James,ohairy,37446391
Marc,Ferguson,15309227
