First Name,Last Name,Matriculation
Harry,Angus,16392417
James,Mcintosh,75539115
James,Barry,77667058
Harry,Smith,54420777
Harry,Angus,89712340
Charlotte,ohairy,58303191
Beatrix,Barry,76669463
James,Barry,75700875
Harry,Barry,63313368
James,Ferguson,27399182
Lea,Angus,24806165
Marc,Smith,36716135
Marc,ohairy,48645334
Charlotte,Smith,56568311
Charlotte,Barry,43753095
Charlotte,Smith,68487097
Charlotte,Barry,13945594
James,Angus,89135539
Marc,ohairy,18823038
Lea,ohairy,43381545
Harry,Smith,17623120
James,Angus,75362237
Beatrix,ohairy,39034292
Marc,Angus,86807040
James,Mcintosh,27741334
Marc,Smith,68641667
James,Ferguson,65748749
Marc,Barry,21829180
Harry,Mcintosh,87235694
Charlotte,Mcintosh,71745338
James,Smith,86866963
James,Ferguson,44964091
Charlotte,ohairy,74139612
Beatrix,Smith,25838748
Beatrix,Smith,42363182
James,Ferguson,89636161
Charlotte,Ferguson,53285758
Beatrix,Smith,64926260
Marc,Ferguson,66782951
Charlotte,Mcintosh,77257272
Lea,Ferguson,43591720
Charlotte,Ferguson,66463058
Beatrix,Mcintosh,69313688
Charlotte,Barry,28855739
Marc,Ferguson,73307048
Charlotte,Smith,83055575
Lea,Mcintosh,62440534
Charlotte,ohairy,57520367
Marc,Smith,41771687
Lea,Ferguson,81694103
Harry,ohairy,20974001
Beatrix,Angus,15221300
Beatrix,ohairy,79233903
Charlotte,Smith,12109780
Harry,Ferguson,39654313
James,Smith,12835602
Harry,Angus,64494726
Harry,Mcintosh,17811425
Charlotte,ohairy,87892880
Harry,Barry,72527431
James,ohairy,11886564
Charlotte,Angus,57143047
James,ohairy,11240012
Marc,Barry,33561990
Charlotte,Barry,45052325
Charlotte,Smith,48937092
Beatrix,Smith,11374471
Lea,Smith,67809173
Charlotte,Ferguson,58358210
Charlotte,Ferguson,23922811
Charlotte,Ferguson,40334646
Charlotte,Smith,63330994
Beatrix,Ferguson,41318786
Beatrix,Mcintosh,69608638
Marc,Smith,59566534
Charlotte,Ferguson,36241849
Harry,Angus,22097562
Marc,Angus,31540833
James,Mcintosh,68955461
Charlotte,Ferguson,82242742
James,Ferguson,85936410
Charlotte,Barry,66935200
Beatrix,Smith,77482770
Charlotte,Barry,68894849
Lea,Smith,79790101
Marc,ohairy,10665395
Charlotte,Smith,49036048
Harry,Smith,24662449
Lea,Angus,13852947
Charlotte,Smith,80731324
Marc,Smith,38649287
James,Mcintosh,57532734
James,Smith,59954925
Marc,Ferguson,15722899
Beatrix,Mcintosh,66395643
Beatrix,Ferguson,39142491
Harry,Ferguson,43722184
Charlotte,Barry,72902087
Harry,Ferguson,30901477
Marc,Mcintosh,40734751
