First Name,Last Name,Matriculation
Harry,ohairy,81962788
Lea,Mcintosh,73417104
Beatrix,Angus,85401661
Marc,Ferguson,24720774
Charlotte,Smith,83396939
Charlotte,Mcintosh,59124535
Lea,Barry,48619885
Charlotte,Smith,54616907
Marc,Barry,34268943
Beatrix,Mcintosh,18795336
James,ohairy,24592420
Lea,Angus,73579464
Beatrix,ohairy,47912921
Beatrix,Smith,11245460
Charlotte,Barry,53520228
Charlotte,Smith,38001194
James,Ferguson,44729989
Beatrix,Angus,75291106
Lea,ohairy,20817695
Marc,Angus,22555136
Lea,Angus,22539028
James,ohairy,83941879
Marc,Mcintosh,50710641
Harry,Barry,21074367
Charlotte,Ferguson,59140669
Harry,Mcintosh,57502667
Charlotte,Smith,77511247
Beatrix,Mcintosh,24778401
Marc,Ferguson,28019575
Charlotte,ohairy,83938738
Lea,ohairy,56527445
Marc,ohairy,44102327
Charlotte,Barry,42291067
Harry,Mcintosh,11420680
Harry,Angus,45038706
James,Ferguson,52633443
Marc,Mcintosh,38299553
James,Mcintosh,89771662
Lea,Angus,80594130
James,ohairy,48537233
Lea,Smith,14968222
Lea,Mcintosh,21174174
Harry,Angus,48840505
Charlotte,ohairy,12106114
Charlotte,Ferguson,51614982
Marc,Angus,54263634
Beatrix,Angus,54977597
James,Smith,69083869
Beatrix,Smith,51476165
Charlotte,Ferguson,80351129
Lea,Angus,28873886
Marc,Ferguson,18955916
Harry,Angus,76844826
Charlotte,ohairy,54558118
Beatrix,Angus,39311591
Marc,Angus,61353016
James,Angus,82212310
James,Barry,26438073
Lea,Ferguson,23692905
Lea,Ferguson,57043086
Harry,Barry,48980125
Charlotte,Mcintosh,75512078
Marc,Mcintosh,67286433
Marc,ohairy,54434121
Marc,Mcintosh,36716103
Charlotte,Barry,15157270
Harry,ohairy,39513394
James,Barry,79836509
Beatrix,Ferguson,58744723
Harry,Angus,28541959
Lea,Smith,66920544
Harry,Smith,31387655
James,ohairy,86529580
Marc,Angus,30957167
James,Ferguson,78004146
James,Barry,34425325
Beatrix,Mcintosh,18604762
Lea,Angus,82622106
Beatrix,ohairy,87473698
Charlotte,ohairy,20157785
Lea,Mcintosh,47698430
Marc,ohairy,49249779
Harry,Mcintosh,26917687
Harry,Angus,33757116
Marc,Mcintosh,71067745
Beatrix,Ferguson,27922550
James,ohairy,44232512
Charlotte,Ferguson,38902791
Harry,Ferguson,12777034
Lea,Mcintosh,30658873
James,Angus,78552213
Charlotte,ohairy,80244753
Beatrix,Mcintosh,83813716
James,Smith,69591179
Charlotte,Ferguson,76722126
Harry,ohairy,63939477
Marc,Smith,69123887
Beatrix,Mcintosh,33400333
Lea,Angus,17865130
Harry,Mcintosh,43900901
