First Name,Last Name,Matriculation
Lea,Mcintosh,89271187
Charlotte,Ferguson,58597893
Harry,ohairy,62684003
Marc,Ferguson,48965353
James,Ferguson,33404255
James,Mcintosh,18535675
Harry,Mcintosh,60447293
Beatrix,Angus,25525061
Charlotte,Angus,61746977
Harry,Barry,15798352
Harry,Angus,19641412
Beatrix,Barry,45140161
Beatrix,Angus,54973418
Beatrix,Ferguson,65408437
Beatrix,ohairy,52492402
Charlotte,ohairy,32702876
Lea,Ferguson,40875191
Harry,ohairy,83016622
Charlotte,Ferguson,38308054
Beatrix,Ferguson,73190536
Charlotte,Barry,14129911
Lea,Ferguson,33823269
Marc,Angus,51730620
Charlotte,Smith,31876521
Beatrix,ohairy,38949995
Harry,Ferguson,35420141
Harry,Mcintosh,17985942
Charlotte,ohairy,23766972
Harry,Barry,17224925
Beatrix,Smith,52793592
Lea,Mcintosh,41797524
Charlotte,Barry,69698523
Beatrix,Ferguson,35611885
Charlotte,Smith,35362428
Charlotte,ohairy,69394400
Charlotte,Barry,26637066
Lea,Smith,17789647
Charlotte,Angus,17395209
Harry,Smith,81506182
Beatrix,ohairy,86473372
Charlotte,Mcintosh,82284480
Lea,Mcintosh,89424200
Lea,Ferguson,44442692
Marc,Mcintosh,20329102
Lea,Barry,62474654
Beatrix,ohairy,41469331
Harry,Angus,76219153
Charlotte,Mcintosh,31983104
Charlotte,Ferguson,33460230
James,Angus,72971481
Charlotte,Angus,57772181
Charlotte,Smith,39637078
Charlotte,ohairy,59629131
James,Mcintosh,66858165
James,Angus,54509492
Charlotte,Smith,29633203
James,Ferguson,72574699
Beatrix,Angus,60648934
Marc,Angus,72987228
Marc,Barry,54104513
James,Mcintosh,60173128
James,Ferguson,45907133
Harry,Smith,42337219
Beatrix,Smith,40998066
Harry,Smith,80070656
Charlotte,Ferguson,56924801
Beatrix,Ferguson,79035984
James,Mcintosh,64350905
Harry,Ferguson,54490503
Beatrix,Mcintosh,83909059
Lea,Mcintosh,70104320
James,Mcintosh,12254250
Marc,Mcintosh,71819462
Harry,Ferguson,27245257
Harry,Smith,19034609
James,Angus,68696665
Lea,Mcintosh,70271555
Charlotte,Smith,88368958
Harry,Angus,50089152
Marc,ohairy,78583147
James,Ferguson,61949061
Beatrix,Ferguson,29614658
Lea,Smith,34337759
Marc,Mcintosh,69257430
James,Ferguson,17185424
James,Angus,20781118
Charlotte,ohairy,54589859
Beatrix,Smith,63010163
Marc,Smith,87128854
Harry,ohairy,76751703
Lea,Barry,37353604
Harry,Mcintosh,16746635
Beatrix,ohairy,40636681
Lea,Ferguson,28214886
Harry,Barry,25405550
Harry,Barry,68890979
Charlotte,Barry,84310848
Marc,Barry,28329425
Charlotte,Mcintosh,36759297
James,Angus,63710293
