First Name,Last Name,Matriculation
Lea,Mcintosh,36322873
James,Barry,52109184
Marc,ohairy,60299668
Beatrix,Smith,69376049
James,Smith,88441141
Lea,Ferguson,37036190
Charlotte,Smith,28007766
James,ohairy,17967029
Beatrix,ohairy,14521982
Marc,ohairy,65606201
Lea,Barry,30623971
Harry,Angus,49365460
Lea,ohairy,64479959
Harry,Ferguson,14115374
Marc,Smith,44393349
Lea,Angus,46239072
Charlotte,Barry,29763291
Marc,Barry,77685764
Harry,ohairy,36040664
James,Ferguson,52399598
Beatrix,Smith,23867873
Marc,Ferguson,32315428
Beatrix,Barry,26726692
Charlotte,Smith,27558304
Charlotte,ohairy,25723342
James,Barry,24663155
Charlotte,Angus,62563984
Beatrix,Barry,14615492
Marc,Mcintosh,43368873
Beatrix,Barry,39206523
Charlotte,ohairy,69906887
Lea,Smith,87215529
Beatrix,Barry,63107465
Harry,ohairy,64226626
Lea,Smith,14716007
Harry,Angus,31277171
Beatrix,Mcintosh,47863589
Beatrix,ohairy,47709830
Charlotte,ohairy,12715321
Beatrix,Angus,73892407
James,Smith,41933743
Lea,Ferguson,32399976
James,Ferguson,58992887
James,Smith,66104066
Charlotte,Angus,35520381
Beatrix,Smith,79727195
James,Barry,40688263
Harry,Barry,22010616
Lea,Mcintosh,17799019
Lea,Angus,68966667
Lea,Ferguson,76278850
Lea,Barry,30188730
Charlotte,Mcintosh,24745369
James,Ferguson,14446301
Marc,Angus,27345561
Beatrix,ohairy,33128927
Harry,Smith,77750612
Beatrix,Mcintosh,35313103
Lea,ohairy,82463099
Beatrix,Smith,54170218
James,Barry,31164438
Harry,Ferguson,29405325
Charlotte,Smith,35628738
Marc,Mcintosh,69654716
James,Angus,51899627
Marc,Mcintosh,29712785
Marc,ohairy,33575861
Charlotte,ohairy,57053216
Marc,Angus,14438445
Lea,ohairy,65227123
Lea,Barry,52985421
Marc,Mcintosh,26565659
Beatrix,Mcintosh,61407340
Charlotte,Mcintosh,56608317
Charlotte,Angus,59143505
Harry,Barry,51494579
Harry,Barry,59464129
Harry,Barry,27376718
James,Barry,73027152
James,Smith,71791208
Beatrix,ohairy,72225933
James,Mcintosh,12883255
James,ohairy,67156053
Marc,Barry,14940257
Lea,Angus,21060672
Lea,Barry,70814501
James,Angus,70844255
Charlotte,Smith,19528085
James,Mcintosh,86209537
Harry,Smith,49352540
Lea,Angus,36782377
Charlotte,Mcintosh,77503943
Lea,ohairy,85600807
Lea,Barry,76674670
James,Barry,67047028
Beatrix,Barry,84434361
Charlotte,ohairy,56534957
Marc,Barry,65758382
Beatrix,Mcintosh,67512309
James,Mcintosh,15485714
