First Name,Last Name,Matriculation
James,Mcintosh,86018032
Marc,Smith,69246458
Charlotte,Ferguson,39974592
Lea,Ferguson,51629565
Lea,Smith,76604000
Charlotte,Angus,68041876
Lea,ohairy,76048245
Lea,Angus,37666236
Lea,Mcintosh,42412175
James,Smith,18535237
Marc,Smith,50746361
Charlotte,Ferguson,71877721
Lea,Mcintosh,80859862
Lea,Barry,30002494
Marc,Smith,53546419
Lea,Mcintosh,44887783
Beatrix,Angus,76115006
Beatrix,Mcintosh,38285182
Marc,ohairy,54252026
Beatrix,Smith,82107272
Lea,Mcintosh,80561380
James,ohairy,65617810
Lea,Mcintosh,34919777
Beatrix,Ferguson,47298260
Lea,Ferguson,12611332
Marc,Smith,28667558
Beatrix,ohairy,56345579
Lea,Smith,42457521
Charlotte,Ferguson,84547722
Harry,Ferguson,44924139
James,Barry,76826494
Charlotte,ohairy,48973261
Harry,Ferguson,36390394
Harry,ohairy,21722773
Charlotte,ohairy,22815587
Marc,Mcintosh,66431354
James,Ferguson,25663915
Beatrix,Mcintosh,26819215
Lea,Ferguson,55841343
James,ohairy,71657049
Charlotte,Ferguson,63088056
Harry,Barry,31065790
Harry,Barry,60271733
Charlotte,Angus,23917178
James,Barry,82259647
Marc,Barry,86159374
Marc,Smith,54876303
Harry,Barry,34520622
Harry,ohairy,53726743
Harry,ohairy,46921336
Harry,Mcintosh,81176204
Harry,Angus,60299752
Beatrix,Barry,45074899
Marc,Barry,73890378
Harry,Smith,62377878
James,ohairy,64724825
Beatrix,ohairy,77363179
Harry,Ferguson,22113224
Harry,ohairy,83601221
James,Mcintosh,62421246
Lea,Angus,15912541
James,ohairy,66872378
Lea,Smith,75286863
Charlotte,Mcintosh,34255145
Marc,Smith,62301021
Beatrix,Ferguson,51887715
James,Smith,18661606
Beatrix,Smith,66852751
Beatrix,ohairy,56325541
Charlotte,Barry,31390557
Lea,Smith,83595720
Harry,ohairy,35586415
Beatrix,Angus,17023340
Harry,Barry,57012551
Charlotte,Mcintosh,27414757
Beatrix,Smith,88522124
Lea,Mcintosh,84403236
James,ohairy,27675505
Lea,Smith,33794794
Marc,Smith,23689328
James,Ferguson,44407970
Beatrix,ohairy,11721984
Charlotte,Barry,54082535
Marc,Angus,77478829
Lea,Smith,10899889
Charlotte,Angus,13716776
James,Barry,34995533
Lea,Mcintosh,23814160
James,Barry,65575708
Marc,Ferguson,38358774
Charlotte,Angus,77382038
Marc,Smith,72145824
Beatrix,Mcintosh,12894524
James,Angus,62001345
James,ohairy,70633797
Lea,Barry,62110910
James,Barry,20381954
Charlotte,Mcintosh,20470609
Beatrix,ohairy,12226860
Harry,Barry,29223808
