First Name,Last Name,Matriculation
Charlotte,Angus,63759824
Charlotte,Mcintosh,51314706
Harry,Mcintosh,18299803
Harry,Ferguson,70909100
Charlotte,Ferguson,15902318
Lea,Ferguson,65339984
James,ohairy,25471406
James,ohairy,37392367
Charlotte,Angus,32052166
James,Angus,71858028
Charlotte,ohairy,18940687
James,Mcintosh,15420057
James,Mcintosh,26882757
Lea,Ferguson,25312297
Charlotte,ohairy,15039299
Charlotte,ohairy,81695052
Harry,Mcintosh,35499498
Harry,Mcintosh,49917634
Beatrix,Barry,68059534
Lea,ohairy,81217268
Lea,ohairy,86689609
Charlotte,Smith,50819751
Marc,Barry,56546516
James,Smith,59539617
Beatrix,Ferguson,75338851
James,Ferguson,59060428
Lea,Smith,36624020
Charlotte,Mcintosh,25114697
Lea,Ferguson,45039107
James,ohairy,13956186
James,Barry,47097579
Marc,Angus,44633273
Beatrix,Smith,47666720
James,Smith,37736846
Lea,ohairy,31606515
Harry,Mcintosh,30261257
James,Ferguson,19907326
Beatrix,Ferguson,85514812
Beatrix,Mcintosh,72739112
Lea,Mcintosh,15173122
James,ohairy,76278378
Lea,Barry,19954357
James,Mcintosh,51905613
Lea,Angus,15418266
Lea,Barry,84209387
Lea,Mcintosh,30768123
Charlotte,ohairy,85167830
James,Barry,37707818
Lea,Angus,34865718
Beatrix,Angus,45979122
Charlotte,ohairy,47004867
James,Smith,81959361
James,ohairy,67431028
Charlotte,Smith,28939610
Lea,Ferguson,88734299
Beatrix,Angus,74164218
James,Mcintosh,51929549
Marc,Smith,14783233
Beatrix,Mcintosh,11450795
Charlotte,Barry,13978607
James,Barry,87744144
Beatrix,Smith,83879829
Marc,ohairy,69888966
James,ohairy,44435233
Lea,Angus,46493811
Harry,Smith,19752055
Beatrix,ohairy,58077026
Lea,Mcintosh,15798677
Beatrix,Mcintosh,42680799
Beatrix,Barry,88861151
Harry,Smith,81627991
Charlotte,Angus,34385562
Marc,Ferguson,45797032
Lea,Barry,34955984
Marc,ohairy,39756881
James,Mcintosh,69798317
Lea,Smith,15037985
Harry,Smith,43603640
Marc,Ferguson,42687857
Charlotte,Mcintosh,28270009
Beatrix,Smith,41626595
Charlotte,Smith,88711760
Harry,Ferguson,31509685
James,Ferguson,18679493
James,Ferguson,14986172
Beatrix,Smith,32971333
Lea,Ferguson,70971657
Marc,Mcintosh,37534412
Beatrix,Smith,51354722
Marc,Angus,73646348
Lea,ohairy,56033149
James,ohairy,19553006
James,ohairy,37186906
Harry,ohairy,45338061
Harry,Angus,77394046
Beatrix,Mcintosh,50591376
Marc,Ferguson,50167314
Charlotte,Ferguson,16341996
Charlotte,ohairy,62376639
James,Smith,45903647
