First Name,Last Name,Matriculation
James,Angus,67038549
Charlotte,Smith,73246611
Harry,Barry,82157679
Harry,ohairy,85885808
James,ohairy,25787788
James,ohairy,65798973
Beatrix,Mcintosh,54412696
Beatrix,Mcintosh,39552603
Beatrix,Barry,31921450
Lea,Ferguson,72152671
James,Barry,36667082
Marc,ohairy,53323429
Charlotte,Ferguson,57102430
Lea,Smith,76815040
Marc,Ferguson,51731421
Charlotte,ohairy,69092083
Charlotte,Angus,21157257
Marc,Smith,28520058
James,Mcintosh,12149209
Lea,Ferguson,87747900
James,Smith,19209058
Charlotte,Mcintosh,82116774
James,Angus,43016634
Lea,Ferguson,73778181
Harry,Smith,86694055
Harry,Barry,64860343
Lea,Smith,12332055
Harry,Mcintosh,36732112
Lea,Angus,39332609
James,Ferguson,65442169
Beatrix,Ferguson,12809841
Harry,Smith,54421619
James,ohairy,63263697
Charlotte,ohairy,83716816
Harry,ohairy,49792351
Beatrix,Ferguson,47162526
Harry,Barry,40205774
Beatrix,Angus,26445751
Harry,Barry,49181161
Beatrix,Mcintosh,10416106
Harry,Mcintosh,32698410
Lea,Smith,84225298
Marc,Smith,73510079
Charlotte,Mcintosh,58931298
Beatrix,Barry,16280811
Lea,Smith,41996511
James,ohairy,63911123
Charlotte,Ferguson,20501131
Charlotte,Smith,41482045
James,Mcintosh,24191126
James,Mcintosh,16538439
Lea,ohairy,71525188
Beatrix,Angus,24027543
Harry,Barry,33273237
Beatrix,Barry,28180864
Charlotte,ohairy,30260616
Harry,Ferguson,43878966
Beatrix,ohairy,58648627
Harry,Smith,84116728
Harry,Angus,20936815
Beatrix,Mcintosh,59533367
Lea,Ferguson,48640331
James,Mcintosh,57309365
James,Barry,34223542
Beatrix,Angus,46115187
Beatrix,Ferguson,85062757
Charlotte,ohairy,37698624
Charlotte,ohairy,56913208
Beatrix,Mcintosh,43432638
Marc,ohairy,38056598
James,Barry,20438754
Marc,Smith,40560625
Beatrix,Ferguson,36715446
Harry,Barry,52517664
Lea,Smith,44468628
James,Mcintosh,27662178
Beatrix,Ferguson,80093511
Lea,Mcintosh,48927949
Harry,Mcintosh,83505942
Lea,Angus,66919946
Harry,Ferguson,74305241
Harry,Ferguson,35266634
Lea,ohairy,47898093
Lea,Smith,49096371
Beatrix,Mcintosh,77270638
James,Angus,67032403
Lea,Mcintosh,23531955
James,Smith,13302559
Marc,ohairy,87185509
Charlotte,Smith,54639879
James,Mcintosh,80891143
Beatrix,ohairy,89898629
Lea,Mcintosh,76554798
Charlotte,Smith,49581216
Charlotte,Angus,85927235
Marc,Smith,61180023
Beatrix,ohairy,28659031
Beatrix,Mcintosh,15304226
Harry,ohairy,87219914
Charlotte,ohairy,35344628
