First Name,Last Name,Matriculation
Beatrix,Barry,16722157
Beatrix,ohairy,44780523
Beatrix,Angus,37133534
Lea,Smith,23146912
Lea,ohairy,17309252
Harry,ohairy,66273794
Lea,Ferguson,53449197
James,Angus,60539731
James,Angus,54114377
Lea,Angus,44708629
Marc,Smith,66935492
Charlotte,Barry,66898552
Lea,Smith,12138048
Beatrix,Barry,57320416
James,Angus,21740423
James,Angus,52704134
James,ohairy,28137619
Lea,Smith,76294962
Charlotte,Ferguson,89385090
Charlotte,ohairy,13237261
Beatrix,Ferguson,34510290
Harry,Angus,48262584
Marc,Smith,61678644
Charlotte,Barry,51598273
James,Angus,86468471
Beatrix,ohairy,64022676
Lea,Barry,41347194
Marc,Ferguson,81949913
James,Barry,84092880
Lea,Mcintosh,74670499
Lea,Mcintosh,45512609
Beatrix,Smith,36533115
Harry,Barry,44442998
James,Barry,47128773
Charlotte,ohairy,62599838
Charlotte,ohairy,67382608
Beatrix,ohairy,31863458
Harry,ohairy,83953108
James,Angus,60424107
James,Smith,58085104
Beatrix,Mcintosh,48562218
Harry,Mcintosh,26764330
Beatrix,Ferguson,55295549
Marc,Barry,65690612
Marc,Ferguson,21621727
James,Smith,57538323
James,Ferguson,86933626
Charlotte,Smith,60239339
Harry,Smith,28450976
James,Ferguson,60791074
Charlotte,Mcintosh,86851201
Beatrix,Mcintosh,45019704
Charlotte,ohairy,59681938
Charlotte,Barry,87411180
James,Angus,57627025
James,Barry,76342167
Beatrix,Ferguson,62376113
Harry,Angus,22950652
Charlotte,ohairy,59833353
Beatrix,Mcintosh,27868992
James,Ferguson,52689538
Lea,Smith,80551459
Charlotte,Smith,82689456
Beatrix,Ferguson,39574046
Marc,Mcintosh,27631144
Harry,Barry,28317948
Charlotte,Ferguson,67462698
Lea,Barry,40139120
Beatrix,Barry,80949192
Harry,Ferguson,44841721
James,Ferguson,56073368
Charlotte,ohairy,28149704
Beatrix,Angus,81638719
Harry,Mcintosh,54425376
Beatrix,ohairy,21151508
Harry,Ferguson,18003152
Charlotte,Barry,10702999
Marc,Angus,19517058
Beatrix,ohairy,28121713
Marc,Angus,40800564
Lea,Mcintosh,51923057
Charlotte,Ferguson,45877142
Marc,Ferguson,82951539
Charlotte,Mcintosh,46964155
Lea,Angus,77293309
Beatrix,Barry,28613981
James,ohairy,43704346
James,Mcintosh,25303582
Beatrix,Smith,22758410
Charlotte,ohairy,55935081
James,Ferguson,44103271
Beatrix,Ferguson,49905101
Lea,Smith,75532163
Lea,Smith,79163250
James,Ferguson,16424345
Charlotte,Mcintosh,77584699
Harry,Mcintosh,15276510
Harry,Angus,40084558
Marc,Smith,12333197
Charlotte,Barry,89752294
