First Name,Last Name,Matriculation
Marc,ohairy,56776594
Lea,Mcintosh,15518968
Marc,Barry,12614554
Harry,Barry,70115283
Harry,Smith,19114186
James,ohairy,20064186
Marc,Angus,68731877
Charlotte,Barry,82812516
Harry,Mcintosh,83899530
Charlotte,Mcintosh,63325042
Charlotte,Mcintosh,43510694
James,Mcintosh,15341736
Harry,Angus,50632059
James,Mcintosh,56222442
Harry,ohairy,55437147
Beatrix,Barry,31482136
Marc,Angus,46175597
James,Ferguson,30402795
Harry,Barry,54880844
Marc,Smith,62451335
Marc,Mcintosh,60453747
Beatrix,ohairy,11251705
Marc,Angus,87025806
Beatrix,Barry,18748518
Lea,ohairy,84240560
Charlotte,Barry,51881615
Marc,ohairy,34334841
Beatrix,Smith,84289170
Charlotte,ohairy,24684851
Beatrix,Smith,15381812
Lea,Barry,89840379
Lea,Barry,57138663
James,Ferguson,37052259
Lea,ohairy,80447281
James,Angus,18316695
Marc,ohairy,54313763
Harry,Barry,40865917
Lea,Barry,55085449
Beatrix,Barry,30103817
Charlotte,Mcintosh,77014795
Lea,Angus,89588769
Harry,Angus,86702984
Harry,Ferguson,56176872
Marc,Barry,42623501
Harry,Angus,16219016
Marc,Ferguson,39742905
Harry,Mcintosh,17374022
Harry,Mcintosh,70566931
Beatrix,Angus,66072661
Beatrix,Ferguson,80014584
Beatrix,Ferguson,20184295
Charlotte,Barry,46303879
Lea,Angus,14026709
Lea,Smith,77591482
Beatrix,Angus,18455921
Beatrix,Ferguson,45834687
Charlotte,Smith,89471400
Harry,Barry,66460459
Marc,Smith,11525399
Charlotte,Angus,34652135
Harry,Mcintosh,82467763
Harry,Smith,66079989
Beatrix,Angus,41251531
Harry,Smith,43439024
Marc,Ferguson,43742610
Marc,Mcintosh,81655793
Harry,Barry,42926207
Lea,Angus,35600325
Marc,ohairy,10950379
Lea,Ferguson,12591865
Beatrix,Angus,67540851
Beatrix,Angus,71826317
Charlotte,Smith,47699033
Harry,Ferguson,65447000
Marc,Smith,82481089
Beatrix,Mcintosh,67555329
Charlotte,Angus,89572523
Marc,ohairy,83777047
Beatrix,Ferguson,87663589
Charlotte,Mcintosh,18881319
Marc,Smith,10721350
Charlotte,Mcintosh,87154029
Charlotte,Smith,54406507
Beatrix,Ferguson,78754842
James,Ferguson,22403087
Harry,Barry,41115969
Charlotte,Angus,71265337
Lea,Mcintosh,43704930
Beatrix,Mcintosh,79576560
James,Ferguson,45695732
Beatrix,ohairy,19504873
Beatrix,Ferguson,75476370
Harry,Angus,86975146
Harry,Mcintosh,57735739
Lea,Ferguson,79725482
Marc,Mcintosh,67674650
Lea,Barry,68195601
James,Smith,24829970
Harry,Angus,86040885
Beatrix,Smith,27553776
