First Name,Last Name,Matriculation
Lea,Barry,39378737
James,Angus,23591369
Charlotte,Ferguson,36833739
Harry,Mcintosh,71622867
Charlotte,Ferguson,89403471
Beatrix,Angus,51038050
Beatrix,Ferguson,75841880
James,Ferguson,72934240
James,Ferguson,68433372
Lea,Barry,14651894
Charlotte,Barry,84598684
Beatrix,Ferguson,85072989
Harry,Barry,78519574
Harry,Barry,20311486
James,Smith,87749869
Harry,Barry,33989598
Beatrix,Mcintosh,48719188
Marc,Smith,68065650
Charlotte,Smith,60951045
Charlotte,Barry,66716128
Harry,Smith,17438459
Marc,Angus,18895408
Marc,Barry,31408613
Harry,Angus,12455304
Marc,Mcintosh,79310316
Lea,ohairy,66248310
Beatrix,Barry,62733894
Harry,ohairy,40110783
Beatrix,ohairy,32623051
Marc,Ferguson,32139298
Charlotte,Smith,33456337
Harry,Ferguson,85546765
Harry,Angus,41606929
Beatrix,Angus,56535398
Lea,Mcintosh,63913004
Beatrix,Smith,75692150
Harry,Barry,39444047
Lea,Barry,85540178
James,Ferguson,11969311
Beatrix,ohairy,28341012
James,Mcintosh,31711021
Marc,ohairy,68230655
Harry,Angus,53189920
Marc,Angus,59171200
James,Barry,26426165
Marc,Ferguson,74529705
James,Angus,83531438
Marc,Angus,36226581
Harry,Smith,30291439
Harry,Mcintosh,79596872
Harry,ohairy,87429867
Charlotte,Mcintosh,42786155
Beatrix,Ferguson,32175223
Marc,Barry,38365693
Marc,Angus,84848757
Lea,Angus,47024957
James,Ferguson,53365526
Marc,Barry,67043546
James,Barry,76536060
Charlotte,Smith,40179432
James,Smith,26103220
Lea,ohairy,66993610
Charlotte,Mcintosh,72157455
Harry,Barry,40358699
Charlotte,Angus,48619050
Charlotte,Smith,88999946
Charlotte,Angus,72579060
Beatrix,Ferguson,67302734
Lea,Barry,77679408
Charlotte,Mcintosh,80505050
Beatrix,Mcintosh,12306548
Lea,Angus,59360194
Harry,ohairy,89254863
James,Barry,69335887
Lea,Smith,79853978
Marc,Mcintosh,17688172
Lea,Smith,20738005
Lea,Angus,40397620
Harry,Angus,87810135
Beatrix,Mcintosh,55573998
Beatrix,ohairy,64120883
Lea,Barry,71313486
Beatrix,Mcintosh,78586283
James,Barry,21629340
Charlotte,Ferguson,10306611
Beatrix,ohairy,17757982
Marc,Mcintosh,56148427
Harry,ohairy,62559700
Lea,Mcintosh,60948870
Harry,ohairy,67310637
Lea,Smith,83926079
Marc,Barry,37780433
Harry,Mcintosh,73107417
Harry,Smith,71198628
James,Mcintosh,67195593
Marc,Barry,55328684
James,Ferguson,73906549
James,ohairy,35756175
Harry,Smith,76663600
Harry,ohairy,88953984
