First Name,Last Name,Matriculation
James,Mcintosh,10739613
Harry,Mcintosh,54128844
Lea,Angus,88280908
Lea,Barry,46061824
Charlotte,Mcintosh,82663067
James,Ferguson,10297742
Marc,Smith,13707465
James,Angus,17822960
Harry,Angus,22074464
James,Smith,44105715
Charlotte,Smith,45318684
Harry,Barry,41368593
Harry,Ferguson,48951372
Charlotte,Smith,33464210
Charlotte,Mcintosh,76343729
James,Mcintosh,22991323
James,Barry,57380354
Harry,ohairy,20184925
James,Smith,34893643
Marc,Mcintosh,63678132
Lea,Angus,76171519
Lea,Mcintosh,25718268
Harry,ohairy,16035145
Charlotte,Angus,47437799
Charlotte,Mcintosh,86660318
Marc,Smith,60287448
Charlotte,Barry,69462053
Charlotte,Mcintosh,72219637
Lea,Ferguson,14985832
Harry,Smith,13710683
Lea,Ferguson,81450534
Marc,Mcintosh,17821834
Charlotte,ohairy,19998106
Lea,ohairy,25913564
Harry,Barry,44257775
Beatrix,Barry,15792937
James,Mcintosh,68164271
Charlotte,Barry,66568879
Marc,Barry,69162963
Harry,Angus,27162653
Marc,Angus,52986002
Harry,Angus,67533954
Charlotte,Angus,19796149
Marc,Smith,19187335
James,ohairy,29513086
Beatrix,ohairy,11848997
Charlotte,Ferguson,22438641
James,Ferguson,71740917
Lea,Barry,87038414
James,Smith,86521657
James,Mcintosh,15315021
Marc,Ferguson,70555043
Lea,Barry,72041046
Charlotte,Mcintosh,40021346
Beatrix,Smith,87854194
Harry,Ferguson,82952864
Harry,Barry,22354611
Harry,Angus,77689527
Beatrix,Ferguson,12541927
Charlotte,ohairy,53726114
Marc,Smith,87406438
Lea,Angus,22772473
Lea,ohairy,65187996
Beatrix,Angus,26864381
Marc,Angus,72456008
James,Angus,72342651
Harry,Barry,66842602
Marc,Barry,72171574
Harry,ohairy,78863596
Harry,Angus,39629129
Lea,Smith,76221752
Harry,Angus,12631613
Marc,ohairy,12666257
Harry,Angus,78240132
James,Mcintosh,49429177
James,ohairy,23429969
Harry,Ferguson,82130994
Marc,ohairy,53434061
Marc,Ferguson,43519151
Harry,Smith,45856366
James,ohairy,86147990
Lea,Angus,69192154
Harry,Mcintosh,41603924
Lea,ohairy,62479117
Charlotte,Angus,19069873
Harry,Angus,51672928
Beatrix,Angus,39329677
Lea,Barry,21390717
James,Smith,84547891
Harry,Ferguson,71185306
James,ohairy,30116199
Harry,Angus,62237116
Harry,Angus,82205544
Lea,ohairy,28989956
Lea,Ferguson,82887682
Harry,Ferguson,81620378
Marc,ohairy,85103001
Beatrix,Barry,42999098
Marc,Smith,87436911
James,Smith,34226717
