First Name,Last Name,Matriculation
James,Smith,16192303
Harry,Barry,31677883
Charlotte,Smith,79812672
James,Smith,24510233
Marc,Ferguson,88329896
Harry,Barry,39274719
Lea,Angus,79395258
Charlotte,Ferguson,31460888
Lea,Ferguson,26537927
Charlotte,Angus,59179905
Marc,Smith,55967109
Lea,Smith,28287345
Lea,Angus,79710601
Lea,Barry,57271290
Harry,ohairy,46183394
Lea,Smith,83330019
Lea,Mcintosh,73877521
James,ohairy,72649912
Marc,Angus,53435111
Beatrix,ohairy,62197160
Charlotte,Smith,14036393
Lea,Angus,19883821
Charlotte,Smith,35197277
James,Angus,36886257
Lea,Smith,85879830
Lea,Smith,75841532
James,Mcintosh,15537447
Beatrix,ohairy,73933340
Lea,Mcintosh,86061344
James,ohairy,84463956
Marc,Mcintosh,82572043
Charlotte,Barry,54186913
Beatrix,Barry,65160438
Beatrix,Ferguson,40546658
Beatrix,Smith,13821068
Lea,Ferguson,76437967
Lea,Barry,46023568
James,Barry,76726830
Lea,Barry,85817316
Beatrix,Barry,11544815
Lea,Barry,66977760
Harry,Angus,29125715
Marc,Ferguson,59368335
Charlotte,Smith,39090873
Charlotte,Barry,27560633
Beatrix,Barry,22341910
Harry,Ferguson,70427993
Beatrix,Angus,24104116
Charlotte,ohairy,61803850
James,Mcintosh,80559371
Marc,Mcintosh,21438632
Lea,Mcintosh,23330726
James,Mcintosh,72571791
Beatrix,Barry,67303327
Beatrix,Mcintosh,29632595
Lea,ohairy,47610412
Charlotte,Barry,27874052
Marc,Angus,79764998
Marc,Ferguson,79526522
Lea,Ferguson,74836462
James,Angus,52569768
Beatrix,Smith,16000404
Lea,Angus,64812535
James,Smith,74539004
James,Smith,58450599
Marc,ohairy,74279170
Beatrix,Smith,59356472
Charlotte,Mcintosh,18987354
Charlotte,Ferguson,27309029
Harry,Barry,47018684
James,ohairy,74578087
James,ohairy,64599559
Marc,Ferguson,26314309
Beatrix,Angus,53479070
Marc,Ferguson,89046763
Beatrix,Angus,76160036
Lea,Mcintosh,63533813
Harry,Barry,63147628
Marc,Barry,57876989
Charlotte,Smith,42073628
Beatrix,Mcintosh,73966741
Charlotte,Angus,71529297
James,Smith,78684404
Marc,ohairy,13493156
James,ohairy,89091222
Marc,Mcintosh,15222146
Harry,Ferguson,67809361
Harry,ohairy,87001070
Charlotte,Mcintosh,23364323
Lea,Smith,83189456
James,Ferguson,74603178
Beatrix,Smith,64397799
Harry,Smith,10786086
James,Barry,61235801
Harry,Mcintosh,30154661
James,Mcintosh,38348181
Harry,Mcintosh,77842193
Harry,Angus,20363808
Marc,ohairy,40377605
Lea,Barry,45620454
