First Name,Last Name,Matriculation
Charlotte,Ferguson,89000470
Charlotte,Ferguson,54278784
Beatrix,Angus,70382798
Harry,Mcintosh,22704493
Marc,Barry,59149251
Lea,Mcintosh,88457132
Charlotte,Angus,20556143
James,Barry,23626391
Harry,Ferguson,86977312
Charlotte,Mcintosh,35020707
James,Ferguson,38730052
Lea,Mcintosh,47885343
Charlotte,ohairy,56246918
Marc,Mcintosh,71863168
Lea,ohairy,73307889
Harry,Barry,59482533
James,Mcintosh,10069450
Charlotte,Barry,65616285
Beatrix,Ferguson,21930379
Beatrix,Mcintosh,71359860
Charlotte,Smith,43943647
James,Barry,60924160
Lea,Angus,31876417
Charlotte,Barry,79552849
James,Ferguson,57367155
Charlotte,ohairy,16343798
Beatrix,Ferguson,36536804
Harry,Barry,44802632
Marc,Mcintosh,41022621
Beatrix,Ferguson,52984245
Harry,ohairy,77389133
Lea,ohairy,59060255
Charlotte,Smith,67457594
Beatrix,Mcintosh,70200261
Lea,Smith,22851469
Charlotte,Barry,82094291
Harry,Barry,52372960
Harry,Ferguson,14708187
Lea,Ferguson,62853127
Beatrix,Angus,16749305
Marc,Smith,48975371
Lea,Barry,81000716
Harry,Ferguson,83906152
James,ohairy,51925966
Charlotte,Ferguson,41228080
Harry,Mcintosh,81019474
James,Angus,47814696
Beatrix,Smith,67951120
James,Mcintosh,12311674
James,Barry,40525783
Harry,Smith,65750698
Lea,ohairy,26526357
Harry,Barry,44626297
Beatrix,Barry,38369970
James,Angus,85224736
James,Barry,42895122
Charlotte,Mcintosh,81574391
Harry,Ferguson,37919972
Harry,Smith,89881530
Harry,ohairy,26495481
Lea,Smith,43808644
Charlotte,Barry,75905369
Beatrix,Angus,32587028
Beatrix,Smith,89960309
Harry,ohairy,61003604
James,Barry,53628273
James,Smith,31141728
Charlotte,Barry,38682996
Harry,Ferguson,19943660
Marc,Ferguson,47365331
James,Smith,51719040
Harry,Mcintosh,37025877
Marc,Angus,44059619
James,ohairy,56805591
Charlotte,Ferguson,68890492
James,Angus,52569803
Charlotte,Angus,25281614
Marc,Ferguson,46250836
Harry,Angus,24796748
Harry,ohairy,67693070
James,Angus,24442601
Lea,Smith,42534090
Marc,Mcintosh,40591892
Beatrix,ohairy,18250830
Charlotte,ohairy,65504644
Harry,Mcintosh,18528546
James,Mcintosh,13406563
Charlotte,Smith,86174240
Beatrix,Angus,40340304
Lea,Ferguson,38760053
Harry,Angus,24703636
Marc,Angus,48565589
Harry,Smith,74635484
Beatrix,Ferguson,18545560
Marc,Mcintosh,74793239
James,Barry,56353643
Beatrix,Smith,63816702
Lea,ohairy,34972454
James,Barry,17994229
Beatrix,Mcintosh,88127728
