First Name,Last Name,Matriculation
Lea,Smith,66343058
Harry,Mcintosh,64710603
James,Smith,13787028
Lea,Ferguson,11029925
Marc,Angus,56989276
James,Angus,72029773
Charlotte,Angus,65358541
Lea,Barry,46566664
Marc,Smith,86756613
James,Angus,56604675
Marc,Smith,62000171
Harry,Barry,73180571
Marc,ohairy,50326782
Charlotte,ohairy,75566595
Lea,Mcintosh,42359965
Charlotte,Smith,17107415
Marc,Smith,76674313
Lea,ohairy,54546832
Harry,ohairy,12995945
Beatrix,ohairy,28334375
James,Angus,10821605
Beatrix,Barry,16722351
Lea,ohairy,26202739
Lea,Barry,71859935
Lea,Smith,44538559
Charlotte,Barry,70410321
Lea,Barry,21263590
James,ohairy,43860880
James,Mcintosh,64273328
Marc,Angus,47348275
Harry,Angus,32740849
Harry,Barry,51625860
Harry,Barry,11170937
Beatrix,Mcintosh,27700461
Harry,Smith,22365687
Lea,Ferguson,62739077
Charlotte,Ferguson,44338442
Charlotte,ohairy,79530805
Beatrix,Mcintosh,60008218
Harry,Angus,72636246
Harry,Mcintosh,45606698
Marc,Mcintosh,27889095
Lea,Mcintosh,43353317
James,Angus,83463672
James,Angus,37311039
Beatrix,ohairy,27267395
Harry,ohairy,52366087
Lea,ohairy,12600899
Beatrix,ohairy,74396998
Lea,Smith,63731745
James,Smith,37132549
Beatrix,ohairy,39435952
Marc,ohairy,63977629
Beatrix,Barry,52679588
Lea,ohairy,43380794
Marc,Barry,17650606
James,Mcintosh,73432808
Marc,Ferguson,24707160
James,Ferguson,58710614
Charlotte,Mcintosh,64326602
Harry,Barry,48025252
James,Ferguson,30971111
James,Ferguson,48550330
Marc,Smith,78558502
Beatrix,Smith,23836370
Harry,Barry,34368070
Beatrix,Mcintosh,17307834
Harry,Smith,19335366
James,Ferguson,68619347
Marc,Mcintosh,46637802
Lea,Mcintosh,20038909
Charlotte,Angus,70189662
Charlotte,ohairy,70171268
Beatrix,Smith,35054891
Harry,Ferguson,46724000
James,ohairy,61195091
Charlotte,Smith,30899324
Lea,Mcintosh,22918542
Harry,Angus,32680485
Beatrix,Smith,57646519
Harry,ohairy,68915844
Marc,Ferguson,88005888
Harry,ohairy,46911349
Marc,Smith,62356324
Charlotte,Mcintosh,18618385
Charlotte,Barry,70646967
Charlotte,ohairy,24124531
Lea,Smith,41446563
Beatrix,Mcintosh,76212382
Beatrix,Ferguson,45949685
Marc,ohairy,17346073
James,Mcintosh,27252661
Harry,Mcintosh,68869674
James,Ferguson,82643803
Harry,Barry,60086497
Marc,Mcintosh,23599402
Harry,Angus,75347303
James,Barry,10280082
Charlotte,Barry,40007655
Harry,Smith,63342503
