First Name,Last Name,Matriculation
James,Smith,88868221
Beatrix,Smith,32447021
Beatrix,Smith,17272179
James,Smith,69221005
Lea,Smith,76383226
James,Smith,23483483
Lea,Smith,52993545
Lea,Angus,85168911
Marc,Ferguson,62519463
Lea,Mcintosh,44714648
Beatrix,Mcintosh,14853425
Charlotte,Ferguson,45144260
Beatrix,Angus,39239612
Marc,Angus,75558255
James,Mcintosh,25754985
Charlotte,Angus,22991977
James,Ferguson,28252175
Charlotte,Smith,51128824
Beatrix,Ferguson,51190533
Lea,Mcintosh,56241547
Lea,Barry,89345078
James,Smith,21714759
Lea,ohairy,86111919
Harry,Mcintosh,39027641
Beatrix,ohairy,10148448
James,ohairy,56668219
Marc,Mcintosh,55757561
Lea,Ferguson,25669983
Charlotte,Ferguson,74360524
Beatrix,Mcintosh,28484090
James,Smith,82624304
Beatrix,Ferguson,33793461
Harry,Angus,46299820
Lea,ohairy,50145847
Lea,Mcintosh,24373563
Charlotte,ohairy,42957818
Charlotte,Smith,64924095
Charlotte,ohairy,63635356
Beatrix,Mcintosh,56138665
Marc,Angus,68948870
Beatrix,Ferguson,12176004
James,ohairy,64855338
Beatrix,Mcintosh,23989593
Lea,Smith,16687606
Beatrix,ohairy,18612314
Lea,Angus,49708942
Charlotte,Barry,43960933
Marc,Smith,48048532
Beatrix,Smith,69533649
Marc,Mcintosh,33904450
Harry,Smith,20553990
Beatrix,Smith,80732662
Charlotte,Barry,46114440
James,Smith,17244073
Harry,Smith,63515942
Harry,Barry,76972963
Marc,Mcintosh,22587167
Charlotte,Barry,63452322
Charlotte,Barry,19707012
Charlotte,ohairy,63957644
Marc,Mcintosh,16852187
Charlotte,Barry,85218117
Lea,Smith,46178838
James,Ferguson,76625484
Harry,Ferguson,54685057
Beatrix,Angus,32100716
Harry,Smith,55207033
Charlotte,Smith,11515732
Lea,Angus,81913997
James,Mcintosh,48988382
James,Barry,77910683
Beatrix,Mcintosh,24044970
Charlotte,Barry,14702822
Marc,Mcintosh,36337930
Beatrix,Barry,63454058
Charlotte,Smith,38608561
Lea,Ferguson,77020564
James,Angus,79064711
Marc,Angus,19147285
Marc,Smith,81199109
Charlotte,Mcintosh,18568335
James,Barry,60036404
Harry,Angus,26542450
Lea,Barry,53034820
Harry,Mcintosh,65330503
Beatrix,Barry,55394167
Charlotte,Barry,52021410
Harry,Ferguson,35810604
Charlotte,Barry,19877789
Harry,Angus,89302047
Harry,Smith,81942955
Charlotte,Ferguson,72936737
Beatrix,Mcintosh,26023656
Charlotte,Smith,85308429
Harry,Angus,50389655
Harry,Barry,66814209
Beatrix,Ferguson,84027362
Beatrix,Mcintosh,18771701
Charlotte,Smith,65047755
Lea,Ferguson,78731346
