First Name,Last Name,Matriculation
Charlotte,Angus,74095479
Marc,Angus,71095552
Marc,Angus,41147691
Harry,Barry,48746590
James,Barry,46370116
Marc,ohairy,71015531
Beatrix,ohairy,12989683
Marc,Ferguson,66431135
Lea,ohairy,89737981
Harry,Smith,77337861
Harry,ohairy,35811129
Charlotte,Barry,40674833
Lea,Barry,52568528
Lea,Mcintosh,30192539
Charlotte,ohairy,77676311
James,Ferguson,53266754
Marc,Barry,71335074
Charlotte,ohairy,44274182
Harry,Angus,54666990
Marc,Ferguson,69324728
Lea,ohairy,80703109
Lea,Smith,23124679
James,Mcintosh,69824802
Charlotte,Ferguson,27086855
Charlotte,ohairy,59020042
Lea,Barry,62806655
Marc,Angus,39965815
Harry,ohairy,38305525
Beatrix,ohairy,50556922
Marc,ohairy,50551158
Beatrix,Barry,22346281
Charlotte,Mcintosh,18722867
Charlotte,ohairy,12129269
Beatrix,Smith,75598825
Harry,Barry,52627668
Harry,ohairy,63980306
Harry,Angus,77656560
Harry,Mcintosh,32671353
Charlotte,ohairy,16644674
Harry,Smith,66996529
James,Mcintosh,62342628
Charlotte,Ferguson,26671855
Lea,ohairy,62601078
Lea,Angus,22540052
Charlotte,Ferguson,54184531
Lea,Mcintosh,87819859
Lea,ohairy,61148167
Marc,ohairy,71453175
James,Ferguson,12887814
Charlotte,Barry,82747394
Marc,Ferguson,83570210
Charlotte,Angus,41365699
Marc,Ferguson,26580208
Harry,Ferguson,40560717
Marc,Smith,23677862
Lea,Barry,55974370
James,Smith,83300127
Harry,ohairy,48675109
Harry,ohairy,85816547
Harry,Mcintosh,67270875
Lea,Mcintosh,44243779
Harry,Ferguson,52427899
Beatrix,Ferguson,15990504
Beatrix,Barry,35566315
Lea,Smith,75130933
Harry,Barry,32983975
Lea,Barry,34515865
James,Ferguson,37153955
Harry,Ferguson,53858434
Harry,Mcintosh,28030641
Charlotte,Angus,37044343
James,Smith,35989356
Lea,Angus,28360740
Marc,Ferguson,42454885
Charlotte,Mcintosh,15252065
Charlotte,Angus,58099691
Lea,Barry,55288043
Charlotte,Barry,64598404
Beatrix,Angus,21932533
Charlotte,Ferguson,25628853
Harry,Angus,60344375
Harry,Smith,81503878
Charlotte,ohairy,43673342
Charlotte,Angus,73059149
Harry,Mcintosh,20191583
Marc,Mcintosh,50658577
Harry,Smith,54365722
Charlotte,Barry,24776466
Charlotte,Barry,18288245
Marc,Barry,21417520
James,ohairy,26744566
Charlotte,ohairy,26888280
Lea,Smith,28377939
James,Ferguson,84501719
Beatrix,ohairy,40041310
Marc,Ferguson,73893036
James,ohairy,39016292
James,Barry,15061994
Harry,Ferguson,82117745
Beatrix,ohairy,78730140
