First Name,Last Name,Matriculation
Harry,Smith,14511359
Charlotte,Smith,69758845
Charlotte,Ferguson,60112378
Harry,Mcintosh,28036836
Lea,ohairy,29717132
Marc,ohairy,66500859
Harry,Smith,34336551
Harry,Barry,60823381
Beatrix,Smith,82401013
James,Smith,11183753
Beatrix,Angus,39182050
Lea,Mcintosh,56737166
Beatrix,Mcintosh,80406142
Harry,Smith,88019635
James,Mcintosh,74616820
Lea,ohairy,11641979
Charlotte,Ferguson,65772139
Harry,Ferguson,23249684
Harry,Smith,78905267
Charlotte,Angus,42109345
James,Mcintosh,20703909
James,Barry,22370608
Marc,Ferguson,33512201
Charlotte,Angus,53837163
Lea,Angus,72736377
Charlotte,Barry,65441599
Charlotte,Angus,54761532
Marc,Angus,36955636
Harry,Barry,51422481
Harry,Smith,81535580
Lea,Mcintosh,53208267
Beatrix,Ferguson,80182044
Marc,Barry,18408286
Beatrix,Barry,46126678
Lea,Barry,59394379
Lea,Mcintosh,54070164
James,ohairy,80397218
Beatrix,Ferguson,81691295
Harry,ohairy,17405634
James,Smith,11410732
Marc,Smith,13412145
Lea,Angus,18450123
Charlotte,ohairy,28295212
Lea,Mcintosh,73897481
James,Mcintosh,22153946
Charlotte,Angus,33351306
Lea,Ferguson,63308636
Harry,Ferguson,18336564
James,Smith,25000994
Harry,Mcintosh,21230435
James,Barry,82179812
Beatrix,Barry,41719544
Beatrix,Ferguson,42878909
Beatrix,Barry,62803144
Marc,Mcintosh,59341415
James,Smith,55256100
Lea,Barry,49336887
Beatrix,Angus,51981095
James,Mcintosh,56430953
Harry,Ferguson,81048578
Lea,Angus,40697953
Harry,ohairy,56473769
Charlotte,Ferguson,80112380
Harry,Mcintosh,79284698
Beatrix,Barry,21414391
Lea,Angus,66306856
James,ohairy,74976296
Marc,Angus,70113594
Beatrix,Ferguson,68545487
James,Mcintosh,43432531
Beatrix,Smith,24593236
Marc,Mcintosh,67747402
Beatrix,Angus,76748403
Harry,Ferguson,28812700
Lea,Angus,74020297
Marc,Mcintosh,56485161
Lea,Ferguson,85801393
James,Angus,53033450
Lea,Smith,65005803
Marc,Angus,81201114
Beatrix,Barry,85338766
James,Mcintosh,69520783
Harry,Angus,76364767
Lea,Barry,16567820
Harry,Smith,73611406
Lea,ohairy,82708333
Marc,Barry,35551808
Lea,Barry,23414536
Beatrix,Ferguson,79565953
Beatrix,ohairy,51615373
Marc,ohairy,83838602
Beatrix,Angus,56712229
Marc,Angus,22695966
Marc,Angus,29963885
Marc,Angus,64916016
Beatrix,ohairy,78326738
Harry,Smith,54345846
Charlotte,Barry,83809297
James,Angus,14335380
Beatrix,Smith,21825973
