First Name,Last Name,Matriculation
Beatrix,ohairy,39734556
Marc,Angus,46475092
Harry,Angus,74085745
Marc,Ferguson,14558180
Lea,Mcintosh,21707248
Marc,Ferguson,29074840
Marc,Mcintosh,32533887
James,Ferguson,55842151
Marc,Angus,61914751
Lea,Mcintosh,79532550
Beatrix,Barry,85382347
Harry,ohairy,49194243
James,Angus,87139712
James,Ferguson,35966217
Beatrix,Barry,85057511
Charlotte,ohairy,49205123
Beatrix,Barry,15927552
Beatrix,Smith,42717425
Beatrix,Smith,82988047
Charlotte,ohairy,35701006
Harry,Barry,27989195
Harry,ohairy,19533625
Lea,Angus,15679672
Charlotte,ohairy,61431279
Harry,Mcintosh,47905309
James,ohairy,28048871
Charlotte,Angus,45664528
Charlotte,Ferguson,85501457
Marc,ohairy,16420366
Lea,Barry,36764127
Marc,Smith,18914010
Marc,Ferguson,63343261
Marc,Angus,17330150
Lea,ohairy,57670619
James,Mcintosh,39247341
Beatrix,Barry,87690043
Beatrix,Ferguson,85275212
Charlotte,Ferguson,57626041
Beatrix,Barry,48394790
Beatrix,Smith,26988393
James,ohairy,43435106
Marc,Ferguson,65524024
Marc,Smith,88820008
Charlotte,Angus,48747571
Beatrix,Smith,44753401
Harry,Smith,66839089
Marc,Smith,72305582
James,Angus,85573372
Charlotte,Smith,35230297
James,Mcintosh,50213621
Charlotte,Mcintosh,41518517
Marc,Barry,20291486
Charlotte,Mcintosh,26601697
Beatrix,Smith,48771447
Charlotte,Angus,70148691
Marc,ohairy,28575713
James,ohairy,72389334
Marc,Mcintosh,88617992
Lea,Mcintosh,62156047
Harry,Ferguson,80776965
James,Ferguson,70850187
Marc,Angus,52381947
Lea,Mcintosh,24026217
Charlotte,Barry,59880807
Marc,Mcintosh,62311171
Charlotte,Smith,30526296
Beatrix,Mcintosh,76422196
Charlotte,Barry,18808232
James,Mcintosh,84969057
Charlotte,Angus,39672760
Harry,Barry,78685494
Marc,Ferguson,40709099
Beatrix,Angus,22358060
Marc,Smith,50657230
Charlotte,Barry,78769655
Charlotte,ohairy,61666026
James,Ferguson,51574264
Marc,Mcintosh,83237102
Lea,ohairy,21363910
Charlotte,Angus,67693396
Charlotte,Angus,49207046
James,Barry,22257949
Marc,ohairy,55517098
Lea,Ferguson,75036955
James,Barry,85092999
Charlotte,Ferguson,85271948
Harry,Barry,64526416
Marc,Mcintosh,22347942
Marc,Mcintosh,88806225
Harry,ohairy,58193766
Harry,Mcintosh,14653607
Charlotte,Mcintosh,54593896
Lea,ohairy,67931571
Beatrix,Angus,10857075
Marc,Angus,47709087
Beatrix,Barry,65968467
Lea,Angus,51616028
Lea,Barry,88282098
Harry,Ferguson,87611613
Charlotte,ohairy,26412669
