First Name,Last Name,Matriculation
James,Ferguson,77790623
Marc,ohairy,29562259
James,ohairy,51190606
James,ohairy,39444005
James,Angus,88367017
James,Barry,25605241
Lea,Barry,68322104
Beatrix,Angus,13912204
James,Barry,18979035
Marc,Angus,39967327
James,Ferguson,63316807
Marc,Ferguson,18452591
Marc,Barry,55104742
Beatrix,Smith,56922416
Harry,Mcintosh,36198405
Lea,Smith,14179371
Harry,Mcintosh,43046856
Lea,Barry,43459737
Lea,Barry,46002734
James,Smith,72188517
Harry,Mcintosh,17504735
Beatrix,Barry,15302737
James,ohairy,68591215
Harry,Ferguson,39983292
Charlotte,Mcintosh,32673736
Harry,Angus,31573919
Lea,Smith,77483580
Marc,ohairy,81815130
Beatrix,ohairy,74961662
Marc,Mcintosh,68050168
Harry,Smith,47150704
Lea,Mcintosh,20578266
Charlotte,Ferguson,69710555
James,Barry,66413301
Charlotte,Angus,42453171
Marc,Ferguson,24936249
James,Mcintosh,19373543
James,Ferguson,54621132
Lea,Smith,57496218
Marc,Angus,29398294
Marc,ohairy,26113212
Marc,Ferguson,54930466
Beatrix,ohairy,28451872
Harry,Barry,62368492
James,Smith,75045555
Beatrix,Mcintosh,89877417
Charlotte,Smith,56060372
Marc,Barry,23324128
Charlotte,Mcintosh,16663635
Lea,ohairy,72128138
Marc,Barry,52503883
Lea,Barry,16885908
Charlotte,Mcintosh,38060965
Harry,Smith,20757227
Charlotte,ohairy,37403539
Charlotte,Mcintosh,74060134
Harry,Smith,63596244
Beatrix,ohairy,89884438
Lea,Barry,65276644
James,Angus,41490873
Marc,ohairy,78685521
Charlotte,ohairy,56936501
Lea,Mcintosh,78735760
Lea,Smith,36207686
Beatrix,ohairy,22187962
Charlotte,Ferguson,69919197
Lea,Ferguson,87837524
James,Smith,45319078
Harry,Barry,77070298
Beatrix,Angus,42079812
James,Smith,66933612
Lea,Smith,47160067
Beatrix,Angus,29480687
Marc,ohairy,50087554
Beatrix,ohairy,54078166
Harry,Smith,44332239
James,Mcintosh,15829221
Lea,Smith,18321911
James,Mcintosh,78343512
Marc,Angus,47875737
James,ohairy,82089034
Lea,Ferguson,23354235
Beatrix,Mcintosh,42976403
Harry,Ferguson,27630585
Charlotte,Ferguson,71293028
Harry,Ferguson,59707237
Lea,ohairy,56595116
James,Smith,18830889
Harry,Ferguson,51214786
James,Ferguson,61347955
Marc,ohairy,68376165
Lea,ohairy,18190950
James,Barry,88756980
Charlotte,Barry,14899671
Beatrix,Mcintosh,88536984
James,Mcintosh,73984988
Lea,ohairy,23675787
Charlotte,Mcintosh,55676785
James,Ferguson,43716929
Lea,Smith,82590875
