First Name,Last Name,Matriculation
James,Ferguson,11765735
Charlotte,Angus,18468520
Harry,Barry,21480605
Charlotte,Smith,75706777
Beatrix,Mcintosh,40775250
Charlotte,Angus,60055328
Beatrix,Barry,44078498
Charlotte,Angus,66485471
Lea,Barry,30852264
Charlotte,Mcintosh,44154844
Lea,Mcintosh,15673760
Charlotte,ohairy,14683972
Lea,Mcintosh,44865746
Marc,Angus,72447455
Marc,Barry,50471627
Beatrix,Barry,86078197
Marc,Angus,71833390
Harry,Smith,12220104
Lea,ohairy,82019072
Harry,Smith,27308062
Beatrix,Barry,70034266
Lea,Angus,81883485
Marc,Barry,13053904
James,Angus,58511798
Lea,Mcintosh,26218460
James,Angus,30834606
Charlotte,Barry,57515178
James,Smith,41368718
Harry,Angus,17483418
Beatrix,Mcintosh,17582227
James,Ferguson,12559238
Lea,ohairy,73019847
Harry,Angus,33931552
Lea,Mcintosh,80510161
Charlotte,Mcintosh,49025279
Beatrix,Ferguson,76407141
Harry,Mcintosh,22450614
James,Barry,50571313
Harry,ohairy,77037687
Harry,Mcintosh,27800914
James,Angus,21852210
Lea,Angus,52450358
Harry,Angus,88708316
Beatrix,Smith,82816494
Beatrix,Barry,33671155
Charlotte,Angus,20607017
Marc,Angus,89139785
Charlotte,Mcintosh,70433498
James,Ferguson,64113353
James,ohairy,12582362
Lea,ohairy,65839851
James,Mcintosh,11316942
Charlotte,Angus,27111044
Harry,Angus,59623634
Marc,ohairy,59826147
Harry,Ferguson,12663795
Lea,Ferguson,12161264
Charlotte,Barry,53910214
Charlotte,Barry,42260412
Marc,ohairy,31227758
James,Ferguson,53974415
James,ohairy,39249754
Beatrix,Mcintosh,88540465
James,Angus,18279887
Marc,Angus,64204793
James,ohairy,41852739
James,Smith,88555052
Charlotte,Angus,43673776
Marc,Barry,54896052
Harry,Smith,77799884
Harry,ohairy,10751111
Marc,Barry,57433880
Marc,Ferguson,24430810
Beatrix,ohairy,11062393
Lea,ohairy,55924497
Marc,ohairy,73611494
Charlotte,Mcintosh,72120747
Beatrix,Barry,33634471
Marc,Ferguson,33864856
Beatrix,Ferguson,76007078
Lea,Smith,83775908
Lea,ohairy,70319319
Charlotte,Mcintosh,70668283
Charlotte,ohairy,85330302
James,Ferguson,89162496
Lea,Ferguson,72965435
Charlotte,Barry,75587201
Beatrix,Smith,15037090
Lea,Ferguson,20840767
James,Smith,67281322
Marc,Angus,20943524
James,ohairy,24720180
James,ohairy,64177973
Harry,Barry,78996682
Charlotte,Smith,56052190
Charlotte,Mcintosh,34263419
James,Smith,18165731
Marc,Mcintosh,29190248
Lea,Barry,29497790
Charlotte,Mcintosh,39327843
