First Name,Last Name,Matriculation
James,Smith,22882576
Lea,Ferguson,51467108
Beatrix,Mcintosh,19395705
Marc,Ferguson,44942808
Harry,Ferguson,70920362
Lea,ohairy,57469694
Harry,Angus,33810924
Marc,Barry,56339222
Marc,Mcintosh,73319907
Charlotte,Smith,83975818
Harry,Barry,80706561
James,Barry,25842964
Lea,Mcintosh,54556490
Beatrix,Barry,26997439
James,Smith,14578812
James,Barry,28504031
James,Ferguson,20348491
Marc,Ferguson,43486207
Charlotte,Ferguson,50696774
Charlotte,Ferguson,32251727
Beatrix,Mcintosh,39137003
Beatrix,Angus,77931380
Charlotte,ohairy,54263821
James,Barry,18065603
Harry,ohairy,61645610
Marc,Smith,23836049
James,Barry,65482364
Beatrix,Ferguson,63504172
Charlotte,Mcintosh,42947885
Marc,ohairy,60547552
Beatrix,Barry,39973779
Harry,Mcintosh,64782669
Harry,Smith,14585443
Harry,Smith,77112921
Charlotte,Mcintosh,66697650
Beatrix,Barry,42808988
James,Ferguson,47629387
Charlotte,Barry,79055549
Beatrix,Mcintosh,35544174
Charlotte,Angus,35578426
Lea,Barry,72181958
James,ohairy,15490940
Harry,ohairy,75018901
Marc,Barry,70377918
James,Barry,77156939
Lea,Smith,87096362
Lea,ohairy,12970050
Harry,ohairy,11921915
James,ohairy,81429059
Marc,Angus,57173996
Lea,Mcintosh,15811160
Charlotte,Mcintosh,27762965
Lea,ohairy,88652730
Harry,Barry,25631488
Marc,Ferguson,17228806
James,Mcintosh,70736947
James,Mcintosh,18737714
Lea,Smith,69442814
Lea,Angus,44522776
Marc,Angus,86141700
Marc,Angus,70047813
James,Angus,27423312
Beatrix,Angus,85976490
James,Angus,43140038
Marc,Smith,79843737
James,Ferguson,29952395
James,Angus,74987317
James,ohairy,28137799
Marc,ohairy,30977194
Charlotte,Smith,19580216
Charlotte,Smith,20686115
James,Angus,39385450
James,Ferguson,40484429
Lea,Smith,34103561
James,Angus,31927153
Lea,ohairy,47157572
Harry,Angus,74946967
Harry,Ferguson,47844454
Charlotte,Angus,65911657
Lea,Smith,73537989
Beatrix,Barry,56582978
Lea,ohairy,18010671
Harry,ohairy,31127063
Harry,Smith,35590716
Harry,Ferguson,77235102
Charlotte,ohairy,68373370
Beatrix,Ferguson,39372346
Charlotte,Angus,37394188
Harry,Angus,55955850
Beatrix,Ferguson,44904589
James,Barry,36422295
Beatrix,Barry,13921070
James,Angus,79455579
Charlotte,Ferguson,70310225
Beatrix,Smith,86296686
Lea,Ferguson,89882985
Harry,Angus,63179615
Beatrix,Ferguson,33336892
Charlotte,Smith,34261648
Beatrix,Angus,57173294
